[2026-07-14 13:50:15] local.ERROR: The C:\Users\0909W\OneDrive\Documenten\GitHub\Educom-Trainee-Dashboard\front-end\bootstrap\cache directory must be present and writable. {"exception":"[object] (Exception(code: 0): The C:\\Users\\0909W\\OneDrive\\Documenten\\GitHub\\Educom-Trainee-Dashboard\\front-end\\bootstrap\\cache directory must be present and writable. at C:/Users/0909W/OneDrive/Documenten/GitHub/Educom-Trainee-Dashboard/front-end/vendor/laravel/framework/src/Illuminate/Foundation/PackageManifest.php:179)
[stacktrace]
#0 C:/Users/0909W/OneDrive/Documenten/GitHub/Educom-Trainee-Dashboard/front-end/vendor/laravel/framework/src/Illuminate/Foundation/PackageManifest.php(132): Illuminate/Foundation/PackageManifest->write(Array)
#1 C:/Users/0909W/OneDrive/Documenten/GitHub/Educom-Trainee-Dashboard/front-end/vendor/laravel/framework/src/Illuminate/Foundation/PackageManifest.php(108): Illuminate/Foundation/PackageManifest->build()
#2 C:/Users/0909W/OneDrive/Documenten/GitHub/Educom-Trainee-Dashboard/front-end/vendor/laravel/framework/src/Illuminate/Foundation/PackageManifest.php(90): Illuminate/Foundation/PackageManifest->getManifest()
#3 C:/Users/0909W/OneDrive/Documenten/GitHub/Educom-Trainee-Dashboard/front-end/vendor/laravel/framework/src/Illuminate/Foundation/PackageManifest.php(79): Illuminate/Foundation/PackageManifest->config('aliases')
#4 C:/Users/0909W/OneDrive/Documenten/GitHub/Educom-Trainee-Dashboard/front-end/vendor/laravel/framework/src/Illuminate/Foundation/Bootstrap/RegisterFacades.php(26): Illuminate/Foundation/PackageManifest->aliases()
#5 C:/Users/0909W/OneDrive/Documenten/GitHub/Educom-Trainee-Dashboard/front-end/vendor/laravel/framework/src/Illuminate/Foundation/Application.php(342): Illuminate/Foundation/Bootstrap/RegisterFacades->bootstrap(Object(Illuminate/Foundation/Application))
#6 C:/Users/0909W/OneDrive/Documenten/GitHub/Educom-Trainee-Dashboard/front-end/vendor/laravel/framework/src/Illuminate/Foundation/Console/Kernel.php(494): Illuminate/Foundation/Application->bootstrapWith(Array)
#7 C:/Users/0909W/OneDrive/Documenten/GitHub/Educom-Trainee-Dashboard/front-end/vendor/laravel/framework/src/Illuminate/Foundation/Console/Kernel.php(196): Illuminate/Foundation/Console/Kernel->bootstrap()
#8 C:/Users/0909W/OneDrive/Documenten/GitHub/Educom-Trainee-Dashboard/front-end/vendor/laravel/framework/src/Illuminate/Foundation/Application.php(1235): Illuminate/Foundation/Console/Kernel->handle(Object(Symfony/Component/Console/Input/ArgvInput), Object(Symfony/Component/Console/Output/ConsoleOutput))
#9 C:/Users/0909W/OneDrive/Documenten/GitHub/Educom-Trainee-Dashboard/front-end/artisan(16): Illuminate/Foundation/Application->handleCommand(Object(Symfony/Component/Console/Input/ArgvInput))
#10 {main}
"} 
[2026-07-14 13:51:41] local.ERROR: Database file at path [C:\Users\0909W\OneDrive\Documenten\GitHub\Educom-Trainee-Dashboard\front-end\database\database.sqlite] does not exist. Ensure this is an absolute path to the database. (Connection: sqlite, Database: C:\Users\0909W\OneDrive\Documenten\GitHub\Educom-Trainee-Dashboard\front-end\database\database.sqlite, SQL: select * from "sessions" where "id" = XRk2wPmqkbv8DnVw7TIq8RAlINEEHD9revymIot1 limit 1) {"exception":"[object] (Illuminate\\Database\\QueryException(code: 0): Database file at path [C:\\Users\\0909W\\OneDrive\\Documenten\\GitHub\\Educom-Trainee-Dashboard\\front-end\\database\\database.sqlite] does not exist. Ensure this is an absolute path to the database. (Connection: sqlite, Database: C:\\Users\\0909W\\OneDrive\\Documenten\\GitHub\\Educom-Trainee-Dashboard\\front-end\\database\\database.sqlite, SQL: select * from \"sessions\" where \"id\" = XRk2wPmqkbv8DnVw7TIq8RAlINEEHD9revymIot1 limit 1) at C:/Users/0909W/OneDrive/Documenten/GitHub/Educom-Trainee-Dashboard/front-end/vendor/laravel/framework/src/Illuminate/Database/Connection.php:857)
[stacktrace]
#0 C:/Users/0909W/OneDrive/Documenten/GitHub/Educom-Trainee-Dashboard/front-end/vendor/laravel/framework/src/Illuminate/Database/Connection.php(813): Illuminate/Database/Connection->runQueryCallback('select * from \"...', Array, Object(Closure))
#1 C:/Users/0909W/OneDrive/Documenten/GitHub/Educom-Trainee-Dashboard/front-end/vendor/laravel/framework/src/Illuminate/Database/Connection.php(426): Illuminate/Database/Connection->run('select * from \"...', Array, Object(Closure))
#2 C:/Users/0909W/OneDrive/Documenten/GitHub/Educom-Trainee-Dashboard/front-end/vendor/laravel/framework/src/Illuminate/Database/Query/Builder.php(3573): Illuminate/Database/Connection->select('select * from \"...', Array, false, Array)
#3 C:/Users/0909W/OneDrive/Documenten/GitHub/Educom-Trainee-Dashboard/front-end/vendor/laravel/framework/src/Illuminate/Database/Query/Builder.php(3557): Illuminate/Database/Query/Builder->runSelect()
#4 C:/Users/0909W/OneDrive/Documenten/GitHub/Educom-Trainee-Dashboard/front-end/vendor/laravel/framework/src/Illuminate/Database/Concerns/BuildsQueries.php(366): Illuminate/Database/Query/Builder->get(Array)
#5 C:/Users/0909W/OneDrive/Documenten/GitHub/Educom-Trainee-Dashboard/front-end/vendor/laravel/framework/src/Illuminate/Database/Query/Builder.php(3475): Illuminate/Database/Query/Builder->first(Array)
#6 C:/Users/0909W/OneDrive/Documenten/GitHub/Educom-Trainee-Dashboard/front-end/vendor/laravel/framework/src/Illuminate/Session/DatabaseSessionHandler.php(96): Illuminate/Database/Query/Builder->find('XRk2wPmqkbv8DnV...')
#7 C:/Users/0909W/OneDrive/Documenten/GitHub/Educom-Trainee-Dashboard/front-end/vendor/laravel/framework/src/Illuminate/Session/Store.php(128): Illuminate/Session/DatabaseSessionHandler->read('XRk2wPmqkbv8DnV...')
#8 C:/Users/0909W/OneDrive/Documenten/GitHub/Educom-Trainee-Dashboard/front-end/vendor/laravel/framework/src/Illuminate/Session/Store.php(116): Illuminate/Session/Store->readFromHandler()
#9 C:/Users/0909W/OneDrive/Documenten/GitHub/Educom-Trainee-Dashboard/front-end/vendor/laravel/framework/src/Illuminate/Session/Store.php(100): Illuminate/Session/Store->loadSession()
#10 C:/Users/0909W/OneDrive/Documenten/GitHub/Educom-Trainee-Dashboard/front-end/vendor/laravel/framework/src/Illuminate/Session/Middleware/StartSession.php(146): Illuminate/Session/Store->start()
#11 C:/Users/0909W/OneDrive/Documenten/GitHub/Educom-Trainee-Dashboard/front-end/vendor/laravel/framework/src/Illuminate/Support/helpers.php(393): Illuminate/Session/Middleware/StartSession->{closure:Illuminate/Session/Middleware/StartSession::startSession():143}(Object(Illuminate/Session/Store))
#12 C:/Users/0909W/OneDrive/Documenten/GitHub/Educom-Trainee-Dashboard/front-end/vendor/laravel/framework/src/Illuminate/Session/Middleware/StartSession.php(143): tap(Object(Illuminate/Session/Store), Object(Closure))
#13 C:/Users/0909W/OneDrive/Documenten/GitHub/Educom-Trainee-Dashboard/front-end/vendor/laravel/framework/src/Illuminate/Session/Middleware/StartSession.php(115): Illuminate/Session/Middleware/StartSession->startSession(Object(Illuminate/Http/Request), Object(Illuminate/Session/Store))
#14 C:/Users/0909W/OneDrive/Documenten/GitHub/Educom-Trainee-Dashboard/front-end/vendor/laravel/framework/src/Illuminate/Session/Middleware/StartSession.php(63): Illuminate/Session/Middleware/StartSession->handleStatefulRequest(Object(Illuminate/Http/Request), Object(Illuminate/Session/Store), Object(Closure))
#15 C:/Users/0909W/OneDrive/Documenten/GitHub/Educom-Trainee-Dashboard/front-end/vendor/laravel/framework/src/Illuminate/Pipeline/Pipeline.php(219): Illuminate/Session/Middleware/StartSession->handle(Object(Illuminate/Http/Request), Object(Closure))
#16 C:/Users/0909W/OneDrive/Documenten/GitHub/Educom-Trainee-Dashboard/front-end/vendor/laravel/framework/src/Illuminate/Cookie/Middleware/AddQueuedCookiesToResponse.php(36): Illuminate/Pipeline/Pipeline->{closure:{closure:Illuminate/Pipeline/Pipeline::carry():194}:195}(Object(Illuminate/Http/Request))
#17 C:/Users/0909W/OneDrive/Documenten/GitHub/Educom-Trainee-Dashboard/front-end/vendor/laravel/framework/src/Illuminate/Pipeline/Pipeline.php(219): Illuminate/Cookie/Middleware/AddQueuedCookiesToResponse->handle(Object(Illuminate/Http/Request), Object(Closure))
#18 C:/Users/0909W/OneDrive/Documenten/GitHub/Educom-Trainee-Dashboard/front-end/vendor/laravel/framework/src/Illuminate/Cookie/Middleware/EncryptCookies.php(74): Illuminate/Pipeline/Pipeline->{closure:{closure:Illuminate/Pipeline/Pipeline::carry():194}:195}(Object(Illuminate/Http/Request))
#19 C:/Users/0909W/OneDrive/Documenten/GitHub/Educom-Trainee-Dashboard/front-end/vendor/laravel/framework/src/Illuminate/Pipeline/Pipeline.php(219): Illuminate/Cookie/Middleware/EncryptCookies->handle(Object(Illuminate/Http/Request), Object(Closure))
#20 C:/Users/0909W/OneDrive/Documenten/GitHub/Educom-Trainee-Dashboard/front-end/vendor/laravel/framework/src/Illuminate/Pipeline/Pipeline.php(137): Illuminate/Pipeline/Pipeline->{closure:{closure:Illuminate/Pipeline/Pipeline::carry():194}:195}(Object(Illuminate/Http/Request))
#21 C:/Users/0909W/OneDrive/Documenten/GitHub/Educom-Trainee-Dashboard/front-end/vendor/laravel/framework/src/Illuminate/Routing/Router.php(821): Illuminate/Pipeline/Pipeline->then(Object(Closure))
#22 C:/Users/0909W/OneDrive/Documenten/GitHub/Educom-Trainee-Dashboard/front-end/vendor/laravel/framework/src/Illuminate/Routing/Router.php(800): Illuminate/Routing/Router->runRouteWithinStack(Object(Illuminate/Routing/Route), Object(Illuminate/Http/Request))
#23 C:/Users/0909W/OneDrive/Documenten/GitHub/Educom-Trainee-Dashboard/front-end/vendor/laravel/framework/src/Illuminate/Routing/Router.php(764): Illuminate/Routing/Router->runRoute(Object(Illuminate/Http/Request), Object(Illuminate/Routing/Route))
#24 C:/Users/0909W/OneDrive/Documenten/GitHub/Educom-Trainee-Dashboard/front-end/vendor/laravel/framework/src/Illuminate/Routing/Router.php(753): Illuminate/Routing/Router->dispatchToRoute(Object(Illuminate/Http/Request))
#25 C:/Users/0909W/OneDrive/Documenten/GitHub/Educom-Trainee-Dashboard/front-end/vendor/laravel/framework/src/Illuminate/Foundation/Http/Kernel.php(200): Illuminate/Routing/Router->dispatch(Object(Illuminate/Http/Request))
#26 C:/Users/0909W/OneDrive/Documenten/GitHub/Educom-Trainee-Dashboard/front-end/vendor/laravel/framework/src/Illuminate/Pipeline/Pipeline.php(180): Illuminate/Foundation/Http/Kernel->{closure:Illuminate/Foundation/Http/Kernel::dispatchToRouter():197}(Object(Illuminate/Http/Request))
#27 C:/Users/0909W/OneDrive/Documenten/GitHub/Educom-Trainee-Dashboard/front-end/vendor/inertiajs/inertia-laravel/src/Middleware/EnsureGetOnRedirect.php(19): Illuminate/Pipeline/Pipeline->{closure:Illuminate/Pipeline/Pipeline::prepareDestination():178}(Object(Illuminate/Http/Request))
#28 C:/Users/0909W/OneDrive/Documenten/GitHub/Educom-Trainee-Dashboard/front-end/vendor/laravel/framework/src/Illuminate/Pipeline/Pipeline.php(219): Inertia/Middleware/EnsureGetOnRedirect->handle(Object(Illuminate/Http/Request), Object(Closure))
#29 C:/Users/0909W/OneDrive/Documenten/GitHub/Educom-Trainee-Dashboard/front-end/vendor/laravel/framework/src/Illuminate/Foundation/Http/Middleware/TransformsRequest.php(21): Illuminate/Pipeline/Pipeline->{closure:{closure:Illuminate/Pipeline/Pipeline::carry():194}:195}(Object(Illuminate/Http/Request))
#30 C:/Users/0909W/OneDrive/Documenten/GitHub/Educom-Trainee-Dashboard/front-end/vendor/laravel/framework/src/Illuminate/Foundation/Http/Middleware/ConvertEmptyStringsToNull.php(31): Illuminate/Foundation/Http/Middleware/TransformsRequest->handle(Object(Illuminate/Http/Request), Object(Closure))
#31 C:/Users/0909W/OneDrive/Documenten/GitHub/Educom-Trainee-Dashboard/front-end/vendor/laravel/framework/src/Illuminate/Pipeline/Pipeline.php(219): Illuminate/Foundation/Http/Middleware/ConvertEmptyStringsToNull->handle(Object(Illuminate/Http/Request), Object(Closure))
#32 C:/Users/0909W/OneDrive/Documenten/GitHub/Educom-Trainee-Dashboard/front-end/vendor/laravel/framework/src/Illuminate/Foundation/Http/Middleware/TransformsRequest.php(21): Illuminate/Pipeline/Pipeline->{closure:{closure:Illuminate/Pipeline/Pipeline::carry():194}:195}(Object(Illuminate/Http/Request))
#33 C:/Users/0909W/OneDrive/Documenten/GitHub/Educom-Trainee-Dashboard/front-end/vendor/laravel/framework/src/Illuminate/Foundation/Http/Middleware/TrimStrings.php(51): Illuminate/Foundation/Http/Middleware/TransformsRequest->handle(Object(Illuminate/Http/Request), Object(Closure))
#34 C:/Users/0909W/OneDrive/Documenten/GitHub/Educom-Trainee-Dashboard/front-end/vendor/laravel/framework/src/Illuminate/Pipeline/Pipeline.php(219): Illuminate/Foundation/Http/Middleware/TrimStrings->handle(Object(Illuminate/Http/Request), Object(Closure))
#35 C:/Users/0909W/OneDrive/Documenten/GitHub/Educom-Trainee-Dashboard/front-end/vendor/laravel/framework/src/Illuminate/Http/Middleware/ValidatePostSize.php(27): Illuminate/Pipeline/Pipeline->{closure:{closure:Illuminate/Pipeline/Pipeline::carry():194}:195}(Object(Illuminate/Http/Request))
#36 C:/Users/0909W/OneDrive/Documenten/GitHub/Educom-Trainee-Dashboard/front-end/vendor/laravel/framework/src/Illuminate/Pipeline/Pipeline.php(219): Illuminate/Http/Middleware/ValidatePostSize->handle(Object(Illuminate/Http/Request), Object(Closure))
#37 C:/Users/0909W/OneDrive/Documenten/GitHub/Educom-Trainee-Dashboard/front-end/vendor/laravel/framework/src/Illuminate/Foundation/Http/Middleware/PreventRequestsDuringMaintenance.php(109): Illuminate/Pipeline/Pipeline->{closure:{closure:Illuminate/Pipeline/Pipeline::carry():194}:195}(Object(Illuminate/Http/Request))
#38 C:/Users/0909W/OneDrive/Documenten/GitHub/Educom-Trainee-Dashboard/front-end/vendor/laravel/framework/src/Illuminate/Pipeline/Pipeline.php(219): Illuminate/Foundation/Http/Middleware/PreventRequestsDuringMaintenance->handle(Object(Illuminate/Http/Request), Object(Closure))
#39 C:/Users/0909W/OneDrive/Documenten/GitHub/Educom-Trainee-Dashboard/front-end/vendor/laravel/framework/src/Illuminate/Http/Middleware/HandleCors.php(61): Illuminate/Pipeline/Pipeline->{closure:{closure:Illuminate/Pipeline/Pipeline::carry():194}:195}(Object(Illuminate/Http/Request))
#40 C:/Users/0909W/OneDrive/Documenten/GitHub/Educom-Trainee-Dashboard/front-end/vendor/laravel/framework/src/Illuminate/Pipeline/Pipeline.php(219): Illuminate/Http/Middleware/HandleCors->handle(Object(Illuminate/Http/Request), Object(Closure))
#41 C:/Users/0909W/OneDrive/Documenten/GitHub/Educom-Trainee-Dashboard/front-end/vendor/laravel/framework/src/Illuminate/Http/Middleware/TrustProxies.php(58): Illuminate/Pipeline/Pipeline->{closure:{closure:Illuminate/Pipeline/Pipeline::carry():194}:195}(Object(Illuminate/Http/Request))
#42 C:/Users/0909W/OneDrive/Documenten/GitHub/Educom-Trainee-Dashboard/front-end/vendor/laravel/framework/src/Illuminate/Pipeline/Pipeline.php(219): Illuminate/Http/Middleware/TrustProxies->handle(Object(Illuminate/Http/Request), Object(Closure))
#43 C:/Users/0909W/OneDrive/Documenten/GitHub/Educom-Trainee-Dashboard/front-end/vendor/laravel/framework/src/Illuminate/Foundation/Http/Middleware/InvokeDeferredCallbacks.php(22): Illuminate/Pipeline/Pipeline->{closure:{closure:Illuminate/Pipeline/Pipeline::carry():194}:195}(Object(Illuminate/Http/Request))
#44 C:/Users/0909W/OneDrive/Documenten/GitHub/Educom-Trainee-Dashboard/front-end/vendor/laravel/framework/src/Illuminate/Pipeline/Pipeline.php(219): Illuminate/Foundation/Http/Middleware/InvokeDeferredCallbacks->handle(Object(Illuminate/Http/Request), Object(Closure))
#45 C:/Users/0909W/OneDrive/Documenten/GitHub/Educom-Trainee-Dashboard/front-end/vendor/laravel/framework/src/Illuminate/Http/Middleware/ValidatePathEncoding.php(28): Illuminate/Pipeline/Pipeline->{closure:{closure:Illuminate/Pipeline/Pipeline::carry():194}:195}(Object(Illuminate/Http/Request))
#46 C:/Users/0909W/OneDrive/Documenten/GitHub/Educom-Trainee-Dashboard/front-end/vendor/laravel/framework/src/Illuminate/Pipeline/Pipeline.php(219): Illuminate/Http/Middleware/ValidatePathEncoding->handle(Object(Illuminate/Http/Request), Object(Closure))
#47 C:/Users/0909W/OneDrive/Documenten/GitHub/Educom-Trainee-Dashboard/front-end/vendor/laravel/framework/src/Illuminate/Pipeline/Pipeline.php(137): Illuminate/Pipeline/Pipeline->{closure:{closure:Illuminate/Pipeline/Pipeline::carry():194}:195}(Object(Illuminate/Http/Request))
#48 C:/Users/0909W/OneDrive/Documenten/GitHub/Educom-Trainee-Dashboard/front-end/vendor/laravel/framework/src/Illuminate/Foundation/Http/Kernel.php(175): Illuminate/Pipeline/Pipeline->then(Object(Closure))
#49 C:/Users/0909W/OneDrive/Documenten/GitHub/Educom-Trainee-Dashboard/front-end/vendor/laravel/framework/src/Illuminate/Foundation/Http/Kernel.php(144): Illuminate/Foundation/Http/Kernel->sendRequestThroughRouter(Object(Illuminate/Http/Request))
#50 C:/Users/0909W/OneDrive/Documenten/GitHub/Educom-Trainee-Dashboard/front-end/vendor/laravel/framework/src/Illuminate/Foundation/Application.php(1220): Illuminate/Foundation/Http/Kernel->handle(Object(Illuminate/Http/Request))
#51 C:/Users/0909W/OneDrive/Documenten/GitHub/Educom-Trainee-Dashboard/front-end/public/index.php(20): Illuminate/Foundation/Application->handleRequest(Object(Illuminate/Http/Request))
#52 C:/Users/0909W/OneDrive/Documenten/GitHub/Educom-Trainee-Dashboard/front-end/vendor/laravel/framework/src/Illuminate/Foundation/resources/server.php(23): require_once('C://Users//0909W//...')
#53 {main}

[previous exception] [object] (Illuminate\\Database\\SQLiteDatabaseDoesNotExistException(code: 0): Database file at path [C:\\Users\\0909W\\OneDrive\\Documenten\\GitHub\\Educom-Trainee-Dashboard\\front-end\\database\\database.sqlite] does not exist. Ensure this is an absolute path to the database. at C:/Users/0909W/OneDrive/Documenten/GitHub/Educom-Trainee-Dashboard/front-end/vendor/laravel/framework/src/Illuminate/Database/Connectors/SQLiteConnector.php:61)
[stacktrace]
#0 C:/Users/0909W/OneDrive/Documenten/GitHub/Educom-Trainee-Dashboard/front-end/vendor/laravel/framework/src/Illuminate/Database/Connectors/SQLiteConnector.php(19): Illuminate/Database/Connectors/SQLiteConnector->parseDatabasePath(false)
#1 C:/Users/0909W/OneDrive/Documenten/GitHub/Educom-Trainee-Dashboard/front-end/vendor/laravel/framework/src/Illuminate/Database/Connectors/ConnectionFactory.php(259): Illuminate/Database/Connectors/SQLiteConnector->connect(Array)
#2 [internal function]: Illuminate/Database/Connectors/ConnectionFactory->{closure:Illuminate/Database/Connectors/ConnectionFactory::createPdoResolverWithoutHosts():259}()
#3 C:/Users/0909W/OneDrive/Documenten/GitHub/Educom-Trainee-Dashboard/front-end/vendor/laravel/framework/src/Illuminate/Database/Connection.php(1297): call_user_func(Object(Closure))
#4 C:/Users/0909W/OneDrive/Documenten/GitHub/Educom-Trainee-Dashboard/front-end/vendor/laravel/framework/src/Illuminate/Database/Connection.php(542): Illuminate/Database/Connection->getPdo()
#5 C:/Users/0909W/OneDrive/Documenten/GitHub/Educom-Trainee-Dashboard/front-end/vendor/laravel/framework/src/Illuminate/Database/Connection.php(435): Illuminate/Database/Connection->getPdoForSelect(false)
#6 C:/Users/0909W/OneDrive/Documenten/GitHub/Educom-Trainee-Dashboard/front-end/vendor/laravel/framework/src/Illuminate/Database/Connection.php(846): Illuminate/Database/Connection->{closure:Illuminate/Database/Connection::select():426}('select * from \"...', Array)
#7 C:/Users/0909W/OneDrive/Documenten/GitHub/Educom-Trainee-Dashboard/front-end/vendor/laravel/framework/src/Illuminate/Database/Connection.php(813): Illuminate/Database/Connection->runQueryCallback('select * from \"...', Array, Object(Closure))
#8 C:/Users/0909W/OneDrive/Documenten/GitHub/Educom-Trainee-Dashboard/front-end/vendor/laravel/framework/src/Illuminate/Database/Connection.php(426): Illuminate/Database/Connection->run('select * from \"...', Array, Object(Closure))
#9 C:/Users/0909W/OneDrive/Documenten/GitHub/Educom-Trainee-Dashboard/front-end/vendor/laravel/framework/src/Illuminate/Database/Query/Builder.php(3573): Illuminate/Database/Connection->select('select * from \"...', Array, false, Array)
#10 C:/Users/0909W/OneDrive/Documenten/GitHub/Educom-Trainee-Dashboard/front-end/vendor/laravel/framework/src/Illuminate/Database/Query/Builder.php(3557): Illuminate/Database/Query/Builder->runSelect()
#11 C:/Users/0909W/OneDrive/Documenten/GitHub/Educom-Trainee-Dashboard/front-end/vendor/laravel/framework/src/Illuminate/Database/Concerns/BuildsQueries.php(366): Illuminate/Database/Query/Builder->get(Array)
#12 C:/Users/0909W/OneDrive/Documenten/GitHub/Educom-Trainee-Dashboard/front-end/vendor/laravel/framework/src/Illuminate/Database/Query/Builder.php(3475): Illuminate/Database/Query/Builder->first(Array)
#13 C:/Users/0909W/OneDrive/Documenten/GitHub/Educom-Trainee-Dashboard/front-end/vendor/laravel/framework/src/Illuminate/Session/DatabaseSessionHandler.php(96): Illuminate/Database/Query/Builder->find('XRk2wPmqkbv8DnV...')
#14 C:/Users/0909W/OneDrive/Documenten/GitHub/Educom-Trainee-Dashboard/front-end/vendor/laravel/framework/src/Illuminate/Session/Store.php(128): Illuminate/Session/DatabaseSessionHandler->read('XRk2wPmqkbv8DnV...')
#15 C:/Users/0909W/OneDrive/Documenten/GitHub/Educom-Trainee-Dashboard/front-end/vendor/laravel/framework/src/Illuminate/Session/Store.php(116): Illuminate/Session/Store->readFromHandler()
#16 C:/Users/0909W/OneDrive/Documenten/GitHub/Educom-Trainee-Dashboard/front-end/vendor/laravel/framework/src/Illuminate/Session/Store.php(100): Illuminate/Session/Store->loadSession()
#17 C:/Users/0909W/OneDrive/Documenten/GitHub/Educom-Trainee-Dashboard/front-end/vendor/laravel/framework/src/Illuminate/Session/Middleware/StartSession.php(146): Illuminate/Session/Store->start()
#18 C:/Users/0909W/OneDrive/Documenten/GitHub/Educom-Trainee-Dashboard/front-end/vendor/laravel/framework/src/Illuminate/Support/helpers.php(393): Illuminate/Session/Middleware/StartSession->{closure:Illuminate/Session/Middleware/StartSession::startSession():143}(Object(Illuminate/Session/Store))
#19 C:/Users/0909W/OneDrive/Documenten/GitHub/Educom-Trainee-Dashboard/front-end/vendor/laravel/framework/src/Illuminate/Session/Middleware/StartSession.php(143): tap(Object(Illuminate/Session/Store), Object(Closure))
#20 C:/Users/0909W/OneDrive/Documenten/GitHub/Educom-Trainee-Dashboard/front-end/vendor/laravel/framework/src/Illuminate/Session/Middleware/StartSession.php(115): Illuminate/Session/Middleware/StartSession->startSession(Object(Illuminate/Http/Request), Object(Illuminate/Session/Store))
#21 C:/Users/0909W/OneDrive/Documenten/GitHub/Educom-Trainee-Dashboard/front-end/vendor/laravel/framework/src/Illuminate/Session/Middleware/StartSession.php(63): Illuminate/Session/Middleware/StartSession->handleStatefulRequest(Object(Illuminate/Http/Request), Object(Illuminate/Session/Store), Object(Closure))
#22 C:/Users/0909W/OneDrive/Documenten/GitHub/Educom-Trainee-Dashboard/front-end/vendor/laravel/framework/src/Illuminate/Pipeline/Pipeline.php(219): Illuminate/Session/Middleware/StartSession->handle(Object(Illuminate/Http/Request), Object(Closure))
#23 C:/Users/0909W/OneDrive/Documenten/GitHub/Educom-Trainee-Dashboard/front-end/vendor/laravel/framework/src/Illuminate/Cookie/Middleware/AddQueuedCookiesToResponse.php(36): Illuminate/Pipeline/Pipeline->{closure:{closure:Illuminate/Pipeline/Pipeline::carry():194}:195}(Object(Illuminate/Http/Request))
#24 C:/Users/0909W/OneDrive/Documenten/GitHub/Educom-Trainee-Dashboard/front-end/vendor/laravel/framework/src/Illuminate/Pipeline/Pipeline.php(219): Illuminate/Cookie/Middleware/AddQueuedCookiesToResponse->handle(Object(Illuminate/Http/Request), Object(Closure))
#25 C:/Users/0909W/OneDrive/Documenten/GitHub/Educom-Trainee-Dashboard/front-end/vendor/laravel/framework/src/Illuminate/Cookie/Middleware/EncryptCookies.php(74): Illuminate/Pipeline/Pipeline->{closure:{closure:Illuminate/Pipeline/Pipeline::carry():194}:195}(Object(Illuminate/Http/Request))
#26 C:/Users/0909W/OneDrive/Documenten/GitHub/Educom-Trainee-Dashboard/front-end/vendor/laravel/framework/src/Illuminate/Pipeline/Pipeline.php(219): Illuminate/Cookie/Middleware/EncryptCookies->handle(Object(Illuminate/Http/Request), Object(Closure))
#27 C:/Users/0909W/OneDrive/Documenten/GitHub/Educom-Trainee-Dashboard/front-end/vendor/laravel/framework/src/Illuminate/Pipeline/Pipeline.php(137): Illuminate/Pipeline/Pipeline->{closure:{closure:Illuminate/Pipeline/Pipeline::carry():194}:195}(Object(Illuminate/Http/Request))
#28 C:/Users/0909W/OneDrive/Documenten/GitHub/Educom-Trainee-Dashboard/front-end/vendor/laravel/framework/src/Illuminate/Routing/Router.php(821): Illuminate/Pipeline/Pipeline->then(Object(Closure))
#29 C:/Users/0909W/OneDrive/Documenten/GitHub/Educom-Trainee-Dashboard/front-end/vendor/laravel/framework/src/Illuminate/Routing/Router.php(800): Illuminate/Routing/Router->runRouteWithinStack(Object(Illuminate/Routing/Route), Object(Illuminate/Http/Request))
#30 C:/Users/0909W/OneDrive/Documenten/GitHub/Educom-Trainee-Dashboard/front-end/vendor/laravel/framework/src/Illuminate/Routing/Router.php(764): Illuminate/Routing/Router->runRoute(Object(Illuminate/Http/Request), Object(Illuminate/Routing/Route))
#31 C:/Users/0909W/OneDrive/Documenten/GitHub/Educom-Trainee-Dashboard/front-end/vendor/laravel/framework/src/Illuminate/Routing/Router.php(753): Illuminate/Routing/Router->dispatchToRoute(Object(Illuminate/Http/Request))
#32 C:/Users/0909W/OneDrive/Documenten/GitHub/Educom-Trainee-Dashboard/front-end/vendor/laravel/framework/src/Illuminate/Foundation/Http/Kernel.php(200): Illuminate/Routing/Router->dispatch(Object(Illuminate/Http/Request))
#33 C:/Users/0909W/OneDrive/Documenten/GitHub/Educom-Trainee-Dashboard/front-end/vendor/laravel/framework/src/Illuminate/Pipeline/Pipeline.php(180): Illuminate/Foundation/Http/Kernel->{closure:Illuminate/Foundation/Http/Kernel::dispatchToRouter():197}(Object(Illuminate/Http/Request))
#34 C:/Users/0909W/OneDrive/Documenten/GitHub/Educom-Trainee-Dashboard/front-end/vendor/inertiajs/inertia-laravel/src/Middleware/EnsureGetOnRedirect.php(19): Illuminate/Pipeline/Pipeline->{closure:Illuminate/Pipeline/Pipeline::prepareDestination():178}(Object(Illuminate/Http/Request))
#35 C:/Users/0909W/OneDrive/Documenten/GitHub/Educom-Trainee-Dashboard/front-end/vendor/laravel/framework/src/Illuminate/Pipeline/Pipeline.php(219): Inertia/Middleware/EnsureGetOnRedirect->handle(Object(Illuminate/Http/Request), Object(Closure))
#36 C:/Users/0909W/OneDrive/Documenten/GitHub/Educom-Trainee-Dashboard/front-end/vendor/laravel/framework/src/Illuminate/Foundation/Http/Middleware/TransformsRequest.php(21): Illuminate/Pipeline/Pipeline->{closure:{closure:Illuminate/Pipeline/Pipeline::carry():194}:195}(Object(Illuminate/Http/Request))
#37 C:/Users/0909W/OneDrive/Documenten/GitHub/Educom-Trainee-Dashboard/front-end/vendor/laravel/framework/src/Illuminate/Foundation/Http/Middleware/ConvertEmptyStringsToNull.php(31): Illuminate/Foundation/Http/Middleware/TransformsRequest->handle(Object(Illuminate/Http/Request), Object(Closure))
#38 C:/Users/0909W/OneDrive/Documenten/GitHub/Educom-Trainee-Dashboard/front-end/vendor/laravel/framework/src/Illuminate/Pipeline/Pipeline.php(219): Illuminate/Foundation/Http/Middleware/ConvertEmptyStringsToNull->handle(Object(Illuminate/Http/Request), Object(Closure))
#39 C:/Users/0909W/OneDrive/Documenten/GitHub/Educom-Trainee-Dashboard/front-end/vendor/laravel/framework/src/Illuminate/Foundation/Http/Middleware/TransformsRequest.php(21): Illuminate/Pipeline/Pipeline->{closure:{closure:Illuminate/Pipeline/Pipeline::carry():194}:195}(Object(Illuminate/Http/Request))
#40 C:/Users/0909W/OneDrive/Documenten/GitHub/Educom-Trainee-Dashboard/front-end/vendor/laravel/framework/src/Illuminate/Foundation/Http/Middleware/TrimStrings.php(51): Illuminate/Foundation/Http/Middleware/TransformsRequest->handle(Object(Illuminate/Http/Request), Object(Closure))
#41 C:/Users/0909W/OneDrive/Documenten/GitHub/Educom-Trainee-Dashboard/front-end/vendor/laravel/framework/src/Illuminate/Pipeline/Pipeline.php(219): Illuminate/Foundation/Http/Middleware/TrimStrings->handle(Object(Illuminate/Http/Request), Object(Closure))
#42 C:/Users/0909W/OneDrive/Documenten/GitHub/Educom-Trainee-Dashboard/front-end/vendor/laravel/framework/src/Illuminate/Http/Middleware/ValidatePostSize.php(27): Illuminate/Pipeline/Pipeline->{closure:{closure:Illuminate/Pipeline/Pipeline::carry():194}:195}(Object(Illuminate/Http/Request))
#43 C:/Users/0909W/OneDrive/Documenten/GitHub/Educom-Trainee-Dashboard/front-end/vendor/laravel/framework/src/Illuminate/Pipeline/Pipeline.php(219): Illuminate/Http/Middleware/ValidatePostSize->handle(Object(Illuminate/Http/Request), Object(Closure))
#44 C:/Users/0909W/OneDrive/Documenten/GitHub/Educom-Trainee-Dashboard/front-end/vendor/laravel/framework/src/Illuminate/Foundation/Http/Middleware/PreventRequestsDuringMaintenance.php(109): Illuminate/Pipeline/Pipeline->{closure:{closure:Illuminate/Pipeline/Pipeline::carry():194}:195}(Object(Illuminate/Http/Request))
#45 C:/Users/0909W/OneDrive/Documenten/GitHub/Educom-Trainee-Dashboard/front-end/vendor/laravel/framework/src/Illuminate/Pipeline/Pipeline.php(219): Illuminate/Foundation/Http/Middleware/PreventRequestsDuringMaintenance->handle(Object(Illuminate/Http/Request), Object(Closure))
#46 C:/Users/0909W/OneDrive/Documenten/GitHub/Educom-Trainee-Dashboard/front-end/vendor/laravel/framework/src/Illuminate/Http/Middleware/HandleCors.php(61): Illuminate/Pipeline/Pipeline->{closure:{closure:Illuminate/Pipeline/Pipeline::carry():194}:195}(Object(Illuminate/Http/Request))
#47 C:/Users/0909W/OneDrive/Documenten/GitHub/Educom-Trainee-Dashboard/front-end/vendor/laravel/framework/src/Illuminate/Pipeline/Pipeline.php(219): Illuminate/Http/Middleware/HandleCors->handle(Object(Illuminate/Http/Request), Object(Closure))
#48 C:/Users/0909W/OneDrive/Documenten/GitHub/Educom-Trainee-Dashboard/front-end/vendor/laravel/framework/src/Illuminate/Http/Middleware/TrustProxies.php(58): Illuminate/Pipeline/Pipeline->{closure:{closure:Illuminate/Pipeline/Pipeline::carry():194}:195}(Object(Illuminate/Http/Request))
#49 C:/Users/0909W/OneDrive/Documenten/GitHub/Educom-Trainee-Dashboard/front-end/vendor/laravel/framework/src/Illuminate/Pipeline/Pipeline.php(219): Illuminate/Http/Middleware/TrustProxies->handle(Object(Illuminate/Http/Request), Object(Closure))
#50 C:/Users/0909W/OneDrive/Documenten/GitHub/Educom-Trainee-Dashboard/front-end/vendor/laravel/framework/src/Illuminate/Foundation/Http/Middleware/InvokeDeferredCallbacks.php(22): Illuminate/Pipeline/Pipeline->{closure:{closure:Illuminate/Pipeline/Pipeline::carry():194}:195}(Object(Illuminate/Http/Request))
#51 C:/Users/0909W/OneDrive/Documenten/GitHub/Educom-Trainee-Dashboard/front-end/vendor/laravel/framework/src/Illuminate/Pipeline/Pipeline.php(219): Illuminate/Foundation/Http/Middleware/InvokeDeferredCallbacks->handle(Object(Illuminate/Http/Request), Object(Closure))
#52 C:/Users/0909W/OneDrive/Documenten/GitHub/Educom-Trainee-Dashboard/front-end/vendor/laravel/framework/src/Illuminate/Http/Middleware/ValidatePathEncoding.php(28): Illuminate/Pipeline/Pipeline->{closure:{closure:Illuminate/Pipeline/Pipeline::carry():194}:195}(Object(Illuminate/Http/Request))
#53 C:/Users/0909W/OneDrive/Documenten/GitHub/Educom-Trainee-Dashboard/front-end/vendor/laravel/framework/src/Illuminate/Pipeline/Pipeline.php(219): Illuminate/Http/Middleware/ValidatePathEncoding->handle(Object(Illuminate/Http/Request), Object(Closure))
#54 C:/Users/0909W/OneDrive/Documenten/GitHub/Educom-Trainee-Dashboard/front-end/vendor/laravel/framework/src/Illuminate/Pipeline/Pipeline.php(137): Illuminate/Pipeline/Pipeline->{closure:{closure:Illuminate/Pipeline/Pipeline::carry():194}:195}(Object(Illuminate/Http/Request))
#55 C:/Users/0909W/OneDrive/Documenten/GitHub/Educom-Trainee-Dashboard/front-end/vendor/laravel/framework/src/Illuminate/Foundation/Http/Kernel.php(175): Illuminate/Pipeline/Pipeline->then(Object(Closure))
#56 C:/Users/0909W/OneDrive/Documenten/GitHub/Educom-Trainee-Dashboard/front-end/vendor/laravel/framework/src/Illuminate/Foundation/Http/Kernel.php(144): Illuminate/Foundation/Http/Kernel->sendRequestThroughRouter(Object(Illuminate/Http/Request))
#57 C:/Users/0909W/OneDrive/Documenten/GitHub/Educom-Trainee-Dashboard/front-end/vendor/laravel/framework/src/Illuminate/Foundation/Application.php(1220): Illuminate/Foundation/Http/Kernel->handle(Object(Illuminate/Http/Request))
#58 C:/Users/0909W/OneDrive/Documenten/GitHub/Educom-Trainee-Dashboard/front-end/public/index.php(20): Illuminate/Foundation/Application->handleRequest(Object(Illuminate/Http/Request))
#59 C:/Users/0909W/OneDrive/Documenten/GitHub/Educom-Trainee-Dashboard/front-end/vendor/laravel/framework/src/Illuminate/Foundation/resources/server.php(23): require_once('C://Users//0909W//...')
#60 {main}
"} 
[2026-07-14 13:52:53] local.ERROR: Database connection [postgresql] not configured. {"exception":"[object] (InvalidArgumentException(code: 0): Database connection [postgresql] not configured. at C:/Users/0909W/OneDrive/Documenten/GitHub/Educom-Trainee-Dashboard/front-end/vendor/laravel/framework/src/Illuminate/Database/DatabaseManager.php:226)
[stacktrace]
#0 C:/Users/0909W/OneDrive/Documenten/GitHub/Educom-Trainee-Dashboard/front-end/vendor/laravel/framework/src/Illuminate/Database/DatabaseManager.php(192): Illuminate/Database/DatabaseManager->configuration('postgresql')
#1 C:/Users/0909W/OneDrive/Documenten/GitHub/Educom-Trainee-Dashboard/front-end/vendor/laravel/framework/src/Illuminate/Database/DatabaseManager.php(103): Illuminate/Database/DatabaseManager->makeConnection('postgresql')
#2 C:/Users/0909W/OneDrive/Documenten/GitHub/Educom-Trainee-Dashboard/front-end/vendor/laravel/framework/src/Illuminate/Session/SessionManager.php(110): Illuminate/Database/DatabaseManager->connection('postgresql')
#3 C:/Users/0909W/OneDrive/Documenten/GitHub/Educom-Trainee-Dashboard/front-end/vendor/laravel/framework/src/Illuminate/Session/SessionManager.php(97): Illuminate/Session/SessionManager->getDatabaseConnection()
#4 C:/Users/0909W/OneDrive/Documenten/GitHub/Educom-Trainee-Dashboard/front-end/vendor/laravel/framework/src/Illuminate/Support/Manager.php(105): Illuminate/Session/SessionManager->createDatabaseDriver()
#5 C:/Users/0909W/OneDrive/Documenten/GitHub/Educom-Trainee-Dashboard/front-end/vendor/laravel/framework/src/Illuminate/Support/Manager.php(82): Illuminate/Support/Manager->createDriver('database')
#6 C:/Users/0909W/OneDrive/Documenten/GitHub/Educom-Trainee-Dashboard/front-end/vendor/laravel/framework/src/Illuminate/Session/Middleware/StartSession.php(158): Illuminate/Support/Manager->driver()
#7 C:/Users/0909W/OneDrive/Documenten/GitHub/Educom-Trainee-Dashboard/front-end/vendor/laravel/framework/src/Illuminate/Session/Middleware/StartSession.php(56): Illuminate/Session/Middleware/StartSession->getSession(Object(Illuminate/Http/Request))
#8 C:/Users/0909W/OneDrive/Documenten/GitHub/Educom-Trainee-Dashboard/front-end/vendor/laravel/framework/src/Illuminate/Pipeline/Pipeline.php(219): Illuminate/Session/Middleware/StartSession->handle(Object(Illuminate/Http/Request), Object(Closure))
#9 C:/Users/0909W/OneDrive/Documenten/GitHub/Educom-Trainee-Dashboard/front-end/vendor/laravel/framework/src/Illuminate/Cookie/Middleware/AddQueuedCookiesToResponse.php(36): Illuminate/Pipeline/Pipeline->{closure:{closure:Illuminate/Pipeline/Pipeline::carry():194}:195}(Object(Illuminate/Http/Request))
#10 C:/Users/0909W/OneDrive/Documenten/GitHub/Educom-Trainee-Dashboard/front-end/vendor/laravel/framework/src/Illuminate/Pipeline/Pipeline.php(219): Illuminate/Cookie/Middleware/AddQueuedCookiesToResponse->handle(Object(Illuminate/Http/Request), Object(Closure))
#11 C:/Users/0909W/OneDrive/Documenten/GitHub/Educom-Trainee-Dashboard/front-end/vendor/laravel/framework/src/Illuminate/Cookie/Middleware/EncryptCookies.php(74): Illuminate/Pipeline/Pipeline->{closure:{closure:Illuminate/Pipeline/Pipeline::carry():194}:195}(Object(Illuminate/Http/Request))
#12 C:/Users/0909W/OneDrive/Documenten/GitHub/Educom-Trainee-Dashboard/front-end/vendor/laravel/framework/src/Illuminate/Pipeline/Pipeline.php(219): Illuminate/Cookie/Middleware/EncryptCookies->handle(Object(Illuminate/Http/Request), Object(Closure))
#13 C:/Users/0909W/OneDrive/Documenten/GitHub/Educom-Trainee-Dashboard/front-end/vendor/laravel/framework/src/Illuminate/Pipeline/Pipeline.php(137): Illuminate/Pipeline/Pipeline->{closure:{closure:Illuminate/Pipeline/Pipeline::carry():194}:195}(Object(Illuminate/Http/Request))
#14 C:/Users/0909W/OneDrive/Documenten/GitHub/Educom-Trainee-Dashboard/front-end/vendor/laravel/framework/src/Illuminate/Routing/Router.php(821): Illuminate/Pipeline/Pipeline->then(Object(Closure))
#15 C:/Users/0909W/OneDrive/Documenten/GitHub/Educom-Trainee-Dashboard/front-end/vendor/laravel/framework/src/Illuminate/Routing/Router.php(800): Illuminate/Routing/Router->runRouteWithinStack(Object(Illuminate/Routing/Route), Object(Illuminate/Http/Request))
#16 C:/Users/0909W/OneDrive/Documenten/GitHub/Educom-Trainee-Dashboard/front-end/vendor/laravel/framework/src/Illuminate/Routing/Router.php(764): Illuminate/Routing/Router->runRoute(Object(Illuminate/Http/Request), Object(Illuminate/Routing/Route))
#17 C:/Users/0909W/OneDrive/Documenten/GitHub/Educom-Trainee-Dashboard/front-end/vendor/laravel/framework/src/Illuminate/Routing/Router.php(753): Illuminate/Routing/Router->dispatchToRoute(Object(Illuminate/Http/Request))
#18 C:/Users/0909W/OneDrive/Documenten/GitHub/Educom-Trainee-Dashboard/front-end/vendor/laravel/framework/src/Illuminate/Foundation/Http/Kernel.php(200): Illuminate/Routing/Router->dispatch(Object(Illuminate/Http/Request))
#19 C:/Users/0909W/OneDrive/Documenten/GitHub/Educom-Trainee-Dashboard/front-end/vendor/laravel/framework/src/Illuminate/Pipeline/Pipeline.php(180): Illuminate/Foundation/Http/Kernel->{closure:Illuminate/Foundation/Http/Kernel::dispatchToRouter():197}(Object(Illuminate/Http/Request))
#20 C:/Users/0909W/OneDrive/Documenten/GitHub/Educom-Trainee-Dashboard/front-end/vendor/inertiajs/inertia-laravel/src/Middleware/EnsureGetOnRedirect.php(19): Illuminate/Pipeline/Pipeline->{closure:Illuminate/Pipeline/Pipeline::prepareDestination():178}(Object(Illuminate/Http/Request))
#21 C:/Users/0909W/OneDrive/Documenten/GitHub/Educom-Trainee-Dashboard/front-end/vendor/laravel/framework/src/Illuminate/Pipeline/Pipeline.php(219): Inertia/Middleware/EnsureGetOnRedirect->handle(Object(Illuminate/Http/Request), Object(Closure))
#22 C:/Users/0909W/OneDrive/Documenten/GitHub/Educom-Trainee-Dashboard/front-end/vendor/laravel/framework/src/Illuminate/Foundation/Http/Middleware/TransformsRequest.php(21): Illuminate/Pipeline/Pipeline->{closure:{closure:Illuminate/Pipeline/Pipeline::carry():194}:195}(Object(Illuminate/Http/Request))
#23 C:/Users/0909W/OneDrive/Documenten/GitHub/Educom-Trainee-Dashboard/front-end/vendor/laravel/framework/src/Illuminate/Foundation/Http/Middleware/ConvertEmptyStringsToNull.php(31): Illuminate/Foundation/Http/Middleware/TransformsRequest->handle(Object(Illuminate/Http/Request), Object(Closure))
#24 C:/Users/0909W/OneDrive/Documenten/GitHub/Educom-Trainee-Dashboard/front-end/vendor/laravel/framework/src/Illuminate/Pipeline/Pipeline.php(219): Illuminate/Foundation/Http/Middleware/ConvertEmptyStringsToNull->handle(Object(Illuminate/Http/Request), Object(Closure))
#25 C:/Users/0909W/OneDrive/Documenten/GitHub/Educom-Trainee-Dashboard/front-end/vendor/laravel/framework/src/Illuminate/Foundation/Http/Middleware/TransformsRequest.php(21): Illuminate/Pipeline/Pipeline->{closure:{closure:Illuminate/Pipeline/Pipeline::carry():194}:195}(Object(Illuminate/Http/Request))
#26 C:/Users/0909W/OneDrive/Documenten/GitHub/Educom-Trainee-Dashboard/front-end/vendor/laravel/framework/src/Illuminate/Foundation/Http/Middleware/TrimStrings.php(51): Illuminate/Foundation/Http/Middleware/TransformsRequest->handle(Object(Illuminate/Http/Request), Object(Closure))
#27 C:/Users/0909W/OneDrive/Documenten/GitHub/Educom-Trainee-Dashboard/front-end/vendor/laravel/framework/src/Illuminate/Pipeline/Pipeline.php(219): Illuminate/Foundation/Http/Middleware/TrimStrings->handle(Object(Illuminate/Http/Request), Object(Closure))
#28 C:/Users/0909W/OneDrive/Documenten/GitHub/Educom-Trainee-Dashboard/front-end/vendor/laravel/framework/src/Illuminate/Http/Middleware/ValidatePostSize.php(27): Illuminate/Pipeline/Pipeline->{closure:{closure:Illuminate/Pipeline/Pipeline::carry():194}:195}(Object(Illuminate/Http/Request))
#29 C:/Users/0909W/OneDrive/Documenten/GitHub/Educom-Trainee-Dashboard/front-end/vendor/laravel/framework/src/Illuminate/Pipeline/Pipeline.php(219): Illuminate/Http/Middleware/ValidatePostSize->handle(Object(Illuminate/Http/Request), Object(Closure))
#30 C:/Users/0909W/OneDrive/Documenten/GitHub/Educom-Trainee-Dashboard/front-end/vendor/laravel/framework/src/Illuminate/Foundation/Http/Middleware/PreventRequestsDuringMaintenance.php(109): Illuminate/Pipeline/Pipeline->{closure:{closure:Illuminate/Pipeline/Pipeline::carry():194}:195}(Object(Illuminate/Http/Request))
#31 C:/Users/0909W/OneDrive/Documenten/GitHub/Educom-Trainee-Dashboard/front-end/vendor/laravel/framework/src/Illuminate/Pipeline/Pipeline.php(219): Illuminate/Foundation/Http/Middleware/PreventRequestsDuringMaintenance->handle(Object(Illuminate/Http/Request), Object(Closure))
#32 C:/Users/0909W/OneDrive/Documenten/GitHub/Educom-Trainee-Dashboard/front-end/vendor/laravel/framework/src/Illuminate/Http/Middleware/HandleCors.php(61): Illuminate/Pipeline/Pipeline->{closure:{closure:Illuminate/Pipeline/Pipeline::carry():194}:195}(Object(Illuminate/Http/Request))
#33 C:/Users/0909W/OneDrive/Documenten/GitHub/Educom-Trainee-Dashboard/front-end/vendor/laravel/framework/src/Illuminate/Pipeline/Pipeline.php(219): Illuminate/Http/Middleware/HandleCors->handle(Object(Illuminate/Http/Request), Object(Closure))
#34 C:/Users/0909W/OneDrive/Documenten/GitHub/Educom-Trainee-Dashboard/front-end/vendor/laravel/framework/src/Illuminate/Http/Middleware/TrustProxies.php(58): Illuminate/Pipeline/Pipeline->{closure:{closure:Illuminate/Pipeline/Pipeline::carry():194}:195}(Object(Illuminate/Http/Request))
#35 C:/Users/0909W/OneDrive/Documenten/GitHub/Educom-Trainee-Dashboard/front-end/vendor/laravel/framework/src/Illuminate/Pipeline/Pipeline.php(219): Illuminate/Http/Middleware/TrustProxies->handle(Object(Illuminate/Http/Request), Object(Closure))
#36 C:/Users/0909W/OneDrive/Documenten/GitHub/Educom-Trainee-Dashboard/front-end/vendor/laravel/framework/src/Illuminate/Foundation/Http/Middleware/InvokeDeferredCallbacks.php(22): Illuminate/Pipeline/Pipeline->{closure:{closure:Illuminate/Pipeline/Pipeline::carry():194}:195}(Object(Illuminate/Http/Request))
#37 C:/Users/0909W/OneDrive/Documenten/GitHub/Educom-Trainee-Dashboard/front-end/vendor/laravel/framework/src/Illuminate/Pipeline/Pipeline.php(219): Illuminate/Foundation/Http/Middleware/InvokeDeferredCallbacks->handle(Object(Illuminate/Http/Request), Object(Closure))
#38 C:/Users/0909W/OneDrive/Documenten/GitHub/Educom-Trainee-Dashboard/front-end/vendor/laravel/framework/src/Illuminate/Http/Middleware/ValidatePathEncoding.php(28): Illuminate/Pipeline/Pipeline->{closure:{closure:Illuminate/Pipeline/Pipeline::carry():194}:195}(Object(Illuminate/Http/Request))
#39 C:/Users/0909W/OneDrive/Documenten/GitHub/Educom-Trainee-Dashboard/front-end/vendor/laravel/framework/src/Illuminate/Pipeline/Pipeline.php(219): Illuminate/Http/Middleware/ValidatePathEncoding->handle(Object(Illuminate/Http/Request), Object(Closure))
#40 C:/Users/0909W/OneDrive/Documenten/GitHub/Educom-Trainee-Dashboard/front-end/vendor/laravel/framework/src/Illuminate/Pipeline/Pipeline.php(137): Illuminate/Pipeline/Pipeline->{closure:{closure:Illuminate/Pipeline/Pipeline::carry():194}:195}(Object(Illuminate/Http/Request))
#41 C:/Users/0909W/OneDrive/Documenten/GitHub/Educom-Trainee-Dashboard/front-end/vendor/laravel/framework/src/Illuminate/Foundation/Http/Kernel.php(175): Illuminate/Pipeline/Pipeline->then(Object(Closure))
#42 C:/Users/0909W/OneDrive/Documenten/GitHub/Educom-Trainee-Dashboard/front-end/vendor/laravel/framework/src/Illuminate/Foundation/Http/Kernel.php(144): Illuminate/Foundation/Http/Kernel->sendRequestThroughRouter(Object(Illuminate/Http/Request))
#43 C:/Users/0909W/OneDrive/Documenten/GitHub/Educom-Trainee-Dashboard/front-end/vendor/laravel/framework/src/Illuminate/Foundation/Application.php(1220): Illuminate/Foundation/Http/Kernel->handle(Object(Illuminate/Http/Request))
#44 C:/Users/0909W/OneDrive/Documenten/GitHub/Educom-Trainee-Dashboard/front-end/public/index.php(20): Illuminate/Foundation/Application->handleRequest(Object(Illuminate/Http/Request))
#45 C:/Users/0909W/OneDrive/Documenten/GitHub/Educom-Trainee-Dashboard/front-end/vendor/laravel/framework/src/Illuminate/Foundation/resources/server.php(23): require_once('C://Users//0909W//...')
#46 {main}
"} 
[2026-07-14 13:52:54] local.ERROR: Database connection [postgresql] not configured. {"exception":"[object] (InvalidArgumentException(code: 0): Database connection [postgresql] not configured. at C:/Users/0909W/OneDrive/Documenten/GitHub/Educom-Trainee-Dashboard/front-end/vendor/laravel/framework/src/Illuminate/Database/DatabaseManager.php:226)
[stacktrace]
#0 C:/Users/0909W/OneDrive/Documenten/GitHub/Educom-Trainee-Dashboard/front-end/vendor/laravel/framework/src/Illuminate/Database/DatabaseManager.php(192): Illuminate/Database/DatabaseManager->configuration('postgresql')
#1 C:/Users/0909W/OneDrive/Documenten/GitHub/Educom-Trainee-Dashboard/front-end/vendor/laravel/framework/src/Illuminate/Database/DatabaseManager.php(103): Illuminate/Database/DatabaseManager->makeConnection('postgresql')
#2 C:/Users/0909W/OneDrive/Documenten/GitHub/Educom-Trainee-Dashboard/front-end/vendor/laravel/framework/src/Illuminate/Session/SessionManager.php(110): Illuminate/Database/DatabaseManager->connection('postgresql')
#3 C:/Users/0909W/OneDrive/Documenten/GitHub/Educom-Trainee-Dashboard/front-end/vendor/laravel/framework/src/Illuminate/Session/SessionManager.php(97): Illuminate/Session/SessionManager->getDatabaseConnection()
#4 C:/Users/0909W/OneDrive/Documenten/GitHub/Educom-Trainee-Dashboard/front-end/vendor/laravel/framework/src/Illuminate/Support/Manager.php(105): Illuminate/Session/SessionManager->createDatabaseDriver()
#5 C:/Users/0909W/OneDrive/Documenten/GitHub/Educom-Trainee-Dashboard/front-end/vendor/laravel/framework/src/Illuminate/Support/Manager.php(82): Illuminate/Support/Manager->createDriver('database')
#6 C:/Users/0909W/OneDrive/Documenten/GitHub/Educom-Trainee-Dashboard/front-end/vendor/laravel/framework/src/Illuminate/Session/SessionServiceProvider.php(52): Illuminate/Support/Manager->driver()
#7 C:/Users/0909W/OneDrive/Documenten/GitHub/Educom-Trainee-Dashboard/front-end/vendor/laravel/framework/src/Illuminate/Container/Container.php(1118): Illuminate/Session/SessionServiceProvider->{closure:Illuminate/Session/SessionServiceProvider::registerSessionDriver():48}(Object(Illuminate/Foundation/Application), Array)
#8 C:/Users/0909W/OneDrive/Documenten/GitHub/Educom-Trainee-Dashboard/front-end/vendor/laravel/framework/src/Illuminate/Container/Container.php(936): Illuminate/Container/Container->build(Object(Closure))
#9 C:/Users/0909W/OneDrive/Documenten/GitHub/Educom-Trainee-Dashboard/front-end/vendor/laravel/framework/src/Illuminate/Foundation/Application.php(1078): Illuminate/Container/Container->resolve('session.store', Array, true)
#10 C:/Users/0909W/OneDrive/Documenten/GitHub/Educom-Trainee-Dashboard/front-end/vendor/laravel/framework/src/Illuminate/Container/Container.php(864): Illuminate/Foundation/Application->resolve('session.store', Array)
#11 C:/Users/0909W/OneDrive/Documenten/GitHub/Educom-Trainee-Dashboard/front-end/vendor/laravel/framework/src/Illuminate/Foundation/Application.php(1058): Illuminate/Container/Container->make('session.store', Array)
#12 C:/Users/0909W/OneDrive/Documenten/GitHub/Educom-Trainee-Dashboard/front-end/vendor/laravel/framework/src/Illuminate/Container/Container.php(1810): Illuminate/Foundation/Application->make('session.store')
#13 C:/Users/0909W/OneDrive/Documenten/GitHub/Educom-Trainee-Dashboard/front-end/vendor/laravel/framework/src/Illuminate/Routing/RoutingServiceProvider.php(121): Illuminate/Container/Container->offsetGet('session.store')
#14 C:/Users/0909W/OneDrive/Documenten/GitHub/Educom-Trainee-Dashboard/front-end/vendor/laravel/framework/src/Illuminate/Container/Container.php(1118): Illuminate/Routing/RoutingServiceProvider->{closure:Illuminate/Routing/RoutingServiceProvider::registerRedirector():114}(Object(Illuminate/Foundation/Application), Array)
#15 C:/Users/0909W/OneDrive/Documenten/GitHub/Educom-Trainee-Dashboard/front-end/vendor/laravel/framework/src/Illuminate/Container/Container.php(936): Illuminate/Container/Container->build(Object(Closure))
#16 C:/Users/0909W/OneDrive/Documenten/GitHub/Educom-Trainee-Dashboard/front-end/vendor/laravel/framework/src/Illuminate/Foundation/Application.php(1078): Illuminate/Container/Container->resolve('redirect', Array, true)
#17 C:/Users/0909W/OneDrive/Documenten/GitHub/Educom-Trainee-Dashboard/front-end/vendor/laravel/framework/src/Illuminate/Container/Container.php(864): Illuminate/Foundation/Application->resolve('redirect', Array)
#18 C:/Users/0909W/OneDrive/Documenten/GitHub/Educom-Trainee-Dashboard/front-end/vendor/laravel/framework/src/Illuminate/Foundation/Application.php(1058): Illuminate/Container/Container->make('redirect', Array)
#19 C:/Users/0909W/OneDrive/Documenten/GitHub/Educom-Trainee-Dashboard/front-end/vendor/laravel/framework/src/Illuminate/Container/Container.php(1810): Illuminate/Foundation/Application->make('redirect')
#20 C:/Users/0909W/OneDrive/Documenten/GitHub/Educom-Trainee-Dashboard/front-end/vendor/laravel/framework/src/Illuminate/Routing/RoutingServiceProvider.php(181): Illuminate/Container/Container->offsetGet('redirect')
#21 C:/Users/0909W/OneDrive/Documenten/GitHub/Educom-Trainee-Dashboard/front-end/vendor/laravel/framework/src/Illuminate/Container/Container.php(1118): Illuminate/Routing/RoutingServiceProvider->{closure:Illuminate/Routing/RoutingServiceProvider::registerResponseFactory():180}(Object(Illuminate/Foundation/Application), Array)
#22 C:/Users/0909W/OneDrive/Documenten/GitHub/Educom-Trainee-Dashboard/front-end/vendor/laravel/framework/src/Illuminate/Container/Container.php(936): Illuminate/Container/Container->build(Object(Closure))
#23 C:/Users/0909W/OneDrive/Documenten/GitHub/Educom-Trainee-Dashboard/front-end/vendor/laravel/framework/src/Illuminate/Foundation/Application.php(1078): Illuminate/Container/Container->resolve('Illuminate//Cont...', Array, true)
#24 C:/Users/0909W/OneDrive/Documenten/GitHub/Educom-Trainee-Dashboard/front-end/vendor/laravel/framework/src/Illuminate/Container/Container.php(864): Illuminate/Foundation/Application->resolve('Illuminate//Cont...', Array)
#25 C:/Users/0909W/OneDrive/Documenten/GitHub/Educom-Trainee-Dashboard/front-end/vendor/laravel/framework/src/Illuminate/Foundation/Application.php(1058): Illuminate/Container/Container->make('Illuminate//Cont...', Array)
#26 C:/Users/0909W/OneDrive/Documenten/GitHub/Educom-Trainee-Dashboard/front-end/vendor/laravel/framework/src/Illuminate/Foundation/helpers.php(138): Illuminate/Foundation/Application->make('Illuminate//Cont...', Array)
#27 C:/Users/0909W/OneDrive/Documenten/GitHub/Educom-Trainee-Dashboard/front-end/vendor/laravel/framework/src/Illuminate/Foundation/helpers.php(850): app('Illuminate//Cont...')
#28 C:/Users/0909W/OneDrive/Documenten/GitHub/Educom-Trainee-Dashboard/front-end/vendor/laravel/framework/src/Illuminate/Foundation/Exceptions/Handler.php(1098): response('<!DOCTYPE html>...', 500, Array)
#29 C:/Users/0909W/OneDrive/Documenten/GitHub/Educom-Trainee-Dashboard/front-end/vendor/laravel/framework/src/Illuminate/Foundation/Exceptions/Handler.php(948): Illuminate/Foundation/Exceptions/Handler->toIlluminateResponse(Object(Symfony/Component/HttpFoundation/Response), Object(InvalidArgumentException))
#30 C:/Users/0909W/OneDrive/Documenten/GitHub/Educom-Trainee-Dashboard/front-end/vendor/laravel/framework/src/Illuminate/Foundation/Exceptions/Handler.php(839): Illuminate/Foundation/Exceptions/Handler->prepareResponse(Object(Illuminate/Http/Request), Object(InvalidArgumentException))
#31 C:/Users/0909W/OneDrive/Documenten/GitHub/Educom-Trainee-Dashboard/front-end/vendor/laravel/framework/src/Illuminate/Foundation/Exceptions/Handler.php(726): Illuminate/Foundation/Exceptions/Handler->renderExceptionResponse(Object(Illuminate/Http/Request), Object(InvalidArgumentException))
#32 C:/Users/0909W/OneDrive/Documenten/GitHub/Educom-Trainee-Dashboard/front-end/vendor/laravel/framework/src/Illuminate/Routing/Pipeline.php(51): Illuminate/Foundation/Exceptions/Handler->render(Object(Illuminate/Http/Request), Object(InvalidArgumentException))
#33 C:/Users/0909W/OneDrive/Documenten/GitHub/Educom-Trainee-Dashboard/front-end/vendor/laravel/framework/src/Illuminate/Pipeline/Pipeline.php(224): Illuminate/Routing/Pipeline->handleException(Object(Illuminate/Http/Request), Object(InvalidArgumentException))
#34 C:/Users/0909W/OneDrive/Documenten/GitHub/Educom-Trainee-Dashboard/front-end/vendor/laravel/framework/src/Illuminate/Cookie/Middleware/AddQueuedCookiesToResponse.php(36): Illuminate/Pipeline/Pipeline->{closure:{closure:Illuminate/Pipeline/Pipeline::carry():194}:195}(Object(Illuminate/Http/Request))
#35 C:/Users/0909W/OneDrive/Documenten/GitHub/Educom-Trainee-Dashboard/front-end/vendor/laravel/framework/src/Illuminate/Pipeline/Pipeline.php(219): Illuminate/Cookie/Middleware/AddQueuedCookiesToResponse->handle(Object(Illuminate/Http/Request), Object(Closure))
#36 C:/Users/0909W/OneDrive/Documenten/GitHub/Educom-Trainee-Dashboard/front-end/vendor/laravel/framework/src/Illuminate/Cookie/Middleware/EncryptCookies.php(74): Illuminate/Pipeline/Pipeline->{closure:{closure:Illuminate/Pipeline/Pipeline::carry():194}:195}(Object(Illuminate/Http/Request))
#37 C:/Users/0909W/OneDrive/Documenten/GitHub/Educom-Trainee-Dashboard/front-end/vendor/laravel/framework/src/Illuminate/Pipeline/Pipeline.php(219): Illuminate/Cookie/Middleware/EncryptCookies->handle(Object(Illuminate/Http/Request), Object(Closure))
#38 C:/Users/0909W/OneDrive/Documenten/GitHub/Educom-Trainee-Dashboard/front-end/vendor/laravel/framework/src/Illuminate/Pipeline/Pipeline.php(137): Illuminate/Pipeline/Pipeline->{closure:{closure:Illuminate/Pipeline/Pipeline::carry():194}:195}(Object(Illuminate/Http/Request))
#39 C:/Users/0909W/OneDrive/Documenten/GitHub/Educom-Trainee-Dashboard/front-end/vendor/laravel/framework/src/Illuminate/Routing/Router.php(821): Illuminate/Pipeline/Pipeline->then(Object(Closure))
#40 C:/Users/0909W/OneDrive/Documenten/GitHub/Educom-Trainee-Dashboard/front-end/vendor/laravel/framework/src/Illuminate/Routing/Router.php(800): Illuminate/Routing/Router->runRouteWithinStack(Object(Illuminate/Routing/Route), Object(Illuminate/Http/Request))
#41 C:/Users/0909W/OneDrive/Documenten/GitHub/Educom-Trainee-Dashboard/front-end/vendor/laravel/framework/src/Illuminate/Routing/Router.php(764): Illuminate/Routing/Router->runRoute(Object(Illuminate/Http/Request), Object(Illuminate/Routing/Route))
#42 C:/Users/0909W/OneDrive/Documenten/GitHub/Educom-Trainee-Dashboard/front-end/vendor/laravel/framework/src/Illuminate/Routing/Router.php(753): Illuminate/Routing/Router->dispatchToRoute(Object(Illuminate/Http/Request))
#43 C:/Users/0909W/OneDrive/Documenten/GitHub/Educom-Trainee-Dashboard/front-end/vendor/laravel/framework/src/Illuminate/Foundation/Http/Kernel.php(200): Illuminate/Routing/Router->dispatch(Object(Illuminate/Http/Request))
#44 C:/Users/0909W/OneDrive/Documenten/GitHub/Educom-Trainee-Dashboard/front-end/vendor/laravel/framework/src/Illuminate/Pipeline/Pipeline.php(180): Illuminate/Foundation/Http/Kernel->{closure:Illuminate/Foundation/Http/Kernel::dispatchToRouter():197}(Object(Illuminate/Http/Request))
#45 C:/Users/0909W/OneDrive/Documenten/GitHub/Educom-Trainee-Dashboard/front-end/vendor/inertiajs/inertia-laravel/src/Middleware/EnsureGetOnRedirect.php(19): Illuminate/Pipeline/Pipeline->{closure:Illuminate/Pipeline/Pipeline::prepareDestination():178}(Object(Illuminate/Http/Request))
#46 C:/Users/0909W/OneDrive/Documenten/GitHub/Educom-Trainee-Dashboard/front-end/vendor/laravel/framework/src/Illuminate/Pipeline/Pipeline.php(219): Inertia/Middleware/EnsureGetOnRedirect->handle(Object(Illuminate/Http/Request), Object(Closure))
#47 C:/Users/0909W/OneDrive/Documenten/GitHub/Educom-Trainee-Dashboard/front-end/vendor/laravel/framework/src/Illuminate/Foundation/Http/Middleware/TransformsRequest.php(21): Illuminate/Pipeline/Pipeline->{closure:{closure:Illuminate/Pipeline/Pipeline::carry():194}:195}(Object(Illuminate/Http/Request))
#48 C:/Users/0909W/OneDrive/Documenten/GitHub/Educom-Trainee-Dashboard/front-end/vendor/laravel/framework/src/Illuminate/Foundation/Http/Middleware/ConvertEmptyStringsToNull.php(31): Illuminate/Foundation/Http/Middleware/TransformsRequest->handle(Object(Illuminate/Http/Request), Object(Closure))
#49 C:/Users/0909W/OneDrive/Documenten/GitHub/Educom-Trainee-Dashboard/front-end/vendor/laravel/framework/src/Illuminate/Pipeline/Pipeline.php(219): Illuminate/Foundation/Http/Middleware/ConvertEmptyStringsToNull->handle(Object(Illuminate/Http/Request), Object(Closure))
#50 C:/Users/0909W/OneDrive/Documenten/GitHub/Educom-Trainee-Dashboard/front-end/vendor/laravel/framework/src/Illuminate/Foundation/Http/Middleware/TransformsRequest.php(21): Illuminate/Pipeline/Pipeline->{closure:{closure:Illuminate/Pipeline/Pipeline::carry():194}:195}(Object(Illuminate/Http/Request))
#51 C:/Users/0909W/OneDrive/Documenten/GitHub/Educom-Trainee-Dashboard/front-end/vendor/laravel/framework/src/Illuminate/Foundation/Http/Middleware/TrimStrings.php(51): Illuminate/Foundation/Http/Middleware/TransformsRequest->handle(Object(Illuminate/Http/Request), Object(Closure))
#52 C:/Users/0909W/OneDrive/Documenten/GitHub/Educom-Trainee-Dashboard/front-end/vendor/laravel/framework/src/Illuminate/Pipeline/Pipeline.php(219): Illuminate/Foundation/Http/Middleware/TrimStrings->handle(Object(Illuminate/Http/Request), Object(Closure))
#53 C:/Users/0909W/OneDrive/Documenten/GitHub/Educom-Trainee-Dashboard/front-end/vendor/laravel/framework/src/Illuminate/Http/Middleware/ValidatePostSize.php(27): Illuminate/Pipeline/Pipeline->{closure:{closure:Illuminate/Pipeline/Pipeline::carry():194}:195}(Object(Illuminate/Http/Request))
#54 C:/Users/0909W/OneDrive/Documenten/GitHub/Educom-Trainee-Dashboard/front-end/vendor/laravel/framework/src/Illuminate/Pipeline/Pipeline.php(219): Illuminate/Http/Middleware/ValidatePostSize->handle(Object(Illuminate/Http/Request), Object(Closure))
#55 C:/Users/0909W/OneDrive/Documenten/GitHub/Educom-Trainee-Dashboard/front-end/vendor/laravel/framework/src/Illuminate/Foundation/Http/Middleware/PreventRequestsDuringMaintenance.php(109): Illuminate/Pipeline/Pipeline->{closure:{closure:Illuminate/Pipeline/Pipeline::carry():194}:195}(Object(Illuminate/Http/Request))
#56 C:/Users/0909W/OneDrive/Documenten/GitHub/Educom-Trainee-Dashboard/front-end/vendor/laravel/framework/src/Illuminate/Pipeline/Pipeline.php(219): Illuminate/Foundation/Http/Middleware/PreventRequestsDuringMaintenance->handle(Object(Illuminate/Http/Request), Object(Closure))
#57 C:/Users/0909W/OneDrive/Documenten/GitHub/Educom-Trainee-Dashboard/front-end/vendor/laravel/framework/src/Illuminate/Http/Middleware/HandleCors.php(61): Illuminate/Pipeline/Pipeline->{closure:{closure:Illuminate/Pipeline/Pipeline::carry():194}:195}(Object(Illuminate/Http/Request))
#58 C:/Users/0909W/OneDrive/Documenten/GitHub/Educom-Trainee-Dashboard/front-end/vendor/laravel/framework/src/Illuminate/Pipeline/Pipeline.php(219): Illuminate/Http/Middleware/HandleCors->handle(Object(Illuminate/Http/Request), Object(Closure))
#59 C:/Users/0909W/OneDrive/Documenten/GitHub/Educom-Trainee-Dashboard/front-end/vendor/laravel/framework/src/Illuminate/Http/Middleware/TrustProxies.php(58): Illuminate/Pipeline/Pipeline->{closure:{closure:Illuminate/Pipeline/Pipeline::carry():194}:195}(Object(Illuminate/Http/Request))
#60 C:/Users/0909W/OneDrive/Documenten/GitHub/Educom-Trainee-Dashboard/front-end/vendor/laravel/framework/src/Illuminate/Pipeline/Pipeline.php(219): Illuminate/Http/Middleware/TrustProxies->handle(Object(Illuminate/Http/Request), Object(Closure))
#61 C:/Users/0909W/OneDrive/Documenten/GitHub/Educom-Trainee-Dashboard/front-end/vendor/laravel/framework/src/Illuminate/Foundation/Http/Middleware/InvokeDeferredCallbacks.php(22): Illuminate/Pipeline/Pipeline->{closure:{closure:Illuminate/Pipeline/Pipeline::carry():194}:195}(Object(Illuminate/Http/Request))
#62 C:/Users/0909W/OneDrive/Documenten/GitHub/Educom-Trainee-Dashboard/front-end/vendor/laravel/framework/src/Illuminate/Pipeline/Pipeline.php(219): Illuminate/Foundation/Http/Middleware/InvokeDeferredCallbacks->handle(Object(Illuminate/Http/Request), Object(Closure))
#63 C:/Users/0909W/OneDrive/Documenten/GitHub/Educom-Trainee-Dashboard/front-end/vendor/laravel/framework/src/Illuminate/Http/Middleware/ValidatePathEncoding.php(28): Illuminate/Pipeline/Pipeline->{closure:{closure:Illuminate/Pipeline/Pipeline::carry():194}:195}(Object(Illuminate/Http/Request))
#64 C:/Users/0909W/OneDrive/Documenten/GitHub/Educom-Trainee-Dashboard/front-end/vendor/laravel/framework/src/Illuminate/Pipeline/Pipeline.php(219): Illuminate/Http/Middleware/ValidatePathEncoding->handle(Object(Illuminate/Http/Request), Object(Closure))
#65 C:/Users/0909W/OneDrive/Documenten/GitHub/Educom-Trainee-Dashboard/front-end/vendor/laravel/framework/src/Illuminate/Pipeline/Pipeline.php(137): Illuminate/Pipeline/Pipeline->{closure:{closure:Illuminate/Pipeline/Pipeline::carry():194}:195}(Object(Illuminate/Http/Request))
#66 C:/Users/0909W/OneDrive/Documenten/GitHub/Educom-Trainee-Dashboard/front-end/vendor/laravel/framework/src/Illuminate/Foundation/Http/Kernel.php(175): Illuminate/Pipeline/Pipeline->then(Object(Closure))
#67 C:/Users/0909W/OneDrive/Documenten/GitHub/Educom-Trainee-Dashboard/front-end/vendor/laravel/framework/src/Illuminate/Foundation/Http/Kernel.php(144): Illuminate/Foundation/Http/Kernel->sendRequestThroughRouter(Object(Illuminate/Http/Request))
#68 C:/Users/0909W/OneDrive/Documenten/GitHub/Educom-Trainee-Dashboard/front-end/vendor/laravel/framework/src/Illuminate/Foundation/Application.php(1220): Illuminate/Foundation/Http/Kernel->handle(Object(Illuminate/Http/Request))
#69 C:/Users/0909W/OneDrive/Documenten/GitHub/Educom-Trainee-Dashboard/front-end/public/index.php(20): Illuminate/Foundation/Application->handleRequest(Object(Illuminate/Http/Request))
#70 C:/Users/0909W/OneDrive/Documenten/GitHub/Educom-Trainee-Dashboard/front-end/vendor/laravel/framework/src/Illuminate/Foundation/resources/server.php(23): require_once('C://Users//0909W//...')
#71 {main}
"} 
[2026-07-14 13:52:55] local.ERROR: Database connection [postgresql] not configured. {"exception":"[object] (InvalidArgumentException(code: 0): Database connection [postgresql] not configured. at C:/Users/0909W/OneDrive/Documenten/GitHub/Educom-Trainee-Dashboard/front-end/vendor/laravel/framework/src/Illuminate/Database/DatabaseManager.php:226)
[stacktrace]
#0 C:/Users/0909W/OneDrive/Documenten/GitHub/Educom-Trainee-Dashboard/front-end/vendor/laravel/framework/src/Illuminate/Database/DatabaseManager.php(192): Illuminate/Database/DatabaseManager->configuration('postgresql')
#1 C:/Users/0909W/OneDrive/Documenten/GitHub/Educom-Trainee-Dashboard/front-end/vendor/laravel/framework/src/Illuminate/Database/DatabaseManager.php(103): Illuminate/Database/DatabaseManager->makeConnection('postgresql')
#2 C:/Users/0909W/OneDrive/Documenten/GitHub/Educom-Trainee-Dashboard/front-end/vendor/laravel/framework/src/Illuminate/Session/SessionManager.php(110): Illuminate/Database/DatabaseManager->connection('postgresql')
#3 C:/Users/0909W/OneDrive/Documenten/GitHub/Educom-Trainee-Dashboard/front-end/vendor/laravel/framework/src/Illuminate/Session/SessionManager.php(97): Illuminate/Session/SessionManager->getDatabaseConnection()
#4 C:/Users/0909W/OneDrive/Documenten/GitHub/Educom-Trainee-Dashboard/front-end/vendor/laravel/framework/src/Illuminate/Support/Manager.php(105): Illuminate/Session/SessionManager->createDatabaseDriver()
#5 C:/Users/0909W/OneDrive/Documenten/GitHub/Educom-Trainee-Dashboard/front-end/vendor/laravel/framework/src/Illuminate/Support/Manager.php(82): Illuminate/Support/Manager->createDriver('database')
#6 C:/Users/0909W/OneDrive/Documenten/GitHub/Educom-Trainee-Dashboard/front-end/vendor/laravel/framework/src/Illuminate/Session/SessionServiceProvider.php(52): Illuminate/Support/Manager->driver()
#7 C:/Users/0909W/OneDrive/Documenten/GitHub/Educom-Trainee-Dashboard/front-end/vendor/laravel/framework/src/Illuminate/Container/Container.php(1118): Illuminate/Session/SessionServiceProvider->{closure:Illuminate/Session/SessionServiceProvider::registerSessionDriver():48}(Object(Illuminate/Foundation/Application), Array)
#8 C:/Users/0909W/OneDrive/Documenten/GitHub/Educom-Trainee-Dashboard/front-end/vendor/laravel/framework/src/Illuminate/Container/Container.php(936): Illuminate/Container/Container->build(Object(Closure))
#9 C:/Users/0909W/OneDrive/Documenten/GitHub/Educom-Trainee-Dashboard/front-end/vendor/laravel/framework/src/Illuminate/Foundation/Application.php(1078): Illuminate/Container/Container->resolve('session.store', Array, true)
#10 C:/Users/0909W/OneDrive/Documenten/GitHub/Educom-Trainee-Dashboard/front-end/vendor/laravel/framework/src/Illuminate/Container/Container.php(864): Illuminate/Foundation/Application->resolve('session.store', Array)
#11 C:/Users/0909W/OneDrive/Documenten/GitHub/Educom-Trainee-Dashboard/front-end/vendor/laravel/framework/src/Illuminate/Foundation/Application.php(1058): Illuminate/Container/Container->make('session.store', Array)
#12 C:/Users/0909W/OneDrive/Documenten/GitHub/Educom-Trainee-Dashboard/front-end/vendor/laravel/framework/src/Illuminate/Container/Container.php(1810): Illuminate/Foundation/Application->make('session.store')
#13 C:/Users/0909W/OneDrive/Documenten/GitHub/Educom-Trainee-Dashboard/front-end/vendor/laravel/framework/src/Illuminate/Routing/RoutingServiceProvider.php(121): Illuminate/Container/Container->offsetGet('session.store')
#14 C:/Users/0909W/OneDrive/Documenten/GitHub/Educom-Trainee-Dashboard/front-end/vendor/laravel/framework/src/Illuminate/Container/Container.php(1118): Illuminate/Routing/RoutingServiceProvider->{closure:Illuminate/Routing/RoutingServiceProvider::registerRedirector():114}(Object(Illuminate/Foundation/Application), Array)
#15 C:/Users/0909W/OneDrive/Documenten/GitHub/Educom-Trainee-Dashboard/front-end/vendor/laravel/framework/src/Illuminate/Container/Container.php(936): Illuminate/Container/Container->build(Object(Closure))
#16 C:/Users/0909W/OneDrive/Documenten/GitHub/Educom-Trainee-Dashboard/front-end/vendor/laravel/framework/src/Illuminate/Foundation/Application.php(1078): Illuminate/Container/Container->resolve('redirect', Array, true)
#17 C:/Users/0909W/OneDrive/Documenten/GitHub/Educom-Trainee-Dashboard/front-end/vendor/laravel/framework/src/Illuminate/Container/Container.php(864): Illuminate/Foundation/Application->resolve('redirect', Array)
#18 C:/Users/0909W/OneDrive/Documenten/GitHub/Educom-Trainee-Dashboard/front-end/vendor/laravel/framework/src/Illuminate/Foundation/Application.php(1058): Illuminate/Container/Container->make('redirect', Array)
#19 C:/Users/0909W/OneDrive/Documenten/GitHub/Educom-Trainee-Dashboard/front-end/vendor/laravel/framework/src/Illuminate/Container/Container.php(1810): Illuminate/Foundation/Application->make('redirect')
#20 C:/Users/0909W/OneDrive/Documenten/GitHub/Educom-Trainee-Dashboard/front-end/vendor/laravel/framework/src/Illuminate/Routing/RoutingServiceProvider.php(181): Illuminate/Container/Container->offsetGet('redirect')
#21 C:/Users/0909W/OneDrive/Documenten/GitHub/Educom-Trainee-Dashboard/front-end/vendor/laravel/framework/src/Illuminate/Container/Container.php(1118): Illuminate/Routing/RoutingServiceProvider->{closure:Illuminate/Routing/RoutingServiceProvider::registerResponseFactory():180}(Object(Illuminate/Foundation/Application), Array)
#22 C:/Users/0909W/OneDrive/Documenten/GitHub/Educom-Trainee-Dashboard/front-end/vendor/laravel/framework/src/Illuminate/Container/Container.php(936): Illuminate/Container/Container->build(Object(Closure))
#23 C:/Users/0909W/OneDrive/Documenten/GitHub/Educom-Trainee-Dashboard/front-end/vendor/laravel/framework/src/Illuminate/Foundation/Application.php(1078): Illuminate/Container/Container->resolve('Illuminate//Cont...', Array, true)
#24 C:/Users/0909W/OneDrive/Documenten/GitHub/Educom-Trainee-Dashboard/front-end/vendor/laravel/framework/src/Illuminate/Container/Container.php(864): Illuminate/Foundation/Application->resolve('Illuminate//Cont...', Array)
#25 C:/Users/0909W/OneDrive/Documenten/GitHub/Educom-Trainee-Dashboard/front-end/vendor/laravel/framework/src/Illuminate/Foundation/Application.php(1058): Illuminate/Container/Container->make('Illuminate//Cont...', Array)
#26 C:/Users/0909W/OneDrive/Documenten/GitHub/Educom-Trainee-Dashboard/front-end/vendor/laravel/framework/src/Illuminate/Foundation/helpers.php(138): Illuminate/Foundation/Application->make('Illuminate//Cont...', Array)
#27 C:/Users/0909W/OneDrive/Documenten/GitHub/Educom-Trainee-Dashboard/front-end/vendor/laravel/framework/src/Illuminate/Foundation/helpers.php(850): app('Illuminate//Cont...')
#28 C:/Users/0909W/OneDrive/Documenten/GitHub/Educom-Trainee-Dashboard/front-end/vendor/laravel/framework/src/Illuminate/Foundation/Exceptions/Handler.php(1098): response('<!DOCTYPE html>...', 500, Array)
#29 C:/Users/0909W/OneDrive/Documenten/GitHub/Educom-Trainee-Dashboard/front-end/vendor/laravel/framework/src/Illuminate/Foundation/Exceptions/Handler.php(948): Illuminate/Foundation/Exceptions/Handler->toIlluminateResponse(Object(Symfony/Component/HttpFoundation/Response), Object(InvalidArgumentException))
#30 C:/Users/0909W/OneDrive/Documenten/GitHub/Educom-Trainee-Dashboard/front-end/vendor/laravel/framework/src/Illuminate/Foundation/Exceptions/Handler.php(839): Illuminate/Foundation/Exceptions/Handler->prepareResponse(Object(Illuminate/Http/Request), Object(InvalidArgumentException))
#31 C:/Users/0909W/OneDrive/Documenten/GitHub/Educom-Trainee-Dashboard/front-end/vendor/laravel/framework/src/Illuminate/Foundation/Exceptions/Handler.php(726): Illuminate/Foundation/Exceptions/Handler->renderExceptionResponse(Object(Illuminate/Http/Request), Object(InvalidArgumentException))
#32 C:/Users/0909W/OneDrive/Documenten/GitHub/Educom-Trainee-Dashboard/front-end/vendor/laravel/framework/src/Illuminate/Routing/Pipeline.php(51): Illuminate/Foundation/Exceptions/Handler->render(Object(Illuminate/Http/Request), Object(InvalidArgumentException))
#33 C:/Users/0909W/OneDrive/Documenten/GitHub/Educom-Trainee-Dashboard/front-end/vendor/laravel/framework/src/Illuminate/Pipeline/Pipeline.php(224): Illuminate/Routing/Pipeline->handleException(Object(Illuminate/Http/Request), Object(InvalidArgumentException))
#34 C:/Users/0909W/OneDrive/Documenten/GitHub/Educom-Trainee-Dashboard/front-end/vendor/laravel/framework/src/Illuminate/Cookie/Middleware/EncryptCookies.php(74): Illuminate/Pipeline/Pipeline->{closure:{closure:Illuminate/Pipeline/Pipeline::carry():194}:195}(Object(Illuminate/Http/Request))
#35 C:/Users/0909W/OneDrive/Documenten/GitHub/Educom-Trainee-Dashboard/front-end/vendor/laravel/framework/src/Illuminate/Pipeline/Pipeline.php(219): Illuminate/Cookie/Middleware/EncryptCookies->handle(Object(Illuminate/Http/Request), Object(Closure))
#36 C:/Users/0909W/OneDrive/Documenten/GitHub/Educom-Trainee-Dashboard/front-end/vendor/laravel/framework/src/Illuminate/Pipeline/Pipeline.php(137): Illuminate/Pipeline/Pipeline->{closure:{closure:Illuminate/Pipeline/Pipeline::carry():194}:195}(Object(Illuminate/Http/Request))
#37 C:/Users/0909W/OneDrive/Documenten/GitHub/Educom-Trainee-Dashboard/front-end/vendor/laravel/framework/src/Illuminate/Routing/Router.php(821): Illuminate/Pipeline/Pipeline->then(Object(Closure))
#38 C:/Users/0909W/OneDrive/Documenten/GitHub/Educom-Trainee-Dashboard/front-end/vendor/laravel/framework/src/Illuminate/Routing/Router.php(800): Illuminate/Routing/Router->runRouteWithinStack(Object(Illuminate/Routing/Route), Object(Illuminate/Http/Request))
#39 C:/Users/0909W/OneDrive/Documenten/GitHub/Educom-Trainee-Dashboard/front-end/vendor/laravel/framework/src/Illuminate/Routing/Router.php(764): Illuminate/Routing/Router->runRoute(Object(Illuminate/Http/Request), Object(Illuminate/Routing/Route))
#40 C:/Users/0909W/OneDrive/Documenten/GitHub/Educom-Trainee-Dashboard/front-end/vendor/laravel/framework/src/Illuminate/Routing/Router.php(753): Illuminate/Routing/Router->dispatchToRoute(Object(Illuminate/Http/Request))
#41 C:/Users/0909W/OneDrive/Documenten/GitHub/Educom-Trainee-Dashboard/front-end/vendor/laravel/framework/src/Illuminate/Foundation/Http/Kernel.php(200): Illuminate/Routing/Router->dispatch(Object(Illuminate/Http/Request))
#42 C:/Users/0909W/OneDrive/Documenten/GitHub/Educom-Trainee-Dashboard/front-end/vendor/laravel/framework/src/Illuminate/Pipeline/Pipeline.php(180): Illuminate/Foundation/Http/Kernel->{closure:Illuminate/Foundation/Http/Kernel::dispatchToRouter():197}(Object(Illuminate/Http/Request))
#43 C:/Users/0909W/OneDrive/Documenten/GitHub/Educom-Trainee-Dashboard/front-end/vendor/inertiajs/inertia-laravel/src/Middleware/EnsureGetOnRedirect.php(19): Illuminate/Pipeline/Pipeline->{closure:Illuminate/Pipeline/Pipeline::prepareDestination():178}(Object(Illuminate/Http/Request))
#44 C:/Users/0909W/OneDrive/Documenten/GitHub/Educom-Trainee-Dashboard/front-end/vendor/laravel/framework/src/Illuminate/Pipeline/Pipeline.php(219): Inertia/Middleware/EnsureGetOnRedirect->handle(Object(Illuminate/Http/Request), Object(Closure))
#45 C:/Users/0909W/OneDrive/Documenten/GitHub/Educom-Trainee-Dashboard/front-end/vendor/laravel/framework/src/Illuminate/Foundation/Http/Middleware/TransformsRequest.php(21): Illuminate/Pipeline/Pipeline->{closure:{closure:Illuminate/Pipeline/Pipeline::carry():194}:195}(Object(Illuminate/Http/Request))
#46 C:/Users/0909W/OneDrive/Documenten/GitHub/Educom-Trainee-Dashboard/front-end/vendor/laravel/framework/src/Illuminate/Foundation/Http/Middleware/ConvertEmptyStringsToNull.php(31): Illuminate/Foundation/Http/Middleware/TransformsRequest->handle(Object(Illuminate/Http/Request), Object(Closure))
#47 C:/Users/0909W/OneDrive/Documenten/GitHub/Educom-Trainee-Dashboard/front-end/vendor/laravel/framework/src/Illuminate/Pipeline/Pipeline.php(219): Illuminate/Foundation/Http/Middleware/ConvertEmptyStringsToNull->handle(Object(Illuminate/Http/Request), Object(Closure))
#48 C:/Users/0909W/OneDrive/Documenten/GitHub/Educom-Trainee-Dashboard/front-end/vendor/laravel/framework/src/Illuminate/Foundation/Http/Middleware/TransformsRequest.php(21): Illuminate/Pipeline/Pipeline->{closure:{closure:Illuminate/Pipeline/Pipeline::carry():194}:195}(Object(Illuminate/Http/Request))
#49 C:/Users/0909W/OneDrive/Documenten/GitHub/Educom-Trainee-Dashboard/front-end/vendor/laravel/framework/src/Illuminate/Foundation/Http/Middleware/TrimStrings.php(51): Illuminate/Foundation/Http/Middleware/TransformsRequest->handle(Object(Illuminate/Http/Request), Object(Closure))
#50 C:/Users/0909W/OneDrive/Documenten/GitHub/Educom-Trainee-Dashboard/front-end/vendor/laravel/framework/src/Illuminate/Pipeline/Pipeline.php(219): Illuminate/Foundation/Http/Middleware/TrimStrings->handle(Object(Illuminate/Http/Request), Object(Closure))
#51 C:/Users/0909W/OneDrive/Documenten/GitHub/Educom-Trainee-Dashboard/front-end/vendor/laravel/framework/src/Illuminate/Http/Middleware/ValidatePostSize.php(27): Illuminate/Pipeline/Pipeline->{closure:{closure:Illuminate/Pipeline/Pipeline::carry():194}:195}(Object(Illuminate/Http/Request))
#52 C:/Users/0909W/OneDrive/Documenten/GitHub/Educom-Trainee-Dashboard/front-end/vendor/laravel/framework/src/Illuminate/Pipeline/Pipeline.php(219): Illuminate/Http/Middleware/ValidatePostSize->handle(Object(Illuminate/Http/Request), Object(Closure))
#53 C:/Users/0909W/OneDrive/Documenten/GitHub/Educom-Trainee-Dashboard/front-end/vendor/laravel/framework/src/Illuminate/Foundation/Http/Middleware/PreventRequestsDuringMaintenance.php(109): Illuminate/Pipeline/Pipeline->{closure:{closure:Illuminate/Pipeline/Pipeline::carry():194}:195}(Object(Illuminate/Http/Request))
#54 C:/Users/0909W/OneDrive/Documenten/GitHub/Educom-Trainee-Dashboard/front-end/vendor/laravel/framework/src/Illuminate/Pipeline/Pipeline.php(219): Illuminate/Foundation/Http/Middleware/PreventRequestsDuringMaintenance->handle(Object(Illuminate/Http/Request), Object(Closure))
#55 C:/Users/0909W/OneDrive/Documenten/GitHub/Educom-Trainee-Dashboard/front-end/vendor/laravel/framework/src/Illuminate/Http/Middleware/HandleCors.php(61): Illuminate/Pipeline/Pipeline->{closure:{closure:Illuminate/Pipeline/Pipeline::carry():194}:195}(Object(Illuminate/Http/Request))
#56 C:/Users/0909W/OneDrive/Documenten/GitHub/Educom-Trainee-Dashboard/front-end/vendor/laravel/framework/src/Illuminate/Pipeline/Pipeline.php(219): Illuminate/Http/Middleware/HandleCors->handle(Object(Illuminate/Http/Request), Object(Closure))
#57 C:/Users/0909W/OneDrive/Documenten/GitHub/Educom-Trainee-Dashboard/front-end/vendor/laravel/framework/src/Illuminate/Http/Middleware/TrustProxies.php(58): Illuminate/Pipeline/Pipeline->{closure:{closure:Illuminate/Pipeline/Pipeline::carry():194}:195}(Object(Illuminate/Http/Request))
#58 C:/Users/0909W/OneDrive/Documenten/GitHub/Educom-Trainee-Dashboard/front-end/vendor/laravel/framework/src/Illuminate/Pipeline/Pipeline.php(219): Illuminate/Http/Middleware/TrustProxies->handle(Object(Illuminate/Http/Request), Object(Closure))
#59 C:/Users/0909W/OneDrive/Documenten/GitHub/Educom-Trainee-Dashboard/front-end/vendor/laravel/framework/src/Illuminate/Foundation/Http/Middleware/InvokeDeferredCallbacks.php(22): Illuminate/Pipeline/Pipeline->{closure:{closure:Illuminate/Pipeline/Pipeline::carry():194}:195}(Object(Illuminate/Http/Request))
#60 C:/Users/0909W/OneDrive/Documenten/GitHub/Educom-Trainee-Dashboard/front-end/vendor/laravel/framework/src/Illuminate/Pipeline/Pipeline.php(219): Illuminate/Foundation/Http/Middleware/InvokeDeferredCallbacks->handle(Object(Illuminate/Http/Request), Object(Closure))
#61 C:/Users/0909W/OneDrive/Documenten/GitHub/Educom-Trainee-Dashboard/front-end/vendor/laravel/framework/src/Illuminate/Http/Middleware/ValidatePathEncoding.php(28): Illuminate/Pipeline/Pipeline->{closure:{closure:Illuminate/Pipeline/Pipeline::carry():194}:195}(Object(Illuminate/Http/Request))
#62 C:/Users/0909W/OneDrive/Documenten/GitHub/Educom-Trainee-Dashboard/front-end/vendor/laravel/framework/src/Illuminate/Pipeline/Pipeline.php(219): Illuminate/Http/Middleware/ValidatePathEncoding->handle(Object(Illuminate/Http/Request), Object(Closure))
#63 C:/Users/0909W/OneDrive/Documenten/GitHub/Educom-Trainee-Dashboard/front-end/vendor/laravel/framework/src/Illuminate/Pipeline/Pipeline.php(137): Illuminate/Pipeline/Pipeline->{closure:{closure:Illuminate/Pipeline/Pipeline::carry():194}:195}(Object(Illuminate/Http/Request))
#64 C:/Users/0909W/OneDrive/Documenten/GitHub/Educom-Trainee-Dashboard/front-end/vendor/laravel/framework/src/Illuminate/Foundation/Http/Kernel.php(175): Illuminate/Pipeline/Pipeline->then(Object(Closure))
#65 C:/Users/0909W/OneDrive/Documenten/GitHub/Educom-Trainee-Dashboard/front-end/vendor/laravel/framework/src/Illuminate/Foundation/Http/Kernel.php(144): Illuminate/Foundation/Http/Kernel->sendRequestThroughRouter(Object(Illuminate/Http/Request))
#66 C:/Users/0909W/OneDrive/Documenten/GitHub/Educom-Trainee-Dashboard/front-end/vendor/laravel/framework/src/Illuminate/Foundation/Application.php(1220): Illuminate/Foundation/Http/Kernel->handle(Object(Illuminate/Http/Request))
#67 C:/Users/0909W/OneDrive/Documenten/GitHub/Educom-Trainee-Dashboard/front-end/public/index.php(20): Illuminate/Foundation/Application->handleRequest(Object(Illuminate/Http/Request))
#68 C:/Users/0909W/OneDrive/Documenten/GitHub/Educom-Trainee-Dashboard/front-end/vendor/laravel/framework/src/Illuminate/Foundation/resources/server.php(23): require_once('C://Users//0909W//...')
#69 {main}
"} 
[2026-07-14 13:52:56] local.ERROR: Database connection [postgresql] not configured. {"exception":"[object] (InvalidArgumentException(code: 0): Database connection [postgresql] not configured. at C:/Users/0909W/OneDrive/Documenten/GitHub/Educom-Trainee-Dashboard/front-end/vendor/laravel/framework/src/Illuminate/Database/DatabaseManager.php:226)
[stacktrace]
#0 C:/Users/0909W/OneDrive/Documenten/GitHub/Educom-Trainee-Dashboard/front-end/vendor/laravel/framework/src/Illuminate/Database/DatabaseManager.php(192): Illuminate/Database/DatabaseManager->configuration('postgresql')
#1 C:/Users/0909W/OneDrive/Documenten/GitHub/Educom-Trainee-Dashboard/front-end/vendor/laravel/framework/src/Illuminate/Database/DatabaseManager.php(103): Illuminate/Database/DatabaseManager->makeConnection('postgresql')
#2 C:/Users/0909W/OneDrive/Documenten/GitHub/Educom-Trainee-Dashboard/front-end/vendor/laravel/framework/src/Illuminate/Session/SessionManager.php(110): Illuminate/Database/DatabaseManager->connection('postgresql')
#3 C:/Users/0909W/OneDrive/Documenten/GitHub/Educom-Trainee-Dashboard/front-end/vendor/laravel/framework/src/Illuminate/Session/SessionManager.php(97): Illuminate/Session/SessionManager->getDatabaseConnection()
#4 C:/Users/0909W/OneDrive/Documenten/GitHub/Educom-Trainee-Dashboard/front-end/vendor/laravel/framework/src/Illuminate/Support/Manager.php(105): Illuminate/Session/SessionManager->createDatabaseDriver()
#5 C:/Users/0909W/OneDrive/Documenten/GitHub/Educom-Trainee-Dashboard/front-end/vendor/laravel/framework/src/Illuminate/Support/Manager.php(82): Illuminate/Support/Manager->createDriver('database')
#6 C:/Users/0909W/OneDrive/Documenten/GitHub/Educom-Trainee-Dashboard/front-end/vendor/laravel/framework/src/Illuminate/Session/SessionServiceProvider.php(52): Illuminate/Support/Manager->driver()
#7 C:/Users/0909W/OneDrive/Documenten/GitHub/Educom-Trainee-Dashboard/front-end/vendor/laravel/framework/src/Illuminate/Container/Container.php(1118): Illuminate/Session/SessionServiceProvider->{closure:Illuminate/Session/SessionServiceProvider::registerSessionDriver():48}(Object(Illuminate/Foundation/Application), Array)
#8 C:/Users/0909W/OneDrive/Documenten/GitHub/Educom-Trainee-Dashboard/front-end/vendor/laravel/framework/src/Illuminate/Container/Container.php(936): Illuminate/Container/Container->build(Object(Closure))
#9 C:/Users/0909W/OneDrive/Documenten/GitHub/Educom-Trainee-Dashboard/front-end/vendor/laravel/framework/src/Illuminate/Foundation/Application.php(1078): Illuminate/Container/Container->resolve('session.store', Array, true)
#10 C:/Users/0909W/OneDrive/Documenten/GitHub/Educom-Trainee-Dashboard/front-end/vendor/laravel/framework/src/Illuminate/Container/Container.php(864): Illuminate/Foundation/Application->resolve('session.store', Array)
#11 C:/Users/0909W/OneDrive/Documenten/GitHub/Educom-Trainee-Dashboard/front-end/vendor/laravel/framework/src/Illuminate/Foundation/Application.php(1058): Illuminate/Container/Container->make('session.store', Array)
#12 C:/Users/0909W/OneDrive/Documenten/GitHub/Educom-Trainee-Dashboard/front-end/vendor/laravel/framework/src/Illuminate/Container/Container.php(1810): Illuminate/Foundation/Application->make('session.store')
#13 C:/Users/0909W/OneDrive/Documenten/GitHub/Educom-Trainee-Dashboard/front-end/vendor/laravel/framework/src/Illuminate/Routing/RoutingServiceProvider.php(121): Illuminate/Container/Container->offsetGet('session.store')
#14 C:/Users/0909W/OneDrive/Documenten/GitHub/Educom-Trainee-Dashboard/front-end/vendor/laravel/framework/src/Illuminate/Container/Container.php(1118): Illuminate/Routing/RoutingServiceProvider->{closure:Illuminate/Routing/RoutingServiceProvider::registerRedirector():114}(Object(Illuminate/Foundation/Application), Array)
#15 C:/Users/0909W/OneDrive/Documenten/GitHub/Educom-Trainee-Dashboard/front-end/vendor/laravel/framework/src/Illuminate/Container/Container.php(936): Illuminate/Container/Container->build(Object(Closure))
#16 C:/Users/0909W/OneDrive/Documenten/GitHub/Educom-Trainee-Dashboard/front-end/vendor/laravel/framework/src/Illuminate/Foundation/Application.php(1078): Illuminate/Container/Container->resolve('redirect', Array, true)
#17 C:/Users/0909W/OneDrive/Documenten/GitHub/Educom-Trainee-Dashboard/front-end/vendor/laravel/framework/src/Illuminate/Container/Container.php(864): Illuminate/Foundation/Application->resolve('redirect', Array)
#18 C:/Users/0909W/OneDrive/Documenten/GitHub/Educom-Trainee-Dashboard/front-end/vendor/laravel/framework/src/Illuminate/Foundation/Application.php(1058): Illuminate/Container/Container->make('redirect', Array)
#19 C:/Users/0909W/OneDrive/Documenten/GitHub/Educom-Trainee-Dashboard/front-end/vendor/laravel/framework/src/Illuminate/Container/Container.php(1810): Illuminate/Foundation/Application->make('redirect')
#20 C:/Users/0909W/OneDrive/Documenten/GitHub/Educom-Trainee-Dashboard/front-end/vendor/laravel/framework/src/Illuminate/Routing/RoutingServiceProvider.php(181): Illuminate/Container/Container->offsetGet('redirect')
#21 C:/Users/0909W/OneDrive/Documenten/GitHub/Educom-Trainee-Dashboard/front-end/vendor/laravel/framework/src/Illuminate/Container/Container.php(1118): Illuminate/Routing/RoutingServiceProvider->{closure:Illuminate/Routing/RoutingServiceProvider::registerResponseFactory():180}(Object(Illuminate/Foundation/Application), Array)
#22 C:/Users/0909W/OneDrive/Documenten/GitHub/Educom-Trainee-Dashboard/front-end/vendor/laravel/framework/src/Illuminate/Container/Container.php(936): Illuminate/Container/Container->build(Object(Closure))
#23 C:/Users/0909W/OneDrive/Documenten/GitHub/Educom-Trainee-Dashboard/front-end/vendor/laravel/framework/src/Illuminate/Foundation/Application.php(1078): Illuminate/Container/Container->resolve('Illuminate//Cont...', Array, true)
#24 C:/Users/0909W/OneDrive/Documenten/GitHub/Educom-Trainee-Dashboard/front-end/vendor/laravel/framework/src/Illuminate/Container/Container.php(864): Illuminate/Foundation/Application->resolve('Illuminate//Cont...', Array)
#25 C:/Users/0909W/OneDrive/Documenten/GitHub/Educom-Trainee-Dashboard/front-end/vendor/laravel/framework/src/Illuminate/Foundation/Application.php(1058): Illuminate/Container/Container->make('Illuminate//Cont...', Array)
#26 C:/Users/0909W/OneDrive/Documenten/GitHub/Educom-Trainee-Dashboard/front-end/vendor/laravel/framework/src/Illuminate/Foundation/helpers.php(138): Illuminate/Foundation/Application->make('Illuminate//Cont...', Array)
#27 C:/Users/0909W/OneDrive/Documenten/GitHub/Educom-Trainee-Dashboard/front-end/vendor/laravel/framework/src/Illuminate/Foundation/helpers.php(850): app('Illuminate//Cont...')
#28 C:/Users/0909W/OneDrive/Documenten/GitHub/Educom-Trainee-Dashboard/front-end/vendor/laravel/framework/src/Illuminate/Foundation/Exceptions/Handler.php(1098): response('<!DOCTYPE html>...', 500, Array)
#29 C:/Users/0909W/OneDrive/Documenten/GitHub/Educom-Trainee-Dashboard/front-end/vendor/laravel/framework/src/Illuminate/Foundation/Exceptions/Handler.php(948): Illuminate/Foundation/Exceptions/Handler->toIlluminateResponse(Object(Symfony/Component/HttpFoundation/Response), Object(InvalidArgumentException))
#30 C:/Users/0909W/OneDrive/Documenten/GitHub/Educom-Trainee-Dashboard/front-end/vendor/laravel/framework/src/Illuminate/Foundation/Exceptions/Handler.php(839): Illuminate/Foundation/Exceptions/Handler->prepareResponse(Object(Illuminate/Http/Request), Object(InvalidArgumentException))
#31 C:/Users/0909W/OneDrive/Documenten/GitHub/Educom-Trainee-Dashboard/front-end/vendor/laravel/framework/src/Illuminate/Foundation/Exceptions/Handler.php(726): Illuminate/Foundation/Exceptions/Handler->renderExceptionResponse(Object(Illuminate/Http/Request), Object(InvalidArgumentException))
#32 C:/Users/0909W/OneDrive/Documenten/GitHub/Educom-Trainee-Dashboard/front-end/vendor/laravel/framework/src/Illuminate/Routing/Pipeline.php(51): Illuminate/Foundation/Exceptions/Handler->render(Object(Illuminate/Http/Request), Object(InvalidArgumentException))
#33 C:/Users/0909W/OneDrive/Documenten/GitHub/Educom-Trainee-Dashboard/front-end/vendor/laravel/framework/src/Illuminate/Pipeline/Pipeline.php(224): Illuminate/Routing/Pipeline->handleException(Object(Illuminate/Http/Request), Object(InvalidArgumentException))
#34 C:/Users/0909W/OneDrive/Documenten/GitHub/Educom-Trainee-Dashboard/front-end/vendor/laravel/framework/src/Illuminate/Pipeline/Pipeline.php(137): Illuminate/Pipeline/Pipeline->{closure:{closure:Illuminate/Pipeline/Pipeline::carry():194}:195}(Object(Illuminate/Http/Request))
#35 C:/Users/0909W/OneDrive/Documenten/GitHub/Educom-Trainee-Dashboard/front-end/vendor/laravel/framework/src/Illuminate/Routing/Router.php(821): Illuminate/Pipeline/Pipeline->then(Object(Closure))
#36 C:/Users/0909W/OneDrive/Documenten/GitHub/Educom-Trainee-Dashboard/front-end/vendor/laravel/framework/src/Illuminate/Routing/Router.php(800): Illuminate/Routing/Router->runRouteWithinStack(Object(Illuminate/Routing/Route), Object(Illuminate/Http/Request))
#37 C:/Users/0909W/OneDrive/Documenten/GitHub/Educom-Trainee-Dashboard/front-end/vendor/laravel/framework/src/Illuminate/Routing/Router.php(764): Illuminate/Routing/Router->runRoute(Object(Illuminate/Http/Request), Object(Illuminate/Routing/Route))
#38 C:/Users/0909W/OneDrive/Documenten/GitHub/Educom-Trainee-Dashboard/front-end/vendor/laravel/framework/src/Illuminate/Routing/Router.php(753): Illuminate/Routing/Router->dispatchToRoute(Object(Illuminate/Http/Request))
#39 C:/Users/0909W/OneDrive/Documenten/GitHub/Educom-Trainee-Dashboard/front-end/vendor/laravel/framework/src/Illuminate/Foundation/Http/Kernel.php(200): Illuminate/Routing/Router->dispatch(Object(Illuminate/Http/Request))
#40 C:/Users/0909W/OneDrive/Documenten/GitHub/Educom-Trainee-Dashboard/front-end/vendor/laravel/framework/src/Illuminate/Pipeline/Pipeline.php(180): Illuminate/Foundation/Http/Kernel->{closure:Illuminate/Foundation/Http/Kernel::dispatchToRouter():197}(Object(Illuminate/Http/Request))
#41 C:/Users/0909W/OneDrive/Documenten/GitHub/Educom-Trainee-Dashboard/front-end/vendor/inertiajs/inertia-laravel/src/Middleware/EnsureGetOnRedirect.php(19): Illuminate/Pipeline/Pipeline->{closure:Illuminate/Pipeline/Pipeline::prepareDestination():178}(Object(Illuminate/Http/Request))
#42 C:/Users/0909W/OneDrive/Documenten/GitHub/Educom-Trainee-Dashboard/front-end/vendor/laravel/framework/src/Illuminate/Pipeline/Pipeline.php(219): Inertia/Middleware/EnsureGetOnRedirect->handle(Object(Illuminate/Http/Request), Object(Closure))
#43 C:/Users/0909W/OneDrive/Documenten/GitHub/Educom-Trainee-Dashboard/front-end/vendor/laravel/framework/src/Illuminate/Foundation/Http/Middleware/TransformsRequest.php(21): Illuminate/Pipeline/Pipeline->{closure:{closure:Illuminate/Pipeline/Pipeline::carry():194}:195}(Object(Illuminate/Http/Request))
#44 C:/Users/0909W/OneDrive/Documenten/GitHub/Educom-Trainee-Dashboard/front-end/vendor/laravel/framework/src/Illuminate/Foundation/Http/Middleware/ConvertEmptyStringsToNull.php(31): Illuminate/Foundation/Http/Middleware/TransformsRequest->handle(Object(Illuminate/Http/Request), Object(Closure))
#45 C:/Users/0909W/OneDrive/Documenten/GitHub/Educom-Trainee-Dashboard/front-end/vendor/laravel/framework/src/Illuminate/Pipeline/Pipeline.php(219): Illuminate/Foundation/Http/Middleware/ConvertEmptyStringsToNull->handle(Object(Illuminate/Http/Request), Object(Closure))
#46 C:/Users/0909W/OneDrive/Documenten/GitHub/Educom-Trainee-Dashboard/front-end/vendor/laravel/framework/src/Illuminate/Foundation/Http/Middleware/TransformsRequest.php(21): Illuminate/Pipeline/Pipeline->{closure:{closure:Illuminate/Pipeline/Pipeline::carry():194}:195}(Object(Illuminate/Http/Request))
#47 C:/Users/0909W/OneDrive/Documenten/GitHub/Educom-Trainee-Dashboard/front-end/vendor/laravel/framework/src/Illuminate/Foundation/Http/Middleware/TrimStrings.php(51): Illuminate/Foundation/Http/Middleware/TransformsRequest->handle(Object(Illuminate/Http/Request), Object(Closure))
#48 C:/Users/0909W/OneDrive/Documenten/GitHub/Educom-Trainee-Dashboard/front-end/vendor/laravel/framework/src/Illuminate/Pipeline/Pipeline.php(219): Illuminate/Foundation/Http/Middleware/TrimStrings->handle(Object(Illuminate/Http/Request), Object(Closure))
#49 C:/Users/0909W/OneDrive/Documenten/GitHub/Educom-Trainee-Dashboard/front-end/vendor/laravel/framework/src/Illuminate/Http/Middleware/ValidatePostSize.php(27): Illuminate/Pipeline/Pipeline->{closure:{closure:Illuminate/Pipeline/Pipeline::carry():194}:195}(Object(Illuminate/Http/Request))
#50 C:/Users/0909W/OneDrive/Documenten/GitHub/Educom-Trainee-Dashboard/front-end/vendor/laravel/framework/src/Illuminate/Pipeline/Pipeline.php(219): Illuminate/Http/Middleware/ValidatePostSize->handle(Object(Illuminate/Http/Request), Object(Closure))
#51 C:/Users/0909W/OneDrive/Documenten/GitHub/Educom-Trainee-Dashboard/front-end/vendor/laravel/framework/src/Illuminate/Foundation/Http/Middleware/PreventRequestsDuringMaintenance.php(109): Illuminate/Pipeline/Pipeline->{closure:{closure:Illuminate/Pipeline/Pipeline::carry():194}:195}(Object(Illuminate/Http/Request))
#52 C:/Users/0909W/OneDrive/Documenten/GitHub/Educom-Trainee-Dashboard/front-end/vendor/laravel/framework/src/Illuminate/Pipeline/Pipeline.php(219): Illuminate/Foundation/Http/Middleware/PreventRequestsDuringMaintenance->handle(Object(Illuminate/Http/Request), Object(Closure))
#53 C:/Users/0909W/OneDrive/Documenten/GitHub/Educom-Trainee-Dashboard/front-end/vendor/laravel/framework/src/Illuminate/Http/Middleware/HandleCors.php(61): Illuminate/Pipeline/Pipeline->{closure:{closure:Illuminate/Pipeline/Pipeline::carry():194}:195}(Object(Illuminate/Http/Request))
#54 C:/Users/0909W/OneDrive/Documenten/GitHub/Educom-Trainee-Dashboard/front-end/vendor/laravel/framework/src/Illuminate/Pipeline/Pipeline.php(219): Illuminate/Http/Middleware/HandleCors->handle(Object(Illuminate/Http/Request), Object(Closure))
#55 C:/Users/0909W/OneDrive/Documenten/GitHub/Educom-Trainee-Dashboard/front-end/vendor/laravel/framework/src/Illuminate/Http/Middleware/TrustProxies.php(58): Illuminate/Pipeline/Pipeline->{closure:{closure:Illuminate/Pipeline/Pipeline::carry():194}:195}(Object(Illuminate/Http/Request))
#56 C:/Users/0909W/OneDrive/Documenten/GitHub/Educom-Trainee-Dashboard/front-end/vendor/laravel/framework/src/Illuminate/Pipeline/Pipeline.php(219): Illuminate/Http/Middleware/TrustProxies->handle(Object(Illuminate/Http/Request), Object(Closure))
#57 C:/Users/0909W/OneDrive/Documenten/GitHub/Educom-Trainee-Dashboard/front-end/vendor/laravel/framework/src/Illuminate/Foundation/Http/Middleware/InvokeDeferredCallbacks.php(22): Illuminate/Pipeline/Pipeline->{closure:{closure:Illuminate/Pipeline/Pipeline::carry():194}:195}(Object(Illuminate/Http/Request))
#58 C:/Users/0909W/OneDrive/Documenten/GitHub/Educom-Trainee-Dashboard/front-end/vendor/laravel/framework/src/Illuminate/Pipeline/Pipeline.php(219): Illuminate/Foundation/Http/Middleware/InvokeDeferredCallbacks->handle(Object(Illuminate/Http/Request), Object(Closure))
#59 C:/Users/0909W/OneDrive/Documenten/GitHub/Educom-Trainee-Dashboard/front-end/vendor/laravel/framework/src/Illuminate/Http/Middleware/ValidatePathEncoding.php(28): Illuminate/Pipeline/Pipeline->{closure:{closure:Illuminate/Pipeline/Pipeline::carry():194}:195}(Object(Illuminate/Http/Request))
#60 C:/Users/0909W/OneDrive/Documenten/GitHub/Educom-Trainee-Dashboard/front-end/vendor/laravel/framework/src/Illuminate/Pipeline/Pipeline.php(219): Illuminate/Http/Middleware/ValidatePathEncoding->handle(Object(Illuminate/Http/Request), Object(Closure))
#61 C:/Users/0909W/OneDrive/Documenten/GitHub/Educom-Trainee-Dashboard/front-end/vendor/laravel/framework/src/Illuminate/Pipeline/Pipeline.php(137): Illuminate/Pipeline/Pipeline->{closure:{closure:Illuminate/Pipeline/Pipeline::carry():194}:195}(Object(Illuminate/Http/Request))
#62 C:/Users/0909W/OneDrive/Documenten/GitHub/Educom-Trainee-Dashboard/front-end/vendor/laravel/framework/src/Illuminate/Foundation/Http/Kernel.php(175): Illuminate/Pipeline/Pipeline->then(Object(Closure))
#63 C:/Users/0909W/OneDrive/Documenten/GitHub/Educom-Trainee-Dashboard/front-end/vendor/laravel/framework/src/Illuminate/Foundation/Http/Kernel.php(144): Illuminate/Foundation/Http/Kernel->sendRequestThroughRouter(Object(Illuminate/Http/Request))
#64 C:/Users/0909W/OneDrive/Documenten/GitHub/Educom-Trainee-Dashboard/front-end/vendor/laravel/framework/src/Illuminate/Foundation/Application.php(1220): Illuminate/Foundation/Http/Kernel->handle(Object(Illuminate/Http/Request))
#65 C:/Users/0909W/OneDrive/Documenten/GitHub/Educom-Trainee-Dashboard/front-end/public/index.php(20): Illuminate/Foundation/Application->handleRequest(Object(Illuminate/Http/Request))
#66 C:/Users/0909W/OneDrive/Documenten/GitHub/Educom-Trainee-Dashboard/front-end/vendor/laravel/framework/src/Illuminate/Foundation/resources/server.php(23): require_once('C://Users//0909W//...')
#67 {main}
"} 
[2026-07-14 13:52:57] local.ERROR: Database connection [postgresql] not configured. {"exception":"[object] (InvalidArgumentException(code: 0): Database connection [postgresql] not configured. at C:/Users/0909W/OneDrive/Documenten/GitHub/Educom-Trainee-Dashboard/front-end/vendor/laravel/framework/src/Illuminate/Database/DatabaseManager.php:226)
[stacktrace]
#0 C:/Users/0909W/OneDrive/Documenten/GitHub/Educom-Trainee-Dashboard/front-end/vendor/laravel/framework/src/Illuminate/Database/DatabaseManager.php(192): Illuminate/Database/DatabaseManager->configuration('postgresql')
#1 C:/Users/0909W/OneDrive/Documenten/GitHub/Educom-Trainee-Dashboard/front-end/vendor/laravel/framework/src/Illuminate/Database/DatabaseManager.php(103): Illuminate/Database/DatabaseManager->makeConnection('postgresql')
#2 C:/Users/0909W/OneDrive/Documenten/GitHub/Educom-Trainee-Dashboard/front-end/vendor/laravel/framework/src/Illuminate/Session/SessionManager.php(110): Illuminate/Database/DatabaseManager->connection('postgresql')
#3 C:/Users/0909W/OneDrive/Documenten/GitHub/Educom-Trainee-Dashboard/front-end/vendor/laravel/framework/src/Illuminate/Session/SessionManager.php(97): Illuminate/Session/SessionManager->getDatabaseConnection()
#4 C:/Users/0909W/OneDrive/Documenten/GitHub/Educom-Trainee-Dashboard/front-end/vendor/laravel/framework/src/Illuminate/Support/Manager.php(105): Illuminate/Session/SessionManager->createDatabaseDriver()
#5 C:/Users/0909W/OneDrive/Documenten/GitHub/Educom-Trainee-Dashboard/front-end/vendor/laravel/framework/src/Illuminate/Support/Manager.php(82): Illuminate/Support/Manager->createDriver('database')
#6 C:/Users/0909W/OneDrive/Documenten/GitHub/Educom-Trainee-Dashboard/front-end/vendor/laravel/framework/src/Illuminate/Session/SessionServiceProvider.php(52): Illuminate/Support/Manager->driver()
#7 C:/Users/0909W/OneDrive/Documenten/GitHub/Educom-Trainee-Dashboard/front-end/vendor/laravel/framework/src/Illuminate/Container/Container.php(1118): Illuminate/Session/SessionServiceProvider->{closure:Illuminate/Session/SessionServiceProvider::registerSessionDriver():48}(Object(Illuminate/Foundation/Application), Array)
#8 C:/Users/0909W/OneDrive/Documenten/GitHub/Educom-Trainee-Dashboard/front-end/vendor/laravel/framework/src/Illuminate/Container/Container.php(936): Illuminate/Container/Container->build(Object(Closure))
#9 C:/Users/0909W/OneDrive/Documenten/GitHub/Educom-Trainee-Dashboard/front-end/vendor/laravel/framework/src/Illuminate/Foundation/Application.php(1078): Illuminate/Container/Container->resolve('session.store', Array, true)
#10 C:/Users/0909W/OneDrive/Documenten/GitHub/Educom-Trainee-Dashboard/front-end/vendor/laravel/framework/src/Illuminate/Container/Container.php(864): Illuminate/Foundation/Application->resolve('session.store', Array)
#11 C:/Users/0909W/OneDrive/Documenten/GitHub/Educom-Trainee-Dashboard/front-end/vendor/laravel/framework/src/Illuminate/Foundation/Application.php(1058): Illuminate/Container/Container->make('session.store', Array)
#12 C:/Users/0909W/OneDrive/Documenten/GitHub/Educom-Trainee-Dashboard/front-end/vendor/laravel/framework/src/Illuminate/Container/Container.php(1810): Illuminate/Foundation/Application->make('session.store')
#13 C:/Users/0909W/OneDrive/Documenten/GitHub/Educom-Trainee-Dashboard/front-end/vendor/laravel/framework/src/Illuminate/Routing/RoutingServiceProvider.php(121): Illuminate/Container/Container->offsetGet('session.store')
#14 C:/Users/0909W/OneDrive/Documenten/GitHub/Educom-Trainee-Dashboard/front-end/vendor/laravel/framework/src/Illuminate/Container/Container.php(1118): Illuminate/Routing/RoutingServiceProvider->{closure:Illuminate/Routing/RoutingServiceProvider::registerRedirector():114}(Object(Illuminate/Foundation/Application), Array)
#15 C:/Users/0909W/OneDrive/Documenten/GitHub/Educom-Trainee-Dashboard/front-end/vendor/laravel/framework/src/Illuminate/Container/Container.php(936): Illuminate/Container/Container->build(Object(Closure))
#16 C:/Users/0909W/OneDrive/Documenten/GitHub/Educom-Trainee-Dashboard/front-end/vendor/laravel/framework/src/Illuminate/Foundation/Application.php(1078): Illuminate/Container/Container->resolve('redirect', Array, true)
#17 C:/Users/0909W/OneDrive/Documenten/GitHub/Educom-Trainee-Dashboard/front-end/vendor/laravel/framework/src/Illuminate/Container/Container.php(864): Illuminate/Foundation/Application->resolve('redirect', Array)
#18 C:/Users/0909W/OneDrive/Documenten/GitHub/Educom-Trainee-Dashboard/front-end/vendor/laravel/framework/src/Illuminate/Foundation/Application.php(1058): Illuminate/Container/Container->make('redirect', Array)
#19 C:/Users/0909W/OneDrive/Documenten/GitHub/Educom-Trainee-Dashboard/front-end/vendor/laravel/framework/src/Illuminate/Container/Container.php(1810): Illuminate/Foundation/Application->make('redirect')
#20 C:/Users/0909W/OneDrive/Documenten/GitHub/Educom-Trainee-Dashboard/front-end/vendor/laravel/framework/src/Illuminate/Routing/RoutingServiceProvider.php(181): Illuminate/Container/Container->offsetGet('redirect')
#21 C:/Users/0909W/OneDrive/Documenten/GitHub/Educom-Trainee-Dashboard/front-end/vendor/laravel/framework/src/Illuminate/Container/Container.php(1118): Illuminate/Routing/RoutingServiceProvider->{closure:Illuminate/Routing/RoutingServiceProvider::registerResponseFactory():180}(Object(Illuminate/Foundation/Application), Array)
#22 C:/Users/0909W/OneDrive/Documenten/GitHub/Educom-Trainee-Dashboard/front-end/vendor/laravel/framework/src/Illuminate/Container/Container.php(936): Illuminate/Container/Container->build(Object(Closure))
#23 C:/Users/0909W/OneDrive/Documenten/GitHub/Educom-Trainee-Dashboard/front-end/vendor/laravel/framework/src/Illuminate/Foundation/Application.php(1078): Illuminate/Container/Container->resolve('Illuminate//Cont...', Array, true)
#24 C:/Users/0909W/OneDrive/Documenten/GitHub/Educom-Trainee-Dashboard/front-end/vendor/laravel/framework/src/Illuminate/Container/Container.php(864): Illuminate/Foundation/Application->resolve('Illuminate//Cont...', Array)
#25 C:/Users/0909W/OneDrive/Documenten/GitHub/Educom-Trainee-Dashboard/front-end/vendor/laravel/framework/src/Illuminate/Foundation/Application.php(1058): Illuminate/Container/Container->make('Illuminate//Cont...', Array)
#26 C:/Users/0909W/OneDrive/Documenten/GitHub/Educom-Trainee-Dashboard/front-end/vendor/laravel/framework/src/Illuminate/Foundation/helpers.php(138): Illuminate/Foundation/Application->make('Illuminate//Cont...', Array)
#27 C:/Users/0909W/OneDrive/Documenten/GitHub/Educom-Trainee-Dashboard/front-end/vendor/laravel/framework/src/Illuminate/Foundation/helpers.php(850): app('Illuminate//Cont...')
#28 C:/Users/0909W/OneDrive/Documenten/GitHub/Educom-Trainee-Dashboard/front-end/vendor/laravel/framework/src/Illuminate/Foundation/Exceptions/Handler.php(1098): response('<!DOCTYPE html>...', 500, Array)
#29 C:/Users/0909W/OneDrive/Documenten/GitHub/Educom-Trainee-Dashboard/front-end/vendor/laravel/framework/src/Illuminate/Foundation/Exceptions/Handler.php(948): Illuminate/Foundation/Exceptions/Handler->toIlluminateResponse(Object(Symfony/Component/HttpFoundation/Response), Object(InvalidArgumentException))
#30 C:/Users/0909W/OneDrive/Documenten/GitHub/Educom-Trainee-Dashboard/front-end/vendor/laravel/framework/src/Illuminate/Foundation/Exceptions/Handler.php(839): Illuminate/Foundation/Exceptions/Handler->prepareResponse(Object(Illuminate/Http/Request), Object(InvalidArgumentException))
#31 C:/Users/0909W/OneDrive/Documenten/GitHub/Educom-Trainee-Dashboard/front-end/vendor/laravel/framework/src/Illuminate/Foundation/Exceptions/Handler.php(726): Illuminate/Foundation/Exceptions/Handler->renderExceptionResponse(Object(Illuminate/Http/Request), Object(InvalidArgumentException))
#32 C:/Users/0909W/OneDrive/Documenten/GitHub/Educom-Trainee-Dashboard/front-end/vendor/laravel/framework/src/Illuminate/Routing/Pipeline.php(51): Illuminate/Foundation/Exceptions/Handler->render(Object(Illuminate/Http/Request), Object(InvalidArgumentException))
#33 C:/Users/0909W/OneDrive/Documenten/GitHub/Educom-Trainee-Dashboard/front-end/vendor/laravel/framework/src/Illuminate/Pipeline/Pipeline.php(182): Illuminate/Routing/Pipeline->handleException(Object(Illuminate/Http/Request), Object(InvalidArgumentException))
#34 C:/Users/0909W/OneDrive/Documenten/GitHub/Educom-Trainee-Dashboard/front-end/vendor/inertiajs/inertia-laravel/src/Middleware/EnsureGetOnRedirect.php(19): Illuminate/Pipeline/Pipeline->{closure:Illuminate/Pipeline/Pipeline::prepareDestination():178}(Object(Illuminate/Http/Request))
#35 C:/Users/0909W/OneDrive/Documenten/GitHub/Educom-Trainee-Dashboard/front-end/vendor/laravel/framework/src/Illuminate/Pipeline/Pipeline.php(219): Inertia/Middleware/EnsureGetOnRedirect->handle(Object(Illuminate/Http/Request), Object(Closure))
#36 C:/Users/0909W/OneDrive/Documenten/GitHub/Educom-Trainee-Dashboard/front-end/vendor/laravel/framework/src/Illuminate/Foundation/Http/Middleware/TransformsRequest.php(21): Illuminate/Pipeline/Pipeline->{closure:{closure:Illuminate/Pipeline/Pipeline::carry():194}:195}(Object(Illuminate/Http/Request))
#37 C:/Users/0909W/OneDrive/Documenten/GitHub/Educom-Trainee-Dashboard/front-end/vendor/laravel/framework/src/Illuminate/Foundation/Http/Middleware/ConvertEmptyStringsToNull.php(31): Illuminate/Foundation/Http/Middleware/TransformsRequest->handle(Object(Illuminate/Http/Request), Object(Closure))
#38 C:/Users/0909W/OneDrive/Documenten/GitHub/Educom-Trainee-Dashboard/front-end/vendor/laravel/framework/src/Illuminate/Pipeline/Pipeline.php(219): Illuminate/Foundation/Http/Middleware/ConvertEmptyStringsToNull->handle(Object(Illuminate/Http/Request), Object(Closure))
#39 C:/Users/0909W/OneDrive/Documenten/GitHub/Educom-Trainee-Dashboard/front-end/vendor/laravel/framework/src/Illuminate/Foundation/Http/Middleware/TransformsRequest.php(21): Illuminate/Pipeline/Pipeline->{closure:{closure:Illuminate/Pipeline/Pipeline::carry():194}:195}(Object(Illuminate/Http/Request))
#40 C:/Users/0909W/OneDrive/Documenten/GitHub/Educom-Trainee-Dashboard/front-end/vendor/laravel/framework/src/Illuminate/Foundation/Http/Middleware/TrimStrings.php(51): Illuminate/Foundation/Http/Middleware/TransformsRequest->handle(Object(Illuminate/Http/Request), Object(Closure))
#41 C:/Users/0909W/OneDrive/Documenten/GitHub/Educom-Trainee-Dashboard/front-end/vendor/laravel/framework/src/Illuminate/Pipeline/Pipeline.php(219): Illuminate/Foundation/Http/Middleware/TrimStrings->handle(Object(Illuminate/Http/Request), Object(Closure))
#42 C:/Users/0909W/OneDrive/Documenten/GitHub/Educom-Trainee-Dashboard/front-end/vendor/laravel/framework/src/Illuminate/Http/Middleware/ValidatePostSize.php(27): Illuminate/Pipeline/Pipeline->{closure:{closure:Illuminate/Pipeline/Pipeline::carry():194}:195}(Object(Illuminate/Http/Request))
#43 C:/Users/0909W/OneDrive/Documenten/GitHub/Educom-Trainee-Dashboard/front-end/vendor/laravel/framework/src/Illuminate/Pipeline/Pipeline.php(219): Illuminate/Http/Middleware/ValidatePostSize->handle(Object(Illuminate/Http/Request), Object(Closure))
#44 C:/Users/0909W/OneDrive/Documenten/GitHub/Educom-Trainee-Dashboard/front-end/vendor/laravel/framework/src/Illuminate/Foundation/Http/Middleware/PreventRequestsDuringMaintenance.php(109): Illuminate/Pipeline/Pipeline->{closure:{closure:Illuminate/Pipeline/Pipeline::carry():194}:195}(Object(Illuminate/Http/Request))
#45 C:/Users/0909W/OneDrive/Documenten/GitHub/Educom-Trainee-Dashboard/front-end/vendor/laravel/framework/src/Illuminate/Pipeline/Pipeline.php(219): Illuminate/Foundation/Http/Middleware/PreventRequestsDuringMaintenance->handle(Object(Illuminate/Http/Request), Object(Closure))
#46 C:/Users/0909W/OneDrive/Documenten/GitHub/Educom-Trainee-Dashboard/front-end/vendor/laravel/framework/src/Illuminate/Http/Middleware/HandleCors.php(61): Illuminate/Pipeline/Pipeline->{closure:{closure:Illuminate/Pipeline/Pipeline::carry():194}:195}(Object(Illuminate/Http/Request))
#47 C:/Users/0909W/OneDrive/Documenten/GitHub/Educom-Trainee-Dashboard/front-end/vendor/laravel/framework/src/Illuminate/Pipeline/Pipeline.php(219): Illuminate/Http/Middleware/HandleCors->handle(Object(Illuminate/Http/Request), Object(Closure))
#48 C:/Users/0909W/OneDrive/Documenten/GitHub/Educom-Trainee-Dashboard/front-end/vendor/laravel/framework/src/Illuminate/Http/Middleware/TrustProxies.php(58): Illuminate/Pipeline/Pipeline->{closure:{closure:Illuminate/Pipeline/Pipeline::carry():194}:195}(Object(Illuminate/Http/Request))
#49 C:/Users/0909W/OneDrive/Documenten/GitHub/Educom-Trainee-Dashboard/front-end/vendor/laravel/framework/src/Illuminate/Pipeline/Pipeline.php(219): Illuminate/Http/Middleware/TrustProxies->handle(Object(Illuminate/Http/Request), Object(Closure))
#50 C:/Users/0909W/OneDrive/Documenten/GitHub/Educom-Trainee-Dashboard/front-end/vendor/laravel/framework/src/Illuminate/Foundation/Http/Middleware/InvokeDeferredCallbacks.php(22): Illuminate/Pipeline/Pipeline->{closure:{closure:Illuminate/Pipeline/Pipeline::carry():194}:195}(Object(Illuminate/Http/Request))
#51 C:/Users/0909W/OneDrive/Documenten/GitHub/Educom-Trainee-Dashboard/front-end/vendor/laravel/framework/src/Illuminate/Pipeline/Pipeline.php(219): Illuminate/Foundation/Http/Middleware/InvokeDeferredCallbacks->handle(Object(Illuminate/Http/Request), Object(Closure))
#52 C:/Users/0909W/OneDrive/Documenten/GitHub/Educom-Trainee-Dashboard/front-end/vendor/laravel/framework/src/Illuminate/Http/Middleware/ValidatePathEncoding.php(28): Illuminate/Pipeline/Pipeline->{closure:{closure:Illuminate/Pipeline/Pipeline::carry():194}:195}(Object(Illuminate/Http/Request))
#53 C:/Users/0909W/OneDrive/Documenten/GitHub/Educom-Trainee-Dashboard/front-end/vendor/laravel/framework/src/Illuminate/Pipeline/Pipeline.php(219): Illuminate/Http/Middleware/ValidatePathEncoding->handle(Object(Illuminate/Http/Request), Object(Closure))
#54 C:/Users/0909W/OneDrive/Documenten/GitHub/Educom-Trainee-Dashboard/front-end/vendor/laravel/framework/src/Illuminate/Pipeline/Pipeline.php(137): Illuminate/Pipeline/Pipeline->{closure:{closure:Illuminate/Pipeline/Pipeline::carry():194}:195}(Object(Illuminate/Http/Request))
#55 C:/Users/0909W/OneDrive/Documenten/GitHub/Educom-Trainee-Dashboard/front-end/vendor/laravel/framework/src/Illuminate/Foundation/Http/Kernel.php(175): Illuminate/Pipeline/Pipeline->then(Object(Closure))
#56 C:/Users/0909W/OneDrive/Documenten/GitHub/Educom-Trainee-Dashboard/front-end/vendor/laravel/framework/src/Illuminate/Foundation/Http/Kernel.php(144): Illuminate/Foundation/Http/Kernel->sendRequestThroughRouter(Object(Illuminate/Http/Request))
#57 C:/Users/0909W/OneDrive/Documenten/GitHub/Educom-Trainee-Dashboard/front-end/vendor/laravel/framework/src/Illuminate/Foundation/Application.php(1220): Illuminate/Foundation/Http/Kernel->handle(Object(Illuminate/Http/Request))
#58 C:/Users/0909W/OneDrive/Documenten/GitHub/Educom-Trainee-Dashboard/front-end/public/index.php(20): Illuminate/Foundation/Application->handleRequest(Object(Illuminate/Http/Request))
#59 C:/Users/0909W/OneDrive/Documenten/GitHub/Educom-Trainee-Dashboard/front-end/vendor/laravel/framework/src/Illuminate/Foundation/resources/server.php(23): require_once('C://Users//0909W//...')
#60 {main}
"} 
[2026-07-14 13:52:58] local.ERROR: Database connection [postgresql] not configured. {"exception":"[object] (InvalidArgumentException(code: 0): Database connection [postgresql] not configured. at C:/Users/0909W/OneDrive/Documenten/GitHub/Educom-Trainee-Dashboard/front-end/vendor/laravel/framework/src/Illuminate/Database/DatabaseManager.php:226)
[stacktrace]
#0 C:/Users/0909W/OneDrive/Documenten/GitHub/Educom-Trainee-Dashboard/front-end/vendor/laravel/framework/src/Illuminate/Database/DatabaseManager.php(192): Illuminate/Database/DatabaseManager->configuration('postgresql')
#1 C:/Users/0909W/OneDrive/Documenten/GitHub/Educom-Trainee-Dashboard/front-end/vendor/laravel/framework/src/Illuminate/Database/DatabaseManager.php(103): Illuminate/Database/DatabaseManager->makeConnection('postgresql')
#2 C:/Users/0909W/OneDrive/Documenten/GitHub/Educom-Trainee-Dashboard/front-end/vendor/laravel/framework/src/Illuminate/Session/SessionManager.php(110): Illuminate/Database/DatabaseManager->connection('postgresql')
#3 C:/Users/0909W/OneDrive/Documenten/GitHub/Educom-Trainee-Dashboard/front-end/vendor/laravel/framework/src/Illuminate/Session/SessionManager.php(97): Illuminate/Session/SessionManager->getDatabaseConnection()
#4 C:/Users/0909W/OneDrive/Documenten/GitHub/Educom-Trainee-Dashboard/front-end/vendor/laravel/framework/src/Illuminate/Support/Manager.php(105): Illuminate/Session/SessionManager->createDatabaseDriver()
#5 C:/Users/0909W/OneDrive/Documenten/GitHub/Educom-Trainee-Dashboard/front-end/vendor/laravel/framework/src/Illuminate/Support/Manager.php(82): Illuminate/Support/Manager->createDriver('database')
#6 C:/Users/0909W/OneDrive/Documenten/GitHub/Educom-Trainee-Dashboard/front-end/vendor/laravel/framework/src/Illuminate/Session/SessionServiceProvider.php(52): Illuminate/Support/Manager->driver()
#7 C:/Users/0909W/OneDrive/Documenten/GitHub/Educom-Trainee-Dashboard/front-end/vendor/laravel/framework/src/Illuminate/Container/Container.php(1118): Illuminate/Session/SessionServiceProvider->{closure:Illuminate/Session/SessionServiceProvider::registerSessionDriver():48}(Object(Illuminate/Foundation/Application), Array)
#8 C:/Users/0909W/OneDrive/Documenten/GitHub/Educom-Trainee-Dashboard/front-end/vendor/laravel/framework/src/Illuminate/Container/Container.php(936): Illuminate/Container/Container->build(Object(Closure))
#9 C:/Users/0909W/OneDrive/Documenten/GitHub/Educom-Trainee-Dashboard/front-end/vendor/laravel/framework/src/Illuminate/Foundation/Application.php(1078): Illuminate/Container/Container->resolve('session.store', Array, true)
#10 C:/Users/0909W/OneDrive/Documenten/GitHub/Educom-Trainee-Dashboard/front-end/vendor/laravel/framework/src/Illuminate/Container/Container.php(864): Illuminate/Foundation/Application->resolve('session.store', Array)
#11 C:/Users/0909W/OneDrive/Documenten/GitHub/Educom-Trainee-Dashboard/front-end/vendor/laravel/framework/src/Illuminate/Foundation/Application.php(1058): Illuminate/Container/Container->make('session.store', Array)
#12 C:/Users/0909W/OneDrive/Documenten/GitHub/Educom-Trainee-Dashboard/front-end/vendor/laravel/framework/src/Illuminate/Container/Container.php(1810): Illuminate/Foundation/Application->make('session.store')
#13 C:/Users/0909W/OneDrive/Documenten/GitHub/Educom-Trainee-Dashboard/front-end/vendor/laravel/framework/src/Illuminate/Routing/RoutingServiceProvider.php(121): Illuminate/Container/Container->offsetGet('session.store')
#14 C:/Users/0909W/OneDrive/Documenten/GitHub/Educom-Trainee-Dashboard/front-end/vendor/laravel/framework/src/Illuminate/Container/Container.php(1118): Illuminate/Routing/RoutingServiceProvider->{closure:Illuminate/Routing/RoutingServiceProvider::registerRedirector():114}(Object(Illuminate/Foundation/Application), Array)
#15 C:/Users/0909W/OneDrive/Documenten/GitHub/Educom-Trainee-Dashboard/front-end/vendor/laravel/framework/src/Illuminate/Container/Container.php(936): Illuminate/Container/Container->build(Object(Closure))
#16 C:/Users/0909W/OneDrive/Documenten/GitHub/Educom-Trainee-Dashboard/front-end/vendor/laravel/framework/src/Illuminate/Foundation/Application.php(1078): Illuminate/Container/Container->resolve('redirect', Array, true)
#17 C:/Users/0909W/OneDrive/Documenten/GitHub/Educom-Trainee-Dashboard/front-end/vendor/laravel/framework/src/Illuminate/Container/Container.php(864): Illuminate/Foundation/Application->resolve('redirect', Array)
#18 C:/Users/0909W/OneDrive/Documenten/GitHub/Educom-Trainee-Dashboard/front-end/vendor/laravel/framework/src/Illuminate/Foundation/Application.php(1058): Illuminate/Container/Container->make('redirect', Array)
#19 C:/Users/0909W/OneDrive/Documenten/GitHub/Educom-Trainee-Dashboard/front-end/vendor/laravel/framework/src/Illuminate/Container/Container.php(1810): Illuminate/Foundation/Application->make('redirect')
#20 C:/Users/0909W/OneDrive/Documenten/GitHub/Educom-Trainee-Dashboard/front-end/vendor/laravel/framework/src/Illuminate/Routing/RoutingServiceProvider.php(181): Illuminate/Container/Container->offsetGet('redirect')
#21 C:/Users/0909W/OneDrive/Documenten/GitHub/Educom-Trainee-Dashboard/front-end/vendor/laravel/framework/src/Illuminate/Container/Container.php(1118): Illuminate/Routing/RoutingServiceProvider->{closure:Illuminate/Routing/RoutingServiceProvider::registerResponseFactory():180}(Object(Illuminate/Foundation/Application), Array)
#22 C:/Users/0909W/OneDrive/Documenten/GitHub/Educom-Trainee-Dashboard/front-end/vendor/laravel/framework/src/Illuminate/Container/Container.php(936): Illuminate/Container/Container->build(Object(Closure))
#23 C:/Users/0909W/OneDrive/Documenten/GitHub/Educom-Trainee-Dashboard/front-end/vendor/laravel/framework/src/Illuminate/Foundation/Application.php(1078): Illuminate/Container/Container->resolve('Illuminate//Cont...', Array, true)
#24 C:/Users/0909W/OneDrive/Documenten/GitHub/Educom-Trainee-Dashboard/front-end/vendor/laravel/framework/src/Illuminate/Container/Container.php(864): Illuminate/Foundation/Application->resolve('Illuminate//Cont...', Array)
#25 C:/Users/0909W/OneDrive/Documenten/GitHub/Educom-Trainee-Dashboard/front-end/vendor/laravel/framework/src/Illuminate/Foundation/Application.php(1058): Illuminate/Container/Container->make('Illuminate//Cont...', Array)
#26 C:/Users/0909W/OneDrive/Documenten/GitHub/Educom-Trainee-Dashboard/front-end/vendor/laravel/framework/src/Illuminate/Foundation/helpers.php(138): Illuminate/Foundation/Application->make('Illuminate//Cont...', Array)
#27 C:/Users/0909W/OneDrive/Documenten/GitHub/Educom-Trainee-Dashboard/front-end/vendor/laravel/framework/src/Illuminate/Foundation/helpers.php(850): app('Illuminate//Cont...')
#28 C:/Users/0909W/OneDrive/Documenten/GitHub/Educom-Trainee-Dashboard/front-end/vendor/laravel/framework/src/Illuminate/Foundation/Exceptions/Handler.php(1098): response('<!DOCTYPE html>...', 500, Array)
#29 C:/Users/0909W/OneDrive/Documenten/GitHub/Educom-Trainee-Dashboard/front-end/vendor/laravel/framework/src/Illuminate/Foundation/Exceptions/Handler.php(948): Illuminate/Foundation/Exceptions/Handler->toIlluminateResponse(Object(Symfony/Component/HttpFoundation/Response), Object(InvalidArgumentException))
#30 C:/Users/0909W/OneDrive/Documenten/GitHub/Educom-Trainee-Dashboard/front-end/vendor/laravel/framework/src/Illuminate/Foundation/Exceptions/Handler.php(839): Illuminate/Foundation/Exceptions/Handler->prepareResponse(Object(Illuminate/Http/Request), Object(InvalidArgumentException))
#31 C:/Users/0909W/OneDrive/Documenten/GitHub/Educom-Trainee-Dashboard/front-end/vendor/laravel/framework/src/Illuminate/Foundation/Exceptions/Handler.php(726): Illuminate/Foundation/Exceptions/Handler->renderExceptionResponse(Object(Illuminate/Http/Request), Object(InvalidArgumentException))
#32 C:/Users/0909W/OneDrive/Documenten/GitHub/Educom-Trainee-Dashboard/front-end/vendor/laravel/framework/src/Illuminate/Routing/Pipeline.php(51): Illuminate/Foundation/Exceptions/Handler->render(Object(Illuminate/Http/Request), Object(InvalidArgumentException))
#33 C:/Users/0909W/OneDrive/Documenten/GitHub/Educom-Trainee-Dashboard/front-end/vendor/laravel/framework/src/Illuminate/Pipeline/Pipeline.php(224): Illuminate/Routing/Pipeline->handleException(Object(Illuminate/Http/Request), Object(InvalidArgumentException))
#34 C:/Users/0909W/OneDrive/Documenten/GitHub/Educom-Trainee-Dashboard/front-end/vendor/laravel/framework/src/Illuminate/Foundation/Http/Middleware/TransformsRequest.php(21): Illuminate/Pipeline/Pipeline->{closure:{closure:Illuminate/Pipeline/Pipeline::carry():194}:195}(Object(Illuminate/Http/Request))
#35 C:/Users/0909W/OneDrive/Documenten/GitHub/Educom-Trainee-Dashboard/front-end/vendor/laravel/framework/src/Illuminate/Foundation/Http/Middleware/ConvertEmptyStringsToNull.php(31): Illuminate/Foundation/Http/Middleware/TransformsRequest->handle(Object(Illuminate/Http/Request), Object(Closure))
#36 C:/Users/0909W/OneDrive/Documenten/GitHub/Educom-Trainee-Dashboard/front-end/vendor/laravel/framework/src/Illuminate/Pipeline/Pipeline.php(219): Illuminate/Foundation/Http/Middleware/ConvertEmptyStringsToNull->handle(Object(Illuminate/Http/Request), Object(Closure))
#37 C:/Users/0909W/OneDrive/Documenten/GitHub/Educom-Trainee-Dashboard/front-end/vendor/laravel/framework/src/Illuminate/Foundation/Http/Middleware/TransformsRequest.php(21): Illuminate/Pipeline/Pipeline->{closure:{closure:Illuminate/Pipeline/Pipeline::carry():194}:195}(Object(Illuminate/Http/Request))
#38 C:/Users/0909W/OneDrive/Documenten/GitHub/Educom-Trainee-Dashboard/front-end/vendor/laravel/framework/src/Illuminate/Foundation/Http/Middleware/TrimStrings.php(51): Illuminate/Foundation/Http/Middleware/TransformsRequest->handle(Object(Illuminate/Http/Request), Object(Closure))
#39 C:/Users/0909W/OneDrive/Documenten/GitHub/Educom-Trainee-Dashboard/front-end/vendor/laravel/framework/src/Illuminate/Pipeline/Pipeline.php(219): Illuminate/Foundation/Http/Middleware/TrimStrings->handle(Object(Illuminate/Http/Request), Object(Closure))
#40 C:/Users/0909W/OneDrive/Documenten/GitHub/Educom-Trainee-Dashboard/front-end/vendor/laravel/framework/src/Illuminate/Http/Middleware/ValidatePostSize.php(27): Illuminate/Pipeline/Pipeline->{closure:{closure:Illuminate/Pipeline/Pipeline::carry():194}:195}(Object(Illuminate/Http/Request))
#41 C:/Users/0909W/OneDrive/Documenten/GitHub/Educom-Trainee-Dashboard/front-end/vendor/laravel/framework/src/Illuminate/Pipeline/Pipeline.php(219): Illuminate/Http/Middleware/ValidatePostSize->handle(Object(Illuminate/Http/Request), Object(Closure))
#42 C:/Users/0909W/OneDrive/Documenten/GitHub/Educom-Trainee-Dashboard/front-end/vendor/laravel/framework/src/Illuminate/Foundation/Http/Middleware/PreventRequestsDuringMaintenance.php(109): Illuminate/Pipeline/Pipeline->{closure:{closure:Illuminate/Pipeline/Pipeline::carry():194}:195}(Object(Illuminate/Http/Request))
#43 C:/Users/0909W/OneDrive/Documenten/GitHub/Educom-Trainee-Dashboard/front-end/vendor/laravel/framework/src/Illuminate/Pipeline/Pipeline.php(219): Illuminate/Foundation/Http/Middleware/PreventRequestsDuringMaintenance->handle(Object(Illuminate/Http/Request), Object(Closure))
#44 C:/Users/0909W/OneDrive/Documenten/GitHub/Educom-Trainee-Dashboard/front-end/vendor/laravel/framework/src/Illuminate/Http/Middleware/HandleCors.php(61): Illuminate/Pipeline/Pipeline->{closure:{closure:Illuminate/Pipeline/Pipeline::carry():194}:195}(Object(Illuminate/Http/Request))
#45 C:/Users/0909W/OneDrive/Documenten/GitHub/Educom-Trainee-Dashboard/front-end/vendor/laravel/framework/src/Illuminate/Pipeline/Pipeline.php(219): Illuminate/Http/Middleware/HandleCors->handle(Object(Illuminate/Http/Request), Object(Closure))
#46 C:/Users/0909W/OneDrive/Documenten/GitHub/Educom-Trainee-Dashboard/front-end/vendor/laravel/framework/src/Illuminate/Http/Middleware/TrustProxies.php(58): Illuminate/Pipeline/Pipeline->{closure:{closure:Illuminate/Pipeline/Pipeline::carry():194}:195}(Object(Illuminate/Http/Request))
#47 C:/Users/0909W/OneDrive/Documenten/GitHub/Educom-Trainee-Dashboard/front-end/vendor/laravel/framework/src/Illuminate/Pipeline/Pipeline.php(219): Illuminate/Http/Middleware/TrustProxies->handle(Object(Illuminate/Http/Request), Object(Closure))
#48 C:/Users/0909W/OneDrive/Documenten/GitHub/Educom-Trainee-Dashboard/front-end/vendor/laravel/framework/src/Illuminate/Foundation/Http/Middleware/InvokeDeferredCallbacks.php(22): Illuminate/Pipeline/Pipeline->{closure:{closure:Illuminate/Pipeline/Pipeline::carry():194}:195}(Object(Illuminate/Http/Request))
#49 C:/Users/0909W/OneDrive/Documenten/GitHub/Educom-Trainee-Dashboard/front-end/vendor/laravel/framework/src/Illuminate/Pipeline/Pipeline.php(219): Illuminate/Foundation/Http/Middleware/InvokeDeferredCallbacks->handle(Object(Illuminate/Http/Request), Object(Closure))
#50 C:/Users/0909W/OneDrive/Documenten/GitHub/Educom-Trainee-Dashboard/front-end/vendor/laravel/framework/src/Illuminate/Http/Middleware/ValidatePathEncoding.php(28): Illuminate/Pipeline/Pipeline->{closure:{closure:Illuminate/Pipeline/Pipeline::carry():194}:195}(Object(Illuminate/Http/Request))
#51 C:/Users/0909W/OneDrive/Documenten/GitHub/Educom-Trainee-Dashboard/front-end/vendor/laravel/framework/src/Illuminate/Pipeline/Pipeline.php(219): Illuminate/Http/Middleware/ValidatePathEncoding->handle(Object(Illuminate/Http/Request), Object(Closure))
#52 C:/Users/0909W/OneDrive/Documenten/GitHub/Educom-Trainee-Dashboard/front-end/vendor/laravel/framework/src/Illuminate/Pipeline/Pipeline.php(137): Illuminate/Pipeline/Pipeline->{closure:{closure:Illuminate/Pipeline/Pipeline::carry():194}:195}(Object(Illuminate/Http/Request))
#53 C:/Users/0909W/OneDrive/Documenten/GitHub/Educom-Trainee-Dashboard/front-end/vendor/laravel/framework/src/Illuminate/Foundation/Http/Kernel.php(175): Illuminate/Pipeline/Pipeline->then(Object(Closure))
#54 C:/Users/0909W/OneDrive/Documenten/GitHub/Educom-Trainee-Dashboard/front-end/vendor/laravel/framework/src/Illuminate/Foundation/Http/Kernel.php(144): Illuminate/Foundation/Http/Kernel->sendRequestThroughRouter(Object(Illuminate/Http/Request))
#55 C:/Users/0909W/OneDrive/Documenten/GitHub/Educom-Trainee-Dashboard/front-end/vendor/laravel/framework/src/Illuminate/Foundation/Application.php(1220): Illuminate/Foundation/Http/Kernel->handle(Object(Illuminate/Http/Request))
#56 C:/Users/0909W/OneDrive/Documenten/GitHub/Educom-Trainee-Dashboard/front-end/public/index.php(20): Illuminate/Foundation/Application->handleRequest(Object(Illuminate/Http/Request))
#57 C:/Users/0909W/OneDrive/Documenten/GitHub/Educom-Trainee-Dashboard/front-end/vendor/laravel/framework/src/Illuminate/Foundation/resources/server.php(23): require_once('C://Users//0909W//...')
#58 {main}
"} 
[2026-07-14 13:52:58] local.ERROR: Database connection [postgresql] not configured. {"exception":"[object] (InvalidArgumentException(code: 0): Database connection [postgresql] not configured. at C:/Users/0909W/OneDrive/Documenten/GitHub/Educom-Trainee-Dashboard/front-end/vendor/laravel/framework/src/Illuminate/Database/DatabaseManager.php:226)
[stacktrace]
#0 C:/Users/0909W/OneDrive/Documenten/GitHub/Educom-Trainee-Dashboard/front-end/vendor/laravel/framework/src/Illuminate/Database/DatabaseManager.php(192): Illuminate/Database/DatabaseManager->configuration('postgresql')
#1 C:/Users/0909W/OneDrive/Documenten/GitHub/Educom-Trainee-Dashboard/front-end/vendor/laravel/framework/src/Illuminate/Database/DatabaseManager.php(103): Illuminate/Database/DatabaseManager->makeConnection('postgresql')
#2 C:/Users/0909W/OneDrive/Documenten/GitHub/Educom-Trainee-Dashboard/front-end/vendor/laravel/framework/src/Illuminate/Session/SessionManager.php(110): Illuminate/Database/DatabaseManager->connection('postgresql')
#3 C:/Users/0909W/OneDrive/Documenten/GitHub/Educom-Trainee-Dashboard/front-end/vendor/laravel/framework/src/Illuminate/Session/SessionManager.php(97): Illuminate/Session/SessionManager->getDatabaseConnection()
#4 C:/Users/0909W/OneDrive/Documenten/GitHub/Educom-Trainee-Dashboard/front-end/vendor/laravel/framework/src/Illuminate/Support/Manager.php(105): Illuminate/Session/SessionManager->createDatabaseDriver()
#5 C:/Users/0909W/OneDrive/Documenten/GitHub/Educom-Trainee-Dashboard/front-end/vendor/laravel/framework/src/Illuminate/Support/Manager.php(82): Illuminate/Support/Manager->createDriver('database')
#6 C:/Users/0909W/OneDrive/Documenten/GitHub/Educom-Trainee-Dashboard/front-end/vendor/laravel/framework/src/Illuminate/Session/SessionServiceProvider.php(52): Illuminate/Support/Manager->driver()
#7 C:/Users/0909W/OneDrive/Documenten/GitHub/Educom-Trainee-Dashboard/front-end/vendor/laravel/framework/src/Illuminate/Container/Container.php(1118): Illuminate/Session/SessionServiceProvider->{closure:Illuminate/Session/SessionServiceProvider::registerSessionDriver():48}(Object(Illuminate/Foundation/Application), Array)
#8 C:/Users/0909W/OneDrive/Documenten/GitHub/Educom-Trainee-Dashboard/front-end/vendor/laravel/framework/src/Illuminate/Container/Container.php(936): Illuminate/Container/Container->build(Object(Closure))
#9 C:/Users/0909W/OneDrive/Documenten/GitHub/Educom-Trainee-Dashboard/front-end/vendor/laravel/framework/src/Illuminate/Foundation/Application.php(1078): Illuminate/Container/Container->resolve('session.store', Array, true)
#10 C:/Users/0909W/OneDrive/Documenten/GitHub/Educom-Trainee-Dashboard/front-end/vendor/laravel/framework/src/Illuminate/Container/Container.php(864): Illuminate/Foundation/Application->resolve('session.store', Array)
#11 C:/Users/0909W/OneDrive/Documenten/GitHub/Educom-Trainee-Dashboard/front-end/vendor/laravel/framework/src/Illuminate/Foundation/Application.php(1058): Illuminate/Container/Container->make('session.store', Array)
#12 C:/Users/0909W/OneDrive/Documenten/GitHub/Educom-Trainee-Dashboard/front-end/vendor/laravel/framework/src/Illuminate/Container/Container.php(1810): Illuminate/Foundation/Application->make('session.store')
#13 C:/Users/0909W/OneDrive/Documenten/GitHub/Educom-Trainee-Dashboard/front-end/vendor/laravel/framework/src/Illuminate/Routing/RoutingServiceProvider.php(121): Illuminate/Container/Container->offsetGet('session.store')
#14 C:/Users/0909W/OneDrive/Documenten/GitHub/Educom-Trainee-Dashboard/front-end/vendor/laravel/framework/src/Illuminate/Container/Container.php(1118): Illuminate/Routing/RoutingServiceProvider->{closure:Illuminate/Routing/RoutingServiceProvider::registerRedirector():114}(Object(Illuminate/Foundation/Application), Array)
#15 C:/Users/0909W/OneDrive/Documenten/GitHub/Educom-Trainee-Dashboard/front-end/vendor/laravel/framework/src/Illuminate/Container/Container.php(936): Illuminate/Container/Container->build(Object(Closure))
#16 C:/Users/0909W/OneDrive/Documenten/GitHub/Educom-Trainee-Dashboard/front-end/vendor/laravel/framework/src/Illuminate/Foundation/Application.php(1078): Illuminate/Container/Container->resolve('redirect', Array, true)
#17 C:/Users/0909W/OneDrive/Documenten/GitHub/Educom-Trainee-Dashboard/front-end/vendor/laravel/framework/src/Illuminate/Container/Container.php(864): Illuminate/Foundation/Application->resolve('redirect', Array)
#18 C:/Users/0909W/OneDrive/Documenten/GitHub/Educom-Trainee-Dashboard/front-end/vendor/laravel/framework/src/Illuminate/Foundation/Application.php(1058): Illuminate/Container/Container->make('redirect', Array)
#19 C:/Users/0909W/OneDrive/Documenten/GitHub/Educom-Trainee-Dashboard/front-end/vendor/laravel/framework/src/Illuminate/Container/Container.php(1810): Illuminate/Foundation/Application->make('redirect')
#20 C:/Users/0909W/OneDrive/Documenten/GitHub/Educom-Trainee-Dashboard/front-end/vendor/laravel/framework/src/Illuminate/Routing/RoutingServiceProvider.php(181): Illuminate/Container/Container->offsetGet('redirect')
#21 C:/Users/0909W/OneDrive/Documenten/GitHub/Educom-Trainee-Dashboard/front-end/vendor/laravel/framework/src/Illuminate/Container/Container.php(1118): Illuminate/Routing/RoutingServiceProvider->{closure:Illuminate/Routing/RoutingServiceProvider::registerResponseFactory():180}(Object(Illuminate/Foundation/Application), Array)
#22 C:/Users/0909W/OneDrive/Documenten/GitHub/Educom-Trainee-Dashboard/front-end/vendor/laravel/framework/src/Illuminate/Container/Container.php(936): Illuminate/Container/Container->build(Object(Closure))
#23 C:/Users/0909W/OneDrive/Documenten/GitHub/Educom-Trainee-Dashboard/front-end/vendor/laravel/framework/src/Illuminate/Foundation/Application.php(1078): Illuminate/Container/Container->resolve('Illuminate//Cont...', Array, true)
#24 C:/Users/0909W/OneDrive/Documenten/GitHub/Educom-Trainee-Dashboard/front-end/vendor/laravel/framework/src/Illuminate/Container/Container.php(864): Illuminate/Foundation/Application->resolve('Illuminate//Cont...', Array)
#25 C:/Users/0909W/OneDrive/Documenten/GitHub/Educom-Trainee-Dashboard/front-end/vendor/laravel/framework/src/Illuminate/Foundation/Application.php(1058): Illuminate/Container/Container->make('Illuminate//Cont...', Array)
#26 C:/Users/0909W/OneDrive/Documenten/GitHub/Educom-Trainee-Dashboard/front-end/vendor/laravel/framework/src/Illuminate/Foundation/helpers.php(138): Illuminate/Foundation/Application->make('Illuminate//Cont...', Array)
#27 C:/Users/0909W/OneDrive/Documenten/GitHub/Educom-Trainee-Dashboard/front-end/vendor/laravel/framework/src/Illuminate/Foundation/helpers.php(850): app('Illuminate//Cont...')
#28 C:/Users/0909W/OneDrive/Documenten/GitHub/Educom-Trainee-Dashboard/front-end/vendor/laravel/framework/src/Illuminate/Foundation/Exceptions/Handler.php(1098): response('<!DOCTYPE html>...', 500, Array)
#29 C:/Users/0909W/OneDrive/Documenten/GitHub/Educom-Trainee-Dashboard/front-end/vendor/laravel/framework/src/Illuminate/Foundation/Exceptions/Handler.php(948): Illuminate/Foundation/Exceptions/Handler->toIlluminateResponse(Object(Symfony/Component/HttpFoundation/Response), Object(InvalidArgumentException))
#30 C:/Users/0909W/OneDrive/Documenten/GitHub/Educom-Trainee-Dashboard/front-end/vendor/laravel/framework/src/Illuminate/Foundation/Exceptions/Handler.php(839): Illuminate/Foundation/Exceptions/Handler->prepareResponse(Object(Illuminate/Http/Request), Object(InvalidArgumentException))
#31 C:/Users/0909W/OneDrive/Documenten/GitHub/Educom-Trainee-Dashboard/front-end/vendor/laravel/framework/src/Illuminate/Foundation/Exceptions/Handler.php(726): Illuminate/Foundation/Exceptions/Handler->renderExceptionResponse(Object(Illuminate/Http/Request), Object(InvalidArgumentException))
#32 C:/Users/0909W/OneDrive/Documenten/GitHub/Educom-Trainee-Dashboard/front-end/vendor/laravel/framework/src/Illuminate/Routing/Pipeline.php(51): Illuminate/Foundation/Exceptions/Handler->render(Object(Illuminate/Http/Request), Object(InvalidArgumentException))
#33 C:/Users/0909W/OneDrive/Documenten/GitHub/Educom-Trainee-Dashboard/front-end/vendor/laravel/framework/src/Illuminate/Pipeline/Pipeline.php(224): Illuminate/Routing/Pipeline->handleException(Object(Illuminate/Http/Request), Object(InvalidArgumentException))
#34 C:/Users/0909W/OneDrive/Documenten/GitHub/Educom-Trainee-Dashboard/front-end/vendor/laravel/framework/src/Illuminate/Foundation/Http/Middleware/TransformsRequest.php(21): Illuminate/Pipeline/Pipeline->{closure:{closure:Illuminate/Pipeline/Pipeline::carry():194}:195}(Object(Illuminate/Http/Request))
#35 C:/Users/0909W/OneDrive/Documenten/GitHub/Educom-Trainee-Dashboard/front-end/vendor/laravel/framework/src/Illuminate/Foundation/Http/Middleware/TrimStrings.php(51): Illuminate/Foundation/Http/Middleware/TransformsRequest->handle(Object(Illuminate/Http/Request), Object(Closure))
#36 C:/Users/0909W/OneDrive/Documenten/GitHub/Educom-Trainee-Dashboard/front-end/vendor/laravel/framework/src/Illuminate/Pipeline/Pipeline.php(219): Illuminate/Foundation/Http/Middleware/TrimStrings->handle(Object(Illuminate/Http/Request), Object(Closure))
#37 C:/Users/0909W/OneDrive/Documenten/GitHub/Educom-Trainee-Dashboard/front-end/vendor/laravel/framework/src/Illuminate/Http/Middleware/ValidatePostSize.php(27): Illuminate/Pipeline/Pipeline->{closure:{closure:Illuminate/Pipeline/Pipeline::carry():194}:195}(Object(Illuminate/Http/Request))
#38 C:/Users/0909W/OneDrive/Documenten/GitHub/Educom-Trainee-Dashboard/front-end/vendor/laravel/framework/src/Illuminate/Pipeline/Pipeline.php(219): Illuminate/Http/Middleware/ValidatePostSize->handle(Object(Illuminate/Http/Request), Object(Closure))
#39 C:/Users/0909W/OneDrive/Documenten/GitHub/Educom-Trainee-Dashboard/front-end/vendor/laravel/framework/src/Illuminate/Foundation/Http/Middleware/PreventRequestsDuringMaintenance.php(109): Illuminate/Pipeline/Pipeline->{closure:{closure:Illuminate/Pipeline/Pipeline::carry():194}:195}(Object(Illuminate/Http/Request))
#40 C:/Users/0909W/OneDrive/Documenten/GitHub/Educom-Trainee-Dashboard/front-end/vendor/laravel/framework/src/Illuminate/Pipeline/Pipeline.php(219): Illuminate/Foundation/Http/Middleware/PreventRequestsDuringMaintenance->handle(Object(Illuminate/Http/Request), Object(Closure))
#41 C:/Users/0909W/OneDrive/Documenten/GitHub/Educom-Trainee-Dashboard/front-end/vendor/laravel/framework/src/Illuminate/Http/Middleware/HandleCors.php(61): Illuminate/Pipeline/Pipeline->{closure:{closure:Illuminate/Pipeline/Pipeline::carry():194}:195}(Object(Illuminate/Http/Request))
#42 C:/Users/0909W/OneDrive/Documenten/GitHub/Educom-Trainee-Dashboard/front-end/vendor/laravel/framework/src/Illuminate/Pipeline/Pipeline.php(219): Illuminate/Http/Middleware/HandleCors->handle(Object(Illuminate/Http/Request), Object(Closure))
#43 C:/Users/0909W/OneDrive/Documenten/GitHub/Educom-Trainee-Dashboard/front-end/vendor/laravel/framework/src/Illuminate/Http/Middleware/TrustProxies.php(58): Illuminate/Pipeline/Pipeline->{closure:{closure:Illuminate/Pipeline/Pipeline::carry():194}:195}(Object(Illuminate/Http/Request))
#44 C:/Users/0909W/OneDrive/Documenten/GitHub/Educom-Trainee-Dashboard/front-end/vendor/laravel/framework/src/Illuminate/Pipeline/Pipeline.php(219): Illuminate/Http/Middleware/TrustProxies->handle(Object(Illuminate/Http/Request), Object(Closure))
#45 C:/Users/0909W/OneDrive/Documenten/GitHub/Educom-Trainee-Dashboard/front-end/vendor/laravel/framework/src/Illuminate/Foundation/Http/Middleware/InvokeDeferredCallbacks.php(22): Illuminate/Pipeline/Pipeline->{closure:{closure:Illuminate/Pipeline/Pipeline::carry():194}:195}(Object(Illuminate/Http/Request))
#46 C:/Users/0909W/OneDrive/Documenten/GitHub/Educom-Trainee-Dashboard/front-end/vendor/laravel/framework/src/Illuminate/Pipeline/Pipeline.php(219): Illuminate/Foundation/Http/Middleware/InvokeDeferredCallbacks->handle(Object(Illuminate/Http/Request), Object(Closure))
#47 C:/Users/0909W/OneDrive/Documenten/GitHub/Educom-Trainee-Dashboard/front-end/vendor/laravel/framework/src/Illuminate/Http/Middleware/ValidatePathEncoding.php(28): Illuminate/Pipeline/Pipeline->{closure:{closure:Illuminate/Pipeline/Pipeline::carry():194}:195}(Object(Illuminate/Http/Request))
#48 C:/Users/0909W/OneDrive/Documenten/GitHub/Educom-Trainee-Dashboard/front-end/vendor/laravel/framework/src/Illuminate/Pipeline/Pipeline.php(219): Illuminate/Http/Middleware/ValidatePathEncoding->handle(Object(Illuminate/Http/Request), Object(Closure))
#49 C:/Users/0909W/OneDrive/Documenten/GitHub/Educom-Trainee-Dashboard/front-end/vendor/laravel/framework/src/Illuminate/Pipeline/Pipeline.php(137): Illuminate/Pipeline/Pipeline->{closure:{closure:Illuminate/Pipeline/Pipeline::carry():194}:195}(Object(Illuminate/Http/Request))
#50 C:/Users/0909W/OneDrive/Documenten/GitHub/Educom-Trainee-Dashboard/front-end/vendor/laravel/framework/src/Illuminate/Foundation/Http/Kernel.php(175): Illuminate/Pipeline/Pipeline->then(Object(Closure))
#51 C:/Users/0909W/OneDrive/Documenten/GitHub/Educom-Trainee-Dashboard/front-end/vendor/laravel/framework/src/Illuminate/Foundation/Http/Kernel.php(144): Illuminate/Foundation/Http/Kernel->sendRequestThroughRouter(Object(Illuminate/Http/Request))
#52 C:/Users/0909W/OneDrive/Documenten/GitHub/Educom-Trainee-Dashboard/front-end/vendor/laravel/framework/src/Illuminate/Foundation/Application.php(1220): Illuminate/Foundation/Http/Kernel->handle(Object(Illuminate/Http/Request))
#53 C:/Users/0909W/OneDrive/Documenten/GitHub/Educom-Trainee-Dashboard/front-end/public/index.php(20): Illuminate/Foundation/Application->handleRequest(Object(Illuminate/Http/Request))
#54 C:/Users/0909W/OneDrive/Documenten/GitHub/Educom-Trainee-Dashboard/front-end/vendor/laravel/framework/src/Illuminate/Foundation/resources/server.php(23): require_once('C://Users//0909W//...')
#55 {main}
"} 
[2026-07-14 13:52:59] local.ERROR: Database connection [postgresql] not configured. {"exception":"[object] (InvalidArgumentException(code: 0): Database connection [postgresql] not configured. at C:/Users/0909W/OneDrive/Documenten/GitHub/Educom-Trainee-Dashboard/front-end/vendor/laravel/framework/src/Illuminate/Database/DatabaseManager.php:226)
[stacktrace]
#0 C:/Users/0909W/OneDrive/Documenten/GitHub/Educom-Trainee-Dashboard/front-end/vendor/laravel/framework/src/Illuminate/Database/DatabaseManager.php(192): Illuminate/Database/DatabaseManager->configuration('postgresql')
#1 C:/Users/0909W/OneDrive/Documenten/GitHub/Educom-Trainee-Dashboard/front-end/vendor/laravel/framework/src/Illuminate/Database/DatabaseManager.php(103): Illuminate/Database/DatabaseManager->makeConnection('postgresql')
#2 C:/Users/0909W/OneDrive/Documenten/GitHub/Educom-Trainee-Dashboard/front-end/vendor/laravel/framework/src/Illuminate/Session/SessionManager.php(110): Illuminate/Database/DatabaseManager->connection('postgresql')
#3 C:/Users/0909W/OneDrive/Documenten/GitHub/Educom-Trainee-Dashboard/front-end/vendor/laravel/framework/src/Illuminate/Session/SessionManager.php(97): Illuminate/Session/SessionManager->getDatabaseConnection()
#4 C:/Users/0909W/OneDrive/Documenten/GitHub/Educom-Trainee-Dashboard/front-end/vendor/laravel/framework/src/Illuminate/Support/Manager.php(105): Illuminate/Session/SessionManager->createDatabaseDriver()
#5 C:/Users/0909W/OneDrive/Documenten/GitHub/Educom-Trainee-Dashboard/front-end/vendor/laravel/framework/src/Illuminate/Support/Manager.php(82): Illuminate/Support/Manager->createDriver('database')
#6 C:/Users/0909W/OneDrive/Documenten/GitHub/Educom-Trainee-Dashboard/front-end/vendor/laravel/framework/src/Illuminate/Session/SessionServiceProvider.php(52): Illuminate/Support/Manager->driver()
#7 C:/Users/0909W/OneDrive/Documenten/GitHub/Educom-Trainee-Dashboard/front-end/vendor/laravel/framework/src/Illuminate/Container/Container.php(1118): Illuminate/Session/SessionServiceProvider->{closure:Illuminate/Session/SessionServiceProvider::registerSessionDriver():48}(Object(Illuminate/Foundation/Application), Array)
#8 C:/Users/0909W/OneDrive/Documenten/GitHub/Educom-Trainee-Dashboard/front-end/vendor/laravel/framework/src/Illuminate/Container/Container.php(936): Illuminate/Container/Container->build(Object(Closure))
#9 C:/Users/0909W/OneDrive/Documenten/GitHub/Educom-Trainee-Dashboard/front-end/vendor/laravel/framework/src/Illuminate/Foundation/Application.php(1078): Illuminate/Container/Container->resolve('session.store', Array, true)
#10 C:/Users/0909W/OneDrive/Documenten/GitHub/Educom-Trainee-Dashboard/front-end/vendor/laravel/framework/src/Illuminate/Container/Container.php(864): Illuminate/Foundation/Application->resolve('session.store', Array)
#11 C:/Users/0909W/OneDrive/Documenten/GitHub/Educom-Trainee-Dashboard/front-end/vendor/laravel/framework/src/Illuminate/Foundation/Application.php(1058): Illuminate/Container/Container->make('session.store', Array)
#12 C:/Users/0909W/OneDrive/Documenten/GitHub/Educom-Trainee-Dashboard/front-end/vendor/laravel/framework/src/Illuminate/Container/Container.php(1810): Illuminate/Foundation/Application->make('session.store')
#13 C:/Users/0909W/OneDrive/Documenten/GitHub/Educom-Trainee-Dashboard/front-end/vendor/laravel/framework/src/Illuminate/Routing/RoutingServiceProvider.php(121): Illuminate/Container/Container->offsetGet('session.store')
#14 C:/Users/0909W/OneDrive/Documenten/GitHub/Educom-Trainee-Dashboard/front-end/vendor/laravel/framework/src/Illuminate/Container/Container.php(1118): Illuminate/Routing/RoutingServiceProvider->{closure:Illuminate/Routing/RoutingServiceProvider::registerRedirector():114}(Object(Illuminate/Foundation/Application), Array)
#15 C:/Users/0909W/OneDrive/Documenten/GitHub/Educom-Trainee-Dashboard/front-end/vendor/laravel/framework/src/Illuminate/Container/Container.php(936): Illuminate/Container/Container->build(Object(Closure))
#16 C:/Users/0909W/OneDrive/Documenten/GitHub/Educom-Trainee-Dashboard/front-end/vendor/laravel/framework/src/Illuminate/Foundation/Application.php(1078): Illuminate/Container/Container->resolve('redirect', Array, true)
#17 C:/Users/0909W/OneDrive/Documenten/GitHub/Educom-Trainee-Dashboard/front-end/vendor/laravel/framework/src/Illuminate/Container/Container.php(864): Illuminate/Foundation/Application->resolve('redirect', Array)
#18 C:/Users/0909W/OneDrive/Documenten/GitHub/Educom-Trainee-Dashboard/front-end/vendor/laravel/framework/src/Illuminate/Foundation/Application.php(1058): Illuminate/Container/Container->make('redirect', Array)
#19 C:/Users/0909W/OneDrive/Documenten/GitHub/Educom-Trainee-Dashboard/front-end/vendor/laravel/framework/src/Illuminate/Container/Container.php(1810): Illuminate/Foundation/Application->make('redirect')
#20 C:/Users/0909W/OneDrive/Documenten/GitHub/Educom-Trainee-Dashboard/front-end/vendor/laravel/framework/src/Illuminate/Routing/RoutingServiceProvider.php(181): Illuminate/Container/Container->offsetGet('redirect')
#21 C:/Users/0909W/OneDrive/Documenten/GitHub/Educom-Trainee-Dashboard/front-end/vendor/laravel/framework/src/Illuminate/Container/Container.php(1118): Illuminate/Routing/RoutingServiceProvider->{closure:Illuminate/Routing/RoutingServiceProvider::registerResponseFactory():180}(Object(Illuminate/Foundation/Application), Array)
#22 C:/Users/0909W/OneDrive/Documenten/GitHub/Educom-Trainee-Dashboard/front-end/vendor/laravel/framework/src/Illuminate/Container/Container.php(936): Illuminate/Container/Container->build(Object(Closure))
#23 C:/Users/0909W/OneDrive/Documenten/GitHub/Educom-Trainee-Dashboard/front-end/vendor/laravel/framework/src/Illuminate/Foundation/Application.php(1078): Illuminate/Container/Container->resolve('Illuminate//Cont...', Array, true)
#24 C:/Users/0909W/OneDrive/Documenten/GitHub/Educom-Trainee-Dashboard/front-end/vendor/laravel/framework/src/Illuminate/Container/Container.php(864): Illuminate/Foundation/Application->resolve('Illuminate//Cont...', Array)
#25 C:/Users/0909W/OneDrive/Documenten/GitHub/Educom-Trainee-Dashboard/front-end/vendor/laravel/framework/src/Illuminate/Foundation/Application.php(1058): Illuminate/Container/Container->make('Illuminate//Cont...', Array)
#26 C:/Users/0909W/OneDrive/Documenten/GitHub/Educom-Trainee-Dashboard/front-end/vendor/laravel/framework/src/Illuminate/Foundation/helpers.php(138): Illuminate/Foundation/Application->make('Illuminate//Cont...', Array)
#27 C:/Users/0909W/OneDrive/Documenten/GitHub/Educom-Trainee-Dashboard/front-end/vendor/laravel/framework/src/Illuminate/Foundation/helpers.php(850): app('Illuminate//Cont...')
#28 C:/Users/0909W/OneDrive/Documenten/GitHub/Educom-Trainee-Dashboard/front-end/vendor/laravel/framework/src/Illuminate/Foundation/Exceptions/Handler.php(1098): response('<!DOCTYPE html>...', 500, Array)
#29 C:/Users/0909W/OneDrive/Documenten/GitHub/Educom-Trainee-Dashboard/front-end/vendor/laravel/framework/src/Illuminate/Foundation/Exceptions/Handler.php(948): Illuminate/Foundation/Exceptions/Handler->toIlluminateResponse(Object(Symfony/Component/HttpFoundation/Response), Object(InvalidArgumentException))
#30 C:/Users/0909W/OneDrive/Documenten/GitHub/Educom-Trainee-Dashboard/front-end/vendor/laravel/framework/src/Illuminate/Foundation/Exceptions/Handler.php(839): Illuminate/Foundation/Exceptions/Handler->prepareResponse(Object(Illuminate/Http/Request), Object(InvalidArgumentException))
#31 C:/Users/0909W/OneDrive/Documenten/GitHub/Educom-Trainee-Dashboard/front-end/vendor/laravel/framework/src/Illuminate/Foundation/Exceptions/Handler.php(726): Illuminate/Foundation/Exceptions/Handler->renderExceptionResponse(Object(Illuminate/Http/Request), Object(InvalidArgumentException))
#32 C:/Users/0909W/OneDrive/Documenten/GitHub/Educom-Trainee-Dashboard/front-end/vendor/laravel/framework/src/Illuminate/Routing/Pipeline.php(51): Illuminate/Foundation/Exceptions/Handler->render(Object(Illuminate/Http/Request), Object(InvalidArgumentException))
#33 C:/Users/0909W/OneDrive/Documenten/GitHub/Educom-Trainee-Dashboard/front-end/vendor/laravel/framework/src/Illuminate/Pipeline/Pipeline.php(224): Illuminate/Routing/Pipeline->handleException(Object(Illuminate/Http/Request), Object(InvalidArgumentException))
#34 C:/Users/0909W/OneDrive/Documenten/GitHub/Educom-Trainee-Dashboard/front-end/vendor/laravel/framework/src/Illuminate/Http/Middleware/ValidatePostSize.php(27): Illuminate/Pipeline/Pipeline->{closure:{closure:Illuminate/Pipeline/Pipeline::carry():194}:195}(Object(Illuminate/Http/Request))
#35 C:/Users/0909W/OneDrive/Documenten/GitHub/Educom-Trainee-Dashboard/front-end/vendor/laravel/framework/src/Illuminate/Pipeline/Pipeline.php(219): Illuminate/Http/Middleware/ValidatePostSize->handle(Object(Illuminate/Http/Request), Object(Closure))
#36 C:/Users/0909W/OneDrive/Documenten/GitHub/Educom-Trainee-Dashboard/front-end/vendor/laravel/framework/src/Illuminate/Foundation/Http/Middleware/PreventRequestsDuringMaintenance.php(109): Illuminate/Pipeline/Pipeline->{closure:{closure:Illuminate/Pipeline/Pipeline::carry():194}:195}(Object(Illuminate/Http/Request))
#37 C:/Users/0909W/OneDrive/Documenten/GitHub/Educom-Trainee-Dashboard/front-end/vendor/laravel/framework/src/Illuminate/Pipeline/Pipeline.php(219): Illuminate/Foundation/Http/Middleware/PreventRequestsDuringMaintenance->handle(Object(Illuminate/Http/Request), Object(Closure))
#38 C:/Users/0909W/OneDrive/Documenten/GitHub/Educom-Trainee-Dashboard/front-end/vendor/laravel/framework/src/Illuminate/Http/Middleware/HandleCors.php(61): Illuminate/Pipeline/Pipeline->{closure:{closure:Illuminate/Pipeline/Pipeline::carry():194}:195}(Object(Illuminate/Http/Request))
#39 C:/Users/0909W/OneDrive/Documenten/GitHub/Educom-Trainee-Dashboard/front-end/vendor/laravel/framework/src/Illuminate/Pipeline/Pipeline.php(219): Illuminate/Http/Middleware/HandleCors->handle(Object(Illuminate/Http/Request), Object(Closure))
#40 C:/Users/0909W/OneDrive/Documenten/GitHub/Educom-Trainee-Dashboard/front-end/vendor/laravel/framework/src/Illuminate/Http/Middleware/TrustProxies.php(58): Illuminate/Pipeline/Pipeline->{closure:{closure:Illuminate/Pipeline/Pipeline::carry():194}:195}(Object(Illuminate/Http/Request))
#41 C:/Users/0909W/OneDrive/Documenten/GitHub/Educom-Trainee-Dashboard/front-end/vendor/laravel/framework/src/Illuminate/Pipeline/Pipeline.php(219): Illuminate/Http/Middleware/TrustProxies->handle(Object(Illuminate/Http/Request), Object(Closure))
#42 C:/Users/0909W/OneDrive/Documenten/GitHub/Educom-Trainee-Dashboard/front-end/vendor/laravel/framework/src/Illuminate/Foundation/Http/Middleware/InvokeDeferredCallbacks.php(22): Illuminate/Pipeline/Pipeline->{closure:{closure:Illuminate/Pipeline/Pipeline::carry():194}:195}(Object(Illuminate/Http/Request))
#43 C:/Users/0909W/OneDrive/Documenten/GitHub/Educom-Trainee-Dashboard/front-end/vendor/laravel/framework/src/Illuminate/Pipeline/Pipeline.php(219): Illuminate/Foundation/Http/Middleware/InvokeDeferredCallbacks->handle(Object(Illuminate/Http/Request), Object(Closure))
#44 C:/Users/0909W/OneDrive/Documenten/GitHub/Educom-Trainee-Dashboard/front-end/vendor/laravel/framework/src/Illuminate/Http/Middleware/ValidatePathEncoding.php(28): Illuminate/Pipeline/Pipeline->{closure:{closure:Illuminate/Pipeline/Pipeline::carry():194}:195}(Object(Illuminate/Http/Request))
#45 C:/Users/0909W/OneDrive/Documenten/GitHub/Educom-Trainee-Dashboard/front-end/vendor/laravel/framework/src/Illuminate/Pipeline/Pipeline.php(219): Illuminate/Http/Middleware/ValidatePathEncoding->handle(Object(Illuminate/Http/Request), Object(Closure))
#46 C:/Users/0909W/OneDrive/Documenten/GitHub/Educom-Trainee-Dashboard/front-end/vendor/laravel/framework/src/Illuminate/Pipeline/Pipeline.php(137): Illuminate/Pipeline/Pipeline->{closure:{closure:Illuminate/Pipeline/Pipeline::carry():194}:195}(Object(Illuminate/Http/Request))
#47 C:/Users/0909W/OneDrive/Documenten/GitHub/Educom-Trainee-Dashboard/front-end/vendor/laravel/framework/src/Illuminate/Foundation/Http/Kernel.php(175): Illuminate/Pipeline/Pipeline->then(Object(Closure))
#48 C:/Users/0909W/OneDrive/Documenten/GitHub/Educom-Trainee-Dashboard/front-end/vendor/laravel/framework/src/Illuminate/Foundation/Http/Kernel.php(144): Illuminate/Foundation/Http/Kernel->sendRequestThroughRouter(Object(Illuminate/Http/Request))
#49 C:/Users/0909W/OneDrive/Documenten/GitHub/Educom-Trainee-Dashboard/front-end/vendor/laravel/framework/src/Illuminate/Foundation/Application.php(1220): Illuminate/Foundation/Http/Kernel->handle(Object(Illuminate/Http/Request))
#50 C:/Users/0909W/OneDrive/Documenten/GitHub/Educom-Trainee-Dashboard/front-end/public/index.php(20): Illuminate/Foundation/Application->handleRequest(Object(Illuminate/Http/Request))
#51 C:/Users/0909W/OneDrive/Documenten/GitHub/Educom-Trainee-Dashboard/front-end/vendor/laravel/framework/src/Illuminate/Foundation/resources/server.php(23): require_once('C://Users//0909W//...')
#52 {main}
"} 
[2026-07-14 13:53:00] local.ERROR: Database connection [postgresql] not configured. {"exception":"[object] (InvalidArgumentException(code: 0): Database connection [postgresql] not configured. at C:/Users/0909W/OneDrive/Documenten/GitHub/Educom-Trainee-Dashboard/front-end/vendor/laravel/framework/src/Illuminate/Database/DatabaseManager.php:226)
[stacktrace]
#0 C:/Users/0909W/OneDrive/Documenten/GitHub/Educom-Trainee-Dashboard/front-end/vendor/laravel/framework/src/Illuminate/Database/DatabaseManager.php(192): Illuminate/Database/DatabaseManager->configuration('postgresql')
#1 C:/Users/0909W/OneDrive/Documenten/GitHub/Educom-Trainee-Dashboard/front-end/vendor/laravel/framework/src/Illuminate/Database/DatabaseManager.php(103): Illuminate/Database/DatabaseManager->makeConnection('postgresql')
#2 C:/Users/0909W/OneDrive/Documenten/GitHub/Educom-Trainee-Dashboard/front-end/vendor/laravel/framework/src/Illuminate/Session/SessionManager.php(110): Illuminate/Database/DatabaseManager->connection('postgresql')
#3 C:/Users/0909W/OneDrive/Documenten/GitHub/Educom-Trainee-Dashboard/front-end/vendor/laravel/framework/src/Illuminate/Session/SessionManager.php(97): Illuminate/Session/SessionManager->getDatabaseConnection()
#4 C:/Users/0909W/OneDrive/Documenten/GitHub/Educom-Trainee-Dashboard/front-end/vendor/laravel/framework/src/Illuminate/Support/Manager.php(105): Illuminate/Session/SessionManager->createDatabaseDriver()
#5 C:/Users/0909W/OneDrive/Documenten/GitHub/Educom-Trainee-Dashboard/front-end/vendor/laravel/framework/src/Illuminate/Support/Manager.php(82): Illuminate/Support/Manager->createDriver('database')
#6 C:/Users/0909W/OneDrive/Documenten/GitHub/Educom-Trainee-Dashboard/front-end/vendor/laravel/framework/src/Illuminate/Session/SessionServiceProvider.php(52): Illuminate/Support/Manager->driver()
#7 C:/Users/0909W/OneDrive/Documenten/GitHub/Educom-Trainee-Dashboard/front-end/vendor/laravel/framework/src/Illuminate/Container/Container.php(1118): Illuminate/Session/SessionServiceProvider->{closure:Illuminate/Session/SessionServiceProvider::registerSessionDriver():48}(Object(Illuminate/Foundation/Application), Array)
#8 C:/Users/0909W/OneDrive/Documenten/GitHub/Educom-Trainee-Dashboard/front-end/vendor/laravel/framework/src/Illuminate/Container/Container.php(936): Illuminate/Container/Container->build(Object(Closure))
#9 C:/Users/0909W/OneDrive/Documenten/GitHub/Educom-Trainee-Dashboard/front-end/vendor/laravel/framework/src/Illuminate/Foundation/Application.php(1078): Illuminate/Container/Container->resolve('session.store', Array, true)
#10 C:/Users/0909W/OneDrive/Documenten/GitHub/Educom-Trainee-Dashboard/front-end/vendor/laravel/framework/src/Illuminate/Container/Container.php(864): Illuminate/Foundation/Application->resolve('session.store', Array)
#11 C:/Users/0909W/OneDrive/Documenten/GitHub/Educom-Trainee-Dashboard/front-end/vendor/laravel/framework/src/Illuminate/Foundation/Application.php(1058): Illuminate/Container/Container->make('session.store', Array)
#12 C:/Users/0909W/OneDrive/Documenten/GitHub/Educom-Trainee-Dashboard/front-end/vendor/laravel/framework/src/Illuminate/Container/Container.php(1810): Illuminate/Foundation/Application->make('session.store')
#13 C:/Users/0909W/OneDrive/Documenten/GitHub/Educom-Trainee-Dashboard/front-end/vendor/laravel/framework/src/Illuminate/Routing/RoutingServiceProvider.php(121): Illuminate/Container/Container->offsetGet('session.store')
#14 C:/Users/0909W/OneDrive/Documenten/GitHub/Educom-Trainee-Dashboard/front-end/vendor/laravel/framework/src/Illuminate/Container/Container.php(1118): Illuminate/Routing/RoutingServiceProvider->{closure:Illuminate/Routing/RoutingServiceProvider::registerRedirector():114}(Object(Illuminate/Foundation/Application), Array)
#15 C:/Users/0909W/OneDrive/Documenten/GitHub/Educom-Trainee-Dashboard/front-end/vendor/laravel/framework/src/Illuminate/Container/Container.php(936): Illuminate/Container/Container->build(Object(Closure))
#16 C:/Users/0909W/OneDrive/Documenten/GitHub/Educom-Trainee-Dashboard/front-end/vendor/laravel/framework/src/Illuminate/Foundation/Application.php(1078): Illuminate/Container/Container->resolve('redirect', Array, true)
#17 C:/Users/0909W/OneDrive/Documenten/GitHub/Educom-Trainee-Dashboard/front-end/vendor/laravel/framework/src/Illuminate/Container/Container.php(864): Illuminate/Foundation/Application->resolve('redirect', Array)
#18 C:/Users/0909W/OneDrive/Documenten/GitHub/Educom-Trainee-Dashboard/front-end/vendor/laravel/framework/src/Illuminate/Foundation/Application.php(1058): Illuminate/Container/Container->make('redirect', Array)
#19 C:/Users/0909W/OneDrive/Documenten/GitHub/Educom-Trainee-Dashboard/front-end/vendor/laravel/framework/src/Illuminate/Container/Container.php(1810): Illuminate/Foundation/Application->make('redirect')
#20 C:/Users/0909W/OneDrive/Documenten/GitHub/Educom-Trainee-Dashboard/front-end/vendor/laravel/framework/src/Illuminate/Routing/RoutingServiceProvider.php(181): Illuminate/Container/Container->offsetGet('redirect')
#21 C:/Users/0909W/OneDrive/Documenten/GitHub/Educom-Trainee-Dashboard/front-end/vendor/laravel/framework/src/Illuminate/Container/Container.php(1118): Illuminate/Routing/RoutingServiceProvider->{closure:Illuminate/Routing/RoutingServiceProvider::registerResponseFactory():180}(Object(Illuminate/Foundation/Application), Array)
#22 C:/Users/0909W/OneDrive/Documenten/GitHub/Educom-Trainee-Dashboard/front-end/vendor/laravel/framework/src/Illuminate/Container/Container.php(936): Illuminate/Container/Container->build(Object(Closure))
#23 C:/Users/0909W/OneDrive/Documenten/GitHub/Educom-Trainee-Dashboard/front-end/vendor/laravel/framework/src/Illuminate/Foundation/Application.php(1078): Illuminate/Container/Container->resolve('Illuminate//Cont...', Array, true)
#24 C:/Users/0909W/OneDrive/Documenten/GitHub/Educom-Trainee-Dashboard/front-end/vendor/laravel/framework/src/Illuminate/Container/Container.php(864): Illuminate/Foundation/Application->resolve('Illuminate//Cont...', Array)
#25 C:/Users/0909W/OneDrive/Documenten/GitHub/Educom-Trainee-Dashboard/front-end/vendor/laravel/framework/src/Illuminate/Foundation/Application.php(1058): Illuminate/Container/Container->make('Illuminate//Cont...', Array)
#26 C:/Users/0909W/OneDrive/Documenten/GitHub/Educom-Trainee-Dashboard/front-end/vendor/laravel/framework/src/Illuminate/Foundation/helpers.php(138): Illuminate/Foundation/Application->make('Illuminate//Cont...', Array)
#27 C:/Users/0909W/OneDrive/Documenten/GitHub/Educom-Trainee-Dashboard/front-end/vendor/laravel/framework/src/Illuminate/Foundation/helpers.php(850): app('Illuminate//Cont...')
#28 C:/Users/0909W/OneDrive/Documenten/GitHub/Educom-Trainee-Dashboard/front-end/vendor/laravel/framework/src/Illuminate/Foundation/Exceptions/Handler.php(1098): response('<!DOCTYPE html>...', 500, Array)
#29 C:/Users/0909W/OneDrive/Documenten/GitHub/Educom-Trainee-Dashboard/front-end/vendor/laravel/framework/src/Illuminate/Foundation/Exceptions/Handler.php(948): Illuminate/Foundation/Exceptions/Handler->toIlluminateResponse(Object(Symfony/Component/HttpFoundation/Response), Object(InvalidArgumentException))
#30 C:/Users/0909W/OneDrive/Documenten/GitHub/Educom-Trainee-Dashboard/front-end/vendor/laravel/framework/src/Illuminate/Foundation/Exceptions/Handler.php(839): Illuminate/Foundation/Exceptions/Handler->prepareResponse(Object(Illuminate/Http/Request), Object(InvalidArgumentException))
#31 C:/Users/0909W/OneDrive/Documenten/GitHub/Educom-Trainee-Dashboard/front-end/vendor/laravel/framework/src/Illuminate/Foundation/Exceptions/Handler.php(726): Illuminate/Foundation/Exceptions/Handler->renderExceptionResponse(Object(Illuminate/Http/Request), Object(InvalidArgumentException))
#32 C:/Users/0909W/OneDrive/Documenten/GitHub/Educom-Trainee-Dashboard/front-end/vendor/laravel/framework/src/Illuminate/Routing/Pipeline.php(51): Illuminate/Foundation/Exceptions/Handler->render(Object(Illuminate/Http/Request), Object(InvalidArgumentException))
#33 C:/Users/0909W/OneDrive/Documenten/GitHub/Educom-Trainee-Dashboard/front-end/vendor/laravel/framework/src/Illuminate/Pipeline/Pipeline.php(224): Illuminate/Routing/Pipeline->handleException(Object(Illuminate/Http/Request), Object(InvalidArgumentException))
#34 C:/Users/0909W/OneDrive/Documenten/GitHub/Educom-Trainee-Dashboard/front-end/vendor/laravel/framework/src/Illuminate/Foundation/Http/Middleware/PreventRequestsDuringMaintenance.php(109): Illuminate/Pipeline/Pipeline->{closure:{closure:Illuminate/Pipeline/Pipeline::carry():194}:195}(Object(Illuminate/Http/Request))
#35 C:/Users/0909W/OneDrive/Documenten/GitHub/Educom-Trainee-Dashboard/front-end/vendor/laravel/framework/src/Illuminate/Pipeline/Pipeline.php(219): Illuminate/Foundation/Http/Middleware/PreventRequestsDuringMaintenance->handle(Object(Illuminate/Http/Request), Object(Closure))
#36 C:/Users/0909W/OneDrive/Documenten/GitHub/Educom-Trainee-Dashboard/front-end/vendor/laravel/framework/src/Illuminate/Http/Middleware/HandleCors.php(61): Illuminate/Pipeline/Pipeline->{closure:{closure:Illuminate/Pipeline/Pipeline::carry():194}:195}(Object(Illuminate/Http/Request))
#37 C:/Users/0909W/OneDrive/Documenten/GitHub/Educom-Trainee-Dashboard/front-end/vendor/laravel/framework/src/Illuminate/Pipeline/Pipeline.php(219): Illuminate/Http/Middleware/HandleCors->handle(Object(Illuminate/Http/Request), Object(Closure))
#38 C:/Users/0909W/OneDrive/Documenten/GitHub/Educom-Trainee-Dashboard/front-end/vendor/laravel/framework/src/Illuminate/Http/Middleware/TrustProxies.php(58): Illuminate/Pipeline/Pipeline->{closure:{closure:Illuminate/Pipeline/Pipeline::carry():194}:195}(Object(Illuminate/Http/Request))
#39 C:/Users/0909W/OneDrive/Documenten/GitHub/Educom-Trainee-Dashboard/front-end/vendor/laravel/framework/src/Illuminate/Pipeline/Pipeline.php(219): Illuminate/Http/Middleware/TrustProxies->handle(Object(Illuminate/Http/Request), Object(Closure))
#40 C:/Users/0909W/OneDrive/Documenten/GitHub/Educom-Trainee-Dashboard/front-end/vendor/laravel/framework/src/Illuminate/Foundation/Http/Middleware/InvokeDeferredCallbacks.php(22): Illuminate/Pipeline/Pipeline->{closure:{closure:Illuminate/Pipeline/Pipeline::carry():194}:195}(Object(Illuminate/Http/Request))
#41 C:/Users/0909W/OneDrive/Documenten/GitHub/Educom-Trainee-Dashboard/front-end/vendor/laravel/framework/src/Illuminate/Pipeline/Pipeline.php(219): Illuminate/Foundation/Http/Middleware/InvokeDeferredCallbacks->handle(Object(Illuminate/Http/Request), Object(Closure))
#42 C:/Users/0909W/OneDrive/Documenten/GitHub/Educom-Trainee-Dashboard/front-end/vendor/laravel/framework/src/Illuminate/Http/Middleware/ValidatePathEncoding.php(28): Illuminate/Pipeline/Pipeline->{closure:{closure:Illuminate/Pipeline/Pipeline::carry():194}:195}(Object(Illuminate/Http/Request))
#43 C:/Users/0909W/OneDrive/Documenten/GitHub/Educom-Trainee-Dashboard/front-end/vendor/laravel/framework/src/Illuminate/Pipeline/Pipeline.php(219): Illuminate/Http/Middleware/ValidatePathEncoding->handle(Object(Illuminate/Http/Request), Object(Closure))
#44 C:/Users/0909W/OneDrive/Documenten/GitHub/Educom-Trainee-Dashboard/front-end/vendor/laravel/framework/src/Illuminate/Pipeline/Pipeline.php(137): Illuminate/Pipeline/Pipeline->{closure:{closure:Illuminate/Pipeline/Pipeline::carry():194}:195}(Object(Illuminate/Http/Request))
#45 C:/Users/0909W/OneDrive/Documenten/GitHub/Educom-Trainee-Dashboard/front-end/vendor/laravel/framework/src/Illuminate/Foundation/Http/Kernel.php(175): Illuminate/Pipeline/Pipeline->then(Object(Closure))
#46 C:/Users/0909W/OneDrive/Documenten/GitHub/Educom-Trainee-Dashboard/front-end/vendor/laravel/framework/src/Illuminate/Foundation/Http/Kernel.php(144): Illuminate/Foundation/Http/Kernel->sendRequestThroughRouter(Object(Illuminate/Http/Request))
#47 C:/Users/0909W/OneDrive/Documenten/GitHub/Educom-Trainee-Dashboard/front-end/vendor/laravel/framework/src/Illuminate/Foundation/Application.php(1220): Illuminate/Foundation/Http/Kernel->handle(Object(Illuminate/Http/Request))
#48 C:/Users/0909W/OneDrive/Documenten/GitHub/Educom-Trainee-Dashboard/front-end/public/index.php(20): Illuminate/Foundation/Application->handleRequest(Object(Illuminate/Http/Request))
#49 C:/Users/0909W/OneDrive/Documenten/GitHub/Educom-Trainee-Dashboard/front-end/vendor/laravel/framework/src/Illuminate/Foundation/resources/server.php(23): require_once('C://Users//0909W//...')
#50 {main}
"} 
[2026-07-14 13:53:01] local.ERROR: Database connection [postgresql] not configured. {"exception":"[object] (InvalidArgumentException(code: 0): Database connection [postgresql] not configured. at C:/Users/0909W/OneDrive/Documenten/GitHub/Educom-Trainee-Dashboard/front-end/vendor/laravel/framework/src/Illuminate/Database/DatabaseManager.php:226)
[stacktrace]
#0 C:/Users/0909W/OneDrive/Documenten/GitHub/Educom-Trainee-Dashboard/front-end/vendor/laravel/framework/src/Illuminate/Database/DatabaseManager.php(192): Illuminate/Database/DatabaseManager->configuration('postgresql')
#1 C:/Users/0909W/OneDrive/Documenten/GitHub/Educom-Trainee-Dashboard/front-end/vendor/laravel/framework/src/Illuminate/Database/DatabaseManager.php(103): Illuminate/Database/DatabaseManager->makeConnection('postgresql')
#2 C:/Users/0909W/OneDrive/Documenten/GitHub/Educom-Trainee-Dashboard/front-end/vendor/laravel/framework/src/Illuminate/Session/SessionManager.php(110): Illuminate/Database/DatabaseManager->connection('postgresql')
#3 C:/Users/0909W/OneDrive/Documenten/GitHub/Educom-Trainee-Dashboard/front-end/vendor/laravel/framework/src/Illuminate/Session/SessionManager.php(97): Illuminate/Session/SessionManager->getDatabaseConnection()
#4 C:/Users/0909W/OneDrive/Documenten/GitHub/Educom-Trainee-Dashboard/front-end/vendor/laravel/framework/src/Illuminate/Support/Manager.php(105): Illuminate/Session/SessionManager->createDatabaseDriver()
#5 C:/Users/0909W/OneDrive/Documenten/GitHub/Educom-Trainee-Dashboard/front-end/vendor/laravel/framework/src/Illuminate/Support/Manager.php(82): Illuminate/Support/Manager->createDriver('database')
#6 C:/Users/0909W/OneDrive/Documenten/GitHub/Educom-Trainee-Dashboard/front-end/vendor/laravel/framework/src/Illuminate/Session/SessionServiceProvider.php(52): Illuminate/Support/Manager->driver()
#7 C:/Users/0909W/OneDrive/Documenten/GitHub/Educom-Trainee-Dashboard/front-end/vendor/laravel/framework/src/Illuminate/Container/Container.php(1118): Illuminate/Session/SessionServiceProvider->{closure:Illuminate/Session/SessionServiceProvider::registerSessionDriver():48}(Object(Illuminate/Foundation/Application), Array)
#8 C:/Users/0909W/OneDrive/Documenten/GitHub/Educom-Trainee-Dashboard/front-end/vendor/laravel/framework/src/Illuminate/Container/Container.php(936): Illuminate/Container/Container->build(Object(Closure))
#9 C:/Users/0909W/OneDrive/Documenten/GitHub/Educom-Trainee-Dashboard/front-end/vendor/laravel/framework/src/Illuminate/Foundation/Application.php(1078): Illuminate/Container/Container->resolve('session.store', Array, true)
#10 C:/Users/0909W/OneDrive/Documenten/GitHub/Educom-Trainee-Dashboard/front-end/vendor/laravel/framework/src/Illuminate/Container/Container.php(864): Illuminate/Foundation/Application->resolve('session.store', Array)
#11 C:/Users/0909W/OneDrive/Documenten/GitHub/Educom-Trainee-Dashboard/front-end/vendor/laravel/framework/src/Illuminate/Foundation/Application.php(1058): Illuminate/Container/Container->make('session.store', Array)
#12 C:/Users/0909W/OneDrive/Documenten/GitHub/Educom-Trainee-Dashboard/front-end/vendor/laravel/framework/src/Illuminate/Container/Container.php(1810): Illuminate/Foundation/Application->make('session.store')
#13 C:/Users/0909W/OneDrive/Documenten/GitHub/Educom-Trainee-Dashboard/front-end/vendor/laravel/framework/src/Illuminate/Routing/RoutingServiceProvider.php(121): Illuminate/Container/Container->offsetGet('session.store')
#14 C:/Users/0909W/OneDrive/Documenten/GitHub/Educom-Trainee-Dashboard/front-end/vendor/laravel/framework/src/Illuminate/Container/Container.php(1118): Illuminate/Routing/RoutingServiceProvider->{closure:Illuminate/Routing/RoutingServiceProvider::registerRedirector():114}(Object(Illuminate/Foundation/Application), Array)
#15 C:/Users/0909W/OneDrive/Documenten/GitHub/Educom-Trainee-Dashboard/front-end/vendor/laravel/framework/src/Illuminate/Container/Container.php(936): Illuminate/Container/Container->build(Object(Closure))
#16 C:/Users/0909W/OneDrive/Documenten/GitHub/Educom-Trainee-Dashboard/front-end/vendor/laravel/framework/src/Illuminate/Foundation/Application.php(1078): Illuminate/Container/Container->resolve('redirect', Array, true)
#17 C:/Users/0909W/OneDrive/Documenten/GitHub/Educom-Trainee-Dashboard/front-end/vendor/laravel/framework/src/Illuminate/Container/Container.php(864): Illuminate/Foundation/Application->resolve('redirect', Array)
#18 C:/Users/0909W/OneDrive/Documenten/GitHub/Educom-Trainee-Dashboard/front-end/vendor/laravel/framework/src/Illuminate/Foundation/Application.php(1058): Illuminate/Container/Container->make('redirect', Array)
#19 C:/Users/0909W/OneDrive/Documenten/GitHub/Educom-Trainee-Dashboard/front-end/vendor/laravel/framework/src/Illuminate/Container/Container.php(1810): Illuminate/Foundation/Application->make('redirect')
#20 C:/Users/0909W/OneDrive/Documenten/GitHub/Educom-Trainee-Dashboard/front-end/vendor/laravel/framework/src/Illuminate/Routing/RoutingServiceProvider.php(181): Illuminate/Container/Container->offsetGet('redirect')
#21 C:/Users/0909W/OneDrive/Documenten/GitHub/Educom-Trainee-Dashboard/front-end/vendor/laravel/framework/src/Illuminate/Container/Container.php(1118): Illuminate/Routing/RoutingServiceProvider->{closure:Illuminate/Routing/RoutingServiceProvider::registerResponseFactory():180}(Object(Illuminate/Foundation/Application), Array)
#22 C:/Users/0909W/OneDrive/Documenten/GitHub/Educom-Trainee-Dashboard/front-end/vendor/laravel/framework/src/Illuminate/Container/Container.php(936): Illuminate/Container/Container->build(Object(Closure))
#23 C:/Users/0909W/OneDrive/Documenten/GitHub/Educom-Trainee-Dashboard/front-end/vendor/laravel/framework/src/Illuminate/Foundation/Application.php(1078): Illuminate/Container/Container->resolve('Illuminate//Cont...', Array, true)
#24 C:/Users/0909W/OneDrive/Documenten/GitHub/Educom-Trainee-Dashboard/front-end/vendor/laravel/framework/src/Illuminate/Container/Container.php(864): Illuminate/Foundation/Application->resolve('Illuminate//Cont...', Array)
#25 C:/Users/0909W/OneDrive/Documenten/GitHub/Educom-Trainee-Dashboard/front-end/vendor/laravel/framework/src/Illuminate/Foundation/Application.php(1058): Illuminate/Container/Container->make('Illuminate//Cont...', Array)
#26 C:/Users/0909W/OneDrive/Documenten/GitHub/Educom-Trainee-Dashboard/front-end/vendor/laravel/framework/src/Illuminate/Foundation/helpers.php(138): Illuminate/Foundation/Application->make('Illuminate//Cont...', Array)
#27 C:/Users/0909W/OneDrive/Documenten/GitHub/Educom-Trainee-Dashboard/front-end/vendor/laravel/framework/src/Illuminate/Foundation/helpers.php(850): app('Illuminate//Cont...')
#28 C:/Users/0909W/OneDrive/Documenten/GitHub/Educom-Trainee-Dashboard/front-end/vendor/laravel/framework/src/Illuminate/Foundation/Exceptions/Handler.php(1098): response('<!DOCTYPE html>...', 500, Array)
#29 C:/Users/0909W/OneDrive/Documenten/GitHub/Educom-Trainee-Dashboard/front-end/vendor/laravel/framework/src/Illuminate/Foundation/Exceptions/Handler.php(948): Illuminate/Foundation/Exceptions/Handler->toIlluminateResponse(Object(Symfony/Component/HttpFoundation/Response), Object(InvalidArgumentException))
#30 C:/Users/0909W/OneDrive/Documenten/GitHub/Educom-Trainee-Dashboard/front-end/vendor/laravel/framework/src/Illuminate/Foundation/Exceptions/Handler.php(839): Illuminate/Foundation/Exceptions/Handler->prepareResponse(Object(Illuminate/Http/Request), Object(InvalidArgumentException))
#31 C:/Users/0909W/OneDrive/Documenten/GitHub/Educom-Trainee-Dashboard/front-end/vendor/laravel/framework/src/Illuminate/Foundation/Exceptions/Handler.php(726): Illuminate/Foundation/Exceptions/Handler->renderExceptionResponse(Object(Illuminate/Http/Request), Object(InvalidArgumentException))
#32 C:/Users/0909W/OneDrive/Documenten/GitHub/Educom-Trainee-Dashboard/front-end/vendor/laravel/framework/src/Illuminate/Routing/Pipeline.php(51): Illuminate/Foundation/Exceptions/Handler->render(Object(Illuminate/Http/Request), Object(InvalidArgumentException))
#33 C:/Users/0909W/OneDrive/Documenten/GitHub/Educom-Trainee-Dashboard/front-end/vendor/laravel/framework/src/Illuminate/Pipeline/Pipeline.php(224): Illuminate/Routing/Pipeline->handleException(Object(Illuminate/Http/Request), Object(InvalidArgumentException))
#34 C:/Users/0909W/OneDrive/Documenten/GitHub/Educom-Trainee-Dashboard/front-end/vendor/laravel/framework/src/Illuminate/Http/Middleware/HandleCors.php(61): Illuminate/Pipeline/Pipeline->{closure:{closure:Illuminate/Pipeline/Pipeline::carry():194}:195}(Object(Illuminate/Http/Request))
#35 C:/Users/0909W/OneDrive/Documenten/GitHub/Educom-Trainee-Dashboard/front-end/vendor/laravel/framework/src/Illuminate/Pipeline/Pipeline.php(219): Illuminate/Http/Middleware/HandleCors->handle(Object(Illuminate/Http/Request), Object(Closure))
#36 C:/Users/0909W/OneDrive/Documenten/GitHub/Educom-Trainee-Dashboard/front-end/vendor/laravel/framework/src/Illuminate/Http/Middleware/TrustProxies.php(58): Illuminate/Pipeline/Pipeline->{closure:{closure:Illuminate/Pipeline/Pipeline::carry():194}:195}(Object(Illuminate/Http/Request))
#37 C:/Users/0909W/OneDrive/Documenten/GitHub/Educom-Trainee-Dashboard/front-end/vendor/laravel/framework/src/Illuminate/Pipeline/Pipeline.php(219): Illuminate/Http/Middleware/TrustProxies->handle(Object(Illuminate/Http/Request), Object(Closure))
#38 C:/Users/0909W/OneDrive/Documenten/GitHub/Educom-Trainee-Dashboard/front-end/vendor/laravel/framework/src/Illuminate/Foundation/Http/Middleware/InvokeDeferredCallbacks.php(22): Illuminate/Pipeline/Pipeline->{closure:{closure:Illuminate/Pipeline/Pipeline::carry():194}:195}(Object(Illuminate/Http/Request))
#39 C:/Users/0909W/OneDrive/Documenten/GitHub/Educom-Trainee-Dashboard/front-end/vendor/laravel/framework/src/Illuminate/Pipeline/Pipeline.php(219): Illuminate/Foundation/Http/Middleware/InvokeDeferredCallbacks->handle(Object(Illuminate/Http/Request), Object(Closure))
#40 C:/Users/0909W/OneDrive/Documenten/GitHub/Educom-Trainee-Dashboard/front-end/vendor/laravel/framework/src/Illuminate/Http/Middleware/ValidatePathEncoding.php(28): Illuminate/Pipeline/Pipeline->{closure:{closure:Illuminate/Pipeline/Pipeline::carry():194}:195}(Object(Illuminate/Http/Request))
#41 C:/Users/0909W/OneDrive/Documenten/GitHub/Educom-Trainee-Dashboard/front-end/vendor/laravel/framework/src/Illuminate/Pipeline/Pipeline.php(219): Illuminate/Http/Middleware/ValidatePathEncoding->handle(Object(Illuminate/Http/Request), Object(Closure))
#42 C:/Users/0909W/OneDrive/Documenten/GitHub/Educom-Trainee-Dashboard/front-end/vendor/laravel/framework/src/Illuminate/Pipeline/Pipeline.php(137): Illuminate/Pipeline/Pipeline->{closure:{closure:Illuminate/Pipeline/Pipeline::carry():194}:195}(Object(Illuminate/Http/Request))
#43 C:/Users/0909W/OneDrive/Documenten/GitHub/Educom-Trainee-Dashboard/front-end/vendor/laravel/framework/src/Illuminate/Foundation/Http/Kernel.php(175): Illuminate/Pipeline/Pipeline->then(Object(Closure))
#44 C:/Users/0909W/OneDrive/Documenten/GitHub/Educom-Trainee-Dashboard/front-end/vendor/laravel/framework/src/Illuminate/Foundation/Http/Kernel.php(144): Illuminate/Foundation/Http/Kernel->sendRequestThroughRouter(Object(Illuminate/Http/Request))
#45 C:/Users/0909W/OneDrive/Documenten/GitHub/Educom-Trainee-Dashboard/front-end/vendor/laravel/framework/src/Illuminate/Foundation/Application.php(1220): Illuminate/Foundation/Http/Kernel->handle(Object(Illuminate/Http/Request))
#46 C:/Users/0909W/OneDrive/Documenten/GitHub/Educom-Trainee-Dashboard/front-end/public/index.php(20): Illuminate/Foundation/Application->handleRequest(Object(Illuminate/Http/Request))
#47 C:/Users/0909W/OneDrive/Documenten/GitHub/Educom-Trainee-Dashboard/front-end/vendor/laravel/framework/src/Illuminate/Foundation/resources/server.php(23): require_once('C://Users//0909W//...')
#48 {main}
"} 
[2026-07-14 13:53:02] local.ERROR: Database connection [postgresql] not configured. {"exception":"[object] (InvalidArgumentException(code: 0): Database connection [postgresql] not configured. at C:/Users/0909W/OneDrive/Documenten/GitHub/Educom-Trainee-Dashboard/front-end/vendor/laravel/framework/src/Illuminate/Database/DatabaseManager.php:226)
[stacktrace]
#0 C:/Users/0909W/OneDrive/Documenten/GitHub/Educom-Trainee-Dashboard/front-end/vendor/laravel/framework/src/Illuminate/Database/DatabaseManager.php(192): Illuminate/Database/DatabaseManager->configuration('postgresql')
#1 C:/Users/0909W/OneDrive/Documenten/GitHub/Educom-Trainee-Dashboard/front-end/vendor/laravel/framework/src/Illuminate/Database/DatabaseManager.php(103): Illuminate/Database/DatabaseManager->makeConnection('postgresql')
#2 C:/Users/0909W/OneDrive/Documenten/GitHub/Educom-Trainee-Dashboard/front-end/vendor/laravel/framework/src/Illuminate/Session/SessionManager.php(110): Illuminate/Database/DatabaseManager->connection('postgresql')
#3 C:/Users/0909W/OneDrive/Documenten/GitHub/Educom-Trainee-Dashboard/front-end/vendor/laravel/framework/src/Illuminate/Session/SessionManager.php(97): Illuminate/Session/SessionManager->getDatabaseConnection()
#4 C:/Users/0909W/OneDrive/Documenten/GitHub/Educom-Trainee-Dashboard/front-end/vendor/laravel/framework/src/Illuminate/Support/Manager.php(105): Illuminate/Session/SessionManager->createDatabaseDriver()
#5 C:/Users/0909W/OneDrive/Documenten/GitHub/Educom-Trainee-Dashboard/front-end/vendor/laravel/framework/src/Illuminate/Support/Manager.php(82): Illuminate/Support/Manager->createDriver('database')
#6 C:/Users/0909W/OneDrive/Documenten/GitHub/Educom-Trainee-Dashboard/front-end/vendor/laravel/framework/src/Illuminate/Session/SessionServiceProvider.php(52): Illuminate/Support/Manager->driver()
#7 C:/Users/0909W/OneDrive/Documenten/GitHub/Educom-Trainee-Dashboard/front-end/vendor/laravel/framework/src/Illuminate/Container/Container.php(1118): Illuminate/Session/SessionServiceProvider->{closure:Illuminate/Session/SessionServiceProvider::registerSessionDriver():48}(Object(Illuminate/Foundation/Application), Array)
#8 C:/Users/0909W/OneDrive/Documenten/GitHub/Educom-Trainee-Dashboard/front-end/vendor/laravel/framework/src/Illuminate/Container/Container.php(936): Illuminate/Container/Container->build(Object(Closure))
#9 C:/Users/0909W/OneDrive/Documenten/GitHub/Educom-Trainee-Dashboard/front-end/vendor/laravel/framework/src/Illuminate/Foundation/Application.php(1078): Illuminate/Container/Container->resolve('session.store', Array, true)
#10 C:/Users/0909W/OneDrive/Documenten/GitHub/Educom-Trainee-Dashboard/front-end/vendor/laravel/framework/src/Illuminate/Container/Container.php(864): Illuminate/Foundation/Application->resolve('session.store', Array)
#11 C:/Users/0909W/OneDrive/Documenten/GitHub/Educom-Trainee-Dashboard/front-end/vendor/laravel/framework/src/Illuminate/Foundation/Application.php(1058): Illuminate/Container/Container->make('session.store', Array)
#12 C:/Users/0909W/OneDrive/Documenten/GitHub/Educom-Trainee-Dashboard/front-end/vendor/laravel/framework/src/Illuminate/Container/Container.php(1810): Illuminate/Foundation/Application->make('session.store')
#13 C:/Users/0909W/OneDrive/Documenten/GitHub/Educom-Trainee-Dashboard/front-end/vendor/laravel/framework/src/Illuminate/Routing/RoutingServiceProvider.php(121): Illuminate/Container/Container->offsetGet('session.store')
#14 C:/Users/0909W/OneDrive/Documenten/GitHub/Educom-Trainee-Dashboard/front-end/vendor/laravel/framework/src/Illuminate/Container/Container.php(1118): Illuminate/Routing/RoutingServiceProvider->{closure:Illuminate/Routing/RoutingServiceProvider::registerRedirector():114}(Object(Illuminate/Foundation/Application), Array)
#15 C:/Users/0909W/OneDrive/Documenten/GitHub/Educom-Trainee-Dashboard/front-end/vendor/laravel/framework/src/Illuminate/Container/Container.php(936): Illuminate/Container/Container->build(Object(Closure))
#16 C:/Users/0909W/OneDrive/Documenten/GitHub/Educom-Trainee-Dashboard/front-end/vendor/laravel/framework/src/Illuminate/Foundation/Application.php(1078): Illuminate/Container/Container->resolve('redirect', Array, true)
#17 C:/Users/0909W/OneDrive/Documenten/GitHub/Educom-Trainee-Dashboard/front-end/vendor/laravel/framework/src/Illuminate/Container/Container.php(864): Illuminate/Foundation/Application->resolve('redirect', Array)
#18 C:/Users/0909W/OneDrive/Documenten/GitHub/Educom-Trainee-Dashboard/front-end/vendor/laravel/framework/src/Illuminate/Foundation/Application.php(1058): Illuminate/Container/Container->make('redirect', Array)
#19 C:/Users/0909W/OneDrive/Documenten/GitHub/Educom-Trainee-Dashboard/front-end/vendor/laravel/framework/src/Illuminate/Container/Container.php(1810): Illuminate/Foundation/Application->make('redirect')
#20 C:/Users/0909W/OneDrive/Documenten/GitHub/Educom-Trainee-Dashboard/front-end/vendor/laravel/framework/src/Illuminate/Routing/RoutingServiceProvider.php(181): Illuminate/Container/Container->offsetGet('redirect')
#21 C:/Users/0909W/OneDrive/Documenten/GitHub/Educom-Trainee-Dashboard/front-end/vendor/laravel/framework/src/Illuminate/Container/Container.php(1118): Illuminate/Routing/RoutingServiceProvider->{closure:Illuminate/Routing/RoutingServiceProvider::registerResponseFactory():180}(Object(Illuminate/Foundation/Application), Array)
#22 C:/Users/0909W/OneDrive/Documenten/GitHub/Educom-Trainee-Dashboard/front-end/vendor/laravel/framework/src/Illuminate/Container/Container.php(936): Illuminate/Container/Container->build(Object(Closure))
#23 C:/Users/0909W/OneDrive/Documenten/GitHub/Educom-Trainee-Dashboard/front-end/vendor/laravel/framework/src/Illuminate/Foundation/Application.php(1078): Illuminate/Container/Container->resolve('Illuminate//Cont...', Array, true)
#24 C:/Users/0909W/OneDrive/Documenten/GitHub/Educom-Trainee-Dashboard/front-end/vendor/laravel/framework/src/Illuminate/Container/Container.php(864): Illuminate/Foundation/Application->resolve('Illuminate//Cont...', Array)
#25 C:/Users/0909W/OneDrive/Documenten/GitHub/Educom-Trainee-Dashboard/front-end/vendor/laravel/framework/src/Illuminate/Foundation/Application.php(1058): Illuminate/Container/Container->make('Illuminate//Cont...', Array)
#26 C:/Users/0909W/OneDrive/Documenten/GitHub/Educom-Trainee-Dashboard/front-end/vendor/laravel/framework/src/Illuminate/Foundation/helpers.php(138): Illuminate/Foundation/Application->make('Illuminate//Cont...', Array)
#27 C:/Users/0909W/OneDrive/Documenten/GitHub/Educom-Trainee-Dashboard/front-end/vendor/laravel/framework/src/Illuminate/Foundation/helpers.php(850): app('Illuminate//Cont...')
#28 C:/Users/0909W/OneDrive/Documenten/GitHub/Educom-Trainee-Dashboard/front-end/vendor/laravel/framework/src/Illuminate/Foundation/Exceptions/Handler.php(1098): response('<!DOCTYPE html>...', 500, Array)
#29 C:/Users/0909W/OneDrive/Documenten/GitHub/Educom-Trainee-Dashboard/front-end/vendor/laravel/framework/src/Illuminate/Foundation/Exceptions/Handler.php(948): Illuminate/Foundation/Exceptions/Handler->toIlluminateResponse(Object(Symfony/Component/HttpFoundation/Response), Object(InvalidArgumentException))
#30 C:/Users/0909W/OneDrive/Documenten/GitHub/Educom-Trainee-Dashboard/front-end/vendor/laravel/framework/src/Illuminate/Foundation/Exceptions/Handler.php(839): Illuminate/Foundation/Exceptions/Handler->prepareResponse(Object(Illuminate/Http/Request), Object(InvalidArgumentException))
#31 C:/Users/0909W/OneDrive/Documenten/GitHub/Educom-Trainee-Dashboard/front-end/vendor/laravel/framework/src/Illuminate/Foundation/Exceptions/Handler.php(726): Illuminate/Foundation/Exceptions/Handler->renderExceptionResponse(Object(Illuminate/Http/Request), Object(InvalidArgumentException))
#32 C:/Users/0909W/OneDrive/Documenten/GitHub/Educom-Trainee-Dashboard/front-end/vendor/laravel/framework/src/Illuminate/Routing/Pipeline.php(51): Illuminate/Foundation/Exceptions/Handler->render(Object(Illuminate/Http/Request), Object(InvalidArgumentException))
#33 C:/Users/0909W/OneDrive/Documenten/GitHub/Educom-Trainee-Dashboard/front-end/vendor/laravel/framework/src/Illuminate/Pipeline/Pipeline.php(224): Illuminate/Routing/Pipeline->handleException(Object(Illuminate/Http/Request), Object(InvalidArgumentException))
#34 C:/Users/0909W/OneDrive/Documenten/GitHub/Educom-Trainee-Dashboard/front-end/vendor/laravel/framework/src/Illuminate/Http/Middleware/TrustProxies.php(58): Illuminate/Pipeline/Pipeline->{closure:{closure:Illuminate/Pipeline/Pipeline::carry():194}:195}(Object(Illuminate/Http/Request))
#35 C:/Users/0909W/OneDrive/Documenten/GitHub/Educom-Trainee-Dashboard/front-end/vendor/laravel/framework/src/Illuminate/Pipeline/Pipeline.php(219): Illuminate/Http/Middleware/TrustProxies->handle(Object(Illuminate/Http/Request), Object(Closure))
#36 C:/Users/0909W/OneDrive/Documenten/GitHub/Educom-Trainee-Dashboard/front-end/vendor/laravel/framework/src/Illuminate/Foundation/Http/Middleware/InvokeDeferredCallbacks.php(22): Illuminate/Pipeline/Pipeline->{closure:{closure:Illuminate/Pipeline/Pipeline::carry():194}:195}(Object(Illuminate/Http/Request))
#37 C:/Users/0909W/OneDrive/Documenten/GitHub/Educom-Trainee-Dashboard/front-end/vendor/laravel/framework/src/Illuminate/Pipeline/Pipeline.php(219): Illuminate/Foundation/Http/Middleware/InvokeDeferredCallbacks->handle(Object(Illuminate/Http/Request), Object(Closure))
#38 C:/Users/0909W/OneDrive/Documenten/GitHub/Educom-Trainee-Dashboard/front-end/vendor/laravel/framework/src/Illuminate/Http/Middleware/ValidatePathEncoding.php(28): Illuminate/Pipeline/Pipeline->{closure:{closure:Illuminate/Pipeline/Pipeline::carry():194}:195}(Object(Illuminate/Http/Request))
#39 C:/Users/0909W/OneDrive/Documenten/GitHub/Educom-Trainee-Dashboard/front-end/vendor/laravel/framework/src/Illuminate/Pipeline/Pipeline.php(219): Illuminate/Http/Middleware/ValidatePathEncoding->handle(Object(Illuminate/Http/Request), Object(Closure))
#40 C:/Users/0909W/OneDrive/Documenten/GitHub/Educom-Trainee-Dashboard/front-end/vendor/laravel/framework/src/Illuminate/Pipeline/Pipeline.php(137): Illuminate/Pipeline/Pipeline->{closure:{closure:Illuminate/Pipeline/Pipeline::carry():194}:195}(Object(Illuminate/Http/Request))
#41 C:/Users/0909W/OneDrive/Documenten/GitHub/Educom-Trainee-Dashboard/front-end/vendor/laravel/framework/src/Illuminate/Foundation/Http/Kernel.php(175): Illuminate/Pipeline/Pipeline->then(Object(Closure))
#42 C:/Users/0909W/OneDrive/Documenten/GitHub/Educom-Trainee-Dashboard/front-end/vendor/laravel/framework/src/Illuminate/Foundation/Http/Kernel.php(144): Illuminate/Foundation/Http/Kernel->sendRequestThroughRouter(Object(Illuminate/Http/Request))
#43 C:/Users/0909W/OneDrive/Documenten/GitHub/Educom-Trainee-Dashboard/front-end/vendor/laravel/framework/src/Illuminate/Foundation/Application.php(1220): Illuminate/Foundation/Http/Kernel->handle(Object(Illuminate/Http/Request))
#44 C:/Users/0909W/OneDrive/Documenten/GitHub/Educom-Trainee-Dashboard/front-end/public/index.php(20): Illuminate/Foundation/Application->handleRequest(Object(Illuminate/Http/Request))
#45 C:/Users/0909W/OneDrive/Documenten/GitHub/Educom-Trainee-Dashboard/front-end/vendor/laravel/framework/src/Illuminate/Foundation/resources/server.php(23): require_once('C://Users//0909W//...')
#46 {main}
"} 
[2026-07-14 13:53:03] local.ERROR: Database connection [postgresql] not configured. {"exception":"[object] (InvalidArgumentException(code: 0): Database connection [postgresql] not configured. at C:/Users/0909W/OneDrive/Documenten/GitHub/Educom-Trainee-Dashboard/front-end/vendor/laravel/framework/src/Illuminate/Database/DatabaseManager.php:226)
[stacktrace]
#0 C:/Users/0909W/OneDrive/Documenten/GitHub/Educom-Trainee-Dashboard/front-end/vendor/laravel/framework/src/Illuminate/Database/DatabaseManager.php(192): Illuminate/Database/DatabaseManager->configuration('postgresql')
#1 C:/Users/0909W/OneDrive/Documenten/GitHub/Educom-Trainee-Dashboard/front-end/vendor/laravel/framework/src/Illuminate/Database/DatabaseManager.php(103): Illuminate/Database/DatabaseManager->makeConnection('postgresql')
#2 C:/Users/0909W/OneDrive/Documenten/GitHub/Educom-Trainee-Dashboard/front-end/vendor/laravel/framework/src/Illuminate/Session/SessionManager.php(110): Illuminate/Database/DatabaseManager->connection('postgresql')
#3 C:/Users/0909W/OneDrive/Documenten/GitHub/Educom-Trainee-Dashboard/front-end/vendor/laravel/framework/src/Illuminate/Session/SessionManager.php(97): Illuminate/Session/SessionManager->getDatabaseConnection()
#4 C:/Users/0909W/OneDrive/Documenten/GitHub/Educom-Trainee-Dashboard/front-end/vendor/laravel/framework/src/Illuminate/Support/Manager.php(105): Illuminate/Session/SessionManager->createDatabaseDriver()
#5 C:/Users/0909W/OneDrive/Documenten/GitHub/Educom-Trainee-Dashboard/front-end/vendor/laravel/framework/src/Illuminate/Support/Manager.php(82): Illuminate/Support/Manager->createDriver('database')
#6 C:/Users/0909W/OneDrive/Documenten/GitHub/Educom-Trainee-Dashboard/front-end/vendor/laravel/framework/src/Illuminate/Session/SessionServiceProvider.php(52): Illuminate/Support/Manager->driver()
#7 C:/Users/0909W/OneDrive/Documenten/GitHub/Educom-Trainee-Dashboard/front-end/vendor/laravel/framework/src/Illuminate/Container/Container.php(1118): Illuminate/Session/SessionServiceProvider->{closure:Illuminate/Session/SessionServiceProvider::registerSessionDriver():48}(Object(Illuminate/Foundation/Application), Array)
#8 C:/Users/0909W/OneDrive/Documenten/GitHub/Educom-Trainee-Dashboard/front-end/vendor/laravel/framework/src/Illuminate/Container/Container.php(936): Illuminate/Container/Container->build(Object(Closure))
#9 C:/Users/0909W/OneDrive/Documenten/GitHub/Educom-Trainee-Dashboard/front-end/vendor/laravel/framework/src/Illuminate/Foundation/Application.php(1078): Illuminate/Container/Container->resolve('session.store', Array, true)
#10 C:/Users/0909W/OneDrive/Documenten/GitHub/Educom-Trainee-Dashboard/front-end/vendor/laravel/framework/src/Illuminate/Container/Container.php(864): Illuminate/Foundation/Application->resolve('session.store', Array)
#11 C:/Users/0909W/OneDrive/Documenten/GitHub/Educom-Trainee-Dashboard/front-end/vendor/laravel/framework/src/Illuminate/Foundation/Application.php(1058): Illuminate/Container/Container->make('session.store', Array)
#12 C:/Users/0909W/OneDrive/Documenten/GitHub/Educom-Trainee-Dashboard/front-end/vendor/laravel/framework/src/Illuminate/Container/Container.php(1810): Illuminate/Foundation/Application->make('session.store')
#13 C:/Users/0909W/OneDrive/Documenten/GitHub/Educom-Trainee-Dashboard/front-end/vendor/laravel/framework/src/Illuminate/Routing/RoutingServiceProvider.php(121): Illuminate/Container/Container->offsetGet('session.store')
#14 C:/Users/0909W/OneDrive/Documenten/GitHub/Educom-Trainee-Dashboard/front-end/vendor/laravel/framework/src/Illuminate/Container/Container.php(1118): Illuminate/Routing/RoutingServiceProvider->{closure:Illuminate/Routing/RoutingServiceProvider::registerRedirector():114}(Object(Illuminate/Foundation/Application), Array)
#15 C:/Users/0909W/OneDrive/Documenten/GitHub/Educom-Trainee-Dashboard/front-end/vendor/laravel/framework/src/Illuminate/Container/Container.php(936): Illuminate/Container/Container->build(Object(Closure))
#16 C:/Users/0909W/OneDrive/Documenten/GitHub/Educom-Trainee-Dashboard/front-end/vendor/laravel/framework/src/Illuminate/Foundation/Application.php(1078): Illuminate/Container/Container->resolve('redirect', Array, true)
#17 C:/Users/0909W/OneDrive/Documenten/GitHub/Educom-Trainee-Dashboard/front-end/vendor/laravel/framework/src/Illuminate/Container/Container.php(864): Illuminate/Foundation/Application->resolve('redirect', Array)
#18 C:/Users/0909W/OneDrive/Documenten/GitHub/Educom-Trainee-Dashboard/front-end/vendor/laravel/framework/src/Illuminate/Foundation/Application.php(1058): Illuminate/Container/Container->make('redirect', Array)
#19 C:/Users/0909W/OneDrive/Documenten/GitHub/Educom-Trainee-Dashboard/front-end/vendor/laravel/framework/src/Illuminate/Container/Container.php(1810): Illuminate/Foundation/Application->make('redirect')
#20 C:/Users/0909W/OneDrive/Documenten/GitHub/Educom-Trainee-Dashboard/front-end/vendor/laravel/framework/src/Illuminate/Routing/RoutingServiceProvider.php(181): Illuminate/Container/Container->offsetGet('redirect')
#21 C:/Users/0909W/OneDrive/Documenten/GitHub/Educom-Trainee-Dashboard/front-end/vendor/laravel/framework/src/Illuminate/Container/Container.php(1118): Illuminate/Routing/RoutingServiceProvider->{closure:Illuminate/Routing/RoutingServiceProvider::registerResponseFactory():180}(Object(Illuminate/Foundation/Application), Array)
#22 C:/Users/0909W/OneDrive/Documenten/GitHub/Educom-Trainee-Dashboard/front-end/vendor/laravel/framework/src/Illuminate/Container/Container.php(936): Illuminate/Container/Container->build(Object(Closure))
#23 C:/Users/0909W/OneDrive/Documenten/GitHub/Educom-Trainee-Dashboard/front-end/vendor/laravel/framework/src/Illuminate/Foundation/Application.php(1078): Illuminate/Container/Container->resolve('Illuminate//Cont...', Array, true)
#24 C:/Users/0909W/OneDrive/Documenten/GitHub/Educom-Trainee-Dashboard/front-end/vendor/laravel/framework/src/Illuminate/Container/Container.php(864): Illuminate/Foundation/Application->resolve('Illuminate//Cont...', Array)
#25 C:/Users/0909W/OneDrive/Documenten/GitHub/Educom-Trainee-Dashboard/front-end/vendor/laravel/framework/src/Illuminate/Foundation/Application.php(1058): Illuminate/Container/Container->make('Illuminate//Cont...', Array)
#26 C:/Users/0909W/OneDrive/Documenten/GitHub/Educom-Trainee-Dashboard/front-end/vendor/laravel/framework/src/Illuminate/Foundation/helpers.php(138): Illuminate/Foundation/Application->make('Illuminate//Cont...', Array)
#27 C:/Users/0909W/OneDrive/Documenten/GitHub/Educom-Trainee-Dashboard/front-end/vendor/laravel/framework/src/Illuminate/Foundation/helpers.php(850): app('Illuminate//Cont...')
#28 C:/Users/0909W/OneDrive/Documenten/GitHub/Educom-Trainee-Dashboard/front-end/vendor/laravel/framework/src/Illuminate/Foundation/Exceptions/Handler.php(1098): response('<!DOCTYPE html>...', 500, Array)
#29 C:/Users/0909W/OneDrive/Documenten/GitHub/Educom-Trainee-Dashboard/front-end/vendor/laravel/framework/src/Illuminate/Foundation/Exceptions/Handler.php(948): Illuminate/Foundation/Exceptions/Handler->toIlluminateResponse(Object(Symfony/Component/HttpFoundation/Response), Object(InvalidArgumentException))
#30 C:/Users/0909W/OneDrive/Documenten/GitHub/Educom-Trainee-Dashboard/front-end/vendor/laravel/framework/src/Illuminate/Foundation/Exceptions/Handler.php(839): Illuminate/Foundation/Exceptions/Handler->prepareResponse(Object(Illuminate/Http/Request), Object(InvalidArgumentException))
#31 C:/Users/0909W/OneDrive/Documenten/GitHub/Educom-Trainee-Dashboard/front-end/vendor/laravel/framework/src/Illuminate/Foundation/Exceptions/Handler.php(726): Illuminate/Foundation/Exceptions/Handler->renderExceptionResponse(Object(Illuminate/Http/Request), Object(InvalidArgumentException))
#32 C:/Users/0909W/OneDrive/Documenten/GitHub/Educom-Trainee-Dashboard/front-end/vendor/laravel/framework/src/Illuminate/Routing/Pipeline.php(51): Illuminate/Foundation/Exceptions/Handler->render(Object(Illuminate/Http/Request), Object(InvalidArgumentException))
#33 C:/Users/0909W/OneDrive/Documenten/GitHub/Educom-Trainee-Dashboard/front-end/vendor/laravel/framework/src/Illuminate/Pipeline/Pipeline.php(224): Illuminate/Routing/Pipeline->handleException(Object(Illuminate/Http/Request), Object(InvalidArgumentException))
#34 C:/Users/0909W/OneDrive/Documenten/GitHub/Educom-Trainee-Dashboard/front-end/vendor/laravel/framework/src/Illuminate/Foundation/Http/Middleware/InvokeDeferredCallbacks.php(22): Illuminate/Pipeline/Pipeline->{closure:{closure:Illuminate/Pipeline/Pipeline::carry():194}:195}(Object(Illuminate/Http/Request))
#35 C:/Users/0909W/OneDrive/Documenten/GitHub/Educom-Trainee-Dashboard/front-end/vendor/laravel/framework/src/Illuminate/Pipeline/Pipeline.php(219): Illuminate/Foundation/Http/Middleware/InvokeDeferredCallbacks->handle(Object(Illuminate/Http/Request), Object(Closure))
#36 C:/Users/0909W/OneDrive/Documenten/GitHub/Educom-Trainee-Dashboard/front-end/vendor/laravel/framework/src/Illuminate/Http/Middleware/ValidatePathEncoding.php(28): Illuminate/Pipeline/Pipeline->{closure:{closure:Illuminate/Pipeline/Pipeline::carry():194}:195}(Object(Illuminate/Http/Request))
#37 C:/Users/0909W/OneDrive/Documenten/GitHub/Educom-Trainee-Dashboard/front-end/vendor/laravel/framework/src/Illuminate/Pipeline/Pipeline.php(219): Illuminate/Http/Middleware/ValidatePathEncoding->handle(Object(Illuminate/Http/Request), Object(Closure))
#38 C:/Users/0909W/OneDrive/Documenten/GitHub/Educom-Trainee-Dashboard/front-end/vendor/laravel/framework/src/Illuminate/Pipeline/Pipeline.php(137): Illuminate/Pipeline/Pipeline->{closure:{closure:Illuminate/Pipeline/Pipeline::carry():194}:195}(Object(Illuminate/Http/Request))
#39 C:/Users/0909W/OneDrive/Documenten/GitHub/Educom-Trainee-Dashboard/front-end/vendor/laravel/framework/src/Illuminate/Foundation/Http/Kernel.php(175): Illuminate/Pipeline/Pipeline->then(Object(Closure))
#40 C:/Users/0909W/OneDrive/Documenten/GitHub/Educom-Trainee-Dashboard/front-end/vendor/laravel/framework/src/Illuminate/Foundation/Http/Kernel.php(144): Illuminate/Foundation/Http/Kernel->sendRequestThroughRouter(Object(Illuminate/Http/Request))
#41 C:/Users/0909W/OneDrive/Documenten/GitHub/Educom-Trainee-Dashboard/front-end/vendor/laravel/framework/src/Illuminate/Foundation/Application.php(1220): Illuminate/Foundation/Http/Kernel->handle(Object(Illuminate/Http/Request))
#42 C:/Users/0909W/OneDrive/Documenten/GitHub/Educom-Trainee-Dashboard/front-end/public/index.php(20): Illuminate/Foundation/Application->handleRequest(Object(Illuminate/Http/Request))
#43 C:/Users/0909W/OneDrive/Documenten/GitHub/Educom-Trainee-Dashboard/front-end/vendor/laravel/framework/src/Illuminate/Foundation/resources/server.php(23): require_once('C://Users//0909W//...')
#44 {main}
"} 
[2026-07-14 13:53:03] local.ERROR: Database connection [postgresql] not configured. {"exception":"[object] (InvalidArgumentException(code: 0): Database connection [postgresql] not configured. at C:/Users/0909W/OneDrive/Documenten/GitHub/Educom-Trainee-Dashboard/front-end/vendor/laravel/framework/src/Illuminate/Database/DatabaseManager.php:226)
[stacktrace]
#0 C:/Users/0909W/OneDrive/Documenten/GitHub/Educom-Trainee-Dashboard/front-end/vendor/laravel/framework/src/Illuminate/Database/DatabaseManager.php(192): Illuminate/Database/DatabaseManager->configuration('postgresql')
#1 C:/Users/0909W/OneDrive/Documenten/GitHub/Educom-Trainee-Dashboard/front-end/vendor/laravel/framework/src/Illuminate/Database/DatabaseManager.php(103): Illuminate/Database/DatabaseManager->makeConnection('postgresql')
#2 C:/Users/0909W/OneDrive/Documenten/GitHub/Educom-Trainee-Dashboard/front-end/vendor/laravel/framework/src/Illuminate/Session/SessionManager.php(110): Illuminate/Database/DatabaseManager->connection('postgresql')
#3 C:/Users/0909W/OneDrive/Documenten/GitHub/Educom-Trainee-Dashboard/front-end/vendor/laravel/framework/src/Illuminate/Session/SessionManager.php(97): Illuminate/Session/SessionManager->getDatabaseConnection()
#4 C:/Users/0909W/OneDrive/Documenten/GitHub/Educom-Trainee-Dashboard/front-end/vendor/laravel/framework/src/Illuminate/Support/Manager.php(105): Illuminate/Session/SessionManager->createDatabaseDriver()
#5 C:/Users/0909W/OneDrive/Documenten/GitHub/Educom-Trainee-Dashboard/front-end/vendor/laravel/framework/src/Illuminate/Support/Manager.php(82): Illuminate/Support/Manager->createDriver('database')
#6 C:/Users/0909W/OneDrive/Documenten/GitHub/Educom-Trainee-Dashboard/front-end/vendor/laravel/framework/src/Illuminate/Session/SessionServiceProvider.php(52): Illuminate/Support/Manager->driver()
#7 C:/Users/0909W/OneDrive/Documenten/GitHub/Educom-Trainee-Dashboard/front-end/vendor/laravel/framework/src/Illuminate/Container/Container.php(1118): Illuminate/Session/SessionServiceProvider->{closure:Illuminate/Session/SessionServiceProvider::registerSessionDriver():48}(Object(Illuminate/Foundation/Application), Array)
#8 C:/Users/0909W/OneDrive/Documenten/GitHub/Educom-Trainee-Dashboard/front-end/vendor/laravel/framework/src/Illuminate/Container/Container.php(936): Illuminate/Container/Container->build(Object(Closure))
#9 C:/Users/0909W/OneDrive/Documenten/GitHub/Educom-Trainee-Dashboard/front-end/vendor/laravel/framework/src/Illuminate/Foundation/Application.php(1078): Illuminate/Container/Container->resolve('session.store', Array, true)
#10 C:/Users/0909W/OneDrive/Documenten/GitHub/Educom-Trainee-Dashboard/front-end/vendor/laravel/framework/src/Illuminate/Container/Container.php(864): Illuminate/Foundation/Application->resolve('session.store', Array)
#11 C:/Users/0909W/OneDrive/Documenten/GitHub/Educom-Trainee-Dashboard/front-end/vendor/laravel/framework/src/Illuminate/Foundation/Application.php(1058): Illuminate/Container/Container->make('session.store', Array)
#12 C:/Users/0909W/OneDrive/Documenten/GitHub/Educom-Trainee-Dashboard/front-end/vendor/laravel/framework/src/Illuminate/Container/Container.php(1810): Illuminate/Foundation/Application->make('session.store')
#13 C:/Users/0909W/OneDrive/Documenten/GitHub/Educom-Trainee-Dashboard/front-end/vendor/laravel/framework/src/Illuminate/Routing/RoutingServiceProvider.php(121): Illuminate/Container/Container->offsetGet('session.store')
#14 C:/Users/0909W/OneDrive/Documenten/GitHub/Educom-Trainee-Dashboard/front-end/vendor/laravel/framework/src/Illuminate/Container/Container.php(1118): Illuminate/Routing/RoutingServiceProvider->{closure:Illuminate/Routing/RoutingServiceProvider::registerRedirector():114}(Object(Illuminate/Foundation/Application), Array)
#15 C:/Users/0909W/OneDrive/Documenten/GitHub/Educom-Trainee-Dashboard/front-end/vendor/laravel/framework/src/Illuminate/Container/Container.php(936): Illuminate/Container/Container->build(Object(Closure))
#16 C:/Users/0909W/OneDrive/Documenten/GitHub/Educom-Trainee-Dashboard/front-end/vendor/laravel/framework/src/Illuminate/Foundation/Application.php(1078): Illuminate/Container/Container->resolve('redirect', Array, true)
#17 C:/Users/0909W/OneDrive/Documenten/GitHub/Educom-Trainee-Dashboard/front-end/vendor/laravel/framework/src/Illuminate/Container/Container.php(864): Illuminate/Foundation/Application->resolve('redirect', Array)
#18 C:/Users/0909W/OneDrive/Documenten/GitHub/Educom-Trainee-Dashboard/front-end/vendor/laravel/framework/src/Illuminate/Foundation/Application.php(1058): Illuminate/Container/Container->make('redirect', Array)
#19 C:/Users/0909W/OneDrive/Documenten/GitHub/Educom-Trainee-Dashboard/front-end/vendor/laravel/framework/src/Illuminate/Container/Container.php(1810): Illuminate/Foundation/Application->make('redirect')
#20 C:/Users/0909W/OneDrive/Documenten/GitHub/Educom-Trainee-Dashboard/front-end/vendor/laravel/framework/src/Illuminate/Routing/RoutingServiceProvider.php(181): Illuminate/Container/Container->offsetGet('redirect')
#21 C:/Users/0909W/OneDrive/Documenten/GitHub/Educom-Trainee-Dashboard/front-end/vendor/laravel/framework/src/Illuminate/Container/Container.php(1118): Illuminate/Routing/RoutingServiceProvider->{closure:Illuminate/Routing/RoutingServiceProvider::registerResponseFactory():180}(Object(Illuminate/Foundation/Application), Array)
#22 C:/Users/0909W/OneDrive/Documenten/GitHub/Educom-Trainee-Dashboard/front-end/vendor/laravel/framework/src/Illuminate/Container/Container.php(936): Illuminate/Container/Container->build(Object(Closure))
#23 C:/Users/0909W/OneDrive/Documenten/GitHub/Educom-Trainee-Dashboard/front-end/vendor/laravel/framework/src/Illuminate/Foundation/Application.php(1078): Illuminate/Container/Container->resolve('Illuminate//Cont...', Array, true)
#24 C:/Users/0909W/OneDrive/Documenten/GitHub/Educom-Trainee-Dashboard/front-end/vendor/laravel/framework/src/Illuminate/Container/Container.php(864): Illuminate/Foundation/Application->resolve('Illuminate//Cont...', Array)
#25 C:/Users/0909W/OneDrive/Documenten/GitHub/Educom-Trainee-Dashboard/front-end/vendor/laravel/framework/src/Illuminate/Foundation/Application.php(1058): Illuminate/Container/Container->make('Illuminate//Cont...', Array)
#26 C:/Users/0909W/OneDrive/Documenten/GitHub/Educom-Trainee-Dashboard/front-end/vendor/laravel/framework/src/Illuminate/Foundation/helpers.php(138): Illuminate/Foundation/Application->make('Illuminate//Cont...', Array)
#27 C:/Users/0909W/OneDrive/Documenten/GitHub/Educom-Trainee-Dashboard/front-end/vendor/laravel/framework/src/Illuminate/Foundation/helpers.php(850): app('Illuminate//Cont...')
#28 C:/Users/0909W/OneDrive/Documenten/GitHub/Educom-Trainee-Dashboard/front-end/vendor/laravel/framework/src/Illuminate/Foundation/Exceptions/Handler.php(1098): response('<!DOCTYPE html>...', 500, Array)
#29 C:/Users/0909W/OneDrive/Documenten/GitHub/Educom-Trainee-Dashboard/front-end/vendor/laravel/framework/src/Illuminate/Foundation/Exceptions/Handler.php(948): Illuminate/Foundation/Exceptions/Handler->toIlluminateResponse(Object(Symfony/Component/HttpFoundation/Response), Object(InvalidArgumentException))
#30 C:/Users/0909W/OneDrive/Documenten/GitHub/Educom-Trainee-Dashboard/front-end/vendor/laravel/framework/src/Illuminate/Foundation/Exceptions/Handler.php(839): Illuminate/Foundation/Exceptions/Handler->prepareResponse(Object(Illuminate/Http/Request), Object(InvalidArgumentException))
#31 C:/Users/0909W/OneDrive/Documenten/GitHub/Educom-Trainee-Dashboard/front-end/vendor/laravel/framework/src/Illuminate/Foundation/Exceptions/Handler.php(726): Illuminate/Foundation/Exceptions/Handler->renderExceptionResponse(Object(Illuminate/Http/Request), Object(InvalidArgumentException))
#32 C:/Users/0909W/OneDrive/Documenten/GitHub/Educom-Trainee-Dashboard/front-end/vendor/laravel/framework/src/Illuminate/Routing/Pipeline.php(51): Illuminate/Foundation/Exceptions/Handler->render(Object(Illuminate/Http/Request), Object(InvalidArgumentException))
#33 C:/Users/0909W/OneDrive/Documenten/GitHub/Educom-Trainee-Dashboard/front-end/vendor/laravel/framework/src/Illuminate/Pipeline/Pipeline.php(224): Illuminate/Routing/Pipeline->handleException(Object(Illuminate/Http/Request), Object(InvalidArgumentException))
#34 C:/Users/0909W/OneDrive/Documenten/GitHub/Educom-Trainee-Dashboard/front-end/vendor/laravel/framework/src/Illuminate/Http/Middleware/ValidatePathEncoding.php(28): Illuminate/Pipeline/Pipeline->{closure:{closure:Illuminate/Pipeline/Pipeline::carry():194}:195}(Object(Illuminate/Http/Request))
#35 C:/Users/0909W/OneDrive/Documenten/GitHub/Educom-Trainee-Dashboard/front-end/vendor/laravel/framework/src/Illuminate/Pipeline/Pipeline.php(219): Illuminate/Http/Middleware/ValidatePathEncoding->handle(Object(Illuminate/Http/Request), Object(Closure))
#36 C:/Users/0909W/OneDrive/Documenten/GitHub/Educom-Trainee-Dashboard/front-end/vendor/laravel/framework/src/Illuminate/Pipeline/Pipeline.php(137): Illuminate/Pipeline/Pipeline->{closure:{closure:Illuminate/Pipeline/Pipeline::carry():194}:195}(Object(Illuminate/Http/Request))
#37 C:/Users/0909W/OneDrive/Documenten/GitHub/Educom-Trainee-Dashboard/front-end/vendor/laravel/framework/src/Illuminate/Foundation/Http/Kernel.php(175): Illuminate/Pipeline/Pipeline->then(Object(Closure))
#38 C:/Users/0909W/OneDrive/Documenten/GitHub/Educom-Trainee-Dashboard/front-end/vendor/laravel/framework/src/Illuminate/Foundation/Http/Kernel.php(144): Illuminate/Foundation/Http/Kernel->sendRequestThroughRouter(Object(Illuminate/Http/Request))
#39 C:/Users/0909W/OneDrive/Documenten/GitHub/Educom-Trainee-Dashboard/front-end/vendor/laravel/framework/src/Illuminate/Foundation/Application.php(1220): Illuminate/Foundation/Http/Kernel->handle(Object(Illuminate/Http/Request))
#40 C:/Users/0909W/OneDrive/Documenten/GitHub/Educom-Trainee-Dashboard/front-end/public/index.php(20): Illuminate/Foundation/Application->handleRequest(Object(Illuminate/Http/Request))
#41 C:/Users/0909W/OneDrive/Documenten/GitHub/Educom-Trainee-Dashboard/front-end/vendor/laravel/framework/src/Illuminate/Foundation/resources/server.php(23): require_once('C://Users//0909W//...')
#42 {main}
"} 
[2026-07-14 13:53:04] local.ERROR: Database connection [postgresql] not configured. {"exception":"[object] (InvalidArgumentException(code: 0): Database connection [postgresql] not configured. at C:/Users/0909W/OneDrive/Documenten/GitHub/Educom-Trainee-Dashboard/front-end/vendor/laravel/framework/src/Illuminate/Database/DatabaseManager.php:226)
[stacktrace]
#0 C:/Users/0909W/OneDrive/Documenten/GitHub/Educom-Trainee-Dashboard/front-end/vendor/laravel/framework/src/Illuminate/Database/DatabaseManager.php(192): Illuminate/Database/DatabaseManager->configuration('postgresql')
#1 C:/Users/0909W/OneDrive/Documenten/GitHub/Educom-Trainee-Dashboard/front-end/vendor/laravel/framework/src/Illuminate/Database/DatabaseManager.php(103): Illuminate/Database/DatabaseManager->makeConnection('postgresql')
#2 C:/Users/0909W/OneDrive/Documenten/GitHub/Educom-Trainee-Dashboard/front-end/vendor/laravel/framework/src/Illuminate/Session/SessionManager.php(110): Illuminate/Database/DatabaseManager->connection('postgresql')
#3 C:/Users/0909W/OneDrive/Documenten/GitHub/Educom-Trainee-Dashboard/front-end/vendor/laravel/framework/src/Illuminate/Session/SessionManager.php(97): Illuminate/Session/SessionManager->getDatabaseConnection()
#4 C:/Users/0909W/OneDrive/Documenten/GitHub/Educom-Trainee-Dashboard/front-end/vendor/laravel/framework/src/Illuminate/Support/Manager.php(105): Illuminate/Session/SessionManager->createDatabaseDriver()
#5 C:/Users/0909W/OneDrive/Documenten/GitHub/Educom-Trainee-Dashboard/front-end/vendor/laravel/framework/src/Illuminate/Support/Manager.php(82): Illuminate/Support/Manager->createDriver('database')
#6 C:/Users/0909W/OneDrive/Documenten/GitHub/Educom-Trainee-Dashboard/front-end/vendor/laravel/framework/src/Illuminate/Session/Middleware/StartSession.php(158): Illuminate/Support/Manager->driver()
#7 C:/Users/0909W/OneDrive/Documenten/GitHub/Educom-Trainee-Dashboard/front-end/vendor/laravel/framework/src/Illuminate/Session/Middleware/StartSession.php(56): Illuminate/Session/Middleware/StartSession->getSession(Object(Illuminate/Http/Request))
#8 C:/Users/0909W/OneDrive/Documenten/GitHub/Educom-Trainee-Dashboard/front-end/vendor/laravel/framework/src/Illuminate/Pipeline/Pipeline.php(219): Illuminate/Session/Middleware/StartSession->handle(Object(Illuminate/Http/Request), Object(Closure))
#9 C:/Users/0909W/OneDrive/Documenten/GitHub/Educom-Trainee-Dashboard/front-end/vendor/laravel/framework/src/Illuminate/Cookie/Middleware/AddQueuedCookiesToResponse.php(36): Illuminate/Pipeline/Pipeline->{closure:{closure:Illuminate/Pipeline/Pipeline::carry():194}:195}(Object(Illuminate/Http/Request))
#10 C:/Users/0909W/OneDrive/Documenten/GitHub/Educom-Trainee-Dashboard/front-end/vendor/laravel/framework/src/Illuminate/Pipeline/Pipeline.php(219): Illuminate/Cookie/Middleware/AddQueuedCookiesToResponse->handle(Object(Illuminate/Http/Request), Object(Closure))
#11 C:/Users/0909W/OneDrive/Documenten/GitHub/Educom-Trainee-Dashboard/front-end/vendor/laravel/framework/src/Illuminate/Cookie/Middleware/EncryptCookies.php(74): Illuminate/Pipeline/Pipeline->{closure:{closure:Illuminate/Pipeline/Pipeline::carry():194}:195}(Object(Illuminate/Http/Request))
#12 C:/Users/0909W/OneDrive/Documenten/GitHub/Educom-Trainee-Dashboard/front-end/vendor/laravel/framework/src/Illuminate/Pipeline/Pipeline.php(219): Illuminate/Cookie/Middleware/EncryptCookies->handle(Object(Illuminate/Http/Request), Object(Closure))
#13 C:/Users/0909W/OneDrive/Documenten/GitHub/Educom-Trainee-Dashboard/front-end/vendor/laravel/framework/src/Illuminate/Pipeline/Pipeline.php(137): Illuminate/Pipeline/Pipeline->{closure:{closure:Illuminate/Pipeline/Pipeline::carry():194}:195}(Object(Illuminate/Http/Request))
#14 C:/Users/0909W/OneDrive/Documenten/GitHub/Educom-Trainee-Dashboard/front-end/vendor/laravel/framework/src/Illuminate/Routing/Router.php(821): Illuminate/Pipeline/Pipeline->then(Object(Closure))
#15 C:/Users/0909W/OneDrive/Documenten/GitHub/Educom-Trainee-Dashboard/front-end/vendor/laravel/framework/src/Illuminate/Routing/Router.php(800): Illuminate/Routing/Router->runRouteWithinStack(Object(Illuminate/Routing/Route), Object(Illuminate/Http/Request))
#16 C:/Users/0909W/OneDrive/Documenten/GitHub/Educom-Trainee-Dashboard/front-end/vendor/laravel/framework/src/Illuminate/Routing/Router.php(764): Illuminate/Routing/Router->runRoute(Object(Illuminate/Http/Request), Object(Illuminate/Routing/Route))
#17 C:/Users/0909W/OneDrive/Documenten/GitHub/Educom-Trainee-Dashboard/front-end/vendor/laravel/framework/src/Illuminate/Routing/Router.php(753): Illuminate/Routing/Router->dispatchToRoute(Object(Illuminate/Http/Request))
#18 C:/Users/0909W/OneDrive/Documenten/GitHub/Educom-Trainee-Dashboard/front-end/vendor/laravel/framework/src/Illuminate/Foundation/Http/Kernel.php(200): Illuminate/Routing/Router->dispatch(Object(Illuminate/Http/Request))
#19 C:/Users/0909W/OneDrive/Documenten/GitHub/Educom-Trainee-Dashboard/front-end/vendor/laravel/framework/src/Illuminate/Pipeline/Pipeline.php(180): Illuminate/Foundation/Http/Kernel->{closure:Illuminate/Foundation/Http/Kernel::dispatchToRouter():197}(Object(Illuminate/Http/Request))
#20 C:/Users/0909W/OneDrive/Documenten/GitHub/Educom-Trainee-Dashboard/front-end/vendor/inertiajs/inertia-laravel/src/Middleware/EnsureGetOnRedirect.php(19): Illuminate/Pipeline/Pipeline->{closure:Illuminate/Pipeline/Pipeline::prepareDestination():178}(Object(Illuminate/Http/Request))
#21 C:/Users/0909W/OneDrive/Documenten/GitHub/Educom-Trainee-Dashboard/front-end/vendor/laravel/framework/src/Illuminate/Pipeline/Pipeline.php(219): Inertia/Middleware/EnsureGetOnRedirect->handle(Object(Illuminate/Http/Request), Object(Closure))
#22 C:/Users/0909W/OneDrive/Documenten/GitHub/Educom-Trainee-Dashboard/front-end/vendor/laravel/framework/src/Illuminate/Foundation/Http/Middleware/TransformsRequest.php(21): Illuminate/Pipeline/Pipeline->{closure:{closure:Illuminate/Pipeline/Pipeline::carry():194}:195}(Object(Illuminate/Http/Request))
#23 C:/Users/0909W/OneDrive/Documenten/GitHub/Educom-Trainee-Dashboard/front-end/vendor/laravel/framework/src/Illuminate/Foundation/Http/Middleware/ConvertEmptyStringsToNull.php(31): Illuminate/Foundation/Http/Middleware/TransformsRequest->handle(Object(Illuminate/Http/Request), Object(Closure))
#24 C:/Users/0909W/OneDrive/Documenten/GitHub/Educom-Trainee-Dashboard/front-end/vendor/laravel/framework/src/Illuminate/Pipeline/Pipeline.php(219): Illuminate/Foundation/Http/Middleware/ConvertEmptyStringsToNull->handle(Object(Illuminate/Http/Request), Object(Closure))
#25 C:/Users/0909W/OneDrive/Documenten/GitHub/Educom-Trainee-Dashboard/front-end/vendor/laravel/framework/src/Illuminate/Foundation/Http/Middleware/TransformsRequest.php(21): Illuminate/Pipeline/Pipeline->{closure:{closure:Illuminate/Pipeline/Pipeline::carry():194}:195}(Object(Illuminate/Http/Request))
#26 C:/Users/0909W/OneDrive/Documenten/GitHub/Educom-Trainee-Dashboard/front-end/vendor/laravel/framework/src/Illuminate/Foundation/Http/Middleware/TrimStrings.php(51): Illuminate/Foundation/Http/Middleware/TransformsRequest->handle(Object(Illuminate/Http/Request), Object(Closure))
#27 C:/Users/0909W/OneDrive/Documenten/GitHub/Educom-Trainee-Dashboard/front-end/vendor/laravel/framework/src/Illuminate/Pipeline/Pipeline.php(219): Illuminate/Foundation/Http/Middleware/TrimStrings->handle(Object(Illuminate/Http/Request), Object(Closure))
#28 C:/Users/0909W/OneDrive/Documenten/GitHub/Educom-Trainee-Dashboard/front-end/vendor/laravel/framework/src/Illuminate/Http/Middleware/ValidatePostSize.php(27): Illuminate/Pipeline/Pipeline->{closure:{closure:Illuminate/Pipeline/Pipeline::carry():194}:195}(Object(Illuminate/Http/Request))
#29 C:/Users/0909W/OneDrive/Documenten/GitHub/Educom-Trainee-Dashboard/front-end/vendor/laravel/framework/src/Illuminate/Pipeline/Pipeline.php(219): Illuminate/Http/Middleware/ValidatePostSize->handle(Object(Illuminate/Http/Request), Object(Closure))
#30 C:/Users/0909W/OneDrive/Documenten/GitHub/Educom-Trainee-Dashboard/front-end/vendor/laravel/framework/src/Illuminate/Foundation/Http/Middleware/PreventRequestsDuringMaintenance.php(109): Illuminate/Pipeline/Pipeline->{closure:{closure:Illuminate/Pipeline/Pipeline::carry():194}:195}(Object(Illuminate/Http/Request))
#31 C:/Users/0909W/OneDrive/Documenten/GitHub/Educom-Trainee-Dashboard/front-end/vendor/laravel/framework/src/Illuminate/Pipeline/Pipeline.php(219): Illuminate/Foundation/Http/Middleware/PreventRequestsDuringMaintenance->handle(Object(Illuminate/Http/Request), Object(Closure))
#32 C:/Users/0909W/OneDrive/Documenten/GitHub/Educom-Trainee-Dashboard/front-end/vendor/laravel/framework/src/Illuminate/Http/Middleware/HandleCors.php(61): Illuminate/Pipeline/Pipeline->{closure:{closure:Illuminate/Pipeline/Pipeline::carry():194}:195}(Object(Illuminate/Http/Request))
#33 C:/Users/0909W/OneDrive/Documenten/GitHub/Educom-Trainee-Dashboard/front-end/vendor/laravel/framework/src/Illuminate/Pipeline/Pipeline.php(219): Illuminate/Http/Middleware/HandleCors->handle(Object(Illuminate/Http/Request), Object(Closure))
#34 C:/Users/0909W/OneDrive/Documenten/GitHub/Educom-Trainee-Dashboard/front-end/vendor/laravel/framework/src/Illuminate/Http/Middleware/TrustProxies.php(58): Illuminate/Pipeline/Pipeline->{closure:{closure:Illuminate/Pipeline/Pipeline::carry():194}:195}(Object(Illuminate/Http/Request))
#35 C:/Users/0909W/OneDrive/Documenten/GitHub/Educom-Trainee-Dashboard/front-end/vendor/laravel/framework/src/Illuminate/Pipeline/Pipeline.php(219): Illuminate/Http/Middleware/TrustProxies->handle(Object(Illuminate/Http/Request), Object(Closure))
#36 C:/Users/0909W/OneDrive/Documenten/GitHub/Educom-Trainee-Dashboard/front-end/vendor/laravel/framework/src/Illuminate/Foundation/Http/Middleware/InvokeDeferredCallbacks.php(22): Illuminate/Pipeline/Pipeline->{closure:{closure:Illuminate/Pipeline/Pipeline::carry():194}:195}(Object(Illuminate/Http/Request))
#37 C:/Users/0909W/OneDrive/Documenten/GitHub/Educom-Trainee-Dashboard/front-end/vendor/laravel/framework/src/Illuminate/Pipeline/Pipeline.php(219): Illuminate/Foundation/Http/Middleware/InvokeDeferredCallbacks->handle(Object(Illuminate/Http/Request), Object(Closure))
#38 C:/Users/0909W/OneDrive/Documenten/GitHub/Educom-Trainee-Dashboard/front-end/vendor/laravel/framework/src/Illuminate/Http/Middleware/ValidatePathEncoding.php(28): Illuminate/Pipeline/Pipeline->{closure:{closure:Illuminate/Pipeline/Pipeline::carry():194}:195}(Object(Illuminate/Http/Request))
#39 C:/Users/0909W/OneDrive/Documenten/GitHub/Educom-Trainee-Dashboard/front-end/vendor/laravel/framework/src/Illuminate/Pipeline/Pipeline.php(219): Illuminate/Http/Middleware/ValidatePathEncoding->handle(Object(Illuminate/Http/Request), Object(Closure))
#40 C:/Users/0909W/OneDrive/Documenten/GitHub/Educom-Trainee-Dashboard/front-end/vendor/laravel/framework/src/Illuminate/Pipeline/Pipeline.php(137): Illuminate/Pipeline/Pipeline->{closure:{closure:Illuminate/Pipeline/Pipeline::carry():194}:195}(Object(Illuminate/Http/Request))
#41 C:/Users/0909W/OneDrive/Documenten/GitHub/Educom-Trainee-Dashboard/front-end/vendor/laravel/framework/src/Illuminate/Foundation/Http/Kernel.php(175): Illuminate/Pipeline/Pipeline->then(Object(Closure))
#42 C:/Users/0909W/OneDrive/Documenten/GitHub/Educom-Trainee-Dashboard/front-end/vendor/laravel/framework/src/Illuminate/Foundation/Http/Kernel.php(144): Illuminate/Foundation/Http/Kernel->sendRequestThroughRouter(Object(Illuminate/Http/Request))
#43 C:/Users/0909W/OneDrive/Documenten/GitHub/Educom-Trainee-Dashboard/front-end/vendor/laravel/framework/src/Illuminate/Foundation/Application.php(1220): Illuminate/Foundation/Http/Kernel->handle(Object(Illuminate/Http/Request))
#44 C:/Users/0909W/OneDrive/Documenten/GitHub/Educom-Trainee-Dashboard/front-end/public/index.php(20): Illuminate/Foundation/Application->handleRequest(Object(Illuminate/Http/Request))
#45 C:/Users/0909W/OneDrive/Documenten/GitHub/Educom-Trainee-Dashboard/front-end/vendor/laravel/framework/src/Illuminate/Foundation/resources/server.php(23): require_once('C://Users//0909W//...')
#46 {main}
"} 
[2026-07-14 13:53:05] local.ERROR: Database connection [postgresql] not configured. {"exception":"[object] (InvalidArgumentException(code: 0): Database connection [postgresql] not configured. at C:/Users/0909W/OneDrive/Documenten/GitHub/Educom-Trainee-Dashboard/front-end/vendor/laravel/framework/src/Illuminate/Database/DatabaseManager.php:226)
[stacktrace]
#0 C:/Users/0909W/OneDrive/Documenten/GitHub/Educom-Trainee-Dashboard/front-end/vendor/laravel/framework/src/Illuminate/Database/DatabaseManager.php(192): Illuminate/Database/DatabaseManager->configuration('postgresql')
#1 C:/Users/0909W/OneDrive/Documenten/GitHub/Educom-Trainee-Dashboard/front-end/vendor/laravel/framework/src/Illuminate/Database/DatabaseManager.php(103): Illuminate/Database/DatabaseManager->makeConnection('postgresql')
#2 C:/Users/0909W/OneDrive/Documenten/GitHub/Educom-Trainee-Dashboard/front-end/vendor/laravel/framework/src/Illuminate/Session/SessionManager.php(110): Illuminate/Database/DatabaseManager->connection('postgresql')
#3 C:/Users/0909W/OneDrive/Documenten/GitHub/Educom-Trainee-Dashboard/front-end/vendor/laravel/framework/src/Illuminate/Session/SessionManager.php(97): Illuminate/Session/SessionManager->getDatabaseConnection()
#4 C:/Users/0909W/OneDrive/Documenten/GitHub/Educom-Trainee-Dashboard/front-end/vendor/laravel/framework/src/Illuminate/Support/Manager.php(105): Illuminate/Session/SessionManager->createDatabaseDriver()
#5 C:/Users/0909W/OneDrive/Documenten/GitHub/Educom-Trainee-Dashboard/front-end/vendor/laravel/framework/src/Illuminate/Support/Manager.php(82): Illuminate/Support/Manager->createDriver('database')
#6 C:/Users/0909W/OneDrive/Documenten/GitHub/Educom-Trainee-Dashboard/front-end/vendor/laravel/framework/src/Illuminate/Session/SessionServiceProvider.php(52): Illuminate/Support/Manager->driver()
#7 C:/Users/0909W/OneDrive/Documenten/GitHub/Educom-Trainee-Dashboard/front-end/vendor/laravel/framework/src/Illuminate/Container/Container.php(1118): Illuminate/Session/SessionServiceProvider->{closure:Illuminate/Session/SessionServiceProvider::registerSessionDriver():48}(Object(Illuminate/Foundation/Application), Array)
#8 C:/Users/0909W/OneDrive/Documenten/GitHub/Educom-Trainee-Dashboard/front-end/vendor/laravel/framework/src/Illuminate/Container/Container.php(936): Illuminate/Container/Container->build(Object(Closure))
#9 C:/Users/0909W/OneDrive/Documenten/GitHub/Educom-Trainee-Dashboard/front-end/vendor/laravel/framework/src/Illuminate/Foundation/Application.php(1078): Illuminate/Container/Container->resolve('session.store', Array, true)
#10 C:/Users/0909W/OneDrive/Documenten/GitHub/Educom-Trainee-Dashboard/front-end/vendor/laravel/framework/src/Illuminate/Container/Container.php(864): Illuminate/Foundation/Application->resolve('session.store', Array)
#11 C:/Users/0909W/OneDrive/Documenten/GitHub/Educom-Trainee-Dashboard/front-end/vendor/laravel/framework/src/Illuminate/Foundation/Application.php(1058): Illuminate/Container/Container->make('session.store', Array)
#12 C:/Users/0909W/OneDrive/Documenten/GitHub/Educom-Trainee-Dashboard/front-end/vendor/laravel/framework/src/Illuminate/Container/Container.php(1810): Illuminate/Foundation/Application->make('session.store')
#13 C:/Users/0909W/OneDrive/Documenten/GitHub/Educom-Trainee-Dashboard/front-end/vendor/laravel/framework/src/Illuminate/Routing/RoutingServiceProvider.php(121): Illuminate/Container/Container->offsetGet('session.store')
#14 C:/Users/0909W/OneDrive/Documenten/GitHub/Educom-Trainee-Dashboard/front-end/vendor/laravel/framework/src/Illuminate/Container/Container.php(1118): Illuminate/Routing/RoutingServiceProvider->{closure:Illuminate/Routing/RoutingServiceProvider::registerRedirector():114}(Object(Illuminate/Foundation/Application), Array)
#15 C:/Users/0909W/OneDrive/Documenten/GitHub/Educom-Trainee-Dashboard/front-end/vendor/laravel/framework/src/Illuminate/Container/Container.php(936): Illuminate/Container/Container->build(Object(Closure))
#16 C:/Users/0909W/OneDrive/Documenten/GitHub/Educom-Trainee-Dashboard/front-end/vendor/laravel/framework/src/Illuminate/Foundation/Application.php(1078): Illuminate/Container/Container->resolve('redirect', Array, true)
#17 C:/Users/0909W/OneDrive/Documenten/GitHub/Educom-Trainee-Dashboard/front-end/vendor/laravel/framework/src/Illuminate/Container/Container.php(864): Illuminate/Foundation/Application->resolve('redirect', Array)
#18 C:/Users/0909W/OneDrive/Documenten/GitHub/Educom-Trainee-Dashboard/front-end/vendor/laravel/framework/src/Illuminate/Foundation/Application.php(1058): Illuminate/Container/Container->make('redirect', Array)
#19 C:/Users/0909W/OneDrive/Documenten/GitHub/Educom-Trainee-Dashboard/front-end/vendor/laravel/framework/src/Illuminate/Container/Container.php(1810): Illuminate/Foundation/Application->make('redirect')
#20 C:/Users/0909W/OneDrive/Documenten/GitHub/Educom-Trainee-Dashboard/front-end/vendor/laravel/framework/src/Illuminate/Routing/RoutingServiceProvider.php(181): Illuminate/Container/Container->offsetGet('redirect')
#21 C:/Users/0909W/OneDrive/Documenten/GitHub/Educom-Trainee-Dashboard/front-end/vendor/laravel/framework/src/Illuminate/Container/Container.php(1118): Illuminate/Routing/RoutingServiceProvider->{closure:Illuminate/Routing/RoutingServiceProvider::registerResponseFactory():180}(Object(Illuminate/Foundation/Application), Array)
#22 C:/Users/0909W/OneDrive/Documenten/GitHub/Educom-Trainee-Dashboard/front-end/vendor/laravel/framework/src/Illuminate/Container/Container.php(936): Illuminate/Container/Container->build(Object(Closure))
#23 C:/Users/0909W/OneDrive/Documenten/GitHub/Educom-Trainee-Dashboard/front-end/vendor/laravel/framework/src/Illuminate/Foundation/Application.php(1078): Illuminate/Container/Container->resolve('Illuminate//Cont...', Array, true)
#24 C:/Users/0909W/OneDrive/Documenten/GitHub/Educom-Trainee-Dashboard/front-end/vendor/laravel/framework/src/Illuminate/Container/Container.php(864): Illuminate/Foundation/Application->resolve('Illuminate//Cont...', Array)
#25 C:/Users/0909W/OneDrive/Documenten/GitHub/Educom-Trainee-Dashboard/front-end/vendor/laravel/framework/src/Illuminate/Foundation/Application.php(1058): Illuminate/Container/Container->make('Illuminate//Cont...', Array)
#26 C:/Users/0909W/OneDrive/Documenten/GitHub/Educom-Trainee-Dashboard/front-end/vendor/laravel/framework/src/Illuminate/Foundation/helpers.php(138): Illuminate/Foundation/Application->make('Illuminate//Cont...', Array)
#27 C:/Users/0909W/OneDrive/Documenten/GitHub/Educom-Trainee-Dashboard/front-end/vendor/laravel/framework/src/Illuminate/Foundation/helpers.php(850): app('Illuminate//Cont...')
#28 C:/Users/0909W/OneDrive/Documenten/GitHub/Educom-Trainee-Dashboard/front-end/vendor/laravel/framework/src/Illuminate/Foundation/Exceptions/Handler.php(1098): response('<!DOCTYPE html>...', 500, Array)
#29 C:/Users/0909W/OneDrive/Documenten/GitHub/Educom-Trainee-Dashboard/front-end/vendor/laravel/framework/src/Illuminate/Foundation/Exceptions/Handler.php(948): Illuminate/Foundation/Exceptions/Handler->toIlluminateResponse(Object(Symfony/Component/HttpFoundation/Response), Object(InvalidArgumentException))
#30 C:/Users/0909W/OneDrive/Documenten/GitHub/Educom-Trainee-Dashboard/front-end/vendor/laravel/framework/src/Illuminate/Foundation/Exceptions/Handler.php(839): Illuminate/Foundation/Exceptions/Handler->prepareResponse(Object(Illuminate/Http/Request), Object(InvalidArgumentException))
#31 C:/Users/0909W/OneDrive/Documenten/GitHub/Educom-Trainee-Dashboard/front-end/vendor/laravel/framework/src/Illuminate/Foundation/Exceptions/Handler.php(726): Illuminate/Foundation/Exceptions/Handler->renderExceptionResponse(Object(Illuminate/Http/Request), Object(InvalidArgumentException))
#32 C:/Users/0909W/OneDrive/Documenten/GitHub/Educom-Trainee-Dashboard/front-end/vendor/laravel/framework/src/Illuminate/Routing/Pipeline.php(51): Illuminate/Foundation/Exceptions/Handler->render(Object(Illuminate/Http/Request), Object(InvalidArgumentException))
#33 C:/Users/0909W/OneDrive/Documenten/GitHub/Educom-Trainee-Dashboard/front-end/vendor/laravel/framework/src/Illuminate/Pipeline/Pipeline.php(224): Illuminate/Routing/Pipeline->handleException(Object(Illuminate/Http/Request), Object(InvalidArgumentException))
#34 C:/Users/0909W/OneDrive/Documenten/GitHub/Educom-Trainee-Dashboard/front-end/vendor/laravel/framework/src/Illuminate/Cookie/Middleware/AddQueuedCookiesToResponse.php(36): Illuminate/Pipeline/Pipeline->{closure:{closure:Illuminate/Pipeline/Pipeline::carry():194}:195}(Object(Illuminate/Http/Request))
#35 C:/Users/0909W/OneDrive/Documenten/GitHub/Educom-Trainee-Dashboard/front-end/vendor/laravel/framework/src/Illuminate/Pipeline/Pipeline.php(219): Illuminate/Cookie/Middleware/AddQueuedCookiesToResponse->handle(Object(Illuminate/Http/Request), Object(Closure))
#36 C:/Users/0909W/OneDrive/Documenten/GitHub/Educom-Trainee-Dashboard/front-end/vendor/laravel/framework/src/Illuminate/Cookie/Middleware/EncryptCookies.php(74): Illuminate/Pipeline/Pipeline->{closure:{closure:Illuminate/Pipeline/Pipeline::carry():194}:195}(Object(Illuminate/Http/Request))
#37 C:/Users/0909W/OneDrive/Documenten/GitHub/Educom-Trainee-Dashboard/front-end/vendor/laravel/framework/src/Illuminate/Pipeline/Pipeline.php(219): Illuminate/Cookie/Middleware/EncryptCookies->handle(Object(Illuminate/Http/Request), Object(Closure))
#38 C:/Users/0909W/OneDrive/Documenten/GitHub/Educom-Trainee-Dashboard/front-end/vendor/laravel/framework/src/Illuminate/Pipeline/Pipeline.php(137): Illuminate/Pipeline/Pipeline->{closure:{closure:Illuminate/Pipeline/Pipeline::carry():194}:195}(Object(Illuminate/Http/Request))
#39 C:/Users/0909W/OneDrive/Documenten/GitHub/Educom-Trainee-Dashboard/front-end/vendor/laravel/framework/src/Illuminate/Routing/Router.php(821): Illuminate/Pipeline/Pipeline->then(Object(Closure))
#40 C:/Users/0909W/OneDrive/Documenten/GitHub/Educom-Trainee-Dashboard/front-end/vendor/laravel/framework/src/Illuminate/Routing/Router.php(800): Illuminate/Routing/Router->runRouteWithinStack(Object(Illuminate/Routing/Route), Object(Illuminate/Http/Request))
#41 C:/Users/0909W/OneDrive/Documenten/GitHub/Educom-Trainee-Dashboard/front-end/vendor/laravel/framework/src/Illuminate/Routing/Router.php(764): Illuminate/Routing/Router->runRoute(Object(Illuminate/Http/Request), Object(Illuminate/Routing/Route))
#42 C:/Users/0909W/OneDrive/Documenten/GitHub/Educom-Trainee-Dashboard/front-end/vendor/laravel/framework/src/Illuminate/Routing/Router.php(753): Illuminate/Routing/Router->dispatchToRoute(Object(Illuminate/Http/Request))
#43 C:/Users/0909W/OneDrive/Documenten/GitHub/Educom-Trainee-Dashboard/front-end/vendor/laravel/framework/src/Illuminate/Foundation/Http/Kernel.php(200): Illuminate/Routing/Router->dispatch(Object(Illuminate/Http/Request))
#44 C:/Users/0909W/OneDrive/Documenten/GitHub/Educom-Trainee-Dashboard/front-end/vendor/laravel/framework/src/Illuminate/Pipeline/Pipeline.php(180): Illuminate/Foundation/Http/Kernel->{closure:Illuminate/Foundation/Http/Kernel::dispatchToRouter():197}(Object(Illuminate/Http/Request))
#45 C:/Users/0909W/OneDrive/Documenten/GitHub/Educom-Trainee-Dashboard/front-end/vendor/inertiajs/inertia-laravel/src/Middleware/EnsureGetOnRedirect.php(19): Illuminate/Pipeline/Pipeline->{closure:Illuminate/Pipeline/Pipeline::prepareDestination():178}(Object(Illuminate/Http/Request))
#46 C:/Users/0909W/OneDrive/Documenten/GitHub/Educom-Trainee-Dashboard/front-end/vendor/laravel/framework/src/Illuminate/Pipeline/Pipeline.php(219): Inertia/Middleware/EnsureGetOnRedirect->handle(Object(Illuminate/Http/Request), Object(Closure))
#47 C:/Users/0909W/OneDrive/Documenten/GitHub/Educom-Trainee-Dashboard/front-end/vendor/laravel/framework/src/Illuminate/Foundation/Http/Middleware/TransformsRequest.php(21): Illuminate/Pipeline/Pipeline->{closure:{closure:Illuminate/Pipeline/Pipeline::carry():194}:195}(Object(Illuminate/Http/Request))
#48 C:/Users/0909W/OneDrive/Documenten/GitHub/Educom-Trainee-Dashboard/front-end/vendor/laravel/framework/src/Illuminate/Foundation/Http/Middleware/ConvertEmptyStringsToNull.php(31): Illuminate/Foundation/Http/Middleware/TransformsRequest->handle(Object(Illuminate/Http/Request), Object(Closure))
#49 C:/Users/0909W/OneDrive/Documenten/GitHub/Educom-Trainee-Dashboard/front-end/vendor/laravel/framework/src/Illuminate/Pipeline/Pipeline.php(219): Illuminate/Foundation/Http/Middleware/ConvertEmptyStringsToNull->handle(Object(Illuminate/Http/Request), Object(Closure))
#50 C:/Users/0909W/OneDrive/Documenten/GitHub/Educom-Trainee-Dashboard/front-end/vendor/laravel/framework/src/Illuminate/Foundation/Http/Middleware/TransformsRequest.php(21): Illuminate/Pipeline/Pipeline->{closure:{closure:Illuminate/Pipeline/Pipeline::carry():194}:195}(Object(Illuminate/Http/Request))
#51 C:/Users/0909W/OneDrive/Documenten/GitHub/Educom-Trainee-Dashboard/front-end/vendor/laravel/framework/src/Illuminate/Foundation/Http/Middleware/TrimStrings.php(51): Illuminate/Foundation/Http/Middleware/TransformsRequest->handle(Object(Illuminate/Http/Request), Object(Closure))
#52 C:/Users/0909W/OneDrive/Documenten/GitHub/Educom-Trainee-Dashboard/front-end/vendor/laravel/framework/src/Illuminate/Pipeline/Pipeline.php(219): Illuminate/Foundation/Http/Middleware/TrimStrings->handle(Object(Illuminate/Http/Request), Object(Closure))
#53 C:/Users/0909W/OneDrive/Documenten/GitHub/Educom-Trainee-Dashboard/front-end/vendor/laravel/framework/src/Illuminate/Http/Middleware/ValidatePostSize.php(27): Illuminate/Pipeline/Pipeline->{closure:{closure:Illuminate/Pipeline/Pipeline::carry():194}:195}(Object(Illuminate/Http/Request))
#54 C:/Users/0909W/OneDrive/Documenten/GitHub/Educom-Trainee-Dashboard/front-end/vendor/laravel/framework/src/Illuminate/Pipeline/Pipeline.php(219): Illuminate/Http/Middleware/ValidatePostSize->handle(Object(Illuminate/Http/Request), Object(Closure))
#55 C:/Users/0909W/OneDrive/Documenten/GitHub/Educom-Trainee-Dashboard/front-end/vendor/laravel/framework/src/Illuminate/Foundation/Http/Middleware/PreventRequestsDuringMaintenance.php(109): Illuminate/Pipeline/Pipeline->{closure:{closure:Illuminate/Pipeline/Pipeline::carry():194}:195}(Object(Illuminate/Http/Request))
#56 C:/Users/0909W/OneDrive/Documenten/GitHub/Educom-Trainee-Dashboard/front-end/vendor/laravel/framework/src/Illuminate/Pipeline/Pipeline.php(219): Illuminate/Foundation/Http/Middleware/PreventRequestsDuringMaintenance->handle(Object(Illuminate/Http/Request), Object(Closure))
#57 C:/Users/0909W/OneDrive/Documenten/GitHub/Educom-Trainee-Dashboard/front-end/vendor/laravel/framework/src/Illuminate/Http/Middleware/HandleCors.php(61): Illuminate/Pipeline/Pipeline->{closure:{closure:Illuminate/Pipeline/Pipeline::carry():194}:195}(Object(Illuminate/Http/Request))
#58 C:/Users/0909W/OneDrive/Documenten/GitHub/Educom-Trainee-Dashboard/front-end/vendor/laravel/framework/src/Illuminate/Pipeline/Pipeline.php(219): Illuminate/Http/Middleware/HandleCors->handle(Object(Illuminate/Http/Request), Object(Closure))
#59 C:/Users/0909W/OneDrive/Documenten/GitHub/Educom-Trainee-Dashboard/front-end/vendor/laravel/framework/src/Illuminate/Http/Middleware/TrustProxies.php(58): Illuminate/Pipeline/Pipeline->{closure:{closure:Illuminate/Pipeline/Pipeline::carry():194}:195}(Object(Illuminate/Http/Request))
#60 C:/Users/0909W/OneDrive/Documenten/GitHub/Educom-Trainee-Dashboard/front-end/vendor/laravel/framework/src/Illuminate/Pipeline/Pipeline.php(219): Illuminate/Http/Middleware/TrustProxies->handle(Object(Illuminate/Http/Request), Object(Closure))
#61 C:/Users/0909W/OneDrive/Documenten/GitHub/Educom-Trainee-Dashboard/front-end/vendor/laravel/framework/src/Illuminate/Foundation/Http/Middleware/InvokeDeferredCallbacks.php(22): Illuminate/Pipeline/Pipeline->{closure:{closure:Illuminate/Pipeline/Pipeline::carry():194}:195}(Object(Illuminate/Http/Request))
#62 C:/Users/0909W/OneDrive/Documenten/GitHub/Educom-Trainee-Dashboard/front-end/vendor/laravel/framework/src/Illuminate/Pipeline/Pipeline.php(219): Illuminate/Foundation/Http/Middleware/InvokeDeferredCallbacks->handle(Object(Illuminate/Http/Request), Object(Closure))
#63 C:/Users/0909W/OneDrive/Documenten/GitHub/Educom-Trainee-Dashboard/front-end/vendor/laravel/framework/src/Illuminate/Http/Middleware/ValidatePathEncoding.php(28): Illuminate/Pipeline/Pipeline->{closure:{closure:Illuminate/Pipeline/Pipeline::carry():194}:195}(Object(Illuminate/Http/Request))
#64 C:/Users/0909W/OneDrive/Documenten/GitHub/Educom-Trainee-Dashboard/front-end/vendor/laravel/framework/src/Illuminate/Pipeline/Pipeline.php(219): Illuminate/Http/Middleware/ValidatePathEncoding->handle(Object(Illuminate/Http/Request), Object(Closure))
#65 C:/Users/0909W/OneDrive/Documenten/GitHub/Educom-Trainee-Dashboard/front-end/vendor/laravel/framework/src/Illuminate/Pipeline/Pipeline.php(137): Illuminate/Pipeline/Pipeline->{closure:{closure:Illuminate/Pipeline/Pipeline::carry():194}:195}(Object(Illuminate/Http/Request))
#66 C:/Users/0909W/OneDrive/Documenten/GitHub/Educom-Trainee-Dashboard/front-end/vendor/laravel/framework/src/Illuminate/Foundation/Http/Kernel.php(175): Illuminate/Pipeline/Pipeline->then(Object(Closure))
#67 C:/Users/0909W/OneDrive/Documenten/GitHub/Educom-Trainee-Dashboard/front-end/vendor/laravel/framework/src/Illuminate/Foundation/Http/Kernel.php(144): Illuminate/Foundation/Http/Kernel->sendRequestThroughRouter(Object(Illuminate/Http/Request))
#68 C:/Users/0909W/OneDrive/Documenten/GitHub/Educom-Trainee-Dashboard/front-end/vendor/laravel/framework/src/Illuminate/Foundation/Application.php(1220): Illuminate/Foundation/Http/Kernel->handle(Object(Illuminate/Http/Request))
#69 C:/Users/0909W/OneDrive/Documenten/GitHub/Educom-Trainee-Dashboard/front-end/public/index.php(20): Illuminate/Foundation/Application->handleRequest(Object(Illuminate/Http/Request))
#70 C:/Users/0909W/OneDrive/Documenten/GitHub/Educom-Trainee-Dashboard/front-end/vendor/laravel/framework/src/Illuminate/Foundation/resources/server.php(23): require_once('C://Users//0909W//...')
#71 {main}
"} 
[2026-07-14 13:53:06] local.ERROR: Database connection [postgresql] not configured. {"exception":"[object] (InvalidArgumentException(code: 0): Database connection [postgresql] not configured. at C:/Users/0909W/OneDrive/Documenten/GitHub/Educom-Trainee-Dashboard/front-end/vendor/laravel/framework/src/Illuminate/Database/DatabaseManager.php:226)
[stacktrace]
#0 C:/Users/0909W/OneDrive/Documenten/GitHub/Educom-Trainee-Dashboard/front-end/vendor/laravel/framework/src/Illuminate/Database/DatabaseManager.php(192): Illuminate/Database/DatabaseManager->configuration('postgresql')
#1 C:/Users/0909W/OneDrive/Documenten/GitHub/Educom-Trainee-Dashboard/front-end/vendor/laravel/framework/src/Illuminate/Database/DatabaseManager.php(103): Illuminate/Database/DatabaseManager->makeConnection('postgresql')
#2 C:/Users/0909W/OneDrive/Documenten/GitHub/Educom-Trainee-Dashboard/front-end/vendor/laravel/framework/src/Illuminate/Session/SessionManager.php(110): Illuminate/Database/DatabaseManager->connection('postgresql')
#3 C:/Users/0909W/OneDrive/Documenten/GitHub/Educom-Trainee-Dashboard/front-end/vendor/laravel/framework/src/Illuminate/Session/SessionManager.php(97): Illuminate/Session/SessionManager->getDatabaseConnection()
#4 C:/Users/0909W/OneDrive/Documenten/GitHub/Educom-Trainee-Dashboard/front-end/vendor/laravel/framework/src/Illuminate/Support/Manager.php(105): Illuminate/Session/SessionManager->createDatabaseDriver()
#5 C:/Users/0909W/OneDrive/Documenten/GitHub/Educom-Trainee-Dashboard/front-end/vendor/laravel/framework/src/Illuminate/Support/Manager.php(82): Illuminate/Support/Manager->createDriver('database')
#6 C:/Users/0909W/OneDrive/Documenten/GitHub/Educom-Trainee-Dashboard/front-end/vendor/laravel/framework/src/Illuminate/Session/SessionServiceProvider.php(52): Illuminate/Support/Manager->driver()
#7 C:/Users/0909W/OneDrive/Documenten/GitHub/Educom-Trainee-Dashboard/front-end/vendor/laravel/framework/src/Illuminate/Container/Container.php(1118): Illuminate/Session/SessionServiceProvider->{closure:Illuminate/Session/SessionServiceProvider::registerSessionDriver():48}(Object(Illuminate/Foundation/Application), Array)
#8 C:/Users/0909W/OneDrive/Documenten/GitHub/Educom-Trainee-Dashboard/front-end/vendor/laravel/framework/src/Illuminate/Container/Container.php(936): Illuminate/Container/Container->build(Object(Closure))
#9 C:/Users/0909W/OneDrive/Documenten/GitHub/Educom-Trainee-Dashboard/front-end/vendor/laravel/framework/src/Illuminate/Foundation/Application.php(1078): Illuminate/Container/Container->resolve('session.store', Array, true)
#10 C:/Users/0909W/OneDrive/Documenten/GitHub/Educom-Trainee-Dashboard/front-end/vendor/laravel/framework/src/Illuminate/Container/Container.php(864): Illuminate/Foundation/Application->resolve('session.store', Array)
#11 C:/Users/0909W/OneDrive/Documenten/GitHub/Educom-Trainee-Dashboard/front-end/vendor/laravel/framework/src/Illuminate/Foundation/Application.php(1058): Illuminate/Container/Container->make('session.store', Array)
#12 C:/Users/0909W/OneDrive/Documenten/GitHub/Educom-Trainee-Dashboard/front-end/vendor/laravel/framework/src/Illuminate/Container/Container.php(1810): Illuminate/Foundation/Application->make('session.store')
#13 C:/Users/0909W/OneDrive/Documenten/GitHub/Educom-Trainee-Dashboard/front-end/vendor/laravel/framework/src/Illuminate/Routing/RoutingServiceProvider.php(121): Illuminate/Container/Container->offsetGet('session.store')
#14 C:/Users/0909W/OneDrive/Documenten/GitHub/Educom-Trainee-Dashboard/front-end/vendor/laravel/framework/src/Illuminate/Container/Container.php(1118): Illuminate/Routing/RoutingServiceProvider->{closure:Illuminate/Routing/RoutingServiceProvider::registerRedirector():114}(Object(Illuminate/Foundation/Application), Array)
#15 C:/Users/0909W/OneDrive/Documenten/GitHub/Educom-Trainee-Dashboard/front-end/vendor/laravel/framework/src/Illuminate/Container/Container.php(936): Illuminate/Container/Container->build(Object(Closure))
#16 C:/Users/0909W/OneDrive/Documenten/GitHub/Educom-Trainee-Dashboard/front-end/vendor/laravel/framework/src/Illuminate/Foundation/Application.php(1078): Illuminate/Container/Container->resolve('redirect', Array, true)
#17 C:/Users/0909W/OneDrive/Documenten/GitHub/Educom-Trainee-Dashboard/front-end/vendor/laravel/framework/src/Illuminate/Container/Container.php(864): Illuminate/Foundation/Application->resolve('redirect', Array)
#18 C:/Users/0909W/OneDrive/Documenten/GitHub/Educom-Trainee-Dashboard/front-end/vendor/laravel/framework/src/Illuminate/Foundation/Application.php(1058): Illuminate/Container/Container->make('redirect', Array)
#19 C:/Users/0909W/OneDrive/Documenten/GitHub/Educom-Trainee-Dashboard/front-end/vendor/laravel/framework/src/Illuminate/Container/Container.php(1810): Illuminate/Foundation/Application->make('redirect')
#20 C:/Users/0909W/OneDrive/Documenten/GitHub/Educom-Trainee-Dashboard/front-end/vendor/laravel/framework/src/Illuminate/Routing/RoutingServiceProvider.php(181): Illuminate/Container/Container->offsetGet('redirect')
#21 C:/Users/0909W/OneDrive/Documenten/GitHub/Educom-Trainee-Dashboard/front-end/vendor/laravel/framework/src/Illuminate/Container/Container.php(1118): Illuminate/Routing/RoutingServiceProvider->{closure:Illuminate/Routing/RoutingServiceProvider::registerResponseFactory():180}(Object(Illuminate/Foundation/Application), Array)
#22 C:/Users/0909W/OneDrive/Documenten/GitHub/Educom-Trainee-Dashboard/front-end/vendor/laravel/framework/src/Illuminate/Container/Container.php(936): Illuminate/Container/Container->build(Object(Closure))
#23 C:/Users/0909W/OneDrive/Documenten/GitHub/Educom-Trainee-Dashboard/front-end/vendor/laravel/framework/src/Illuminate/Foundation/Application.php(1078): Illuminate/Container/Container->resolve('Illuminate//Cont...', Array, true)
#24 C:/Users/0909W/OneDrive/Documenten/GitHub/Educom-Trainee-Dashboard/front-end/vendor/laravel/framework/src/Illuminate/Container/Container.php(864): Illuminate/Foundation/Application->resolve('Illuminate//Cont...', Array)
#25 C:/Users/0909W/OneDrive/Documenten/GitHub/Educom-Trainee-Dashboard/front-end/vendor/laravel/framework/src/Illuminate/Foundation/Application.php(1058): Illuminate/Container/Container->make('Illuminate//Cont...', Array)
#26 C:/Users/0909W/OneDrive/Documenten/GitHub/Educom-Trainee-Dashboard/front-end/vendor/laravel/framework/src/Illuminate/Foundation/helpers.php(138): Illuminate/Foundation/Application->make('Illuminate//Cont...', Array)
#27 C:/Users/0909W/OneDrive/Documenten/GitHub/Educom-Trainee-Dashboard/front-end/vendor/laravel/framework/src/Illuminate/Foundation/helpers.php(850): app('Illuminate//Cont...')
#28 C:/Users/0909W/OneDrive/Documenten/GitHub/Educom-Trainee-Dashboard/front-end/vendor/laravel/framework/src/Illuminate/Foundation/Exceptions/Handler.php(1098): response('<!DOCTYPE html>...', 500, Array)
#29 C:/Users/0909W/OneDrive/Documenten/GitHub/Educom-Trainee-Dashboard/front-end/vendor/laravel/framework/src/Illuminate/Foundation/Exceptions/Handler.php(948): Illuminate/Foundation/Exceptions/Handler->toIlluminateResponse(Object(Symfony/Component/HttpFoundation/Response), Object(InvalidArgumentException))
#30 C:/Users/0909W/OneDrive/Documenten/GitHub/Educom-Trainee-Dashboard/front-end/vendor/laravel/framework/src/Illuminate/Foundation/Exceptions/Handler.php(839): Illuminate/Foundation/Exceptions/Handler->prepareResponse(Object(Illuminate/Http/Request), Object(InvalidArgumentException))
#31 C:/Users/0909W/OneDrive/Documenten/GitHub/Educom-Trainee-Dashboard/front-end/vendor/laravel/framework/src/Illuminate/Foundation/Exceptions/Handler.php(726): Illuminate/Foundation/Exceptions/Handler->renderExceptionResponse(Object(Illuminate/Http/Request), Object(InvalidArgumentException))
#32 C:/Users/0909W/OneDrive/Documenten/GitHub/Educom-Trainee-Dashboard/front-end/vendor/laravel/framework/src/Illuminate/Routing/Pipeline.php(51): Illuminate/Foundation/Exceptions/Handler->render(Object(Illuminate/Http/Request), Object(InvalidArgumentException))
#33 C:/Users/0909W/OneDrive/Documenten/GitHub/Educom-Trainee-Dashboard/front-end/vendor/laravel/framework/src/Illuminate/Pipeline/Pipeline.php(224): Illuminate/Routing/Pipeline->handleException(Object(Illuminate/Http/Request), Object(InvalidArgumentException))
#34 C:/Users/0909W/OneDrive/Documenten/GitHub/Educom-Trainee-Dashboard/front-end/vendor/laravel/framework/src/Illuminate/Cookie/Middleware/EncryptCookies.php(74): Illuminate/Pipeline/Pipeline->{closure:{closure:Illuminate/Pipeline/Pipeline::carry():194}:195}(Object(Illuminate/Http/Request))
#35 C:/Users/0909W/OneDrive/Documenten/GitHub/Educom-Trainee-Dashboard/front-end/vendor/laravel/framework/src/Illuminate/Pipeline/Pipeline.php(219): Illuminate/Cookie/Middleware/EncryptCookies->handle(Object(Illuminate/Http/Request), Object(Closure))
#36 C:/Users/0909W/OneDrive/Documenten/GitHub/Educom-Trainee-Dashboard/front-end/vendor/laravel/framework/src/Illuminate/Pipeline/Pipeline.php(137): Illuminate/Pipeline/Pipeline->{closure:{closure:Illuminate/Pipeline/Pipeline::carry():194}:195}(Object(Illuminate/Http/Request))
#37 C:/Users/0909W/OneDrive/Documenten/GitHub/Educom-Trainee-Dashboard/front-end/vendor/laravel/framework/src/Illuminate/Routing/Router.php(821): Illuminate/Pipeline/Pipeline->then(Object(Closure))
#38 C:/Users/0909W/OneDrive/Documenten/GitHub/Educom-Trainee-Dashboard/front-end/vendor/laravel/framework/src/Illuminate/Routing/Router.php(800): Illuminate/Routing/Router->runRouteWithinStack(Object(Illuminate/Routing/Route), Object(Illuminate/Http/Request))
#39 C:/Users/0909W/OneDrive/Documenten/GitHub/Educom-Trainee-Dashboard/front-end/vendor/laravel/framework/src/Illuminate/Routing/Router.php(764): Illuminate/Routing/Router->runRoute(Object(Illuminate/Http/Request), Object(Illuminate/Routing/Route))
#40 C:/Users/0909W/OneDrive/Documenten/GitHub/Educom-Trainee-Dashboard/front-end/vendor/laravel/framework/src/Illuminate/Routing/Router.php(753): Illuminate/Routing/Router->dispatchToRoute(Object(Illuminate/Http/Request))
#41 C:/Users/0909W/OneDrive/Documenten/GitHub/Educom-Trainee-Dashboard/front-end/vendor/laravel/framework/src/Illuminate/Foundation/Http/Kernel.php(200): Illuminate/Routing/Router->dispatch(Object(Illuminate/Http/Request))
#42 C:/Users/0909W/OneDrive/Documenten/GitHub/Educom-Trainee-Dashboard/front-end/vendor/laravel/framework/src/Illuminate/Pipeline/Pipeline.php(180): Illuminate/Foundation/Http/Kernel->{closure:Illuminate/Foundation/Http/Kernel::dispatchToRouter():197}(Object(Illuminate/Http/Request))
#43 C:/Users/0909W/OneDrive/Documenten/GitHub/Educom-Trainee-Dashboard/front-end/vendor/inertiajs/inertia-laravel/src/Middleware/EnsureGetOnRedirect.php(19): Illuminate/Pipeline/Pipeline->{closure:Illuminate/Pipeline/Pipeline::prepareDestination():178}(Object(Illuminate/Http/Request))
#44 C:/Users/0909W/OneDrive/Documenten/GitHub/Educom-Trainee-Dashboard/front-end/vendor/laravel/framework/src/Illuminate/Pipeline/Pipeline.php(219): Inertia/Middleware/EnsureGetOnRedirect->handle(Object(Illuminate/Http/Request), Object(Closure))
#45 C:/Users/0909W/OneDrive/Documenten/GitHub/Educom-Trainee-Dashboard/front-end/vendor/laravel/framework/src/Illuminate/Foundation/Http/Middleware/TransformsRequest.php(21): Illuminate/Pipeline/Pipeline->{closure:{closure:Illuminate/Pipeline/Pipeline::carry():194}:195}(Object(Illuminate/Http/Request))
#46 C:/Users/0909W/OneDrive/Documenten/GitHub/Educom-Trainee-Dashboard/front-end/vendor/laravel/framework/src/Illuminate/Foundation/Http/Middleware/ConvertEmptyStringsToNull.php(31): Illuminate/Foundation/Http/Middleware/TransformsRequest->handle(Object(Illuminate/Http/Request), Object(Closure))
#47 C:/Users/0909W/OneDrive/Documenten/GitHub/Educom-Trainee-Dashboard/front-end/vendor/laravel/framework/src/Illuminate/Pipeline/Pipeline.php(219): Illuminate/Foundation/Http/Middleware/ConvertEmptyStringsToNull->handle(Object(Illuminate/Http/Request), Object(Closure))
#48 C:/Users/0909W/OneDrive/Documenten/GitHub/Educom-Trainee-Dashboard/front-end/vendor/laravel/framework/src/Illuminate/Foundation/Http/Middleware/TransformsRequest.php(21): Illuminate/Pipeline/Pipeline->{closure:{closure:Illuminate/Pipeline/Pipeline::carry():194}:195}(Object(Illuminate/Http/Request))
#49 C:/Users/0909W/OneDrive/Documenten/GitHub/Educom-Trainee-Dashboard/front-end/vendor/laravel/framework/src/Illuminate/Foundation/Http/Middleware/TrimStrings.php(51): Illuminate/Foundation/Http/Middleware/TransformsRequest->handle(Object(Illuminate/Http/Request), Object(Closure))
#50 C:/Users/0909W/OneDrive/Documenten/GitHub/Educom-Trainee-Dashboard/front-end/vendor/laravel/framework/src/Illuminate/Pipeline/Pipeline.php(219): Illuminate/Foundation/Http/Middleware/TrimStrings->handle(Object(Illuminate/Http/Request), Object(Closure))
#51 C:/Users/0909W/OneDrive/Documenten/GitHub/Educom-Trainee-Dashboard/front-end/vendor/laravel/framework/src/Illuminate/Http/Middleware/ValidatePostSize.php(27): Illuminate/Pipeline/Pipeline->{closure:{closure:Illuminate/Pipeline/Pipeline::carry():194}:195}(Object(Illuminate/Http/Request))
#52 C:/Users/0909W/OneDrive/Documenten/GitHub/Educom-Trainee-Dashboard/front-end/vendor/laravel/framework/src/Illuminate/Pipeline/Pipeline.php(219): Illuminate/Http/Middleware/ValidatePostSize->handle(Object(Illuminate/Http/Request), Object(Closure))
#53 C:/Users/0909W/OneDrive/Documenten/GitHub/Educom-Trainee-Dashboard/front-end/vendor/laravel/framework/src/Illuminate/Foundation/Http/Middleware/PreventRequestsDuringMaintenance.php(109): Illuminate/Pipeline/Pipeline->{closure:{closure:Illuminate/Pipeline/Pipeline::carry():194}:195}(Object(Illuminate/Http/Request))
#54 C:/Users/0909W/OneDrive/Documenten/GitHub/Educom-Trainee-Dashboard/front-end/vendor/laravel/framework/src/Illuminate/Pipeline/Pipeline.php(219): Illuminate/Foundation/Http/Middleware/PreventRequestsDuringMaintenance->handle(Object(Illuminate/Http/Request), Object(Closure))
#55 C:/Users/0909W/OneDrive/Documenten/GitHub/Educom-Trainee-Dashboard/front-end/vendor/laravel/framework/src/Illuminate/Http/Middleware/HandleCors.php(61): Illuminate/Pipeline/Pipeline->{closure:{closure:Illuminate/Pipeline/Pipeline::carry():194}:195}(Object(Illuminate/Http/Request))
#56 C:/Users/0909W/OneDrive/Documenten/GitHub/Educom-Trainee-Dashboard/front-end/vendor/laravel/framework/src/Illuminate/Pipeline/Pipeline.php(219): Illuminate/Http/Middleware/HandleCors->handle(Object(Illuminate/Http/Request), Object(Closure))
#57 C:/Users/0909W/OneDrive/Documenten/GitHub/Educom-Trainee-Dashboard/front-end/vendor/laravel/framework/src/Illuminate/Http/Middleware/TrustProxies.php(58): Illuminate/Pipeline/Pipeline->{closure:{closure:Illuminate/Pipeline/Pipeline::carry():194}:195}(Object(Illuminate/Http/Request))
#58 C:/Users/0909W/OneDrive/Documenten/GitHub/Educom-Trainee-Dashboard/front-end/vendor/laravel/framework/src/Illuminate/Pipeline/Pipeline.php(219): Illuminate/Http/Middleware/TrustProxies->handle(Object(Illuminate/Http/Request), Object(Closure))
#59 C:/Users/0909W/OneDrive/Documenten/GitHub/Educom-Trainee-Dashboard/front-end/vendor/laravel/framework/src/Illuminate/Foundation/Http/Middleware/InvokeDeferredCallbacks.php(22): Illuminate/Pipeline/Pipeline->{closure:{closure:Illuminate/Pipeline/Pipeline::carry():194}:195}(Object(Illuminate/Http/Request))
#60 C:/Users/0909W/OneDrive/Documenten/GitHub/Educom-Trainee-Dashboard/front-end/vendor/laravel/framework/src/Illuminate/Pipeline/Pipeline.php(219): Illuminate/Foundation/Http/Middleware/InvokeDeferredCallbacks->handle(Object(Illuminate/Http/Request), Object(Closure))
#61 C:/Users/0909W/OneDrive/Documenten/GitHub/Educom-Trainee-Dashboard/front-end/vendor/laravel/framework/src/Illuminate/Http/Middleware/ValidatePathEncoding.php(28): Illuminate/Pipeline/Pipeline->{closure:{closure:Illuminate/Pipeline/Pipeline::carry():194}:195}(Object(Illuminate/Http/Request))
#62 C:/Users/0909W/OneDrive/Documenten/GitHub/Educom-Trainee-Dashboard/front-end/vendor/laravel/framework/src/Illuminate/Pipeline/Pipeline.php(219): Illuminate/Http/Middleware/ValidatePathEncoding->handle(Object(Illuminate/Http/Request), Object(Closure))
#63 C:/Users/0909W/OneDrive/Documenten/GitHub/Educom-Trainee-Dashboard/front-end/vendor/laravel/framework/src/Illuminate/Pipeline/Pipeline.php(137): Illuminate/Pipeline/Pipeline->{closure:{closure:Illuminate/Pipeline/Pipeline::carry():194}:195}(Object(Illuminate/Http/Request))
#64 C:/Users/0909W/OneDrive/Documenten/GitHub/Educom-Trainee-Dashboard/front-end/vendor/laravel/framework/src/Illuminate/Foundation/Http/Kernel.php(175): Illuminate/Pipeline/Pipeline->then(Object(Closure))
#65 C:/Users/0909W/OneDrive/Documenten/GitHub/Educom-Trainee-Dashboard/front-end/vendor/laravel/framework/src/Illuminate/Foundation/Http/Kernel.php(144): Illuminate/Foundation/Http/Kernel->sendRequestThroughRouter(Object(Illuminate/Http/Request))
#66 C:/Users/0909W/OneDrive/Documenten/GitHub/Educom-Trainee-Dashboard/front-end/vendor/laravel/framework/src/Illuminate/Foundation/Application.php(1220): Illuminate/Foundation/Http/Kernel->handle(Object(Illuminate/Http/Request))
#67 C:/Users/0909W/OneDrive/Documenten/GitHub/Educom-Trainee-Dashboard/front-end/public/index.php(20): Illuminate/Foundation/Application->handleRequest(Object(Illuminate/Http/Request))
#68 C:/Users/0909W/OneDrive/Documenten/GitHub/Educom-Trainee-Dashboard/front-end/vendor/laravel/framework/src/Illuminate/Foundation/resources/server.php(23): require_once('C://Users//0909W//...')
#69 {main}
"} 
[2026-07-14 13:53:07] local.ERROR: Database connection [postgresql] not configured. {"exception":"[object] (InvalidArgumentException(code: 0): Database connection [postgresql] not configured. at C:/Users/0909W/OneDrive/Documenten/GitHub/Educom-Trainee-Dashboard/front-end/vendor/laravel/framework/src/Illuminate/Database/DatabaseManager.php:226)
[stacktrace]
#0 C:/Users/0909W/OneDrive/Documenten/GitHub/Educom-Trainee-Dashboard/front-end/vendor/laravel/framework/src/Illuminate/Database/DatabaseManager.php(192): Illuminate/Database/DatabaseManager->configuration('postgresql')
#1 C:/Users/0909W/OneDrive/Documenten/GitHub/Educom-Trainee-Dashboard/front-end/vendor/laravel/framework/src/Illuminate/Database/DatabaseManager.php(103): Illuminate/Database/DatabaseManager->makeConnection('postgresql')
#2 C:/Users/0909W/OneDrive/Documenten/GitHub/Educom-Trainee-Dashboard/front-end/vendor/laravel/framework/src/Illuminate/Session/SessionManager.php(110): Illuminate/Database/DatabaseManager->connection('postgresql')
#3 C:/Users/0909W/OneDrive/Documenten/GitHub/Educom-Trainee-Dashboard/front-end/vendor/laravel/framework/src/Illuminate/Session/SessionManager.php(97): Illuminate/Session/SessionManager->getDatabaseConnection()
#4 C:/Users/0909W/OneDrive/Documenten/GitHub/Educom-Trainee-Dashboard/front-end/vendor/laravel/framework/src/Illuminate/Support/Manager.php(105): Illuminate/Session/SessionManager->createDatabaseDriver()
#5 C:/Users/0909W/OneDrive/Documenten/GitHub/Educom-Trainee-Dashboard/front-end/vendor/laravel/framework/src/Illuminate/Support/Manager.php(82): Illuminate/Support/Manager->createDriver('database')
#6 C:/Users/0909W/OneDrive/Documenten/GitHub/Educom-Trainee-Dashboard/front-end/vendor/laravel/framework/src/Illuminate/Session/SessionServiceProvider.php(52): Illuminate/Support/Manager->driver()
#7 C:/Users/0909W/OneDrive/Documenten/GitHub/Educom-Trainee-Dashboard/front-end/vendor/laravel/framework/src/Illuminate/Container/Container.php(1118): Illuminate/Session/SessionServiceProvider->{closure:Illuminate/Session/SessionServiceProvider::registerSessionDriver():48}(Object(Illuminate/Foundation/Application), Array)
#8 C:/Users/0909W/OneDrive/Documenten/GitHub/Educom-Trainee-Dashboard/front-end/vendor/laravel/framework/src/Illuminate/Container/Container.php(936): Illuminate/Container/Container->build(Object(Closure))
#9 C:/Users/0909W/OneDrive/Documenten/GitHub/Educom-Trainee-Dashboard/front-end/vendor/laravel/framework/src/Illuminate/Foundation/Application.php(1078): Illuminate/Container/Container->resolve('session.store', Array, true)
#10 C:/Users/0909W/OneDrive/Documenten/GitHub/Educom-Trainee-Dashboard/front-end/vendor/laravel/framework/src/Illuminate/Container/Container.php(864): Illuminate/Foundation/Application->resolve('session.store', Array)
#11 C:/Users/0909W/OneDrive/Documenten/GitHub/Educom-Trainee-Dashboard/front-end/vendor/laravel/framework/src/Illuminate/Foundation/Application.php(1058): Illuminate/Container/Container->make('session.store', Array)
#12 C:/Users/0909W/OneDrive/Documenten/GitHub/Educom-Trainee-Dashboard/front-end/vendor/laravel/framework/src/Illuminate/Container/Container.php(1810): Illuminate/Foundation/Application->make('session.store')
#13 C:/Users/0909W/OneDrive/Documenten/GitHub/Educom-Trainee-Dashboard/front-end/vendor/laravel/framework/src/Illuminate/Routing/RoutingServiceProvider.php(121): Illuminate/Container/Container->offsetGet('session.store')
#14 C:/Users/0909W/OneDrive/Documenten/GitHub/Educom-Trainee-Dashboard/front-end/vendor/laravel/framework/src/Illuminate/Container/Container.php(1118): Illuminate/Routing/RoutingServiceProvider->{closure:Illuminate/Routing/RoutingServiceProvider::registerRedirector():114}(Object(Illuminate/Foundation/Application), Array)
#15 C:/Users/0909W/OneDrive/Documenten/GitHub/Educom-Trainee-Dashboard/front-end/vendor/laravel/framework/src/Illuminate/Container/Container.php(936): Illuminate/Container/Container->build(Object(Closure))
#16 C:/Users/0909W/OneDrive/Documenten/GitHub/Educom-Trainee-Dashboard/front-end/vendor/laravel/framework/src/Illuminate/Foundation/Application.php(1078): Illuminate/Container/Container->resolve('redirect', Array, true)
#17 C:/Users/0909W/OneDrive/Documenten/GitHub/Educom-Trainee-Dashboard/front-end/vendor/laravel/framework/src/Illuminate/Container/Container.php(864): Illuminate/Foundation/Application->resolve('redirect', Array)
#18 C:/Users/0909W/OneDrive/Documenten/GitHub/Educom-Trainee-Dashboard/front-end/vendor/laravel/framework/src/Illuminate/Foundation/Application.php(1058): Illuminate/Container/Container->make('redirect', Array)
#19 C:/Users/0909W/OneDrive/Documenten/GitHub/Educom-Trainee-Dashboard/front-end/vendor/laravel/framework/src/Illuminate/Container/Container.php(1810): Illuminate/Foundation/Application->make('redirect')
#20 C:/Users/0909W/OneDrive/Documenten/GitHub/Educom-Trainee-Dashboard/front-end/vendor/laravel/framework/src/Illuminate/Routing/RoutingServiceProvider.php(181): Illuminate/Container/Container->offsetGet('redirect')
#21 C:/Users/0909W/OneDrive/Documenten/GitHub/Educom-Trainee-Dashboard/front-end/vendor/laravel/framework/src/Illuminate/Container/Container.php(1118): Illuminate/Routing/RoutingServiceProvider->{closure:Illuminate/Routing/RoutingServiceProvider::registerResponseFactory():180}(Object(Illuminate/Foundation/Application), Array)
#22 C:/Users/0909W/OneDrive/Documenten/GitHub/Educom-Trainee-Dashboard/front-end/vendor/laravel/framework/src/Illuminate/Container/Container.php(936): Illuminate/Container/Container->build(Object(Closure))
#23 C:/Users/0909W/OneDrive/Documenten/GitHub/Educom-Trainee-Dashboard/front-end/vendor/laravel/framework/src/Illuminate/Foundation/Application.php(1078): Illuminate/Container/Container->resolve('Illuminate//Cont...', Array, true)
#24 C:/Users/0909W/OneDrive/Documenten/GitHub/Educom-Trainee-Dashboard/front-end/vendor/laravel/framework/src/Illuminate/Container/Container.php(864): Illuminate/Foundation/Application->resolve('Illuminate//Cont...', Array)
#25 C:/Users/0909W/OneDrive/Documenten/GitHub/Educom-Trainee-Dashboard/front-end/vendor/laravel/framework/src/Illuminate/Foundation/Application.php(1058): Illuminate/Container/Container->make('Illuminate//Cont...', Array)
#26 C:/Users/0909W/OneDrive/Documenten/GitHub/Educom-Trainee-Dashboard/front-end/vendor/laravel/framework/src/Illuminate/Foundation/helpers.php(138): Illuminate/Foundation/Application->make('Illuminate//Cont...', Array)
#27 C:/Users/0909W/OneDrive/Documenten/GitHub/Educom-Trainee-Dashboard/front-end/vendor/laravel/framework/src/Illuminate/Foundation/helpers.php(850): app('Illuminate//Cont...')
#28 C:/Users/0909W/OneDrive/Documenten/GitHub/Educom-Trainee-Dashboard/front-end/vendor/laravel/framework/src/Illuminate/Foundation/Exceptions/Handler.php(1098): response('<!DOCTYPE html>...', 500, Array)
#29 C:/Users/0909W/OneDrive/Documenten/GitHub/Educom-Trainee-Dashboard/front-end/vendor/laravel/framework/src/Illuminate/Foundation/Exceptions/Handler.php(948): Illuminate/Foundation/Exceptions/Handler->toIlluminateResponse(Object(Symfony/Component/HttpFoundation/Response), Object(InvalidArgumentException))
#30 C:/Users/0909W/OneDrive/Documenten/GitHub/Educom-Trainee-Dashboard/front-end/vendor/laravel/framework/src/Illuminate/Foundation/Exceptions/Handler.php(839): Illuminate/Foundation/Exceptions/Handler->prepareResponse(Object(Illuminate/Http/Request), Object(InvalidArgumentException))
#31 C:/Users/0909W/OneDrive/Documenten/GitHub/Educom-Trainee-Dashboard/front-end/vendor/laravel/framework/src/Illuminate/Foundation/Exceptions/Handler.php(726): Illuminate/Foundation/Exceptions/Handler->renderExceptionResponse(Object(Illuminate/Http/Request), Object(InvalidArgumentException))
#32 C:/Users/0909W/OneDrive/Documenten/GitHub/Educom-Trainee-Dashboard/front-end/vendor/laravel/framework/src/Illuminate/Routing/Pipeline.php(51): Illuminate/Foundation/Exceptions/Handler->render(Object(Illuminate/Http/Request), Object(InvalidArgumentException))
#33 C:/Users/0909W/OneDrive/Documenten/GitHub/Educom-Trainee-Dashboard/front-end/vendor/laravel/framework/src/Illuminate/Pipeline/Pipeline.php(224): Illuminate/Routing/Pipeline->handleException(Object(Illuminate/Http/Request), Object(InvalidArgumentException))
#34 C:/Users/0909W/OneDrive/Documenten/GitHub/Educom-Trainee-Dashboard/front-end/vendor/laravel/framework/src/Illuminate/Pipeline/Pipeline.php(137): Illuminate/Pipeline/Pipeline->{closure:{closure:Illuminate/Pipeline/Pipeline::carry():194}:195}(Object(Illuminate/Http/Request))
#35 C:/Users/0909W/OneDrive/Documenten/GitHub/Educom-Trainee-Dashboard/front-end/vendor/laravel/framework/src/Illuminate/Routing/Router.php(821): Illuminate/Pipeline/Pipeline->then(Object(Closure))
#36 C:/Users/0909W/OneDrive/Documenten/GitHub/Educom-Trainee-Dashboard/front-end/vendor/laravel/framework/src/Illuminate/Routing/Router.php(800): Illuminate/Routing/Router->runRouteWithinStack(Object(Illuminate/Routing/Route), Object(Illuminate/Http/Request))
#37 C:/Users/0909W/OneDrive/Documenten/GitHub/Educom-Trainee-Dashboard/front-end/vendor/laravel/framework/src/Illuminate/Routing/Router.php(764): Illuminate/Routing/Router->runRoute(Object(Illuminate/Http/Request), Object(Illuminate/Routing/Route))
#38 C:/Users/0909W/OneDrive/Documenten/GitHub/Educom-Trainee-Dashboard/front-end/vendor/laravel/framework/src/Illuminate/Routing/Router.php(753): Illuminate/Routing/Router->dispatchToRoute(Object(Illuminate/Http/Request))
#39 C:/Users/0909W/OneDrive/Documenten/GitHub/Educom-Trainee-Dashboard/front-end/vendor/laravel/framework/src/Illuminate/Foundation/Http/Kernel.php(200): Illuminate/Routing/Router->dispatch(Object(Illuminate/Http/Request))
#40 C:/Users/0909W/OneDrive/Documenten/GitHub/Educom-Trainee-Dashboard/front-end/vendor/laravel/framework/src/Illuminate/Pipeline/Pipeline.php(180): Illuminate/Foundation/Http/Kernel->{closure:Illuminate/Foundation/Http/Kernel::dispatchToRouter():197}(Object(Illuminate/Http/Request))
#41 C:/Users/0909W/OneDrive/Documenten/GitHub/Educom-Trainee-Dashboard/front-end/vendor/inertiajs/inertia-laravel/src/Middleware/EnsureGetOnRedirect.php(19): Illuminate/Pipeline/Pipeline->{closure:Illuminate/Pipeline/Pipeline::prepareDestination():178}(Object(Illuminate/Http/Request))
#42 C:/Users/0909W/OneDrive/Documenten/GitHub/Educom-Trainee-Dashboard/front-end/vendor/laravel/framework/src/Illuminate/Pipeline/Pipeline.php(219): Inertia/Middleware/EnsureGetOnRedirect->handle(Object(Illuminate/Http/Request), Object(Closure))
#43 C:/Users/0909W/OneDrive/Documenten/GitHub/Educom-Trainee-Dashboard/front-end/vendor/laravel/framework/src/Illuminate/Foundation/Http/Middleware/TransformsRequest.php(21): Illuminate/Pipeline/Pipeline->{closure:{closure:Illuminate/Pipeline/Pipeline::carry():194}:195}(Object(Illuminate/Http/Request))
#44 C:/Users/0909W/OneDrive/Documenten/GitHub/Educom-Trainee-Dashboard/front-end/vendor/laravel/framework/src/Illuminate/Foundation/Http/Middleware/ConvertEmptyStringsToNull.php(31): Illuminate/Foundation/Http/Middleware/TransformsRequest->handle(Object(Illuminate/Http/Request), Object(Closure))
#45 C:/Users/0909W/OneDrive/Documenten/GitHub/Educom-Trainee-Dashboard/front-end/vendor/laravel/framework/src/Illuminate/Pipeline/Pipeline.php(219): Illuminate/Foundation/Http/Middleware/ConvertEmptyStringsToNull->handle(Object(Illuminate/Http/Request), Object(Closure))
#46 C:/Users/0909W/OneDrive/Documenten/GitHub/Educom-Trainee-Dashboard/front-end/vendor/laravel/framework/src/Illuminate/Foundation/Http/Middleware/TransformsRequest.php(21): Illuminate/Pipeline/Pipeline->{closure:{closure:Illuminate/Pipeline/Pipeline::carry():194}:195}(Object(Illuminate/Http/Request))
#47 C:/Users/0909W/OneDrive/Documenten/GitHub/Educom-Trainee-Dashboard/front-end/vendor/laravel/framework/src/Illuminate/Foundation/Http/Middleware/TrimStrings.php(51): Illuminate/Foundation/Http/Middleware/TransformsRequest->handle(Object(Illuminate/Http/Request), Object(Closure))
#48 C:/Users/0909W/OneDrive/Documenten/GitHub/Educom-Trainee-Dashboard/front-end/vendor/laravel/framework/src/Illuminate/Pipeline/Pipeline.php(219): Illuminate/Foundation/Http/Middleware/TrimStrings->handle(Object(Illuminate/Http/Request), Object(Closure))
#49 C:/Users/0909W/OneDrive/Documenten/GitHub/Educom-Trainee-Dashboard/front-end/vendor/laravel/framework/src/Illuminate/Http/Middleware/ValidatePostSize.php(27): Illuminate/Pipeline/Pipeline->{closure:{closure:Illuminate/Pipeline/Pipeline::carry():194}:195}(Object(Illuminate/Http/Request))
#50 C:/Users/0909W/OneDrive/Documenten/GitHub/Educom-Trainee-Dashboard/front-end/vendor/laravel/framework/src/Illuminate/Pipeline/Pipeline.php(219): Illuminate/Http/Middleware/ValidatePostSize->handle(Object(Illuminate/Http/Request), Object(Closure))
#51 C:/Users/0909W/OneDrive/Documenten/GitHub/Educom-Trainee-Dashboard/front-end/vendor/laravel/framework/src/Illuminate/Foundation/Http/Middleware/PreventRequestsDuringMaintenance.php(109): Illuminate/Pipeline/Pipeline->{closure:{closure:Illuminate/Pipeline/Pipeline::carry():194}:195}(Object(Illuminate/Http/Request))
#52 C:/Users/0909W/OneDrive/Documenten/GitHub/Educom-Trainee-Dashboard/front-end/vendor/laravel/framework/src/Illuminate/Pipeline/Pipeline.php(219): Illuminate/Foundation/Http/Middleware/PreventRequestsDuringMaintenance->handle(Object(Illuminate/Http/Request), Object(Closure))
#53 C:/Users/0909W/OneDrive/Documenten/GitHub/Educom-Trainee-Dashboard/front-end/vendor/laravel/framework/src/Illuminate/Http/Middleware/HandleCors.php(61): Illuminate/Pipeline/Pipeline->{closure:{closure:Illuminate/Pipeline/Pipeline::carry():194}:195}(Object(Illuminate/Http/Request))
#54 C:/Users/0909W/OneDrive/Documenten/GitHub/Educom-Trainee-Dashboard/front-end/vendor/laravel/framework/src/Illuminate/Pipeline/Pipeline.php(219): Illuminate/Http/Middleware/HandleCors->handle(Object(Illuminate/Http/Request), Object(Closure))
#55 C:/Users/0909W/OneDrive/Documenten/GitHub/Educom-Trainee-Dashboard/front-end/vendor/laravel/framework/src/Illuminate/Http/Middleware/TrustProxies.php(58): Illuminate/Pipeline/Pipeline->{closure:{closure:Illuminate/Pipeline/Pipeline::carry():194}:195}(Object(Illuminate/Http/Request))
#56 C:/Users/0909W/OneDrive/Documenten/GitHub/Educom-Trainee-Dashboard/front-end/vendor/laravel/framework/src/Illuminate/Pipeline/Pipeline.php(219): Illuminate/Http/Middleware/TrustProxies->handle(Object(Illuminate/Http/Request), Object(Closure))
#57 C:/Users/0909W/OneDrive/Documenten/GitHub/Educom-Trainee-Dashboard/front-end/vendor/laravel/framework/src/Illuminate/Foundation/Http/Middleware/InvokeDeferredCallbacks.php(22): Illuminate/Pipeline/Pipeline->{closure:{closure:Illuminate/Pipeline/Pipeline::carry():194}:195}(Object(Illuminate/Http/Request))
#58 C:/Users/0909W/OneDrive/Documenten/GitHub/Educom-Trainee-Dashboard/front-end/vendor/laravel/framework/src/Illuminate/Pipeline/Pipeline.php(219): Illuminate/Foundation/Http/Middleware/InvokeDeferredCallbacks->handle(Object(Illuminate/Http/Request), Object(Closure))
#59 C:/Users/0909W/OneDrive/Documenten/GitHub/Educom-Trainee-Dashboard/front-end/vendor/laravel/framework/src/Illuminate/Http/Middleware/ValidatePathEncoding.php(28): Illuminate/Pipeline/Pipeline->{closure:{closure:Illuminate/Pipeline/Pipeline::carry():194}:195}(Object(Illuminate/Http/Request))
#60 C:/Users/0909W/OneDrive/Documenten/GitHub/Educom-Trainee-Dashboard/front-end/vendor/laravel/framework/src/Illuminate/Pipeline/Pipeline.php(219): Illuminate/Http/Middleware/ValidatePathEncoding->handle(Object(Illuminate/Http/Request), Object(Closure))
#61 C:/Users/0909W/OneDrive/Documenten/GitHub/Educom-Trainee-Dashboard/front-end/vendor/laravel/framework/src/Illuminate/Pipeline/Pipeline.php(137): Illuminate/Pipeline/Pipeline->{closure:{closure:Illuminate/Pipeline/Pipeline::carry():194}:195}(Object(Illuminate/Http/Request))
#62 C:/Users/0909W/OneDrive/Documenten/GitHub/Educom-Trainee-Dashboard/front-end/vendor/laravel/framework/src/Illuminate/Foundation/Http/Kernel.php(175): Illuminate/Pipeline/Pipeline->then(Object(Closure))
#63 C:/Users/0909W/OneDrive/Documenten/GitHub/Educom-Trainee-Dashboard/front-end/vendor/laravel/framework/src/Illuminate/Foundation/Http/Kernel.php(144): Illuminate/Foundation/Http/Kernel->sendRequestThroughRouter(Object(Illuminate/Http/Request))
#64 C:/Users/0909W/OneDrive/Documenten/GitHub/Educom-Trainee-Dashboard/front-end/vendor/laravel/framework/src/Illuminate/Foundation/Application.php(1220): Illuminate/Foundation/Http/Kernel->handle(Object(Illuminate/Http/Request))
#65 C:/Users/0909W/OneDrive/Documenten/GitHub/Educom-Trainee-Dashboard/front-end/public/index.php(20): Illuminate/Foundation/Application->handleRequest(Object(Illuminate/Http/Request))
#66 C:/Users/0909W/OneDrive/Documenten/GitHub/Educom-Trainee-Dashboard/front-end/vendor/laravel/framework/src/Illuminate/Foundation/resources/server.php(23): require_once('C://Users//0909W//...')
#67 {main}
"} 
[2026-07-14 13:53:08] local.ERROR: Database connection [postgresql] not configured. {"exception":"[object] (InvalidArgumentException(code: 0): Database connection [postgresql] not configured. at C:/Users/0909W/OneDrive/Documenten/GitHub/Educom-Trainee-Dashboard/front-end/vendor/laravel/framework/src/Illuminate/Database/DatabaseManager.php:226)
[stacktrace]
#0 C:/Users/0909W/OneDrive/Documenten/GitHub/Educom-Trainee-Dashboard/front-end/vendor/laravel/framework/src/Illuminate/Database/DatabaseManager.php(192): Illuminate/Database/DatabaseManager->configuration('postgresql')
#1 C:/Users/0909W/OneDrive/Documenten/GitHub/Educom-Trainee-Dashboard/front-end/vendor/laravel/framework/src/Illuminate/Database/DatabaseManager.php(103): Illuminate/Database/DatabaseManager->makeConnection('postgresql')
#2 C:/Users/0909W/OneDrive/Documenten/GitHub/Educom-Trainee-Dashboard/front-end/vendor/laravel/framework/src/Illuminate/Session/SessionManager.php(110): Illuminate/Database/DatabaseManager->connection('postgresql')
#3 C:/Users/0909W/OneDrive/Documenten/GitHub/Educom-Trainee-Dashboard/front-end/vendor/laravel/framework/src/Illuminate/Session/SessionManager.php(97): Illuminate/Session/SessionManager->getDatabaseConnection()
#4 C:/Users/0909W/OneDrive/Documenten/GitHub/Educom-Trainee-Dashboard/front-end/vendor/laravel/framework/src/Illuminate/Support/Manager.php(105): Illuminate/Session/SessionManager->createDatabaseDriver()
#5 C:/Users/0909W/OneDrive/Documenten/GitHub/Educom-Trainee-Dashboard/front-end/vendor/laravel/framework/src/Illuminate/Support/Manager.php(82): Illuminate/Support/Manager->createDriver('database')
#6 C:/Users/0909W/OneDrive/Documenten/GitHub/Educom-Trainee-Dashboard/front-end/vendor/laravel/framework/src/Illuminate/Session/SessionServiceProvider.php(52): Illuminate/Support/Manager->driver()
#7 C:/Users/0909W/OneDrive/Documenten/GitHub/Educom-Trainee-Dashboard/front-end/vendor/laravel/framework/src/Illuminate/Container/Container.php(1118): Illuminate/Session/SessionServiceProvider->{closure:Illuminate/Session/SessionServiceProvider::registerSessionDriver():48}(Object(Illuminate/Foundation/Application), Array)
#8 C:/Users/0909W/OneDrive/Documenten/GitHub/Educom-Trainee-Dashboard/front-end/vendor/laravel/framework/src/Illuminate/Container/Container.php(936): Illuminate/Container/Container->build(Object(Closure))
#9 C:/Users/0909W/OneDrive/Documenten/GitHub/Educom-Trainee-Dashboard/front-end/vendor/laravel/framework/src/Illuminate/Foundation/Application.php(1078): Illuminate/Container/Container->resolve('session.store', Array, true)
#10 C:/Users/0909W/OneDrive/Documenten/GitHub/Educom-Trainee-Dashboard/front-end/vendor/laravel/framework/src/Illuminate/Container/Container.php(864): Illuminate/Foundation/Application->resolve('session.store', Array)
#11 C:/Users/0909W/OneDrive/Documenten/GitHub/Educom-Trainee-Dashboard/front-end/vendor/laravel/framework/src/Illuminate/Foundation/Application.php(1058): Illuminate/Container/Container->make('session.store', Array)
#12 C:/Users/0909W/OneDrive/Documenten/GitHub/Educom-Trainee-Dashboard/front-end/vendor/laravel/framework/src/Illuminate/Container/Container.php(1810): Illuminate/Foundation/Application->make('session.store')
#13 C:/Users/0909W/OneDrive/Documenten/GitHub/Educom-Trainee-Dashboard/front-end/vendor/laravel/framework/src/Illuminate/Routing/RoutingServiceProvider.php(121): Illuminate/Container/Container->offsetGet('session.store')
#14 C:/Users/0909W/OneDrive/Documenten/GitHub/Educom-Trainee-Dashboard/front-end/vendor/laravel/framework/src/Illuminate/Container/Container.php(1118): Illuminate/Routing/RoutingServiceProvider->{closure:Illuminate/Routing/RoutingServiceProvider::registerRedirector():114}(Object(Illuminate/Foundation/Application), Array)
#15 C:/Users/0909W/OneDrive/Documenten/GitHub/Educom-Trainee-Dashboard/front-end/vendor/laravel/framework/src/Illuminate/Container/Container.php(936): Illuminate/Container/Container->build(Object(Closure))
#16 C:/Users/0909W/OneDrive/Documenten/GitHub/Educom-Trainee-Dashboard/front-end/vendor/laravel/framework/src/Illuminate/Foundation/Application.php(1078): Illuminate/Container/Container->resolve('redirect', Array, true)
#17 C:/Users/0909W/OneDrive/Documenten/GitHub/Educom-Trainee-Dashboard/front-end/vendor/laravel/framework/src/Illuminate/Container/Container.php(864): Illuminate/Foundation/Application->resolve('redirect', Array)
#18 C:/Users/0909W/OneDrive/Documenten/GitHub/Educom-Trainee-Dashboard/front-end/vendor/laravel/framework/src/Illuminate/Foundation/Application.php(1058): Illuminate/Container/Container->make('redirect', Array)
#19 C:/Users/0909W/OneDrive/Documenten/GitHub/Educom-Trainee-Dashboard/front-end/vendor/laravel/framework/src/Illuminate/Container/Container.php(1810): Illuminate/Foundation/Application->make('redirect')
#20 C:/Users/0909W/OneDrive/Documenten/GitHub/Educom-Trainee-Dashboard/front-end/vendor/laravel/framework/src/Illuminate/Routing/RoutingServiceProvider.php(181): Illuminate/Container/Container->offsetGet('redirect')
#21 C:/Users/0909W/OneDrive/Documenten/GitHub/Educom-Trainee-Dashboard/front-end/vendor/laravel/framework/src/Illuminate/Container/Container.php(1118): Illuminate/Routing/RoutingServiceProvider->{closure:Illuminate/Routing/RoutingServiceProvider::registerResponseFactory():180}(Object(Illuminate/Foundation/Application), Array)
#22 C:/Users/0909W/OneDrive/Documenten/GitHub/Educom-Trainee-Dashboard/front-end/vendor/laravel/framework/src/Illuminate/Container/Container.php(936): Illuminate/Container/Container->build(Object(Closure))
#23 C:/Users/0909W/OneDrive/Documenten/GitHub/Educom-Trainee-Dashboard/front-end/vendor/laravel/framework/src/Illuminate/Foundation/Application.php(1078): Illuminate/Container/Container->resolve('Illuminate//Cont...', Array, true)
#24 C:/Users/0909W/OneDrive/Documenten/GitHub/Educom-Trainee-Dashboard/front-end/vendor/laravel/framework/src/Illuminate/Container/Container.php(864): Illuminate/Foundation/Application->resolve('Illuminate//Cont...', Array)
#25 C:/Users/0909W/OneDrive/Documenten/GitHub/Educom-Trainee-Dashboard/front-end/vendor/laravel/framework/src/Illuminate/Foundation/Application.php(1058): Illuminate/Container/Container->make('Illuminate//Cont...', Array)
#26 C:/Users/0909W/OneDrive/Documenten/GitHub/Educom-Trainee-Dashboard/front-end/vendor/laravel/framework/src/Illuminate/Foundation/helpers.php(138): Illuminate/Foundation/Application->make('Illuminate//Cont...', Array)
#27 C:/Users/0909W/OneDrive/Documenten/GitHub/Educom-Trainee-Dashboard/front-end/vendor/laravel/framework/src/Illuminate/Foundation/helpers.php(850): app('Illuminate//Cont...')
#28 C:/Users/0909W/OneDrive/Documenten/GitHub/Educom-Trainee-Dashboard/front-end/vendor/laravel/framework/src/Illuminate/Foundation/Exceptions/Handler.php(1098): response('<!DOCTYPE html>...', 500, Array)
#29 C:/Users/0909W/OneDrive/Documenten/GitHub/Educom-Trainee-Dashboard/front-end/vendor/laravel/framework/src/Illuminate/Foundation/Exceptions/Handler.php(948): Illuminate/Foundation/Exceptions/Handler->toIlluminateResponse(Object(Symfony/Component/HttpFoundation/Response), Object(InvalidArgumentException))
#30 C:/Users/0909W/OneDrive/Documenten/GitHub/Educom-Trainee-Dashboard/front-end/vendor/laravel/framework/src/Illuminate/Foundation/Exceptions/Handler.php(839): Illuminate/Foundation/Exceptions/Handler->prepareResponse(Object(Illuminate/Http/Request), Object(InvalidArgumentException))
#31 C:/Users/0909W/OneDrive/Documenten/GitHub/Educom-Trainee-Dashboard/front-end/vendor/laravel/framework/src/Illuminate/Foundation/Exceptions/Handler.php(726): Illuminate/Foundation/Exceptions/Handler->renderExceptionResponse(Object(Illuminate/Http/Request), Object(InvalidArgumentException))
#32 C:/Users/0909W/OneDrive/Documenten/GitHub/Educom-Trainee-Dashboard/front-end/vendor/laravel/framework/src/Illuminate/Routing/Pipeline.php(51): Illuminate/Foundation/Exceptions/Handler->render(Object(Illuminate/Http/Request), Object(InvalidArgumentException))
#33 C:/Users/0909W/OneDrive/Documenten/GitHub/Educom-Trainee-Dashboard/front-end/vendor/laravel/framework/src/Illuminate/Pipeline/Pipeline.php(182): Illuminate/Routing/Pipeline->handleException(Object(Illuminate/Http/Request), Object(InvalidArgumentException))
#34 C:/Users/0909W/OneDrive/Documenten/GitHub/Educom-Trainee-Dashboard/front-end/vendor/inertiajs/inertia-laravel/src/Middleware/EnsureGetOnRedirect.php(19): Illuminate/Pipeline/Pipeline->{closure:Illuminate/Pipeline/Pipeline::prepareDestination():178}(Object(Illuminate/Http/Request))
#35 C:/Users/0909W/OneDrive/Documenten/GitHub/Educom-Trainee-Dashboard/front-end/vendor/laravel/framework/src/Illuminate/Pipeline/Pipeline.php(219): Inertia/Middleware/EnsureGetOnRedirect->handle(Object(Illuminate/Http/Request), Object(Closure))
#36 C:/Users/0909W/OneDrive/Documenten/GitHub/Educom-Trainee-Dashboard/front-end/vendor/laravel/framework/src/Illuminate/Foundation/Http/Middleware/TransformsRequest.php(21): Illuminate/Pipeline/Pipeline->{closure:{closure:Illuminate/Pipeline/Pipeline::carry():194}:195}(Object(Illuminate/Http/Request))
#37 C:/Users/0909W/OneDrive/Documenten/GitHub/Educom-Trainee-Dashboard/front-end/vendor/laravel/framework/src/Illuminate/Foundation/Http/Middleware/ConvertEmptyStringsToNull.php(31): Illuminate/Foundation/Http/Middleware/TransformsRequest->handle(Object(Illuminate/Http/Request), Object(Closure))
#38 C:/Users/0909W/OneDrive/Documenten/GitHub/Educom-Trainee-Dashboard/front-end/vendor/laravel/framework/src/Illuminate/Pipeline/Pipeline.php(219): Illuminate/Foundation/Http/Middleware/ConvertEmptyStringsToNull->handle(Object(Illuminate/Http/Request), Object(Closure))
#39 C:/Users/0909W/OneDrive/Documenten/GitHub/Educom-Trainee-Dashboard/front-end/vendor/laravel/framework/src/Illuminate/Foundation/Http/Middleware/TransformsRequest.php(21): Illuminate/Pipeline/Pipeline->{closure:{closure:Illuminate/Pipeline/Pipeline::carry():194}:195}(Object(Illuminate/Http/Request))
#40 C:/Users/0909W/OneDrive/Documenten/GitHub/Educom-Trainee-Dashboard/front-end/vendor/laravel/framework/src/Illuminate/Foundation/Http/Middleware/TrimStrings.php(51): Illuminate/Foundation/Http/Middleware/TransformsRequest->handle(Object(Illuminate/Http/Request), Object(Closure))
#41 C:/Users/0909W/OneDrive/Documenten/GitHub/Educom-Trainee-Dashboard/front-end/vendor/laravel/framework/src/Illuminate/Pipeline/Pipeline.php(219): Illuminate/Foundation/Http/Middleware/TrimStrings->handle(Object(Illuminate/Http/Request), Object(Closure))
#42 C:/Users/0909W/OneDrive/Documenten/GitHub/Educom-Trainee-Dashboard/front-end/vendor/laravel/framework/src/Illuminate/Http/Middleware/ValidatePostSize.php(27): Illuminate/Pipeline/Pipeline->{closure:{closure:Illuminate/Pipeline/Pipeline::carry():194}:195}(Object(Illuminate/Http/Request))
#43 C:/Users/0909W/OneDrive/Documenten/GitHub/Educom-Trainee-Dashboard/front-end/vendor/laravel/framework/src/Illuminate/Pipeline/Pipeline.php(219): Illuminate/Http/Middleware/ValidatePostSize->handle(Object(Illuminate/Http/Request), Object(Closure))
#44 C:/Users/0909W/OneDrive/Documenten/GitHub/Educom-Trainee-Dashboard/front-end/vendor/laravel/framework/src/Illuminate/Foundation/Http/Middleware/PreventRequestsDuringMaintenance.php(109): Illuminate/Pipeline/Pipeline->{closure:{closure:Illuminate/Pipeline/Pipeline::carry():194}:195}(Object(Illuminate/Http/Request))
#45 C:/Users/0909W/OneDrive/Documenten/GitHub/Educom-Trainee-Dashboard/front-end/vendor/laravel/framework/src/Illuminate/Pipeline/Pipeline.php(219): Illuminate/Foundation/Http/Middleware/PreventRequestsDuringMaintenance->handle(Object(Illuminate/Http/Request), Object(Closure))
#46 C:/Users/0909W/OneDrive/Documenten/GitHub/Educom-Trainee-Dashboard/front-end/vendor/laravel/framework/src/Illuminate/Http/Middleware/HandleCors.php(61): Illuminate/Pipeline/Pipeline->{closure:{closure:Illuminate/Pipeline/Pipeline::carry():194}:195}(Object(Illuminate/Http/Request))
#47 C:/Users/0909W/OneDrive/Documenten/GitHub/Educom-Trainee-Dashboard/front-end/vendor/laravel/framework/src/Illuminate/Pipeline/Pipeline.php(219): Illuminate/Http/Middleware/HandleCors->handle(Object(Illuminate/Http/Request), Object(Closure))
#48 C:/Users/0909W/OneDrive/Documenten/GitHub/Educom-Trainee-Dashboard/front-end/vendor/laravel/framework/src/Illuminate/Http/Middleware/TrustProxies.php(58): Illuminate/Pipeline/Pipeline->{closure:{closure:Illuminate/Pipeline/Pipeline::carry():194}:195}(Object(Illuminate/Http/Request))
#49 C:/Users/0909W/OneDrive/Documenten/GitHub/Educom-Trainee-Dashboard/front-end/vendor/laravel/framework/src/Illuminate/Pipeline/Pipeline.php(219): Illuminate/Http/Middleware/TrustProxies->handle(Object(Illuminate/Http/Request), Object(Closure))
#50 C:/Users/0909W/OneDrive/Documenten/GitHub/Educom-Trainee-Dashboard/front-end/vendor/laravel/framework/src/Illuminate/Foundation/Http/Middleware/InvokeDeferredCallbacks.php(22): Illuminate/Pipeline/Pipeline->{closure:{closure:Illuminate/Pipeline/Pipeline::carry():194}:195}(Object(Illuminate/Http/Request))
#51 C:/Users/0909W/OneDrive/Documenten/GitHub/Educom-Trainee-Dashboard/front-end/vendor/laravel/framework/src/Illuminate/Pipeline/Pipeline.php(219): Illuminate/Foundation/Http/Middleware/InvokeDeferredCallbacks->handle(Object(Illuminate/Http/Request), Object(Closure))
#52 C:/Users/0909W/OneDrive/Documenten/GitHub/Educom-Trainee-Dashboard/front-end/vendor/laravel/framework/src/Illuminate/Http/Middleware/ValidatePathEncoding.php(28): Illuminate/Pipeline/Pipeline->{closure:{closure:Illuminate/Pipeline/Pipeline::carry():194}:195}(Object(Illuminate/Http/Request))
#53 C:/Users/0909W/OneDrive/Documenten/GitHub/Educom-Trainee-Dashboard/front-end/vendor/laravel/framework/src/Illuminate/Pipeline/Pipeline.php(219): Illuminate/Http/Middleware/ValidatePathEncoding->handle(Object(Illuminate/Http/Request), Object(Closure))
#54 C:/Users/0909W/OneDrive/Documenten/GitHub/Educom-Trainee-Dashboard/front-end/vendor/laravel/framework/src/Illuminate/Pipeline/Pipeline.php(137): Illuminate/Pipeline/Pipeline->{closure:{closure:Illuminate/Pipeline/Pipeline::carry():194}:195}(Object(Illuminate/Http/Request))
#55 C:/Users/0909W/OneDrive/Documenten/GitHub/Educom-Trainee-Dashboard/front-end/vendor/laravel/framework/src/Illuminate/Foundation/Http/Kernel.php(175): Illuminate/Pipeline/Pipeline->then(Object(Closure))
#56 C:/Users/0909W/OneDrive/Documenten/GitHub/Educom-Trainee-Dashboard/front-end/vendor/laravel/framework/src/Illuminate/Foundation/Http/Kernel.php(144): Illuminate/Foundation/Http/Kernel->sendRequestThroughRouter(Object(Illuminate/Http/Request))
#57 C:/Users/0909W/OneDrive/Documenten/GitHub/Educom-Trainee-Dashboard/front-end/vendor/laravel/framework/src/Illuminate/Foundation/Application.php(1220): Illuminate/Foundation/Http/Kernel->handle(Object(Illuminate/Http/Request))
#58 C:/Users/0909W/OneDrive/Documenten/GitHub/Educom-Trainee-Dashboard/front-end/public/index.php(20): Illuminate/Foundation/Application->handleRequest(Object(Illuminate/Http/Request))
#59 C:/Users/0909W/OneDrive/Documenten/GitHub/Educom-Trainee-Dashboard/front-end/vendor/laravel/framework/src/Illuminate/Foundation/resources/server.php(23): require_once('C://Users//0909W//...')
#60 {main}
"} 
[2026-07-14 13:53:09] local.ERROR: Database connection [postgresql] not configured. {"exception":"[object] (InvalidArgumentException(code: 0): Database connection [postgresql] not configured. at C:/Users/0909W/OneDrive/Documenten/GitHub/Educom-Trainee-Dashboard/front-end/vendor/laravel/framework/src/Illuminate/Database/DatabaseManager.php:226)
[stacktrace]
#0 C:/Users/0909W/OneDrive/Documenten/GitHub/Educom-Trainee-Dashboard/front-end/vendor/laravel/framework/src/Illuminate/Database/DatabaseManager.php(192): Illuminate/Database/DatabaseManager->configuration('postgresql')
#1 C:/Users/0909W/OneDrive/Documenten/GitHub/Educom-Trainee-Dashboard/front-end/vendor/laravel/framework/src/Illuminate/Database/DatabaseManager.php(103): Illuminate/Database/DatabaseManager->makeConnection('postgresql')
#2 C:/Users/0909W/OneDrive/Documenten/GitHub/Educom-Trainee-Dashboard/front-end/vendor/laravel/framework/src/Illuminate/Session/SessionManager.php(110): Illuminate/Database/DatabaseManager->connection('postgresql')
#3 C:/Users/0909W/OneDrive/Documenten/GitHub/Educom-Trainee-Dashboard/front-end/vendor/laravel/framework/src/Illuminate/Session/SessionManager.php(97): Illuminate/Session/SessionManager->getDatabaseConnection()
#4 C:/Users/0909W/OneDrive/Documenten/GitHub/Educom-Trainee-Dashboard/front-end/vendor/laravel/framework/src/Illuminate/Support/Manager.php(105): Illuminate/Session/SessionManager->createDatabaseDriver()
#5 C:/Users/0909W/OneDrive/Documenten/GitHub/Educom-Trainee-Dashboard/front-end/vendor/laravel/framework/src/Illuminate/Support/Manager.php(82): Illuminate/Support/Manager->createDriver('database')
#6 C:/Users/0909W/OneDrive/Documenten/GitHub/Educom-Trainee-Dashboard/front-end/vendor/laravel/framework/src/Illuminate/Session/SessionServiceProvider.php(52): Illuminate/Support/Manager->driver()
#7 C:/Users/0909W/OneDrive/Documenten/GitHub/Educom-Trainee-Dashboard/front-end/vendor/laravel/framework/src/Illuminate/Container/Container.php(1118): Illuminate/Session/SessionServiceProvider->{closure:Illuminate/Session/SessionServiceProvider::registerSessionDriver():48}(Object(Illuminate/Foundation/Application), Array)
#8 C:/Users/0909W/OneDrive/Documenten/GitHub/Educom-Trainee-Dashboard/front-end/vendor/laravel/framework/src/Illuminate/Container/Container.php(936): Illuminate/Container/Container->build(Object(Closure))
#9 C:/Users/0909W/OneDrive/Documenten/GitHub/Educom-Trainee-Dashboard/front-end/vendor/laravel/framework/src/Illuminate/Foundation/Application.php(1078): Illuminate/Container/Container->resolve('session.store', Array, true)
#10 C:/Users/0909W/OneDrive/Documenten/GitHub/Educom-Trainee-Dashboard/front-end/vendor/laravel/framework/src/Illuminate/Container/Container.php(864): Illuminate/Foundation/Application->resolve('session.store', Array)
#11 C:/Users/0909W/OneDrive/Documenten/GitHub/Educom-Trainee-Dashboard/front-end/vendor/laravel/framework/src/Illuminate/Foundation/Application.php(1058): Illuminate/Container/Container->make('session.store', Array)
#12 C:/Users/0909W/OneDrive/Documenten/GitHub/Educom-Trainee-Dashboard/front-end/vendor/laravel/framework/src/Illuminate/Container/Container.php(1810): Illuminate/Foundation/Application->make('session.store')
#13 C:/Users/0909W/OneDrive/Documenten/GitHub/Educom-Trainee-Dashboard/front-end/vendor/laravel/framework/src/Illuminate/Routing/RoutingServiceProvider.php(121): Illuminate/Container/Container->offsetGet('session.store')
#14 C:/Users/0909W/OneDrive/Documenten/GitHub/Educom-Trainee-Dashboard/front-end/vendor/laravel/framework/src/Illuminate/Container/Container.php(1118): Illuminate/Routing/RoutingServiceProvider->{closure:Illuminate/Routing/RoutingServiceProvider::registerRedirector():114}(Object(Illuminate/Foundation/Application), Array)
#15 C:/Users/0909W/OneDrive/Documenten/GitHub/Educom-Trainee-Dashboard/front-end/vendor/laravel/framework/src/Illuminate/Container/Container.php(936): Illuminate/Container/Container->build(Object(Closure))
#16 C:/Users/0909W/OneDrive/Documenten/GitHub/Educom-Trainee-Dashboard/front-end/vendor/laravel/framework/src/Illuminate/Foundation/Application.php(1078): Illuminate/Container/Container->resolve('redirect', Array, true)
#17 C:/Users/0909W/OneDrive/Documenten/GitHub/Educom-Trainee-Dashboard/front-end/vendor/laravel/framework/src/Illuminate/Container/Container.php(864): Illuminate/Foundation/Application->resolve('redirect', Array)
#18 C:/Users/0909W/OneDrive/Documenten/GitHub/Educom-Trainee-Dashboard/front-end/vendor/laravel/framework/src/Illuminate/Foundation/Application.php(1058): Illuminate/Container/Container->make('redirect', Array)
#19 C:/Users/0909W/OneDrive/Documenten/GitHub/Educom-Trainee-Dashboard/front-end/vendor/laravel/framework/src/Illuminate/Container/Container.php(1810): Illuminate/Foundation/Application->make('redirect')
#20 C:/Users/0909W/OneDrive/Documenten/GitHub/Educom-Trainee-Dashboard/front-end/vendor/laravel/framework/src/Illuminate/Routing/RoutingServiceProvider.php(181): Illuminate/Container/Container->offsetGet('redirect')
#21 C:/Users/0909W/OneDrive/Documenten/GitHub/Educom-Trainee-Dashboard/front-end/vendor/laravel/framework/src/Illuminate/Container/Container.php(1118): Illuminate/Routing/RoutingServiceProvider->{closure:Illuminate/Routing/RoutingServiceProvider::registerResponseFactory():180}(Object(Illuminate/Foundation/Application), Array)
#22 C:/Users/0909W/OneDrive/Documenten/GitHub/Educom-Trainee-Dashboard/front-end/vendor/laravel/framework/src/Illuminate/Container/Container.php(936): Illuminate/Container/Container->build(Object(Closure))
#23 C:/Users/0909W/OneDrive/Documenten/GitHub/Educom-Trainee-Dashboard/front-end/vendor/laravel/framework/src/Illuminate/Foundation/Application.php(1078): Illuminate/Container/Container->resolve('Illuminate//Cont...', Array, true)
#24 C:/Users/0909W/OneDrive/Documenten/GitHub/Educom-Trainee-Dashboard/front-end/vendor/laravel/framework/src/Illuminate/Container/Container.php(864): Illuminate/Foundation/Application->resolve('Illuminate//Cont...', Array)
#25 C:/Users/0909W/OneDrive/Documenten/GitHub/Educom-Trainee-Dashboard/front-end/vendor/laravel/framework/src/Illuminate/Foundation/Application.php(1058): Illuminate/Container/Container->make('Illuminate//Cont...', Array)
#26 C:/Users/0909W/OneDrive/Documenten/GitHub/Educom-Trainee-Dashboard/front-end/vendor/laravel/framework/src/Illuminate/Foundation/helpers.php(138): Illuminate/Foundation/Application->make('Illuminate//Cont...', Array)
#27 C:/Users/0909W/OneDrive/Documenten/GitHub/Educom-Trainee-Dashboard/front-end/vendor/laravel/framework/src/Illuminate/Foundation/helpers.php(850): app('Illuminate//Cont...')
#28 C:/Users/0909W/OneDrive/Documenten/GitHub/Educom-Trainee-Dashboard/front-end/vendor/laravel/framework/src/Illuminate/Foundation/Exceptions/Handler.php(1098): response('<!DOCTYPE html>...', 500, Array)
#29 C:/Users/0909W/OneDrive/Documenten/GitHub/Educom-Trainee-Dashboard/front-end/vendor/laravel/framework/src/Illuminate/Foundation/Exceptions/Handler.php(948): Illuminate/Foundation/Exceptions/Handler->toIlluminateResponse(Object(Symfony/Component/HttpFoundation/Response), Object(InvalidArgumentException))
#30 C:/Users/0909W/OneDrive/Documenten/GitHub/Educom-Trainee-Dashboard/front-end/vendor/laravel/framework/src/Illuminate/Foundation/Exceptions/Handler.php(839): Illuminate/Foundation/Exceptions/Handler->prepareResponse(Object(Illuminate/Http/Request), Object(InvalidArgumentException))
#31 C:/Users/0909W/OneDrive/Documenten/GitHub/Educom-Trainee-Dashboard/front-end/vendor/laravel/framework/src/Illuminate/Foundation/Exceptions/Handler.php(726): Illuminate/Foundation/Exceptions/Handler->renderExceptionResponse(Object(Illuminate/Http/Request), Object(InvalidArgumentException))
#32 C:/Users/0909W/OneDrive/Documenten/GitHub/Educom-Trainee-Dashboard/front-end/vendor/laravel/framework/src/Illuminate/Routing/Pipeline.php(51): Illuminate/Foundation/Exceptions/Handler->render(Object(Illuminate/Http/Request), Object(InvalidArgumentException))
#33 C:/Users/0909W/OneDrive/Documenten/GitHub/Educom-Trainee-Dashboard/front-end/vendor/laravel/framework/src/Illuminate/Pipeline/Pipeline.php(224): Illuminate/Routing/Pipeline->handleException(Object(Illuminate/Http/Request), Object(InvalidArgumentException))
#34 C:/Users/0909W/OneDrive/Documenten/GitHub/Educom-Trainee-Dashboard/front-end/vendor/laravel/framework/src/Illuminate/Foundation/Http/Middleware/TransformsRequest.php(21): Illuminate/Pipeline/Pipeline->{closure:{closure:Illuminate/Pipeline/Pipeline::carry():194}:195}(Object(Illuminate/Http/Request))
#35 C:/Users/0909W/OneDrive/Documenten/GitHub/Educom-Trainee-Dashboard/front-end/vendor/laravel/framework/src/Illuminate/Foundation/Http/Middleware/ConvertEmptyStringsToNull.php(31): Illuminate/Foundation/Http/Middleware/TransformsRequest->handle(Object(Illuminate/Http/Request), Object(Closure))
#36 C:/Users/0909W/OneDrive/Documenten/GitHub/Educom-Trainee-Dashboard/front-end/vendor/laravel/framework/src/Illuminate/Pipeline/Pipeline.php(219): Illuminate/Foundation/Http/Middleware/ConvertEmptyStringsToNull->handle(Object(Illuminate/Http/Request), Object(Closure))
#37 C:/Users/0909W/OneDrive/Documenten/GitHub/Educom-Trainee-Dashboard/front-end/vendor/laravel/framework/src/Illuminate/Foundation/Http/Middleware/TransformsRequest.php(21): Illuminate/Pipeline/Pipeline->{closure:{closure:Illuminate/Pipeline/Pipeline::carry():194}:195}(Object(Illuminate/Http/Request))
#38 C:/Users/0909W/OneDrive/Documenten/GitHub/Educom-Trainee-Dashboard/front-end/vendor/laravel/framework/src/Illuminate/Foundation/Http/Middleware/TrimStrings.php(51): Illuminate/Foundation/Http/Middleware/TransformsRequest->handle(Object(Illuminate/Http/Request), Object(Closure))
#39 C:/Users/0909W/OneDrive/Documenten/GitHub/Educom-Trainee-Dashboard/front-end/vendor/laravel/framework/src/Illuminate/Pipeline/Pipeline.php(219): Illuminate/Foundation/Http/Middleware/TrimStrings->handle(Object(Illuminate/Http/Request), Object(Closure))
#40 C:/Users/0909W/OneDrive/Documenten/GitHub/Educom-Trainee-Dashboard/front-end/vendor/laravel/framework/src/Illuminate/Http/Middleware/ValidatePostSize.php(27): Illuminate/Pipeline/Pipeline->{closure:{closure:Illuminate/Pipeline/Pipeline::carry():194}:195}(Object(Illuminate/Http/Request))
#41 C:/Users/0909W/OneDrive/Documenten/GitHub/Educom-Trainee-Dashboard/front-end/vendor/laravel/framework/src/Illuminate/Pipeline/Pipeline.php(219): Illuminate/Http/Middleware/ValidatePostSize->handle(Object(Illuminate/Http/Request), Object(Closure))
#42 C:/Users/0909W/OneDrive/Documenten/GitHub/Educom-Trainee-Dashboard/front-end/vendor/laravel/framework/src/Illuminate/Foundation/Http/Middleware/PreventRequestsDuringMaintenance.php(109): Illuminate/Pipeline/Pipeline->{closure:{closure:Illuminate/Pipeline/Pipeline::carry():194}:195}(Object(Illuminate/Http/Request))
#43 C:/Users/0909W/OneDrive/Documenten/GitHub/Educom-Trainee-Dashboard/front-end/vendor/laravel/framework/src/Illuminate/Pipeline/Pipeline.php(219): Illuminate/Foundation/Http/Middleware/PreventRequestsDuringMaintenance->handle(Object(Illuminate/Http/Request), Object(Closure))
#44 C:/Users/0909W/OneDrive/Documenten/GitHub/Educom-Trainee-Dashboard/front-end/vendor/laravel/framework/src/Illuminate/Http/Middleware/HandleCors.php(61): Illuminate/Pipeline/Pipeline->{closure:{closure:Illuminate/Pipeline/Pipeline::carry():194}:195}(Object(Illuminate/Http/Request))
#45 C:/Users/0909W/OneDrive/Documenten/GitHub/Educom-Trainee-Dashboard/front-end/vendor/laravel/framework/src/Illuminate/Pipeline/Pipeline.php(219): Illuminate/Http/Middleware/HandleCors->handle(Object(Illuminate/Http/Request), Object(Closure))
#46 C:/Users/0909W/OneDrive/Documenten/GitHub/Educom-Trainee-Dashboard/front-end/vendor/laravel/framework/src/Illuminate/Http/Middleware/TrustProxies.php(58): Illuminate/Pipeline/Pipeline->{closure:{closure:Illuminate/Pipeline/Pipeline::carry():194}:195}(Object(Illuminate/Http/Request))
#47 C:/Users/0909W/OneDrive/Documenten/GitHub/Educom-Trainee-Dashboard/front-end/vendor/laravel/framework/src/Illuminate/Pipeline/Pipeline.php(219): Illuminate/Http/Middleware/TrustProxies->handle(Object(Illuminate/Http/Request), Object(Closure))
#48 C:/Users/0909W/OneDrive/Documenten/GitHub/Educom-Trainee-Dashboard/front-end/vendor/laravel/framework/src/Illuminate/Foundation/Http/Middleware/InvokeDeferredCallbacks.php(22): Illuminate/Pipeline/Pipeline->{closure:{closure:Illuminate/Pipeline/Pipeline::carry():194}:195}(Object(Illuminate/Http/Request))
#49 C:/Users/0909W/OneDrive/Documenten/GitHub/Educom-Trainee-Dashboard/front-end/vendor/laravel/framework/src/Illuminate/Pipeline/Pipeline.php(219): Illuminate/Foundation/Http/Middleware/InvokeDeferredCallbacks->handle(Object(Illuminate/Http/Request), Object(Closure))
#50 C:/Users/0909W/OneDrive/Documenten/GitHub/Educom-Trainee-Dashboard/front-end/vendor/laravel/framework/src/Illuminate/Http/Middleware/ValidatePathEncoding.php(28): Illuminate/Pipeline/Pipeline->{closure:{closure:Illuminate/Pipeline/Pipeline::carry():194}:195}(Object(Illuminate/Http/Request))
#51 C:/Users/0909W/OneDrive/Documenten/GitHub/Educom-Trainee-Dashboard/front-end/vendor/laravel/framework/src/Illuminate/Pipeline/Pipeline.php(219): Illuminate/Http/Middleware/ValidatePathEncoding->handle(Object(Illuminate/Http/Request), Object(Closure))
#52 C:/Users/0909W/OneDrive/Documenten/GitHub/Educom-Trainee-Dashboard/front-end/vendor/laravel/framework/src/Illuminate/Pipeline/Pipeline.php(137): Illuminate/Pipeline/Pipeline->{closure:{closure:Illuminate/Pipeline/Pipeline::carry():194}:195}(Object(Illuminate/Http/Request))
#53 C:/Users/0909W/OneDrive/Documenten/GitHub/Educom-Trainee-Dashboard/front-end/vendor/laravel/framework/src/Illuminate/Foundation/Http/Kernel.php(175): Illuminate/Pipeline/Pipeline->then(Object(Closure))
#54 C:/Users/0909W/OneDrive/Documenten/GitHub/Educom-Trainee-Dashboard/front-end/vendor/laravel/framework/src/Illuminate/Foundation/Http/Kernel.php(144): Illuminate/Foundation/Http/Kernel->sendRequestThroughRouter(Object(Illuminate/Http/Request))
#55 C:/Users/0909W/OneDrive/Documenten/GitHub/Educom-Trainee-Dashboard/front-end/vendor/laravel/framework/src/Illuminate/Foundation/Application.php(1220): Illuminate/Foundation/Http/Kernel->handle(Object(Illuminate/Http/Request))
#56 C:/Users/0909W/OneDrive/Documenten/GitHub/Educom-Trainee-Dashboard/front-end/public/index.php(20): Illuminate/Foundation/Application->handleRequest(Object(Illuminate/Http/Request))
#57 C:/Users/0909W/OneDrive/Documenten/GitHub/Educom-Trainee-Dashboard/front-end/vendor/laravel/framework/src/Illuminate/Foundation/resources/server.php(23): require_once('C://Users//0909W//...')
#58 {main}
"} 
[2026-07-14 13:53:09] local.ERROR: Database connection [postgresql] not configured. {"exception":"[object] (InvalidArgumentException(code: 0): Database connection [postgresql] not configured. at C:/Users/0909W/OneDrive/Documenten/GitHub/Educom-Trainee-Dashboard/front-end/vendor/laravel/framework/src/Illuminate/Database/DatabaseManager.php:226)
[stacktrace]
#0 C:/Users/0909W/OneDrive/Documenten/GitHub/Educom-Trainee-Dashboard/front-end/vendor/laravel/framework/src/Illuminate/Database/DatabaseManager.php(192): Illuminate/Database/DatabaseManager->configuration('postgresql')
#1 C:/Users/0909W/OneDrive/Documenten/GitHub/Educom-Trainee-Dashboard/front-end/vendor/laravel/framework/src/Illuminate/Database/DatabaseManager.php(103): Illuminate/Database/DatabaseManager->makeConnection('postgresql')
#2 C:/Users/0909W/OneDrive/Documenten/GitHub/Educom-Trainee-Dashboard/front-end/vendor/laravel/framework/src/Illuminate/Session/SessionManager.php(110): Illuminate/Database/DatabaseManager->connection('postgresql')
#3 C:/Users/0909W/OneDrive/Documenten/GitHub/Educom-Trainee-Dashboard/front-end/vendor/laravel/framework/src/Illuminate/Session/SessionManager.php(97): Illuminate/Session/SessionManager->getDatabaseConnection()
#4 C:/Users/0909W/OneDrive/Documenten/GitHub/Educom-Trainee-Dashboard/front-end/vendor/laravel/framework/src/Illuminate/Support/Manager.php(105): Illuminate/Session/SessionManager->createDatabaseDriver()
#5 C:/Users/0909W/OneDrive/Documenten/GitHub/Educom-Trainee-Dashboard/front-end/vendor/laravel/framework/src/Illuminate/Support/Manager.php(82): Illuminate/Support/Manager->createDriver('database')
#6 C:/Users/0909W/OneDrive/Documenten/GitHub/Educom-Trainee-Dashboard/front-end/vendor/laravel/framework/src/Illuminate/Session/SessionServiceProvider.php(52): Illuminate/Support/Manager->driver()
#7 C:/Users/0909W/OneDrive/Documenten/GitHub/Educom-Trainee-Dashboard/front-end/vendor/laravel/framework/src/Illuminate/Container/Container.php(1118): Illuminate/Session/SessionServiceProvider->{closure:Illuminate/Session/SessionServiceProvider::registerSessionDriver():48}(Object(Illuminate/Foundation/Application), Array)
#8 C:/Users/0909W/OneDrive/Documenten/GitHub/Educom-Trainee-Dashboard/front-end/vendor/laravel/framework/src/Illuminate/Container/Container.php(936): Illuminate/Container/Container->build(Object(Closure))
#9 C:/Users/0909W/OneDrive/Documenten/GitHub/Educom-Trainee-Dashboard/front-end/vendor/laravel/framework/src/Illuminate/Foundation/Application.php(1078): Illuminate/Container/Container->resolve('session.store', Array, true)
#10 C:/Users/0909W/OneDrive/Documenten/GitHub/Educom-Trainee-Dashboard/front-end/vendor/laravel/framework/src/Illuminate/Container/Container.php(864): Illuminate/Foundation/Application->resolve('session.store', Array)
#11 C:/Users/0909W/OneDrive/Documenten/GitHub/Educom-Trainee-Dashboard/front-end/vendor/laravel/framework/src/Illuminate/Foundation/Application.php(1058): Illuminate/Container/Container->make('session.store', Array)
#12 C:/Users/0909W/OneDrive/Documenten/GitHub/Educom-Trainee-Dashboard/front-end/vendor/laravel/framework/src/Illuminate/Container/Container.php(1810): Illuminate/Foundation/Application->make('session.store')
#13 C:/Users/0909W/OneDrive/Documenten/GitHub/Educom-Trainee-Dashboard/front-end/vendor/laravel/framework/src/Illuminate/Routing/RoutingServiceProvider.php(121): Illuminate/Container/Container->offsetGet('session.store')
#14 C:/Users/0909W/OneDrive/Documenten/GitHub/Educom-Trainee-Dashboard/front-end/vendor/laravel/framework/src/Illuminate/Container/Container.php(1118): Illuminate/Routing/RoutingServiceProvider->{closure:Illuminate/Routing/RoutingServiceProvider::registerRedirector():114}(Object(Illuminate/Foundation/Application), Array)
#15 C:/Users/0909W/OneDrive/Documenten/GitHub/Educom-Trainee-Dashboard/front-end/vendor/laravel/framework/src/Illuminate/Container/Container.php(936): Illuminate/Container/Container->build(Object(Closure))
#16 C:/Users/0909W/OneDrive/Documenten/GitHub/Educom-Trainee-Dashboard/front-end/vendor/laravel/framework/src/Illuminate/Foundation/Application.php(1078): Illuminate/Container/Container->resolve('redirect', Array, true)
#17 C:/Users/0909W/OneDrive/Documenten/GitHub/Educom-Trainee-Dashboard/front-end/vendor/laravel/framework/src/Illuminate/Container/Container.php(864): Illuminate/Foundation/Application->resolve('redirect', Array)
#18 C:/Users/0909W/OneDrive/Documenten/GitHub/Educom-Trainee-Dashboard/front-end/vendor/laravel/framework/src/Illuminate/Foundation/Application.php(1058): Illuminate/Container/Container->make('redirect', Array)
#19 C:/Users/0909W/OneDrive/Documenten/GitHub/Educom-Trainee-Dashboard/front-end/vendor/laravel/framework/src/Illuminate/Container/Container.php(1810): Illuminate/Foundation/Application->make('redirect')
#20 C:/Users/0909W/OneDrive/Documenten/GitHub/Educom-Trainee-Dashboard/front-end/vendor/laravel/framework/src/Illuminate/Routing/RoutingServiceProvider.php(181): Illuminate/Container/Container->offsetGet('redirect')
#21 C:/Users/0909W/OneDrive/Documenten/GitHub/Educom-Trainee-Dashboard/front-end/vendor/laravel/framework/src/Illuminate/Container/Container.php(1118): Illuminate/Routing/RoutingServiceProvider->{closure:Illuminate/Routing/RoutingServiceProvider::registerResponseFactory():180}(Object(Illuminate/Foundation/Application), Array)
#22 C:/Users/0909W/OneDrive/Documenten/GitHub/Educom-Trainee-Dashboard/front-end/vendor/laravel/framework/src/Illuminate/Container/Container.php(936): Illuminate/Container/Container->build(Object(Closure))
#23 C:/Users/0909W/OneDrive/Documenten/GitHub/Educom-Trainee-Dashboard/front-end/vendor/laravel/framework/src/Illuminate/Foundation/Application.php(1078): Illuminate/Container/Container->resolve('Illuminate//Cont...', Array, true)
#24 C:/Users/0909W/OneDrive/Documenten/GitHub/Educom-Trainee-Dashboard/front-end/vendor/laravel/framework/src/Illuminate/Container/Container.php(864): Illuminate/Foundation/Application->resolve('Illuminate//Cont...', Array)
#25 C:/Users/0909W/OneDrive/Documenten/GitHub/Educom-Trainee-Dashboard/front-end/vendor/laravel/framework/src/Illuminate/Foundation/Application.php(1058): Illuminate/Container/Container->make('Illuminate//Cont...', Array)
#26 C:/Users/0909W/OneDrive/Documenten/GitHub/Educom-Trainee-Dashboard/front-end/vendor/laravel/framework/src/Illuminate/Foundation/helpers.php(138): Illuminate/Foundation/Application->make('Illuminate//Cont...', Array)
#27 C:/Users/0909W/OneDrive/Documenten/GitHub/Educom-Trainee-Dashboard/front-end/vendor/laravel/framework/src/Illuminate/Foundation/helpers.php(850): app('Illuminate//Cont...')
#28 C:/Users/0909W/OneDrive/Documenten/GitHub/Educom-Trainee-Dashboard/front-end/vendor/laravel/framework/src/Illuminate/Foundation/Exceptions/Handler.php(1098): response('<!DOCTYPE html>...', 500, Array)
#29 C:/Users/0909W/OneDrive/Documenten/GitHub/Educom-Trainee-Dashboard/front-end/vendor/laravel/framework/src/Illuminate/Foundation/Exceptions/Handler.php(948): Illuminate/Foundation/Exceptions/Handler->toIlluminateResponse(Object(Symfony/Component/HttpFoundation/Response), Object(InvalidArgumentException))
#30 C:/Users/0909W/OneDrive/Documenten/GitHub/Educom-Trainee-Dashboard/front-end/vendor/laravel/framework/src/Illuminate/Foundation/Exceptions/Handler.php(839): Illuminate/Foundation/Exceptions/Handler->prepareResponse(Object(Illuminate/Http/Request), Object(InvalidArgumentException))
#31 C:/Users/0909W/OneDrive/Documenten/GitHub/Educom-Trainee-Dashboard/front-end/vendor/laravel/framework/src/Illuminate/Foundation/Exceptions/Handler.php(726): Illuminate/Foundation/Exceptions/Handler->renderExceptionResponse(Object(Illuminate/Http/Request), Object(InvalidArgumentException))
#32 C:/Users/0909W/OneDrive/Documenten/GitHub/Educom-Trainee-Dashboard/front-end/vendor/laravel/framework/src/Illuminate/Routing/Pipeline.php(51): Illuminate/Foundation/Exceptions/Handler->render(Object(Illuminate/Http/Request), Object(InvalidArgumentException))
#33 C:/Users/0909W/OneDrive/Documenten/GitHub/Educom-Trainee-Dashboard/front-end/vendor/laravel/framework/src/Illuminate/Pipeline/Pipeline.php(224): Illuminate/Routing/Pipeline->handleException(Object(Illuminate/Http/Request), Object(InvalidArgumentException))
#34 C:/Users/0909W/OneDrive/Documenten/GitHub/Educom-Trainee-Dashboard/front-end/vendor/laravel/framework/src/Illuminate/Foundation/Http/Middleware/TransformsRequest.php(21): Illuminate/Pipeline/Pipeline->{closure:{closure:Illuminate/Pipeline/Pipeline::carry():194}:195}(Object(Illuminate/Http/Request))
#35 C:/Users/0909W/OneDrive/Documenten/GitHub/Educom-Trainee-Dashboard/front-end/vendor/laravel/framework/src/Illuminate/Foundation/Http/Middleware/TrimStrings.php(51): Illuminate/Foundation/Http/Middleware/TransformsRequest->handle(Object(Illuminate/Http/Request), Object(Closure))
#36 C:/Users/0909W/OneDrive/Documenten/GitHub/Educom-Trainee-Dashboard/front-end/vendor/laravel/framework/src/Illuminate/Pipeline/Pipeline.php(219): Illuminate/Foundation/Http/Middleware/TrimStrings->handle(Object(Illuminate/Http/Request), Object(Closure))
#37 C:/Users/0909W/OneDrive/Documenten/GitHub/Educom-Trainee-Dashboard/front-end/vendor/laravel/framework/src/Illuminate/Http/Middleware/ValidatePostSize.php(27): Illuminate/Pipeline/Pipeline->{closure:{closure:Illuminate/Pipeline/Pipeline::carry():194}:195}(Object(Illuminate/Http/Request))
#38 C:/Users/0909W/OneDrive/Documenten/GitHub/Educom-Trainee-Dashboard/front-end/vendor/laravel/framework/src/Illuminate/Pipeline/Pipeline.php(219): Illuminate/Http/Middleware/ValidatePostSize->handle(Object(Illuminate/Http/Request), Object(Closure))
#39 C:/Users/0909W/OneDrive/Documenten/GitHub/Educom-Trainee-Dashboard/front-end/vendor/laravel/framework/src/Illuminate/Foundation/Http/Middleware/PreventRequestsDuringMaintenance.php(109): Illuminate/Pipeline/Pipeline->{closure:{closure:Illuminate/Pipeline/Pipeline::carry():194}:195}(Object(Illuminate/Http/Request))
#40 C:/Users/0909W/OneDrive/Documenten/GitHub/Educom-Trainee-Dashboard/front-end/vendor/laravel/framework/src/Illuminate/Pipeline/Pipeline.php(219): Illuminate/Foundation/Http/Middleware/PreventRequestsDuringMaintenance->handle(Object(Illuminate/Http/Request), Object(Closure))
#41 C:/Users/0909W/OneDrive/Documenten/GitHub/Educom-Trainee-Dashboard/front-end/vendor/laravel/framework/src/Illuminate/Http/Middleware/HandleCors.php(61): Illuminate/Pipeline/Pipeline->{closure:{closure:Illuminate/Pipeline/Pipeline::carry():194}:195}(Object(Illuminate/Http/Request))
#42 C:/Users/0909W/OneDrive/Documenten/GitHub/Educom-Trainee-Dashboard/front-end/vendor/laravel/framework/src/Illuminate/Pipeline/Pipeline.php(219): Illuminate/Http/Middleware/HandleCors->handle(Object(Illuminate/Http/Request), Object(Closure))
#43 C:/Users/0909W/OneDrive/Documenten/GitHub/Educom-Trainee-Dashboard/front-end/vendor/laravel/framework/src/Illuminate/Http/Middleware/TrustProxies.php(58): Illuminate/Pipeline/Pipeline->{closure:{closure:Illuminate/Pipeline/Pipeline::carry():194}:195}(Object(Illuminate/Http/Request))
#44 C:/Users/0909W/OneDrive/Documenten/GitHub/Educom-Trainee-Dashboard/front-end/vendor/laravel/framework/src/Illuminate/Pipeline/Pipeline.php(219): Illuminate/Http/Middleware/TrustProxies->handle(Object(Illuminate/Http/Request), Object(Closure))
#45 C:/Users/0909W/OneDrive/Documenten/GitHub/Educom-Trainee-Dashboard/front-end/vendor/laravel/framework/src/Illuminate/Foundation/Http/Middleware/InvokeDeferredCallbacks.php(22): Illuminate/Pipeline/Pipeline->{closure:{closure:Illuminate/Pipeline/Pipeline::carry():194}:195}(Object(Illuminate/Http/Request))
#46 C:/Users/0909W/OneDrive/Documenten/GitHub/Educom-Trainee-Dashboard/front-end/vendor/laravel/framework/src/Illuminate/Pipeline/Pipeline.php(219): Illuminate/Foundation/Http/Middleware/InvokeDeferredCallbacks->handle(Object(Illuminate/Http/Request), Object(Closure))
#47 C:/Users/0909W/OneDrive/Documenten/GitHub/Educom-Trainee-Dashboard/front-end/vendor/laravel/framework/src/Illuminate/Http/Middleware/ValidatePathEncoding.php(28): Illuminate/Pipeline/Pipeline->{closure:{closure:Illuminate/Pipeline/Pipeline::carry():194}:195}(Object(Illuminate/Http/Request))
#48 C:/Users/0909W/OneDrive/Documenten/GitHub/Educom-Trainee-Dashboard/front-end/vendor/laravel/framework/src/Illuminate/Pipeline/Pipeline.php(219): Illuminate/Http/Middleware/ValidatePathEncoding->handle(Object(Illuminate/Http/Request), Object(Closure))
#49 C:/Users/0909W/OneDrive/Documenten/GitHub/Educom-Trainee-Dashboard/front-end/vendor/laravel/framework/src/Illuminate/Pipeline/Pipeline.php(137): Illuminate/Pipeline/Pipeline->{closure:{closure:Illuminate/Pipeline/Pipeline::carry():194}:195}(Object(Illuminate/Http/Request))
#50 C:/Users/0909W/OneDrive/Documenten/GitHub/Educom-Trainee-Dashboard/front-end/vendor/laravel/framework/src/Illuminate/Foundation/Http/Kernel.php(175): Illuminate/Pipeline/Pipeline->then(Object(Closure))
#51 C:/Users/0909W/OneDrive/Documenten/GitHub/Educom-Trainee-Dashboard/front-end/vendor/laravel/framework/src/Illuminate/Foundation/Http/Kernel.php(144): Illuminate/Foundation/Http/Kernel->sendRequestThroughRouter(Object(Illuminate/Http/Request))
#52 C:/Users/0909W/OneDrive/Documenten/GitHub/Educom-Trainee-Dashboard/front-end/vendor/laravel/framework/src/Illuminate/Foundation/Application.php(1220): Illuminate/Foundation/Http/Kernel->handle(Object(Illuminate/Http/Request))
#53 C:/Users/0909W/OneDrive/Documenten/GitHub/Educom-Trainee-Dashboard/front-end/public/index.php(20): Illuminate/Foundation/Application->handleRequest(Object(Illuminate/Http/Request))
#54 C:/Users/0909W/OneDrive/Documenten/GitHub/Educom-Trainee-Dashboard/front-end/vendor/laravel/framework/src/Illuminate/Foundation/resources/server.php(23): require_once('C://Users//0909W//...')
#55 {main}
"} 
[2026-07-14 13:53:10] local.ERROR: Database connection [postgresql] not configured. {"exception":"[object] (InvalidArgumentException(code: 0): Database connection [postgresql] not configured. at C:/Users/0909W/OneDrive/Documenten/GitHub/Educom-Trainee-Dashboard/front-end/vendor/laravel/framework/src/Illuminate/Database/DatabaseManager.php:226)
[stacktrace]
#0 C:/Users/0909W/OneDrive/Documenten/GitHub/Educom-Trainee-Dashboard/front-end/vendor/laravel/framework/src/Illuminate/Database/DatabaseManager.php(192): Illuminate/Database/DatabaseManager->configuration('postgresql')
#1 C:/Users/0909W/OneDrive/Documenten/GitHub/Educom-Trainee-Dashboard/front-end/vendor/laravel/framework/src/Illuminate/Database/DatabaseManager.php(103): Illuminate/Database/DatabaseManager->makeConnection('postgresql')
#2 C:/Users/0909W/OneDrive/Documenten/GitHub/Educom-Trainee-Dashboard/front-end/vendor/laravel/framework/src/Illuminate/Session/SessionManager.php(110): Illuminate/Database/DatabaseManager->connection('postgresql')
#3 C:/Users/0909W/OneDrive/Documenten/GitHub/Educom-Trainee-Dashboard/front-end/vendor/laravel/framework/src/Illuminate/Session/SessionManager.php(97): Illuminate/Session/SessionManager->getDatabaseConnection()
#4 C:/Users/0909W/OneDrive/Documenten/GitHub/Educom-Trainee-Dashboard/front-end/vendor/laravel/framework/src/Illuminate/Support/Manager.php(105): Illuminate/Session/SessionManager->createDatabaseDriver()
#5 C:/Users/0909W/OneDrive/Documenten/GitHub/Educom-Trainee-Dashboard/front-end/vendor/laravel/framework/src/Illuminate/Support/Manager.php(82): Illuminate/Support/Manager->createDriver('database')
#6 C:/Users/0909W/OneDrive/Documenten/GitHub/Educom-Trainee-Dashboard/front-end/vendor/laravel/framework/src/Illuminate/Session/SessionServiceProvider.php(52): Illuminate/Support/Manager->driver()
#7 C:/Users/0909W/OneDrive/Documenten/GitHub/Educom-Trainee-Dashboard/front-end/vendor/laravel/framework/src/Illuminate/Container/Container.php(1118): Illuminate/Session/SessionServiceProvider->{closure:Illuminate/Session/SessionServiceProvider::registerSessionDriver():48}(Object(Illuminate/Foundation/Application), Array)
#8 C:/Users/0909W/OneDrive/Documenten/GitHub/Educom-Trainee-Dashboard/front-end/vendor/laravel/framework/src/Illuminate/Container/Container.php(936): Illuminate/Container/Container->build(Object(Closure))
#9 C:/Users/0909W/OneDrive/Documenten/GitHub/Educom-Trainee-Dashboard/front-end/vendor/laravel/framework/src/Illuminate/Foundation/Application.php(1078): Illuminate/Container/Container->resolve('session.store', Array, true)
#10 C:/Users/0909W/OneDrive/Documenten/GitHub/Educom-Trainee-Dashboard/front-end/vendor/laravel/framework/src/Illuminate/Container/Container.php(864): Illuminate/Foundation/Application->resolve('session.store', Array)
#11 C:/Users/0909W/OneDrive/Documenten/GitHub/Educom-Trainee-Dashboard/front-end/vendor/laravel/framework/src/Illuminate/Foundation/Application.php(1058): Illuminate/Container/Container->make('session.store', Array)
#12 C:/Users/0909W/OneDrive/Documenten/GitHub/Educom-Trainee-Dashboard/front-end/vendor/laravel/framework/src/Illuminate/Container/Container.php(1810): Illuminate/Foundation/Application->make('session.store')
#13 C:/Users/0909W/OneDrive/Documenten/GitHub/Educom-Trainee-Dashboard/front-end/vendor/laravel/framework/src/Illuminate/Routing/RoutingServiceProvider.php(121): Illuminate/Container/Container->offsetGet('session.store')
#14 C:/Users/0909W/OneDrive/Documenten/GitHub/Educom-Trainee-Dashboard/front-end/vendor/laravel/framework/src/Illuminate/Container/Container.php(1118): Illuminate/Routing/RoutingServiceProvider->{closure:Illuminate/Routing/RoutingServiceProvider::registerRedirector():114}(Object(Illuminate/Foundation/Application), Array)
#15 C:/Users/0909W/OneDrive/Documenten/GitHub/Educom-Trainee-Dashboard/front-end/vendor/laravel/framework/src/Illuminate/Container/Container.php(936): Illuminate/Container/Container->build(Object(Closure))
#16 C:/Users/0909W/OneDrive/Documenten/GitHub/Educom-Trainee-Dashboard/front-end/vendor/laravel/framework/src/Illuminate/Foundation/Application.php(1078): Illuminate/Container/Container->resolve('redirect', Array, true)
#17 C:/Users/0909W/OneDrive/Documenten/GitHub/Educom-Trainee-Dashboard/front-end/vendor/laravel/framework/src/Illuminate/Container/Container.php(864): Illuminate/Foundation/Application->resolve('redirect', Array)
#18 C:/Users/0909W/OneDrive/Documenten/GitHub/Educom-Trainee-Dashboard/front-end/vendor/laravel/framework/src/Illuminate/Foundation/Application.php(1058): Illuminate/Container/Container->make('redirect', Array)
#19 C:/Users/0909W/OneDrive/Documenten/GitHub/Educom-Trainee-Dashboard/front-end/vendor/laravel/framework/src/Illuminate/Container/Container.php(1810): Illuminate/Foundation/Application->make('redirect')
#20 C:/Users/0909W/OneDrive/Documenten/GitHub/Educom-Trainee-Dashboard/front-end/vendor/laravel/framework/src/Illuminate/Routing/RoutingServiceProvider.php(181): Illuminate/Container/Container->offsetGet('redirect')
#21 C:/Users/0909W/OneDrive/Documenten/GitHub/Educom-Trainee-Dashboard/front-end/vendor/laravel/framework/src/Illuminate/Container/Container.php(1118): Illuminate/Routing/RoutingServiceProvider->{closure:Illuminate/Routing/RoutingServiceProvider::registerResponseFactory():180}(Object(Illuminate/Foundation/Application), Array)
#22 C:/Users/0909W/OneDrive/Documenten/GitHub/Educom-Trainee-Dashboard/front-end/vendor/laravel/framework/src/Illuminate/Container/Container.php(936): Illuminate/Container/Container->build(Object(Closure))
#23 C:/Users/0909W/OneDrive/Documenten/GitHub/Educom-Trainee-Dashboard/front-end/vendor/laravel/framework/src/Illuminate/Foundation/Application.php(1078): Illuminate/Container/Container->resolve('Illuminate//Cont...', Array, true)
#24 C:/Users/0909W/OneDrive/Documenten/GitHub/Educom-Trainee-Dashboard/front-end/vendor/laravel/framework/src/Illuminate/Container/Container.php(864): Illuminate/Foundation/Application->resolve('Illuminate//Cont...', Array)
#25 C:/Users/0909W/OneDrive/Documenten/GitHub/Educom-Trainee-Dashboard/front-end/vendor/laravel/framework/src/Illuminate/Foundation/Application.php(1058): Illuminate/Container/Container->make('Illuminate//Cont...', Array)
#26 C:/Users/0909W/OneDrive/Documenten/GitHub/Educom-Trainee-Dashboard/front-end/vendor/laravel/framework/src/Illuminate/Foundation/helpers.php(138): Illuminate/Foundation/Application->make('Illuminate//Cont...', Array)
#27 C:/Users/0909W/OneDrive/Documenten/GitHub/Educom-Trainee-Dashboard/front-end/vendor/laravel/framework/src/Illuminate/Foundation/helpers.php(850): app('Illuminate//Cont...')
#28 C:/Users/0909W/OneDrive/Documenten/GitHub/Educom-Trainee-Dashboard/front-end/vendor/laravel/framework/src/Illuminate/Foundation/Exceptions/Handler.php(1098): response('<!DOCTYPE html>...', 500, Array)
#29 C:/Users/0909W/OneDrive/Documenten/GitHub/Educom-Trainee-Dashboard/front-end/vendor/laravel/framework/src/Illuminate/Foundation/Exceptions/Handler.php(948): Illuminate/Foundation/Exceptions/Handler->toIlluminateResponse(Object(Symfony/Component/HttpFoundation/Response), Object(InvalidArgumentException))
#30 C:/Users/0909W/OneDrive/Documenten/GitHub/Educom-Trainee-Dashboard/front-end/vendor/laravel/framework/src/Illuminate/Foundation/Exceptions/Handler.php(839): Illuminate/Foundation/Exceptions/Handler->prepareResponse(Object(Illuminate/Http/Request), Object(InvalidArgumentException))
#31 C:/Users/0909W/OneDrive/Documenten/GitHub/Educom-Trainee-Dashboard/front-end/vendor/laravel/framework/src/Illuminate/Foundation/Exceptions/Handler.php(726): Illuminate/Foundation/Exceptions/Handler->renderExceptionResponse(Object(Illuminate/Http/Request), Object(InvalidArgumentException))
#32 C:/Users/0909W/OneDrive/Documenten/GitHub/Educom-Trainee-Dashboard/front-end/vendor/laravel/framework/src/Illuminate/Routing/Pipeline.php(51): Illuminate/Foundation/Exceptions/Handler->render(Object(Illuminate/Http/Request), Object(InvalidArgumentException))
#33 C:/Users/0909W/OneDrive/Documenten/GitHub/Educom-Trainee-Dashboard/front-end/vendor/laravel/framework/src/Illuminate/Pipeline/Pipeline.php(224): Illuminate/Routing/Pipeline->handleException(Object(Illuminate/Http/Request), Object(InvalidArgumentException))
#34 C:/Users/0909W/OneDrive/Documenten/GitHub/Educom-Trainee-Dashboard/front-end/vendor/laravel/framework/src/Illuminate/Http/Middleware/ValidatePostSize.php(27): Illuminate/Pipeline/Pipeline->{closure:{closure:Illuminate/Pipeline/Pipeline::carry():194}:195}(Object(Illuminate/Http/Request))
#35 C:/Users/0909W/OneDrive/Documenten/GitHub/Educom-Trainee-Dashboard/front-end/vendor/laravel/framework/src/Illuminate/Pipeline/Pipeline.php(219): Illuminate/Http/Middleware/ValidatePostSize->handle(Object(Illuminate/Http/Request), Object(Closure))
#36 C:/Users/0909W/OneDrive/Documenten/GitHub/Educom-Trainee-Dashboard/front-end/vendor/laravel/framework/src/Illuminate/Foundation/Http/Middleware/PreventRequestsDuringMaintenance.php(109): Illuminate/Pipeline/Pipeline->{closure:{closure:Illuminate/Pipeline/Pipeline::carry():194}:195}(Object(Illuminate/Http/Request))
#37 C:/Users/0909W/OneDrive/Documenten/GitHub/Educom-Trainee-Dashboard/front-end/vendor/laravel/framework/src/Illuminate/Pipeline/Pipeline.php(219): Illuminate/Foundation/Http/Middleware/PreventRequestsDuringMaintenance->handle(Object(Illuminate/Http/Request), Object(Closure))
#38 C:/Users/0909W/OneDrive/Documenten/GitHub/Educom-Trainee-Dashboard/front-end/vendor/laravel/framework/src/Illuminate/Http/Middleware/HandleCors.php(61): Illuminate/Pipeline/Pipeline->{closure:{closure:Illuminate/Pipeline/Pipeline::carry():194}:195}(Object(Illuminate/Http/Request))
#39 C:/Users/0909W/OneDrive/Documenten/GitHub/Educom-Trainee-Dashboard/front-end/vendor/laravel/framework/src/Illuminate/Pipeline/Pipeline.php(219): Illuminate/Http/Middleware/HandleCors->handle(Object(Illuminate/Http/Request), Object(Closure))
#40 C:/Users/0909W/OneDrive/Documenten/GitHub/Educom-Trainee-Dashboard/front-end/vendor/laravel/framework/src/Illuminate/Http/Middleware/TrustProxies.php(58): Illuminate/Pipeline/Pipeline->{closure:{closure:Illuminate/Pipeline/Pipeline::carry():194}:195}(Object(Illuminate/Http/Request))
#41 C:/Users/0909W/OneDrive/Documenten/GitHub/Educom-Trainee-Dashboard/front-end/vendor/laravel/framework/src/Illuminate/Pipeline/Pipeline.php(219): Illuminate/Http/Middleware/TrustProxies->handle(Object(Illuminate/Http/Request), Object(Closure))
#42 C:/Users/0909W/OneDrive/Documenten/GitHub/Educom-Trainee-Dashboard/front-end/vendor/laravel/framework/src/Illuminate/Foundation/Http/Middleware/InvokeDeferredCallbacks.php(22): Illuminate/Pipeline/Pipeline->{closure:{closure:Illuminate/Pipeline/Pipeline::carry():194}:195}(Object(Illuminate/Http/Request))
#43 C:/Users/0909W/OneDrive/Documenten/GitHub/Educom-Trainee-Dashboard/front-end/vendor/laravel/framework/src/Illuminate/Pipeline/Pipeline.php(219): Illuminate/Foundation/Http/Middleware/InvokeDeferredCallbacks->handle(Object(Illuminate/Http/Request), Object(Closure))
#44 C:/Users/0909W/OneDrive/Documenten/GitHub/Educom-Trainee-Dashboard/front-end/vendor/laravel/framework/src/Illuminate/Http/Middleware/ValidatePathEncoding.php(28): Illuminate/Pipeline/Pipeline->{closure:{closure:Illuminate/Pipeline/Pipeline::carry():194}:195}(Object(Illuminate/Http/Request))
#45 C:/Users/0909W/OneDrive/Documenten/GitHub/Educom-Trainee-Dashboard/front-end/vendor/laravel/framework/src/Illuminate/Pipeline/Pipeline.php(219): Illuminate/Http/Middleware/ValidatePathEncoding->handle(Object(Illuminate/Http/Request), Object(Closure))
#46 C:/Users/0909W/OneDrive/Documenten/GitHub/Educom-Trainee-Dashboard/front-end/vendor/laravel/framework/src/Illuminate/Pipeline/Pipeline.php(137): Illuminate/Pipeline/Pipeline->{closure:{closure:Illuminate/Pipeline/Pipeline::carry():194}:195}(Object(Illuminate/Http/Request))
#47 C:/Users/0909W/OneDrive/Documenten/GitHub/Educom-Trainee-Dashboard/front-end/vendor/laravel/framework/src/Illuminate/Foundation/Http/Kernel.php(175): Illuminate/Pipeline/Pipeline->then(Object(Closure))
#48 C:/Users/0909W/OneDrive/Documenten/GitHub/Educom-Trainee-Dashboard/front-end/vendor/laravel/framework/src/Illuminate/Foundation/Http/Kernel.php(144): Illuminate/Foundation/Http/Kernel->sendRequestThroughRouter(Object(Illuminate/Http/Request))
#49 C:/Users/0909W/OneDrive/Documenten/GitHub/Educom-Trainee-Dashboard/front-end/vendor/laravel/framework/src/Illuminate/Foundation/Application.php(1220): Illuminate/Foundation/Http/Kernel->handle(Object(Illuminate/Http/Request))
#50 C:/Users/0909W/OneDrive/Documenten/GitHub/Educom-Trainee-Dashboard/front-end/public/index.php(20): Illuminate/Foundation/Application->handleRequest(Object(Illuminate/Http/Request))
#51 C:/Users/0909W/OneDrive/Documenten/GitHub/Educom-Trainee-Dashboard/front-end/vendor/laravel/framework/src/Illuminate/Foundation/resources/server.php(23): require_once('C://Users//0909W//...')
#52 {main}
"} 
[2026-07-14 13:53:11] local.ERROR: Database connection [postgresql] not configured. {"exception":"[object] (InvalidArgumentException(code: 0): Database connection [postgresql] not configured. at C:/Users/0909W/OneDrive/Documenten/GitHub/Educom-Trainee-Dashboard/front-end/vendor/laravel/framework/src/Illuminate/Database/DatabaseManager.php:226)
[stacktrace]
#0 C:/Users/0909W/OneDrive/Documenten/GitHub/Educom-Trainee-Dashboard/front-end/vendor/laravel/framework/src/Illuminate/Database/DatabaseManager.php(192): Illuminate/Database/DatabaseManager->configuration('postgresql')
#1 C:/Users/0909W/OneDrive/Documenten/GitHub/Educom-Trainee-Dashboard/front-end/vendor/laravel/framework/src/Illuminate/Database/DatabaseManager.php(103): Illuminate/Database/DatabaseManager->makeConnection('postgresql')
#2 C:/Users/0909W/OneDrive/Documenten/GitHub/Educom-Trainee-Dashboard/front-end/vendor/laravel/framework/src/Illuminate/Session/SessionManager.php(110): Illuminate/Database/DatabaseManager->connection('postgresql')
#3 C:/Users/0909W/OneDrive/Documenten/GitHub/Educom-Trainee-Dashboard/front-end/vendor/laravel/framework/src/Illuminate/Session/SessionManager.php(97): Illuminate/Session/SessionManager->getDatabaseConnection()
#4 C:/Users/0909W/OneDrive/Documenten/GitHub/Educom-Trainee-Dashboard/front-end/vendor/laravel/framework/src/Illuminate/Support/Manager.php(105): Illuminate/Session/SessionManager->createDatabaseDriver()
#5 C:/Users/0909W/OneDrive/Documenten/GitHub/Educom-Trainee-Dashboard/front-end/vendor/laravel/framework/src/Illuminate/Support/Manager.php(82): Illuminate/Support/Manager->createDriver('database')
#6 C:/Users/0909W/OneDrive/Documenten/GitHub/Educom-Trainee-Dashboard/front-end/vendor/laravel/framework/src/Illuminate/Session/SessionServiceProvider.php(52): Illuminate/Support/Manager->driver()
#7 C:/Users/0909W/OneDrive/Documenten/GitHub/Educom-Trainee-Dashboard/front-end/vendor/laravel/framework/src/Illuminate/Container/Container.php(1118): Illuminate/Session/SessionServiceProvider->{closure:Illuminate/Session/SessionServiceProvider::registerSessionDriver():48}(Object(Illuminate/Foundation/Application), Array)
#8 C:/Users/0909W/OneDrive/Documenten/GitHub/Educom-Trainee-Dashboard/front-end/vendor/laravel/framework/src/Illuminate/Container/Container.php(936): Illuminate/Container/Container->build(Object(Closure))
#9 C:/Users/0909W/OneDrive/Documenten/GitHub/Educom-Trainee-Dashboard/front-end/vendor/laravel/framework/src/Illuminate/Foundation/Application.php(1078): Illuminate/Container/Container->resolve('session.store', Array, true)
#10 C:/Users/0909W/OneDrive/Documenten/GitHub/Educom-Trainee-Dashboard/front-end/vendor/laravel/framework/src/Illuminate/Container/Container.php(864): Illuminate/Foundation/Application->resolve('session.store', Array)
#11 C:/Users/0909W/OneDrive/Documenten/GitHub/Educom-Trainee-Dashboard/front-end/vendor/laravel/framework/src/Illuminate/Foundation/Application.php(1058): Illuminate/Container/Container->make('session.store', Array)
#12 C:/Users/0909W/OneDrive/Documenten/GitHub/Educom-Trainee-Dashboard/front-end/vendor/laravel/framework/src/Illuminate/Container/Container.php(1810): Illuminate/Foundation/Application->make('session.store')
#13 C:/Users/0909W/OneDrive/Documenten/GitHub/Educom-Trainee-Dashboard/front-end/vendor/laravel/framework/src/Illuminate/Routing/RoutingServiceProvider.php(121): Illuminate/Container/Container->offsetGet('session.store')
#14 C:/Users/0909W/OneDrive/Documenten/GitHub/Educom-Trainee-Dashboard/front-end/vendor/laravel/framework/src/Illuminate/Container/Container.php(1118): Illuminate/Routing/RoutingServiceProvider->{closure:Illuminate/Routing/RoutingServiceProvider::registerRedirector():114}(Object(Illuminate/Foundation/Application), Array)
#15 C:/Users/0909W/OneDrive/Documenten/GitHub/Educom-Trainee-Dashboard/front-end/vendor/laravel/framework/src/Illuminate/Container/Container.php(936): Illuminate/Container/Container->build(Object(Closure))
#16 C:/Users/0909W/OneDrive/Documenten/GitHub/Educom-Trainee-Dashboard/front-end/vendor/laravel/framework/src/Illuminate/Foundation/Application.php(1078): Illuminate/Container/Container->resolve('redirect', Array, true)
#17 C:/Users/0909W/OneDrive/Documenten/GitHub/Educom-Trainee-Dashboard/front-end/vendor/laravel/framework/src/Illuminate/Container/Container.php(864): Illuminate/Foundation/Application->resolve('redirect', Array)
#18 C:/Users/0909W/OneDrive/Documenten/GitHub/Educom-Trainee-Dashboard/front-end/vendor/laravel/framework/src/Illuminate/Foundation/Application.php(1058): Illuminate/Container/Container->make('redirect', Array)
#19 C:/Users/0909W/OneDrive/Documenten/GitHub/Educom-Trainee-Dashboard/front-end/vendor/laravel/framework/src/Illuminate/Container/Container.php(1810): Illuminate/Foundation/Application->make('redirect')
#20 C:/Users/0909W/OneDrive/Documenten/GitHub/Educom-Trainee-Dashboard/front-end/vendor/laravel/framework/src/Illuminate/Routing/RoutingServiceProvider.php(181): Illuminate/Container/Container->offsetGet('redirect')
#21 C:/Users/0909W/OneDrive/Documenten/GitHub/Educom-Trainee-Dashboard/front-end/vendor/laravel/framework/src/Illuminate/Container/Container.php(1118): Illuminate/Routing/RoutingServiceProvider->{closure:Illuminate/Routing/RoutingServiceProvider::registerResponseFactory():180}(Object(Illuminate/Foundation/Application), Array)
#22 C:/Users/0909W/OneDrive/Documenten/GitHub/Educom-Trainee-Dashboard/front-end/vendor/laravel/framework/src/Illuminate/Container/Container.php(936): Illuminate/Container/Container->build(Object(Closure))
#23 C:/Users/0909W/OneDrive/Documenten/GitHub/Educom-Trainee-Dashboard/front-end/vendor/laravel/framework/src/Illuminate/Foundation/Application.php(1078): Illuminate/Container/Container->resolve('Illuminate//Cont...', Array, true)
#24 C:/Users/0909W/OneDrive/Documenten/GitHub/Educom-Trainee-Dashboard/front-end/vendor/laravel/framework/src/Illuminate/Container/Container.php(864): Illuminate/Foundation/Application->resolve('Illuminate//Cont...', Array)
#25 C:/Users/0909W/OneDrive/Documenten/GitHub/Educom-Trainee-Dashboard/front-end/vendor/laravel/framework/src/Illuminate/Foundation/Application.php(1058): Illuminate/Container/Container->make('Illuminate//Cont...', Array)
#26 C:/Users/0909W/OneDrive/Documenten/GitHub/Educom-Trainee-Dashboard/front-end/vendor/laravel/framework/src/Illuminate/Foundation/helpers.php(138): Illuminate/Foundation/Application->make('Illuminate//Cont...', Array)
#27 C:/Users/0909W/OneDrive/Documenten/GitHub/Educom-Trainee-Dashboard/front-end/vendor/laravel/framework/src/Illuminate/Foundation/helpers.php(850): app('Illuminate//Cont...')
#28 C:/Users/0909W/OneDrive/Documenten/GitHub/Educom-Trainee-Dashboard/front-end/vendor/laravel/framework/src/Illuminate/Foundation/Exceptions/Handler.php(1098): response('<!DOCTYPE html>...', 500, Array)
#29 C:/Users/0909W/OneDrive/Documenten/GitHub/Educom-Trainee-Dashboard/front-end/vendor/laravel/framework/src/Illuminate/Foundation/Exceptions/Handler.php(948): Illuminate/Foundation/Exceptions/Handler->toIlluminateResponse(Object(Symfony/Component/HttpFoundation/Response), Object(InvalidArgumentException))
#30 C:/Users/0909W/OneDrive/Documenten/GitHub/Educom-Trainee-Dashboard/front-end/vendor/laravel/framework/src/Illuminate/Foundation/Exceptions/Handler.php(839): Illuminate/Foundation/Exceptions/Handler->prepareResponse(Object(Illuminate/Http/Request), Object(InvalidArgumentException))
#31 C:/Users/0909W/OneDrive/Documenten/GitHub/Educom-Trainee-Dashboard/front-end/vendor/laravel/framework/src/Illuminate/Foundation/Exceptions/Handler.php(726): Illuminate/Foundation/Exceptions/Handler->renderExceptionResponse(Object(Illuminate/Http/Request), Object(InvalidArgumentException))
#32 C:/Users/0909W/OneDrive/Documenten/GitHub/Educom-Trainee-Dashboard/front-end/vendor/laravel/framework/src/Illuminate/Routing/Pipeline.php(51): Illuminate/Foundation/Exceptions/Handler->render(Object(Illuminate/Http/Request), Object(InvalidArgumentException))
#33 C:/Users/0909W/OneDrive/Documenten/GitHub/Educom-Trainee-Dashboard/front-end/vendor/laravel/framework/src/Illuminate/Pipeline/Pipeline.php(224): Illuminate/Routing/Pipeline->handleException(Object(Illuminate/Http/Request), Object(InvalidArgumentException))
#34 C:/Users/0909W/OneDrive/Documenten/GitHub/Educom-Trainee-Dashboard/front-end/vendor/laravel/framework/src/Illuminate/Foundation/Http/Middleware/PreventRequestsDuringMaintenance.php(109): Illuminate/Pipeline/Pipeline->{closure:{closure:Illuminate/Pipeline/Pipeline::carry():194}:195}(Object(Illuminate/Http/Request))
#35 C:/Users/0909W/OneDrive/Documenten/GitHub/Educom-Trainee-Dashboard/front-end/vendor/laravel/framework/src/Illuminate/Pipeline/Pipeline.php(219): Illuminate/Foundation/Http/Middleware/PreventRequestsDuringMaintenance->handle(Object(Illuminate/Http/Request), Object(Closure))
#36 C:/Users/0909W/OneDrive/Documenten/GitHub/Educom-Trainee-Dashboard/front-end/vendor/laravel/framework/src/Illuminate/Http/Middleware/HandleCors.php(61): Illuminate/Pipeline/Pipeline->{closure:{closure:Illuminate/Pipeline/Pipeline::carry():194}:195}(Object(Illuminate/Http/Request))
#37 C:/Users/0909W/OneDrive/Documenten/GitHub/Educom-Trainee-Dashboard/front-end/vendor/laravel/framework/src/Illuminate/Pipeline/Pipeline.php(219): Illuminate/Http/Middleware/HandleCors->handle(Object(Illuminate/Http/Request), Object(Closure))
#38 C:/Users/0909W/OneDrive/Documenten/GitHub/Educom-Trainee-Dashboard/front-end/vendor/laravel/framework/src/Illuminate/Http/Middleware/TrustProxies.php(58): Illuminate/Pipeline/Pipeline->{closure:{closure:Illuminate/Pipeline/Pipeline::carry():194}:195}(Object(Illuminate/Http/Request))
#39 C:/Users/0909W/OneDrive/Documenten/GitHub/Educom-Trainee-Dashboard/front-end/vendor/laravel/framework/src/Illuminate/Pipeline/Pipeline.php(219): Illuminate/Http/Middleware/TrustProxies->handle(Object(Illuminate/Http/Request), Object(Closure))
#40 C:/Users/0909W/OneDrive/Documenten/GitHub/Educom-Trainee-Dashboard/front-end/vendor/laravel/framework/src/Illuminate/Foundation/Http/Middleware/InvokeDeferredCallbacks.php(22): Illuminate/Pipeline/Pipeline->{closure:{closure:Illuminate/Pipeline/Pipeline::carry():194}:195}(Object(Illuminate/Http/Request))
#41 C:/Users/0909W/OneDrive/Documenten/GitHub/Educom-Trainee-Dashboard/front-end/vendor/laravel/framework/src/Illuminate/Pipeline/Pipeline.php(219): Illuminate/Foundation/Http/Middleware/InvokeDeferredCallbacks->handle(Object(Illuminate/Http/Request), Object(Closure))
#42 C:/Users/0909W/OneDrive/Documenten/GitHub/Educom-Trainee-Dashboard/front-end/vendor/laravel/framework/src/Illuminate/Http/Middleware/ValidatePathEncoding.php(28): Illuminate/Pipeline/Pipeline->{closure:{closure:Illuminate/Pipeline/Pipeline::carry():194}:195}(Object(Illuminate/Http/Request))
#43 C:/Users/0909W/OneDrive/Documenten/GitHub/Educom-Trainee-Dashboard/front-end/vendor/laravel/framework/src/Illuminate/Pipeline/Pipeline.php(219): Illuminate/Http/Middleware/ValidatePathEncoding->handle(Object(Illuminate/Http/Request), Object(Closure))
#44 C:/Users/0909W/OneDrive/Documenten/GitHub/Educom-Trainee-Dashboard/front-end/vendor/laravel/framework/src/Illuminate/Pipeline/Pipeline.php(137): Illuminate/Pipeline/Pipeline->{closure:{closure:Illuminate/Pipeline/Pipeline::carry():194}:195}(Object(Illuminate/Http/Request))
#45 C:/Users/0909W/OneDrive/Documenten/GitHub/Educom-Trainee-Dashboard/front-end/vendor/laravel/framework/src/Illuminate/Foundation/Http/Kernel.php(175): Illuminate/Pipeline/Pipeline->then(Object(Closure))
#46 C:/Users/0909W/OneDrive/Documenten/GitHub/Educom-Trainee-Dashboard/front-end/vendor/laravel/framework/src/Illuminate/Foundation/Http/Kernel.php(144): Illuminate/Foundation/Http/Kernel->sendRequestThroughRouter(Object(Illuminate/Http/Request))
#47 C:/Users/0909W/OneDrive/Documenten/GitHub/Educom-Trainee-Dashboard/front-end/vendor/laravel/framework/src/Illuminate/Foundation/Application.php(1220): Illuminate/Foundation/Http/Kernel->handle(Object(Illuminate/Http/Request))
#48 C:/Users/0909W/OneDrive/Documenten/GitHub/Educom-Trainee-Dashboard/front-end/public/index.php(20): Illuminate/Foundation/Application->handleRequest(Object(Illuminate/Http/Request))
#49 C:/Users/0909W/OneDrive/Documenten/GitHub/Educom-Trainee-Dashboard/front-end/vendor/laravel/framework/src/Illuminate/Foundation/resources/server.php(23): require_once('C://Users//0909W//...')
#50 {main}
"} 
[2026-07-14 13:53:12] local.ERROR: Database connection [postgresql] not configured. {"exception":"[object] (InvalidArgumentException(code: 0): Database connection [postgresql] not configured. at C:/Users/0909W/OneDrive/Documenten/GitHub/Educom-Trainee-Dashboard/front-end/vendor/laravel/framework/src/Illuminate/Database/DatabaseManager.php:226)
[stacktrace]
#0 C:/Users/0909W/OneDrive/Documenten/GitHub/Educom-Trainee-Dashboard/front-end/vendor/laravel/framework/src/Illuminate/Database/DatabaseManager.php(192): Illuminate/Database/DatabaseManager->configuration('postgresql')
#1 C:/Users/0909W/OneDrive/Documenten/GitHub/Educom-Trainee-Dashboard/front-end/vendor/laravel/framework/src/Illuminate/Database/DatabaseManager.php(103): Illuminate/Database/DatabaseManager->makeConnection('postgresql')
#2 C:/Users/0909W/OneDrive/Documenten/GitHub/Educom-Trainee-Dashboard/front-end/vendor/laravel/framework/src/Illuminate/Session/SessionManager.php(110): Illuminate/Database/DatabaseManager->connection('postgresql')
#3 C:/Users/0909W/OneDrive/Documenten/GitHub/Educom-Trainee-Dashboard/front-end/vendor/laravel/framework/src/Illuminate/Session/SessionManager.php(97): Illuminate/Session/SessionManager->getDatabaseConnection()
#4 C:/Users/0909W/OneDrive/Documenten/GitHub/Educom-Trainee-Dashboard/front-end/vendor/laravel/framework/src/Illuminate/Support/Manager.php(105): Illuminate/Session/SessionManager->createDatabaseDriver()
#5 C:/Users/0909W/OneDrive/Documenten/GitHub/Educom-Trainee-Dashboard/front-end/vendor/laravel/framework/src/Illuminate/Support/Manager.php(82): Illuminate/Support/Manager->createDriver('database')
#6 C:/Users/0909W/OneDrive/Documenten/GitHub/Educom-Trainee-Dashboard/front-end/vendor/laravel/framework/src/Illuminate/Session/SessionServiceProvider.php(52): Illuminate/Support/Manager->driver()
#7 C:/Users/0909W/OneDrive/Documenten/GitHub/Educom-Trainee-Dashboard/front-end/vendor/laravel/framework/src/Illuminate/Container/Container.php(1118): Illuminate/Session/SessionServiceProvider->{closure:Illuminate/Session/SessionServiceProvider::registerSessionDriver():48}(Object(Illuminate/Foundation/Application), Array)
#8 C:/Users/0909W/OneDrive/Documenten/GitHub/Educom-Trainee-Dashboard/front-end/vendor/laravel/framework/src/Illuminate/Container/Container.php(936): Illuminate/Container/Container->build(Object(Closure))
#9 C:/Users/0909W/OneDrive/Documenten/GitHub/Educom-Trainee-Dashboard/front-end/vendor/laravel/framework/src/Illuminate/Foundation/Application.php(1078): Illuminate/Container/Container->resolve('session.store', Array, true)
#10 C:/Users/0909W/OneDrive/Documenten/GitHub/Educom-Trainee-Dashboard/front-end/vendor/laravel/framework/src/Illuminate/Container/Container.php(864): Illuminate/Foundation/Application->resolve('session.store', Array)
#11 C:/Users/0909W/OneDrive/Documenten/GitHub/Educom-Trainee-Dashboard/front-end/vendor/laravel/framework/src/Illuminate/Foundation/Application.php(1058): Illuminate/Container/Container->make('session.store', Array)
#12 C:/Users/0909W/OneDrive/Documenten/GitHub/Educom-Trainee-Dashboard/front-end/vendor/laravel/framework/src/Illuminate/Container/Container.php(1810): Illuminate/Foundation/Application->make('session.store')
#13 C:/Users/0909W/OneDrive/Documenten/GitHub/Educom-Trainee-Dashboard/front-end/vendor/laravel/framework/src/Illuminate/Routing/RoutingServiceProvider.php(121): Illuminate/Container/Container->offsetGet('session.store')
#14 C:/Users/0909W/OneDrive/Documenten/GitHub/Educom-Trainee-Dashboard/front-end/vendor/laravel/framework/src/Illuminate/Container/Container.php(1118): Illuminate/Routing/RoutingServiceProvider->{closure:Illuminate/Routing/RoutingServiceProvider::registerRedirector():114}(Object(Illuminate/Foundation/Application), Array)
#15 C:/Users/0909W/OneDrive/Documenten/GitHub/Educom-Trainee-Dashboard/front-end/vendor/laravel/framework/src/Illuminate/Container/Container.php(936): Illuminate/Container/Container->build(Object(Closure))
#16 C:/Users/0909W/OneDrive/Documenten/GitHub/Educom-Trainee-Dashboard/front-end/vendor/laravel/framework/src/Illuminate/Foundation/Application.php(1078): Illuminate/Container/Container->resolve('redirect', Array, true)
#17 C:/Users/0909W/OneDrive/Documenten/GitHub/Educom-Trainee-Dashboard/front-end/vendor/laravel/framework/src/Illuminate/Container/Container.php(864): Illuminate/Foundation/Application->resolve('redirect', Array)
#18 C:/Users/0909W/OneDrive/Documenten/GitHub/Educom-Trainee-Dashboard/front-end/vendor/laravel/framework/src/Illuminate/Foundation/Application.php(1058): Illuminate/Container/Container->make('redirect', Array)
#19 C:/Users/0909W/OneDrive/Documenten/GitHub/Educom-Trainee-Dashboard/front-end/vendor/laravel/framework/src/Illuminate/Container/Container.php(1810): Illuminate/Foundation/Application->make('redirect')
#20 C:/Users/0909W/OneDrive/Documenten/GitHub/Educom-Trainee-Dashboard/front-end/vendor/laravel/framework/src/Illuminate/Routing/RoutingServiceProvider.php(181): Illuminate/Container/Container->offsetGet('redirect')
#21 C:/Users/0909W/OneDrive/Documenten/GitHub/Educom-Trainee-Dashboard/front-end/vendor/laravel/framework/src/Illuminate/Container/Container.php(1118): Illuminate/Routing/RoutingServiceProvider->{closure:Illuminate/Routing/RoutingServiceProvider::registerResponseFactory():180}(Object(Illuminate/Foundation/Application), Array)
#22 C:/Users/0909W/OneDrive/Documenten/GitHub/Educom-Trainee-Dashboard/front-end/vendor/laravel/framework/src/Illuminate/Container/Container.php(936): Illuminate/Container/Container->build(Object(Closure))
#23 C:/Users/0909W/OneDrive/Documenten/GitHub/Educom-Trainee-Dashboard/front-end/vendor/laravel/framework/src/Illuminate/Foundation/Application.php(1078): Illuminate/Container/Container->resolve('Illuminate//Cont...', Array, true)
#24 C:/Users/0909W/OneDrive/Documenten/GitHub/Educom-Trainee-Dashboard/front-end/vendor/laravel/framework/src/Illuminate/Container/Container.php(864): Illuminate/Foundation/Application->resolve('Illuminate//Cont...', Array)
#25 C:/Users/0909W/OneDrive/Documenten/GitHub/Educom-Trainee-Dashboard/front-end/vendor/laravel/framework/src/Illuminate/Foundation/Application.php(1058): Illuminate/Container/Container->make('Illuminate//Cont...', Array)
#26 C:/Users/0909W/OneDrive/Documenten/GitHub/Educom-Trainee-Dashboard/front-end/vendor/laravel/framework/src/Illuminate/Foundation/helpers.php(138): Illuminate/Foundation/Application->make('Illuminate//Cont...', Array)
#27 C:/Users/0909W/OneDrive/Documenten/GitHub/Educom-Trainee-Dashboard/front-end/vendor/laravel/framework/src/Illuminate/Foundation/helpers.php(850): app('Illuminate//Cont...')
#28 C:/Users/0909W/OneDrive/Documenten/GitHub/Educom-Trainee-Dashboard/front-end/vendor/laravel/framework/src/Illuminate/Foundation/Exceptions/Handler.php(1098): response('<!DOCTYPE html>...', 500, Array)
#29 C:/Users/0909W/OneDrive/Documenten/GitHub/Educom-Trainee-Dashboard/front-end/vendor/laravel/framework/src/Illuminate/Foundation/Exceptions/Handler.php(948): Illuminate/Foundation/Exceptions/Handler->toIlluminateResponse(Object(Symfony/Component/HttpFoundation/Response), Object(InvalidArgumentException))
#30 C:/Users/0909W/OneDrive/Documenten/GitHub/Educom-Trainee-Dashboard/front-end/vendor/laravel/framework/src/Illuminate/Foundation/Exceptions/Handler.php(839): Illuminate/Foundation/Exceptions/Handler->prepareResponse(Object(Illuminate/Http/Request), Object(InvalidArgumentException))
#31 C:/Users/0909W/OneDrive/Documenten/GitHub/Educom-Trainee-Dashboard/front-end/vendor/laravel/framework/src/Illuminate/Foundation/Exceptions/Handler.php(726): Illuminate/Foundation/Exceptions/Handler->renderExceptionResponse(Object(Illuminate/Http/Request), Object(InvalidArgumentException))
#32 C:/Users/0909W/OneDrive/Documenten/GitHub/Educom-Trainee-Dashboard/front-end/vendor/laravel/framework/src/Illuminate/Routing/Pipeline.php(51): Illuminate/Foundation/Exceptions/Handler->render(Object(Illuminate/Http/Request), Object(InvalidArgumentException))
#33 C:/Users/0909W/OneDrive/Documenten/GitHub/Educom-Trainee-Dashboard/front-end/vendor/laravel/framework/src/Illuminate/Pipeline/Pipeline.php(224): Illuminate/Routing/Pipeline->handleException(Object(Illuminate/Http/Request), Object(InvalidArgumentException))
#34 C:/Users/0909W/OneDrive/Documenten/GitHub/Educom-Trainee-Dashboard/front-end/vendor/laravel/framework/src/Illuminate/Http/Middleware/HandleCors.php(61): Illuminate/Pipeline/Pipeline->{closure:{closure:Illuminate/Pipeline/Pipeline::carry():194}:195}(Object(Illuminate/Http/Request))
#35 C:/Users/0909W/OneDrive/Documenten/GitHub/Educom-Trainee-Dashboard/front-end/vendor/laravel/framework/src/Illuminate/Pipeline/Pipeline.php(219): Illuminate/Http/Middleware/HandleCors->handle(Object(Illuminate/Http/Request), Object(Closure))
#36 C:/Users/0909W/OneDrive/Documenten/GitHub/Educom-Trainee-Dashboard/front-end/vendor/laravel/framework/src/Illuminate/Http/Middleware/TrustProxies.php(58): Illuminate/Pipeline/Pipeline->{closure:{closure:Illuminate/Pipeline/Pipeline::carry():194}:195}(Object(Illuminate/Http/Request))
#37 C:/Users/0909W/OneDrive/Documenten/GitHub/Educom-Trainee-Dashboard/front-end/vendor/laravel/framework/src/Illuminate/Pipeline/Pipeline.php(219): Illuminate/Http/Middleware/TrustProxies->handle(Object(Illuminate/Http/Request), Object(Closure))
#38 C:/Users/0909W/OneDrive/Documenten/GitHub/Educom-Trainee-Dashboard/front-end/vendor/laravel/framework/src/Illuminate/Foundation/Http/Middleware/InvokeDeferredCallbacks.php(22): Illuminate/Pipeline/Pipeline->{closure:{closure:Illuminate/Pipeline/Pipeline::carry():194}:195}(Object(Illuminate/Http/Request))
#39 C:/Users/0909W/OneDrive/Documenten/GitHub/Educom-Trainee-Dashboard/front-end/vendor/laravel/framework/src/Illuminate/Pipeline/Pipeline.php(219): Illuminate/Foundation/Http/Middleware/InvokeDeferredCallbacks->handle(Object(Illuminate/Http/Request), Object(Closure))
#40 C:/Users/0909W/OneDrive/Documenten/GitHub/Educom-Trainee-Dashboard/front-end/vendor/laravel/framework/src/Illuminate/Http/Middleware/ValidatePathEncoding.php(28): Illuminate/Pipeline/Pipeline->{closure:{closure:Illuminate/Pipeline/Pipeline::carry():194}:195}(Object(Illuminate/Http/Request))
#41 C:/Users/0909W/OneDrive/Documenten/GitHub/Educom-Trainee-Dashboard/front-end/vendor/laravel/framework/src/Illuminate/Pipeline/Pipeline.php(219): Illuminate/Http/Middleware/ValidatePathEncoding->handle(Object(Illuminate/Http/Request), Object(Closure))
#42 C:/Users/0909W/OneDrive/Documenten/GitHub/Educom-Trainee-Dashboard/front-end/vendor/laravel/framework/src/Illuminate/Pipeline/Pipeline.php(137): Illuminate/Pipeline/Pipeline->{closure:{closure:Illuminate/Pipeline/Pipeline::carry():194}:195}(Object(Illuminate/Http/Request))
#43 C:/Users/0909W/OneDrive/Documenten/GitHub/Educom-Trainee-Dashboard/front-end/vendor/laravel/framework/src/Illuminate/Foundation/Http/Kernel.php(175): Illuminate/Pipeline/Pipeline->then(Object(Closure))
#44 C:/Users/0909W/OneDrive/Documenten/GitHub/Educom-Trainee-Dashboard/front-end/vendor/laravel/framework/src/Illuminate/Foundation/Http/Kernel.php(144): Illuminate/Foundation/Http/Kernel->sendRequestThroughRouter(Object(Illuminate/Http/Request))
#45 C:/Users/0909W/OneDrive/Documenten/GitHub/Educom-Trainee-Dashboard/front-end/vendor/laravel/framework/src/Illuminate/Foundation/Application.php(1220): Illuminate/Foundation/Http/Kernel->handle(Object(Illuminate/Http/Request))
#46 C:/Users/0909W/OneDrive/Documenten/GitHub/Educom-Trainee-Dashboard/front-end/public/index.php(20): Illuminate/Foundation/Application->handleRequest(Object(Illuminate/Http/Request))
#47 C:/Users/0909W/OneDrive/Documenten/GitHub/Educom-Trainee-Dashboard/front-end/vendor/laravel/framework/src/Illuminate/Foundation/resources/server.php(23): require_once('C://Users//0909W//...')
#48 {main}
"} 
[2026-07-14 13:53:12] local.ERROR: Database connection [postgresql] not configured. {"exception":"[object] (InvalidArgumentException(code: 0): Database connection [postgresql] not configured. at C:/Users/0909W/OneDrive/Documenten/GitHub/Educom-Trainee-Dashboard/front-end/vendor/laravel/framework/src/Illuminate/Database/DatabaseManager.php:226)
[stacktrace]
#0 C:/Users/0909W/OneDrive/Documenten/GitHub/Educom-Trainee-Dashboard/front-end/vendor/laravel/framework/src/Illuminate/Database/DatabaseManager.php(192): Illuminate/Database/DatabaseManager->configuration('postgresql')
#1 C:/Users/0909W/OneDrive/Documenten/GitHub/Educom-Trainee-Dashboard/front-end/vendor/laravel/framework/src/Illuminate/Database/DatabaseManager.php(103): Illuminate/Database/DatabaseManager->makeConnection('postgresql')
#2 C:/Users/0909W/OneDrive/Documenten/GitHub/Educom-Trainee-Dashboard/front-end/vendor/laravel/framework/src/Illuminate/Session/SessionManager.php(110): Illuminate/Database/DatabaseManager->connection('postgresql')
#3 C:/Users/0909W/OneDrive/Documenten/GitHub/Educom-Trainee-Dashboard/front-end/vendor/laravel/framework/src/Illuminate/Session/SessionManager.php(97): Illuminate/Session/SessionManager->getDatabaseConnection()
#4 C:/Users/0909W/OneDrive/Documenten/GitHub/Educom-Trainee-Dashboard/front-end/vendor/laravel/framework/src/Illuminate/Support/Manager.php(105): Illuminate/Session/SessionManager->createDatabaseDriver()
#5 C:/Users/0909W/OneDrive/Documenten/GitHub/Educom-Trainee-Dashboard/front-end/vendor/laravel/framework/src/Illuminate/Support/Manager.php(82): Illuminate/Support/Manager->createDriver('database')
#6 C:/Users/0909W/OneDrive/Documenten/GitHub/Educom-Trainee-Dashboard/front-end/vendor/laravel/framework/src/Illuminate/Session/SessionServiceProvider.php(52): Illuminate/Support/Manager->driver()
#7 C:/Users/0909W/OneDrive/Documenten/GitHub/Educom-Trainee-Dashboard/front-end/vendor/laravel/framework/src/Illuminate/Container/Container.php(1118): Illuminate/Session/SessionServiceProvider->{closure:Illuminate/Session/SessionServiceProvider::registerSessionDriver():48}(Object(Illuminate/Foundation/Application), Array)
#8 C:/Users/0909W/OneDrive/Documenten/GitHub/Educom-Trainee-Dashboard/front-end/vendor/laravel/framework/src/Illuminate/Container/Container.php(936): Illuminate/Container/Container->build(Object(Closure))
#9 C:/Users/0909W/OneDrive/Documenten/GitHub/Educom-Trainee-Dashboard/front-end/vendor/laravel/framework/src/Illuminate/Foundation/Application.php(1078): Illuminate/Container/Container->resolve('session.store', Array, true)
#10 C:/Users/0909W/OneDrive/Documenten/GitHub/Educom-Trainee-Dashboard/front-end/vendor/laravel/framework/src/Illuminate/Container/Container.php(864): Illuminate/Foundation/Application->resolve('session.store', Array)
#11 C:/Users/0909W/OneDrive/Documenten/GitHub/Educom-Trainee-Dashboard/front-end/vendor/laravel/framework/src/Illuminate/Foundation/Application.php(1058): Illuminate/Container/Container->make('session.store', Array)
#12 C:/Users/0909W/OneDrive/Documenten/GitHub/Educom-Trainee-Dashboard/front-end/vendor/laravel/framework/src/Illuminate/Container/Container.php(1810): Illuminate/Foundation/Application->make('session.store')
#13 C:/Users/0909W/OneDrive/Documenten/GitHub/Educom-Trainee-Dashboard/front-end/vendor/laravel/framework/src/Illuminate/Routing/RoutingServiceProvider.php(121): Illuminate/Container/Container->offsetGet('session.store')
#14 C:/Users/0909W/OneDrive/Documenten/GitHub/Educom-Trainee-Dashboard/front-end/vendor/laravel/framework/src/Illuminate/Container/Container.php(1118): Illuminate/Routing/RoutingServiceProvider->{closure:Illuminate/Routing/RoutingServiceProvider::registerRedirector():114}(Object(Illuminate/Foundation/Application), Array)
#15 C:/Users/0909W/OneDrive/Documenten/GitHub/Educom-Trainee-Dashboard/front-end/vendor/laravel/framework/src/Illuminate/Container/Container.php(936): Illuminate/Container/Container->build(Object(Closure))
#16 C:/Users/0909W/OneDrive/Documenten/GitHub/Educom-Trainee-Dashboard/front-end/vendor/laravel/framework/src/Illuminate/Foundation/Application.php(1078): Illuminate/Container/Container->resolve('redirect', Array, true)
#17 C:/Users/0909W/OneDrive/Documenten/GitHub/Educom-Trainee-Dashboard/front-end/vendor/laravel/framework/src/Illuminate/Container/Container.php(864): Illuminate/Foundation/Application->resolve('redirect', Array)
#18 C:/Users/0909W/OneDrive/Documenten/GitHub/Educom-Trainee-Dashboard/front-end/vendor/laravel/framework/src/Illuminate/Foundation/Application.php(1058): Illuminate/Container/Container->make('redirect', Array)
#19 C:/Users/0909W/OneDrive/Documenten/GitHub/Educom-Trainee-Dashboard/front-end/vendor/laravel/framework/src/Illuminate/Container/Container.php(1810): Illuminate/Foundation/Application->make('redirect')
#20 C:/Users/0909W/OneDrive/Documenten/GitHub/Educom-Trainee-Dashboard/front-end/vendor/laravel/framework/src/Illuminate/Routing/RoutingServiceProvider.php(181): Illuminate/Container/Container->offsetGet('redirect')
#21 C:/Users/0909W/OneDrive/Documenten/GitHub/Educom-Trainee-Dashboard/front-end/vendor/laravel/framework/src/Illuminate/Container/Container.php(1118): Illuminate/Routing/RoutingServiceProvider->{closure:Illuminate/Routing/RoutingServiceProvider::registerResponseFactory():180}(Object(Illuminate/Foundation/Application), Array)
#22 C:/Users/0909W/OneDrive/Documenten/GitHub/Educom-Trainee-Dashboard/front-end/vendor/laravel/framework/src/Illuminate/Container/Container.php(936): Illuminate/Container/Container->build(Object(Closure))
#23 C:/Users/0909W/OneDrive/Documenten/GitHub/Educom-Trainee-Dashboard/front-end/vendor/laravel/framework/src/Illuminate/Foundation/Application.php(1078): Illuminate/Container/Container->resolve('Illuminate//Cont...', Array, true)
#24 C:/Users/0909W/OneDrive/Documenten/GitHub/Educom-Trainee-Dashboard/front-end/vendor/laravel/framework/src/Illuminate/Container/Container.php(864): Illuminate/Foundation/Application->resolve('Illuminate//Cont...', Array)
#25 C:/Users/0909W/OneDrive/Documenten/GitHub/Educom-Trainee-Dashboard/front-end/vendor/laravel/framework/src/Illuminate/Foundation/Application.php(1058): Illuminate/Container/Container->make('Illuminate//Cont...', Array)
#26 C:/Users/0909W/OneDrive/Documenten/GitHub/Educom-Trainee-Dashboard/front-end/vendor/laravel/framework/src/Illuminate/Foundation/helpers.php(138): Illuminate/Foundation/Application->make('Illuminate//Cont...', Array)
#27 C:/Users/0909W/OneDrive/Documenten/GitHub/Educom-Trainee-Dashboard/front-end/vendor/laravel/framework/src/Illuminate/Foundation/helpers.php(850): app('Illuminate//Cont...')
#28 C:/Users/0909W/OneDrive/Documenten/GitHub/Educom-Trainee-Dashboard/front-end/vendor/laravel/framework/src/Illuminate/Foundation/Exceptions/Handler.php(1098): response('<!DOCTYPE html>...', 500, Array)
#29 C:/Users/0909W/OneDrive/Documenten/GitHub/Educom-Trainee-Dashboard/front-end/vendor/laravel/framework/src/Illuminate/Foundation/Exceptions/Handler.php(948): Illuminate/Foundation/Exceptions/Handler->toIlluminateResponse(Object(Symfony/Component/HttpFoundation/Response), Object(InvalidArgumentException))
#30 C:/Users/0909W/OneDrive/Documenten/GitHub/Educom-Trainee-Dashboard/front-end/vendor/laravel/framework/src/Illuminate/Foundation/Exceptions/Handler.php(839): Illuminate/Foundation/Exceptions/Handler->prepareResponse(Object(Illuminate/Http/Request), Object(InvalidArgumentException))
#31 C:/Users/0909W/OneDrive/Documenten/GitHub/Educom-Trainee-Dashboard/front-end/vendor/laravel/framework/src/Illuminate/Foundation/Exceptions/Handler.php(726): Illuminate/Foundation/Exceptions/Handler->renderExceptionResponse(Object(Illuminate/Http/Request), Object(InvalidArgumentException))
#32 C:/Users/0909W/OneDrive/Documenten/GitHub/Educom-Trainee-Dashboard/front-end/vendor/laravel/framework/src/Illuminate/Routing/Pipeline.php(51): Illuminate/Foundation/Exceptions/Handler->render(Object(Illuminate/Http/Request), Object(InvalidArgumentException))
#33 C:/Users/0909W/OneDrive/Documenten/GitHub/Educom-Trainee-Dashboard/front-end/vendor/laravel/framework/src/Illuminate/Pipeline/Pipeline.php(224): Illuminate/Routing/Pipeline->handleException(Object(Illuminate/Http/Request), Object(InvalidArgumentException))
#34 C:/Users/0909W/OneDrive/Documenten/GitHub/Educom-Trainee-Dashboard/front-end/vendor/laravel/framework/src/Illuminate/Http/Middleware/TrustProxies.php(58): Illuminate/Pipeline/Pipeline->{closure:{closure:Illuminate/Pipeline/Pipeline::carry():194}:195}(Object(Illuminate/Http/Request))
#35 C:/Users/0909W/OneDrive/Documenten/GitHub/Educom-Trainee-Dashboard/front-end/vendor/laravel/framework/src/Illuminate/Pipeline/Pipeline.php(219): Illuminate/Http/Middleware/TrustProxies->handle(Object(Illuminate/Http/Request), Object(Closure))
#36 C:/Users/0909W/OneDrive/Documenten/GitHub/Educom-Trainee-Dashboard/front-end/vendor/laravel/framework/src/Illuminate/Foundation/Http/Middleware/InvokeDeferredCallbacks.php(22): Illuminate/Pipeline/Pipeline->{closure:{closure:Illuminate/Pipeline/Pipeline::carry():194}:195}(Object(Illuminate/Http/Request))
#37 C:/Users/0909W/OneDrive/Documenten/GitHub/Educom-Trainee-Dashboard/front-end/vendor/laravel/framework/src/Illuminate/Pipeline/Pipeline.php(219): Illuminate/Foundation/Http/Middleware/InvokeDeferredCallbacks->handle(Object(Illuminate/Http/Request), Object(Closure))
#38 C:/Users/0909W/OneDrive/Documenten/GitHub/Educom-Trainee-Dashboard/front-end/vendor/laravel/framework/src/Illuminate/Http/Middleware/ValidatePathEncoding.php(28): Illuminate/Pipeline/Pipeline->{closure:{closure:Illuminate/Pipeline/Pipeline::carry():194}:195}(Object(Illuminate/Http/Request))
#39 C:/Users/0909W/OneDrive/Documenten/GitHub/Educom-Trainee-Dashboard/front-end/vendor/laravel/framework/src/Illuminate/Pipeline/Pipeline.php(219): Illuminate/Http/Middleware/ValidatePathEncoding->handle(Object(Illuminate/Http/Request), Object(Closure))
#40 C:/Users/0909W/OneDrive/Documenten/GitHub/Educom-Trainee-Dashboard/front-end/vendor/laravel/framework/src/Illuminate/Pipeline/Pipeline.php(137): Illuminate/Pipeline/Pipeline->{closure:{closure:Illuminate/Pipeline/Pipeline::carry():194}:195}(Object(Illuminate/Http/Request))
#41 C:/Users/0909W/OneDrive/Documenten/GitHub/Educom-Trainee-Dashboard/front-end/vendor/laravel/framework/src/Illuminate/Foundation/Http/Kernel.php(175): Illuminate/Pipeline/Pipeline->then(Object(Closure))
#42 C:/Users/0909W/OneDrive/Documenten/GitHub/Educom-Trainee-Dashboard/front-end/vendor/laravel/framework/src/Illuminate/Foundation/Http/Kernel.php(144): Illuminate/Foundation/Http/Kernel->sendRequestThroughRouter(Object(Illuminate/Http/Request))
#43 C:/Users/0909W/OneDrive/Documenten/GitHub/Educom-Trainee-Dashboard/front-end/vendor/laravel/framework/src/Illuminate/Foundation/Application.php(1220): Illuminate/Foundation/Http/Kernel->handle(Object(Illuminate/Http/Request))
#44 C:/Users/0909W/OneDrive/Documenten/GitHub/Educom-Trainee-Dashboard/front-end/public/index.php(20): Illuminate/Foundation/Application->handleRequest(Object(Illuminate/Http/Request))
#45 C:/Users/0909W/OneDrive/Documenten/GitHub/Educom-Trainee-Dashboard/front-end/vendor/laravel/framework/src/Illuminate/Foundation/resources/server.php(23): require_once('C://Users//0909W//...')
#46 {main}
"} 
[2026-07-14 13:53:13] local.ERROR: Database connection [postgresql] not configured. {"exception":"[object] (InvalidArgumentException(code: 0): Database connection [postgresql] not configured. at C:/Users/0909W/OneDrive/Documenten/GitHub/Educom-Trainee-Dashboard/front-end/vendor/laravel/framework/src/Illuminate/Database/DatabaseManager.php:226)
[stacktrace]
#0 C:/Users/0909W/OneDrive/Documenten/GitHub/Educom-Trainee-Dashboard/front-end/vendor/laravel/framework/src/Illuminate/Database/DatabaseManager.php(192): Illuminate/Database/DatabaseManager->configuration('postgresql')
#1 C:/Users/0909W/OneDrive/Documenten/GitHub/Educom-Trainee-Dashboard/front-end/vendor/laravel/framework/src/Illuminate/Database/DatabaseManager.php(103): Illuminate/Database/DatabaseManager->makeConnection('postgresql')
#2 C:/Users/0909W/OneDrive/Documenten/GitHub/Educom-Trainee-Dashboard/front-end/vendor/laravel/framework/src/Illuminate/Session/SessionManager.php(110): Illuminate/Database/DatabaseManager->connection('postgresql')
#3 C:/Users/0909W/OneDrive/Documenten/GitHub/Educom-Trainee-Dashboard/front-end/vendor/laravel/framework/src/Illuminate/Session/SessionManager.php(97): Illuminate/Session/SessionManager->getDatabaseConnection()
#4 C:/Users/0909W/OneDrive/Documenten/GitHub/Educom-Trainee-Dashboard/front-end/vendor/laravel/framework/src/Illuminate/Support/Manager.php(105): Illuminate/Session/SessionManager->createDatabaseDriver()
#5 C:/Users/0909W/OneDrive/Documenten/GitHub/Educom-Trainee-Dashboard/front-end/vendor/laravel/framework/src/Illuminate/Support/Manager.php(82): Illuminate/Support/Manager->createDriver('database')
#6 C:/Users/0909W/OneDrive/Documenten/GitHub/Educom-Trainee-Dashboard/front-end/vendor/laravel/framework/src/Illuminate/Session/SessionServiceProvider.php(52): Illuminate/Support/Manager->driver()
#7 C:/Users/0909W/OneDrive/Documenten/GitHub/Educom-Trainee-Dashboard/front-end/vendor/laravel/framework/src/Illuminate/Container/Container.php(1118): Illuminate/Session/SessionServiceProvider->{closure:Illuminate/Session/SessionServiceProvider::registerSessionDriver():48}(Object(Illuminate/Foundation/Application), Array)
#8 C:/Users/0909W/OneDrive/Documenten/GitHub/Educom-Trainee-Dashboard/front-end/vendor/laravel/framework/src/Illuminate/Container/Container.php(936): Illuminate/Container/Container->build(Object(Closure))
#9 C:/Users/0909W/OneDrive/Documenten/GitHub/Educom-Trainee-Dashboard/front-end/vendor/laravel/framework/src/Illuminate/Foundation/Application.php(1078): Illuminate/Container/Container->resolve('session.store', Array, true)
#10 C:/Users/0909W/OneDrive/Documenten/GitHub/Educom-Trainee-Dashboard/front-end/vendor/laravel/framework/src/Illuminate/Container/Container.php(864): Illuminate/Foundation/Application->resolve('session.store', Array)
#11 C:/Users/0909W/OneDrive/Documenten/GitHub/Educom-Trainee-Dashboard/front-end/vendor/laravel/framework/src/Illuminate/Foundation/Application.php(1058): Illuminate/Container/Container->make('session.store', Array)
#12 C:/Users/0909W/OneDrive/Documenten/GitHub/Educom-Trainee-Dashboard/front-end/vendor/laravel/framework/src/Illuminate/Container/Container.php(1810): Illuminate/Foundation/Application->make('session.store')
#13 C:/Users/0909W/OneDrive/Documenten/GitHub/Educom-Trainee-Dashboard/front-end/vendor/laravel/framework/src/Illuminate/Routing/RoutingServiceProvider.php(121): Illuminate/Container/Container->offsetGet('session.store')
#14 C:/Users/0909W/OneDrive/Documenten/GitHub/Educom-Trainee-Dashboard/front-end/vendor/laravel/framework/src/Illuminate/Container/Container.php(1118): Illuminate/Routing/RoutingServiceProvider->{closure:Illuminate/Routing/RoutingServiceProvider::registerRedirector():114}(Object(Illuminate/Foundation/Application), Array)
#15 C:/Users/0909W/OneDrive/Documenten/GitHub/Educom-Trainee-Dashboard/front-end/vendor/laravel/framework/src/Illuminate/Container/Container.php(936): Illuminate/Container/Container->build(Object(Closure))
#16 C:/Users/0909W/OneDrive/Documenten/GitHub/Educom-Trainee-Dashboard/front-end/vendor/laravel/framework/src/Illuminate/Foundation/Application.php(1078): Illuminate/Container/Container->resolve('redirect', Array, true)
#17 C:/Users/0909W/OneDrive/Documenten/GitHub/Educom-Trainee-Dashboard/front-end/vendor/laravel/framework/src/Illuminate/Container/Container.php(864): Illuminate/Foundation/Application->resolve('redirect', Array)
#18 C:/Users/0909W/OneDrive/Documenten/GitHub/Educom-Trainee-Dashboard/front-end/vendor/laravel/framework/src/Illuminate/Foundation/Application.php(1058): Illuminate/Container/Container->make('redirect', Array)
#19 C:/Users/0909W/OneDrive/Documenten/GitHub/Educom-Trainee-Dashboard/front-end/vendor/laravel/framework/src/Illuminate/Container/Container.php(1810): Illuminate/Foundation/Application->make('redirect')
#20 C:/Users/0909W/OneDrive/Documenten/GitHub/Educom-Trainee-Dashboard/front-end/vendor/laravel/framework/src/Illuminate/Routing/RoutingServiceProvider.php(181): Illuminate/Container/Container->offsetGet('redirect')
#21 C:/Users/0909W/OneDrive/Documenten/GitHub/Educom-Trainee-Dashboard/front-end/vendor/laravel/framework/src/Illuminate/Container/Container.php(1118): Illuminate/Routing/RoutingServiceProvider->{closure:Illuminate/Routing/RoutingServiceProvider::registerResponseFactory():180}(Object(Illuminate/Foundation/Application), Array)
#22 C:/Users/0909W/OneDrive/Documenten/GitHub/Educom-Trainee-Dashboard/front-end/vendor/laravel/framework/src/Illuminate/Container/Container.php(936): Illuminate/Container/Container->build(Object(Closure))
#23 C:/Users/0909W/OneDrive/Documenten/GitHub/Educom-Trainee-Dashboard/front-end/vendor/laravel/framework/src/Illuminate/Foundation/Application.php(1078): Illuminate/Container/Container->resolve('Illuminate//Cont...', Array, true)
#24 C:/Users/0909W/OneDrive/Documenten/GitHub/Educom-Trainee-Dashboard/front-end/vendor/laravel/framework/src/Illuminate/Container/Container.php(864): Illuminate/Foundation/Application->resolve('Illuminate//Cont...', Array)
#25 C:/Users/0909W/OneDrive/Documenten/GitHub/Educom-Trainee-Dashboard/front-end/vendor/laravel/framework/src/Illuminate/Foundation/Application.php(1058): Illuminate/Container/Container->make('Illuminate//Cont...', Array)
#26 C:/Users/0909W/OneDrive/Documenten/GitHub/Educom-Trainee-Dashboard/front-end/vendor/laravel/framework/src/Illuminate/Foundation/helpers.php(138): Illuminate/Foundation/Application->make('Illuminate//Cont...', Array)
#27 C:/Users/0909W/OneDrive/Documenten/GitHub/Educom-Trainee-Dashboard/front-end/vendor/laravel/framework/src/Illuminate/Foundation/helpers.php(850): app('Illuminate//Cont...')
#28 C:/Users/0909W/OneDrive/Documenten/GitHub/Educom-Trainee-Dashboard/front-end/vendor/laravel/framework/src/Illuminate/Foundation/Exceptions/Handler.php(1098): response('<!DOCTYPE html>...', 500, Array)
#29 C:/Users/0909W/OneDrive/Documenten/GitHub/Educom-Trainee-Dashboard/front-end/vendor/laravel/framework/src/Illuminate/Foundation/Exceptions/Handler.php(948): Illuminate/Foundation/Exceptions/Handler->toIlluminateResponse(Object(Symfony/Component/HttpFoundation/Response), Object(InvalidArgumentException))
#30 C:/Users/0909W/OneDrive/Documenten/GitHub/Educom-Trainee-Dashboard/front-end/vendor/laravel/framework/src/Illuminate/Foundation/Exceptions/Handler.php(839): Illuminate/Foundation/Exceptions/Handler->prepareResponse(Object(Illuminate/Http/Request), Object(InvalidArgumentException))
#31 C:/Users/0909W/OneDrive/Documenten/GitHub/Educom-Trainee-Dashboard/front-end/vendor/laravel/framework/src/Illuminate/Foundation/Exceptions/Handler.php(726): Illuminate/Foundation/Exceptions/Handler->renderExceptionResponse(Object(Illuminate/Http/Request), Object(InvalidArgumentException))
#32 C:/Users/0909W/OneDrive/Documenten/GitHub/Educom-Trainee-Dashboard/front-end/vendor/laravel/framework/src/Illuminate/Routing/Pipeline.php(51): Illuminate/Foundation/Exceptions/Handler->render(Object(Illuminate/Http/Request), Object(InvalidArgumentException))
#33 C:/Users/0909W/OneDrive/Documenten/GitHub/Educom-Trainee-Dashboard/front-end/vendor/laravel/framework/src/Illuminate/Pipeline/Pipeline.php(224): Illuminate/Routing/Pipeline->handleException(Object(Illuminate/Http/Request), Object(InvalidArgumentException))
#34 C:/Users/0909W/OneDrive/Documenten/GitHub/Educom-Trainee-Dashboard/front-end/vendor/laravel/framework/src/Illuminate/Foundation/Http/Middleware/InvokeDeferredCallbacks.php(22): Illuminate/Pipeline/Pipeline->{closure:{closure:Illuminate/Pipeline/Pipeline::carry():194}:195}(Object(Illuminate/Http/Request))
#35 C:/Users/0909W/OneDrive/Documenten/GitHub/Educom-Trainee-Dashboard/front-end/vendor/laravel/framework/src/Illuminate/Pipeline/Pipeline.php(219): Illuminate/Foundation/Http/Middleware/InvokeDeferredCallbacks->handle(Object(Illuminate/Http/Request), Object(Closure))
#36 C:/Users/0909W/OneDrive/Documenten/GitHub/Educom-Trainee-Dashboard/front-end/vendor/laravel/framework/src/Illuminate/Http/Middleware/ValidatePathEncoding.php(28): Illuminate/Pipeline/Pipeline->{closure:{closure:Illuminate/Pipeline/Pipeline::carry():194}:195}(Object(Illuminate/Http/Request))
#37 C:/Users/0909W/OneDrive/Documenten/GitHub/Educom-Trainee-Dashboard/front-end/vendor/laravel/framework/src/Illuminate/Pipeline/Pipeline.php(219): Illuminate/Http/Middleware/ValidatePathEncoding->handle(Object(Illuminate/Http/Request), Object(Closure))
#38 C:/Users/0909W/OneDrive/Documenten/GitHub/Educom-Trainee-Dashboard/front-end/vendor/laravel/framework/src/Illuminate/Pipeline/Pipeline.php(137): Illuminate/Pipeline/Pipeline->{closure:{closure:Illuminate/Pipeline/Pipeline::carry():194}:195}(Object(Illuminate/Http/Request))
#39 C:/Users/0909W/OneDrive/Documenten/GitHub/Educom-Trainee-Dashboard/front-end/vendor/laravel/framework/src/Illuminate/Foundation/Http/Kernel.php(175): Illuminate/Pipeline/Pipeline->then(Object(Closure))
#40 C:/Users/0909W/OneDrive/Documenten/GitHub/Educom-Trainee-Dashboard/front-end/vendor/laravel/framework/src/Illuminate/Foundation/Http/Kernel.php(144): Illuminate/Foundation/Http/Kernel->sendRequestThroughRouter(Object(Illuminate/Http/Request))
#41 C:/Users/0909W/OneDrive/Documenten/GitHub/Educom-Trainee-Dashboard/front-end/vendor/laravel/framework/src/Illuminate/Foundation/Application.php(1220): Illuminate/Foundation/Http/Kernel->handle(Object(Illuminate/Http/Request))
#42 C:/Users/0909W/OneDrive/Documenten/GitHub/Educom-Trainee-Dashboard/front-end/public/index.php(20): Illuminate/Foundation/Application->handleRequest(Object(Illuminate/Http/Request))
#43 C:/Users/0909W/OneDrive/Documenten/GitHub/Educom-Trainee-Dashboard/front-end/vendor/laravel/framework/src/Illuminate/Foundation/resources/server.php(23): require_once('C://Users//0909W//...')
#44 {main}
"} 
[2026-07-14 13:53:13] local.ERROR: Database connection [postgresql] not configured. {"exception":"[object] (InvalidArgumentException(code: 0): Database connection [postgresql] not configured. at C:/Users/0909W/OneDrive/Documenten/GitHub/Educom-Trainee-Dashboard/front-end/vendor/laravel/framework/src/Illuminate/Database/DatabaseManager.php:226)
[stacktrace]
#0 C:/Users/0909W/OneDrive/Documenten/GitHub/Educom-Trainee-Dashboard/front-end/vendor/laravel/framework/src/Illuminate/Database/DatabaseManager.php(192): Illuminate/Database/DatabaseManager->configuration('postgresql')
#1 C:/Users/0909W/OneDrive/Documenten/GitHub/Educom-Trainee-Dashboard/front-end/vendor/laravel/framework/src/Illuminate/Database/DatabaseManager.php(103): Illuminate/Database/DatabaseManager->makeConnection('postgresql')
#2 C:/Users/0909W/OneDrive/Documenten/GitHub/Educom-Trainee-Dashboard/front-end/vendor/laravel/framework/src/Illuminate/Session/SessionManager.php(110): Illuminate/Database/DatabaseManager->connection('postgresql')
#3 C:/Users/0909W/OneDrive/Documenten/GitHub/Educom-Trainee-Dashboard/front-end/vendor/laravel/framework/src/Illuminate/Session/SessionManager.php(97): Illuminate/Session/SessionManager->getDatabaseConnection()
#4 C:/Users/0909W/OneDrive/Documenten/GitHub/Educom-Trainee-Dashboard/front-end/vendor/laravel/framework/src/Illuminate/Support/Manager.php(105): Illuminate/Session/SessionManager->createDatabaseDriver()
#5 C:/Users/0909W/OneDrive/Documenten/GitHub/Educom-Trainee-Dashboard/front-end/vendor/laravel/framework/src/Illuminate/Support/Manager.php(82): Illuminate/Support/Manager->createDriver('database')
#6 C:/Users/0909W/OneDrive/Documenten/GitHub/Educom-Trainee-Dashboard/front-end/vendor/laravel/framework/src/Illuminate/Session/SessionServiceProvider.php(52): Illuminate/Support/Manager->driver()
#7 C:/Users/0909W/OneDrive/Documenten/GitHub/Educom-Trainee-Dashboard/front-end/vendor/laravel/framework/src/Illuminate/Container/Container.php(1118): Illuminate/Session/SessionServiceProvider->{closure:Illuminate/Session/SessionServiceProvider::registerSessionDriver():48}(Object(Illuminate/Foundation/Application), Array)
#8 C:/Users/0909W/OneDrive/Documenten/GitHub/Educom-Trainee-Dashboard/front-end/vendor/laravel/framework/src/Illuminate/Container/Container.php(936): Illuminate/Container/Container->build(Object(Closure))
#9 C:/Users/0909W/OneDrive/Documenten/GitHub/Educom-Trainee-Dashboard/front-end/vendor/laravel/framework/src/Illuminate/Foundation/Application.php(1078): Illuminate/Container/Container->resolve('session.store', Array, true)
#10 C:/Users/0909W/OneDrive/Documenten/GitHub/Educom-Trainee-Dashboard/front-end/vendor/laravel/framework/src/Illuminate/Container/Container.php(864): Illuminate/Foundation/Application->resolve('session.store', Array)
#11 C:/Users/0909W/OneDrive/Documenten/GitHub/Educom-Trainee-Dashboard/front-end/vendor/laravel/framework/src/Illuminate/Foundation/Application.php(1058): Illuminate/Container/Container->make('session.store', Array)
#12 C:/Users/0909W/OneDrive/Documenten/GitHub/Educom-Trainee-Dashboard/front-end/vendor/laravel/framework/src/Illuminate/Container/Container.php(1810): Illuminate/Foundation/Application->make('session.store')
#13 C:/Users/0909W/OneDrive/Documenten/GitHub/Educom-Trainee-Dashboard/front-end/vendor/laravel/framework/src/Illuminate/Routing/RoutingServiceProvider.php(121): Illuminate/Container/Container->offsetGet('session.store')
#14 C:/Users/0909W/OneDrive/Documenten/GitHub/Educom-Trainee-Dashboard/front-end/vendor/laravel/framework/src/Illuminate/Container/Container.php(1118): Illuminate/Routing/RoutingServiceProvider->{closure:Illuminate/Routing/RoutingServiceProvider::registerRedirector():114}(Object(Illuminate/Foundation/Application), Array)
#15 C:/Users/0909W/OneDrive/Documenten/GitHub/Educom-Trainee-Dashboard/front-end/vendor/laravel/framework/src/Illuminate/Container/Container.php(936): Illuminate/Container/Container->build(Object(Closure))
#16 C:/Users/0909W/OneDrive/Documenten/GitHub/Educom-Trainee-Dashboard/front-end/vendor/laravel/framework/src/Illuminate/Foundation/Application.php(1078): Illuminate/Container/Container->resolve('redirect', Array, true)
#17 C:/Users/0909W/OneDrive/Documenten/GitHub/Educom-Trainee-Dashboard/front-end/vendor/laravel/framework/src/Illuminate/Container/Container.php(864): Illuminate/Foundation/Application->resolve('redirect', Array)
#18 C:/Users/0909W/OneDrive/Documenten/GitHub/Educom-Trainee-Dashboard/front-end/vendor/laravel/framework/src/Illuminate/Foundation/Application.php(1058): Illuminate/Container/Container->make('redirect', Array)
#19 C:/Users/0909W/OneDrive/Documenten/GitHub/Educom-Trainee-Dashboard/front-end/vendor/laravel/framework/src/Illuminate/Container/Container.php(1810): Illuminate/Foundation/Application->make('redirect')
#20 C:/Users/0909W/OneDrive/Documenten/GitHub/Educom-Trainee-Dashboard/front-end/vendor/laravel/framework/src/Illuminate/Routing/RoutingServiceProvider.php(181): Illuminate/Container/Container->offsetGet('redirect')
#21 C:/Users/0909W/OneDrive/Documenten/GitHub/Educom-Trainee-Dashboard/front-end/vendor/laravel/framework/src/Illuminate/Container/Container.php(1118): Illuminate/Routing/RoutingServiceProvider->{closure:Illuminate/Routing/RoutingServiceProvider::registerResponseFactory():180}(Object(Illuminate/Foundation/Application), Array)
#22 C:/Users/0909W/OneDrive/Documenten/GitHub/Educom-Trainee-Dashboard/front-end/vendor/laravel/framework/src/Illuminate/Container/Container.php(936): Illuminate/Container/Container->build(Object(Closure))
#23 C:/Users/0909W/OneDrive/Documenten/GitHub/Educom-Trainee-Dashboard/front-end/vendor/laravel/framework/src/Illuminate/Foundation/Application.php(1078): Illuminate/Container/Container->resolve('Illuminate//Cont...', Array, true)
#24 C:/Users/0909W/OneDrive/Documenten/GitHub/Educom-Trainee-Dashboard/front-end/vendor/laravel/framework/src/Illuminate/Container/Container.php(864): Illuminate/Foundation/Application->resolve('Illuminate//Cont...', Array)
#25 C:/Users/0909W/OneDrive/Documenten/GitHub/Educom-Trainee-Dashboard/front-end/vendor/laravel/framework/src/Illuminate/Foundation/Application.php(1058): Illuminate/Container/Container->make('Illuminate//Cont...', Array)
#26 C:/Users/0909W/OneDrive/Documenten/GitHub/Educom-Trainee-Dashboard/front-end/vendor/laravel/framework/src/Illuminate/Foundation/helpers.php(138): Illuminate/Foundation/Application->make('Illuminate//Cont...', Array)
#27 C:/Users/0909W/OneDrive/Documenten/GitHub/Educom-Trainee-Dashboard/front-end/vendor/laravel/framework/src/Illuminate/Foundation/helpers.php(850): app('Illuminate//Cont...')
#28 C:/Users/0909W/OneDrive/Documenten/GitHub/Educom-Trainee-Dashboard/front-end/vendor/laravel/framework/src/Illuminate/Foundation/Exceptions/Handler.php(1098): response('<!DOCTYPE html>...', 500, Array)
#29 C:/Users/0909W/OneDrive/Documenten/GitHub/Educom-Trainee-Dashboard/front-end/vendor/laravel/framework/src/Illuminate/Foundation/Exceptions/Handler.php(948): Illuminate/Foundation/Exceptions/Handler->toIlluminateResponse(Object(Symfony/Component/HttpFoundation/Response), Object(InvalidArgumentException))
#30 C:/Users/0909W/OneDrive/Documenten/GitHub/Educom-Trainee-Dashboard/front-end/vendor/laravel/framework/src/Illuminate/Foundation/Exceptions/Handler.php(839): Illuminate/Foundation/Exceptions/Handler->prepareResponse(Object(Illuminate/Http/Request), Object(InvalidArgumentException))
#31 C:/Users/0909W/OneDrive/Documenten/GitHub/Educom-Trainee-Dashboard/front-end/vendor/laravel/framework/src/Illuminate/Foundation/Exceptions/Handler.php(726): Illuminate/Foundation/Exceptions/Handler->renderExceptionResponse(Object(Illuminate/Http/Request), Object(InvalidArgumentException))
#32 C:/Users/0909W/OneDrive/Documenten/GitHub/Educom-Trainee-Dashboard/front-end/vendor/laravel/framework/src/Illuminate/Routing/Pipeline.php(51): Illuminate/Foundation/Exceptions/Handler->render(Object(Illuminate/Http/Request), Object(InvalidArgumentException))
#33 C:/Users/0909W/OneDrive/Documenten/GitHub/Educom-Trainee-Dashboard/front-end/vendor/laravel/framework/src/Illuminate/Pipeline/Pipeline.php(224): Illuminate/Routing/Pipeline->handleException(Object(Illuminate/Http/Request), Object(InvalidArgumentException))
#34 C:/Users/0909W/OneDrive/Documenten/GitHub/Educom-Trainee-Dashboard/front-end/vendor/laravel/framework/src/Illuminate/Http/Middleware/ValidatePathEncoding.php(28): Illuminate/Pipeline/Pipeline->{closure:{closure:Illuminate/Pipeline/Pipeline::carry():194}:195}(Object(Illuminate/Http/Request))
#35 C:/Users/0909W/OneDrive/Documenten/GitHub/Educom-Trainee-Dashboard/front-end/vendor/laravel/framework/src/Illuminate/Pipeline/Pipeline.php(219): Illuminate/Http/Middleware/ValidatePathEncoding->handle(Object(Illuminate/Http/Request), Object(Closure))
#36 C:/Users/0909W/OneDrive/Documenten/GitHub/Educom-Trainee-Dashboard/front-end/vendor/laravel/framework/src/Illuminate/Pipeline/Pipeline.php(137): Illuminate/Pipeline/Pipeline->{closure:{closure:Illuminate/Pipeline/Pipeline::carry():194}:195}(Object(Illuminate/Http/Request))
#37 C:/Users/0909W/OneDrive/Documenten/GitHub/Educom-Trainee-Dashboard/front-end/vendor/laravel/framework/src/Illuminate/Foundation/Http/Kernel.php(175): Illuminate/Pipeline/Pipeline->then(Object(Closure))
#38 C:/Users/0909W/OneDrive/Documenten/GitHub/Educom-Trainee-Dashboard/front-end/vendor/laravel/framework/src/Illuminate/Foundation/Http/Kernel.php(144): Illuminate/Foundation/Http/Kernel->sendRequestThroughRouter(Object(Illuminate/Http/Request))
#39 C:/Users/0909W/OneDrive/Documenten/GitHub/Educom-Trainee-Dashboard/front-end/vendor/laravel/framework/src/Illuminate/Foundation/Application.php(1220): Illuminate/Foundation/Http/Kernel->handle(Object(Illuminate/Http/Request))
#40 C:/Users/0909W/OneDrive/Documenten/GitHub/Educom-Trainee-Dashboard/front-end/public/index.php(20): Illuminate/Foundation/Application->handleRequest(Object(Illuminate/Http/Request))
#41 C:/Users/0909W/OneDrive/Documenten/GitHub/Educom-Trainee-Dashboard/front-end/vendor/laravel/framework/src/Illuminate/Foundation/resources/server.php(23): require_once('C://Users//0909W//...')
#42 {main}
"} 
[2026-07-14 13:53:14] local.ERROR: Database connection [postgresql] not configured. {"exception":"[object] (InvalidArgumentException(code: 0): Database connection [postgresql] not configured. at C:/Users/0909W/OneDrive/Documenten/GitHub/Educom-Trainee-Dashboard/front-end/vendor/laravel/framework/src/Illuminate/Database/DatabaseManager.php:226)
[stacktrace]
#0 C:/Users/0909W/OneDrive/Documenten/GitHub/Educom-Trainee-Dashboard/front-end/vendor/laravel/framework/src/Illuminate/Database/DatabaseManager.php(192): Illuminate/Database/DatabaseManager->configuration('postgresql')
#1 C:/Users/0909W/OneDrive/Documenten/GitHub/Educom-Trainee-Dashboard/front-end/vendor/laravel/framework/src/Illuminate/Database/DatabaseManager.php(103): Illuminate/Database/DatabaseManager->makeConnection('postgresql')
#2 C:/Users/0909W/OneDrive/Documenten/GitHub/Educom-Trainee-Dashboard/front-end/vendor/laravel/framework/src/Illuminate/Session/SessionManager.php(110): Illuminate/Database/DatabaseManager->connection('postgresql')
#3 C:/Users/0909W/OneDrive/Documenten/GitHub/Educom-Trainee-Dashboard/front-end/vendor/laravel/framework/src/Illuminate/Session/SessionManager.php(97): Illuminate/Session/SessionManager->getDatabaseConnection()
#4 C:/Users/0909W/OneDrive/Documenten/GitHub/Educom-Trainee-Dashboard/front-end/vendor/laravel/framework/src/Illuminate/Support/Manager.php(105): Illuminate/Session/SessionManager->createDatabaseDriver()
#5 C:/Users/0909W/OneDrive/Documenten/GitHub/Educom-Trainee-Dashboard/front-end/vendor/laravel/framework/src/Illuminate/Support/Manager.php(82): Illuminate/Support/Manager->createDriver('database')
#6 C:/Users/0909W/OneDrive/Documenten/GitHub/Educom-Trainee-Dashboard/front-end/vendor/laravel/framework/src/Illuminate/Session/SessionServiceProvider.php(52): Illuminate/Support/Manager->driver()
#7 C:/Users/0909W/OneDrive/Documenten/GitHub/Educom-Trainee-Dashboard/front-end/vendor/laravel/framework/src/Illuminate/Container/Container.php(1118): Illuminate/Session/SessionServiceProvider->{closure:Illuminate/Session/SessionServiceProvider::registerSessionDriver():48}(Object(Illuminate/Foundation/Application), Array)
#8 C:/Users/0909W/OneDrive/Documenten/GitHub/Educom-Trainee-Dashboard/front-end/vendor/laravel/framework/src/Illuminate/Container/Container.php(936): Illuminate/Container/Container->build(Object(Closure))
#9 C:/Users/0909W/OneDrive/Documenten/GitHub/Educom-Trainee-Dashboard/front-end/vendor/laravel/framework/src/Illuminate/Foundation/Application.php(1078): Illuminate/Container/Container->resolve('session.store', Array, true)
#10 C:/Users/0909W/OneDrive/Documenten/GitHub/Educom-Trainee-Dashboard/front-end/vendor/laravel/framework/src/Illuminate/Container/Container.php(864): Illuminate/Foundation/Application->resolve('session.store', Array)
#11 C:/Users/0909W/OneDrive/Documenten/GitHub/Educom-Trainee-Dashboard/front-end/vendor/laravel/framework/src/Illuminate/Foundation/Application.php(1058): Illuminate/Container/Container->make('session.store', Array)
#12 C:/Users/0909W/OneDrive/Documenten/GitHub/Educom-Trainee-Dashboard/front-end/vendor/laravel/framework/src/Illuminate/Container/Container.php(1810): Illuminate/Foundation/Application->make('session.store')
#13 C:/Users/0909W/OneDrive/Documenten/GitHub/Educom-Trainee-Dashboard/front-end/vendor/laravel/framework/src/Illuminate/Routing/RoutingServiceProvider.php(121): Illuminate/Container/Container->offsetGet('session.store')
#14 C:/Users/0909W/OneDrive/Documenten/GitHub/Educom-Trainee-Dashboard/front-end/vendor/laravel/framework/src/Illuminate/Container/Container.php(1118): Illuminate/Routing/RoutingServiceProvider->{closure:Illuminate/Routing/RoutingServiceProvider::registerRedirector():114}(Object(Illuminate/Foundation/Application), Array)
#15 C:/Users/0909W/OneDrive/Documenten/GitHub/Educom-Trainee-Dashboard/front-end/vendor/laravel/framework/src/Illuminate/Container/Container.php(936): Illuminate/Container/Container->build(Object(Closure))
#16 C:/Users/0909W/OneDrive/Documenten/GitHub/Educom-Trainee-Dashboard/front-end/vendor/laravel/framework/src/Illuminate/Foundation/Application.php(1078): Illuminate/Container/Container->resolve('redirect', Array, true)
#17 C:/Users/0909W/OneDrive/Documenten/GitHub/Educom-Trainee-Dashboard/front-end/vendor/laravel/framework/src/Illuminate/Container/Container.php(864): Illuminate/Foundation/Application->resolve('redirect', Array)
#18 C:/Users/0909W/OneDrive/Documenten/GitHub/Educom-Trainee-Dashboard/front-end/vendor/laravel/framework/src/Illuminate/Foundation/Application.php(1058): Illuminate/Container/Container->make('redirect', Array)
#19 C:/Users/0909W/OneDrive/Documenten/GitHub/Educom-Trainee-Dashboard/front-end/vendor/laravel/framework/src/Illuminate/Container/Container.php(1810): Illuminate/Foundation/Application->make('redirect')
#20 C:/Users/0909W/OneDrive/Documenten/GitHub/Educom-Trainee-Dashboard/front-end/vendor/laravel/framework/src/Illuminate/Routing/RoutingServiceProvider.php(181): Illuminate/Container/Container->offsetGet('redirect')
#21 C:/Users/0909W/OneDrive/Documenten/GitHub/Educom-Trainee-Dashboard/front-end/vendor/laravel/framework/src/Illuminate/Container/Container.php(1118): Illuminate/Routing/RoutingServiceProvider->{closure:Illuminate/Routing/RoutingServiceProvider::registerResponseFactory():180}(Object(Illuminate/Foundation/Application), Array)
#22 C:/Users/0909W/OneDrive/Documenten/GitHub/Educom-Trainee-Dashboard/front-end/vendor/laravel/framework/src/Illuminate/Container/Container.php(936): Illuminate/Container/Container->build(Object(Closure))
#23 C:/Users/0909W/OneDrive/Documenten/GitHub/Educom-Trainee-Dashboard/front-end/vendor/laravel/framework/src/Illuminate/Foundation/Application.php(1078): Illuminate/Container/Container->resolve('Illuminate//Cont...', Array, true)
#24 C:/Users/0909W/OneDrive/Documenten/GitHub/Educom-Trainee-Dashboard/front-end/vendor/laravel/framework/src/Illuminate/Container/Container.php(864): Illuminate/Foundation/Application->resolve('Illuminate//Cont...', Array)
#25 C:/Users/0909W/OneDrive/Documenten/GitHub/Educom-Trainee-Dashboard/front-end/vendor/laravel/framework/src/Illuminate/Foundation/Application.php(1058): Illuminate/Container/Container->make('Illuminate//Cont...', Array)
#26 C:/Users/0909W/OneDrive/Documenten/GitHub/Educom-Trainee-Dashboard/front-end/vendor/laravel/framework/src/Illuminate/Foundation/helpers.php(138): Illuminate/Foundation/Application->make('Illuminate//Cont...', Array)
#27 C:/Users/0909W/OneDrive/Documenten/GitHub/Educom-Trainee-Dashboard/front-end/vendor/laravel/framework/src/Illuminate/Foundation/helpers.php(850): app('Illuminate//Cont...')
#28 C:/Users/0909W/OneDrive/Documenten/GitHub/Educom-Trainee-Dashboard/front-end/vendor/laravel/framework/src/Illuminate/Foundation/Exceptions/Handler.php(1098): response('<!DOCTYPE html>...', 500, Array)
#29 C:/Users/0909W/OneDrive/Documenten/GitHub/Educom-Trainee-Dashboard/front-end/vendor/laravel/framework/src/Illuminate/Foundation/Exceptions/Handler.php(948): Illuminate/Foundation/Exceptions/Handler->toIlluminateResponse(Object(Symfony/Component/HttpFoundation/Response), Object(InvalidArgumentException))
#30 C:/Users/0909W/OneDrive/Documenten/GitHub/Educom-Trainee-Dashboard/front-end/vendor/laravel/framework/src/Illuminate/Foundation/Exceptions/Handler.php(839): Illuminate/Foundation/Exceptions/Handler->prepareResponse(Object(Illuminate/Http/Request), Object(InvalidArgumentException))
#31 C:/Users/0909W/OneDrive/Documenten/GitHub/Educom-Trainee-Dashboard/front-end/vendor/laravel/framework/src/Illuminate/Foundation/Exceptions/Handler.php(726): Illuminate/Foundation/Exceptions/Handler->renderExceptionResponse(Object(Illuminate/Http/Request), Object(InvalidArgumentException))
#32 C:/Users/0909W/OneDrive/Documenten/GitHub/Educom-Trainee-Dashboard/front-end/vendor/laravel/framework/src/Illuminate/Routing/Pipeline.php(51): Illuminate/Foundation/Exceptions/Handler->render(Object(Illuminate/Http/Request), Object(InvalidArgumentException))
#33 C:/Users/0909W/OneDrive/Documenten/GitHub/Educom-Trainee-Dashboard/front-end/vendor/laravel/framework/src/Illuminate/Pipeline/Pipeline.php(224): Illuminate/Routing/Pipeline->handleException(Object(Illuminate/Http/Request), Object(InvalidArgumentException))
#34 C:/Users/0909W/OneDrive/Documenten/GitHub/Educom-Trainee-Dashboard/front-end/vendor/laravel/framework/src/Illuminate/Pipeline/Pipeline.php(137): Illuminate/Pipeline/Pipeline->{closure:{closure:Illuminate/Pipeline/Pipeline::carry():194}:195}(Object(Illuminate/Http/Request))
#35 C:/Users/0909W/OneDrive/Documenten/GitHub/Educom-Trainee-Dashboard/front-end/vendor/laravel/framework/src/Illuminate/Foundation/Http/Kernel.php(175): Illuminate/Pipeline/Pipeline->then(Object(Closure))
#36 C:/Users/0909W/OneDrive/Documenten/GitHub/Educom-Trainee-Dashboard/front-end/vendor/laravel/framework/src/Illuminate/Foundation/Http/Kernel.php(144): Illuminate/Foundation/Http/Kernel->sendRequestThroughRouter(Object(Illuminate/Http/Request))
#37 C:/Users/0909W/OneDrive/Documenten/GitHub/Educom-Trainee-Dashboard/front-end/vendor/laravel/framework/src/Illuminate/Foundation/Application.php(1220): Illuminate/Foundation/Http/Kernel->handle(Object(Illuminate/Http/Request))
#38 C:/Users/0909W/OneDrive/Documenten/GitHub/Educom-Trainee-Dashboard/front-end/public/index.php(20): Illuminate/Foundation/Application->handleRequest(Object(Illuminate/Http/Request))
#39 C:/Users/0909W/OneDrive/Documenten/GitHub/Educom-Trainee-Dashboard/front-end/vendor/laravel/framework/src/Illuminate/Foundation/resources/server.php(23): require_once('C://Users//0909W//...')
#40 {main}
"} 
[2026-07-14 13:53:14] local.ERROR: Database connection [postgresql] not configured. {"exception":"[object] (InvalidArgumentException(code: 0): Database connection [postgresql] not configured. at C:/Users/0909W/OneDrive/Documenten/GitHub/Educom-Trainee-Dashboard/front-end/vendor/laravel/framework/src/Illuminate/Database/DatabaseManager.php:226)
[stacktrace]
#0 C:/Users/0909W/OneDrive/Documenten/GitHub/Educom-Trainee-Dashboard/front-end/vendor/laravel/framework/src/Illuminate/Database/DatabaseManager.php(192): Illuminate/Database/DatabaseManager->configuration('postgresql')
#1 C:/Users/0909W/OneDrive/Documenten/GitHub/Educom-Trainee-Dashboard/front-end/vendor/laravel/framework/src/Illuminate/Database/DatabaseManager.php(103): Illuminate/Database/DatabaseManager->makeConnection('postgresql')
#2 C:/Users/0909W/OneDrive/Documenten/GitHub/Educom-Trainee-Dashboard/front-end/vendor/laravel/framework/src/Illuminate/Session/SessionManager.php(110): Illuminate/Database/DatabaseManager->connection('postgresql')
#3 C:/Users/0909W/OneDrive/Documenten/GitHub/Educom-Trainee-Dashboard/front-end/vendor/laravel/framework/src/Illuminate/Session/SessionManager.php(97): Illuminate/Session/SessionManager->getDatabaseConnection()
#4 C:/Users/0909W/OneDrive/Documenten/GitHub/Educom-Trainee-Dashboard/front-end/vendor/laravel/framework/src/Illuminate/Support/Manager.php(105): Illuminate/Session/SessionManager->createDatabaseDriver()
#5 C:/Users/0909W/OneDrive/Documenten/GitHub/Educom-Trainee-Dashboard/front-end/vendor/laravel/framework/src/Illuminate/Support/Manager.php(82): Illuminate/Support/Manager->createDriver('database')
#6 C:/Users/0909W/OneDrive/Documenten/GitHub/Educom-Trainee-Dashboard/front-end/vendor/laravel/framework/src/Illuminate/Session/SessionServiceProvider.php(52): Illuminate/Support/Manager->driver()
#7 C:/Users/0909W/OneDrive/Documenten/GitHub/Educom-Trainee-Dashboard/front-end/vendor/laravel/framework/src/Illuminate/Container/Container.php(1118): Illuminate/Session/SessionServiceProvider->{closure:Illuminate/Session/SessionServiceProvider::registerSessionDriver():48}(Object(Illuminate/Foundation/Application), Array)
#8 C:/Users/0909W/OneDrive/Documenten/GitHub/Educom-Trainee-Dashboard/front-end/vendor/laravel/framework/src/Illuminate/Container/Container.php(936): Illuminate/Container/Container->build(Object(Closure))
#9 C:/Users/0909W/OneDrive/Documenten/GitHub/Educom-Trainee-Dashboard/front-end/vendor/laravel/framework/src/Illuminate/Foundation/Application.php(1078): Illuminate/Container/Container->resolve('session.store', Array, true)
#10 C:/Users/0909W/OneDrive/Documenten/GitHub/Educom-Trainee-Dashboard/front-end/vendor/laravel/framework/src/Illuminate/Container/Container.php(864): Illuminate/Foundation/Application->resolve('session.store', Array)
#11 C:/Users/0909W/OneDrive/Documenten/GitHub/Educom-Trainee-Dashboard/front-end/vendor/laravel/framework/src/Illuminate/Foundation/Application.php(1058): Illuminate/Container/Container->make('session.store', Array)
#12 C:/Users/0909W/OneDrive/Documenten/GitHub/Educom-Trainee-Dashboard/front-end/vendor/laravel/framework/src/Illuminate/Container/Container.php(1810): Illuminate/Foundation/Application->make('session.store')
#13 C:/Users/0909W/OneDrive/Documenten/GitHub/Educom-Trainee-Dashboard/front-end/vendor/laravel/framework/src/Illuminate/Routing/RoutingServiceProvider.php(121): Illuminate/Container/Container->offsetGet('session.store')
#14 C:/Users/0909W/OneDrive/Documenten/GitHub/Educom-Trainee-Dashboard/front-end/vendor/laravel/framework/src/Illuminate/Container/Container.php(1118): Illuminate/Routing/RoutingServiceProvider->{closure:Illuminate/Routing/RoutingServiceProvider::registerRedirector():114}(Object(Illuminate/Foundation/Application), Array)
#15 C:/Users/0909W/OneDrive/Documenten/GitHub/Educom-Trainee-Dashboard/front-end/vendor/laravel/framework/src/Illuminate/Container/Container.php(936): Illuminate/Container/Container->build(Object(Closure))
#16 C:/Users/0909W/OneDrive/Documenten/GitHub/Educom-Trainee-Dashboard/front-end/vendor/laravel/framework/src/Illuminate/Foundation/Application.php(1078): Illuminate/Container/Container->resolve('redirect', Array, true)
#17 C:/Users/0909W/OneDrive/Documenten/GitHub/Educom-Trainee-Dashboard/front-end/vendor/laravel/framework/src/Illuminate/Container/Container.php(864): Illuminate/Foundation/Application->resolve('redirect', Array)
#18 C:/Users/0909W/OneDrive/Documenten/GitHub/Educom-Trainee-Dashboard/front-end/vendor/laravel/framework/src/Illuminate/Foundation/Application.php(1058): Illuminate/Container/Container->make('redirect', Array)
#19 C:/Users/0909W/OneDrive/Documenten/GitHub/Educom-Trainee-Dashboard/front-end/vendor/laravel/framework/src/Illuminate/Container/Container.php(1810): Illuminate/Foundation/Application->make('redirect')
#20 C:/Users/0909W/OneDrive/Documenten/GitHub/Educom-Trainee-Dashboard/front-end/vendor/laravel/framework/src/Illuminate/Routing/RoutingServiceProvider.php(181): Illuminate/Container/Container->offsetGet('redirect')
#21 C:/Users/0909W/OneDrive/Documenten/GitHub/Educom-Trainee-Dashboard/front-end/vendor/laravel/framework/src/Illuminate/Container/Container.php(1118): Illuminate/Routing/RoutingServiceProvider->{closure:Illuminate/Routing/RoutingServiceProvider::registerResponseFactory():180}(Object(Illuminate/Foundation/Application), Array)
#22 C:/Users/0909W/OneDrive/Documenten/GitHub/Educom-Trainee-Dashboard/front-end/vendor/laravel/framework/src/Illuminate/Container/Container.php(936): Illuminate/Container/Container->build(Object(Closure))
#23 C:/Users/0909W/OneDrive/Documenten/GitHub/Educom-Trainee-Dashboard/front-end/vendor/laravel/framework/src/Illuminate/Foundation/Application.php(1078): Illuminate/Container/Container->resolve('Illuminate//Cont...', Array, true)
#24 C:/Users/0909W/OneDrive/Documenten/GitHub/Educom-Trainee-Dashboard/front-end/vendor/laravel/framework/src/Illuminate/Container/Container.php(864): Illuminate/Foundation/Application->resolve('Illuminate//Cont...', Array)
#25 C:/Users/0909W/OneDrive/Documenten/GitHub/Educom-Trainee-Dashboard/front-end/vendor/laravel/framework/src/Illuminate/Foundation/Application.php(1058): Illuminate/Container/Container->make('Illuminate//Cont...', Array)
#26 C:/Users/0909W/OneDrive/Documenten/GitHub/Educom-Trainee-Dashboard/front-end/vendor/laravel/framework/src/Illuminate/Foundation/helpers.php(138): Illuminate/Foundation/Application->make('Illuminate//Cont...', Array)
#27 C:/Users/0909W/OneDrive/Documenten/GitHub/Educom-Trainee-Dashboard/front-end/vendor/laravel/framework/src/Illuminate/Foundation/helpers.php(850): app('Illuminate//Cont...')
#28 C:/Users/0909W/OneDrive/Documenten/GitHub/Educom-Trainee-Dashboard/front-end/vendor/laravel/framework/src/Illuminate/Foundation/Exceptions/Handler.php(1098): response('<!DOCTYPE html>...', 500, Array)
#29 C:/Users/0909W/OneDrive/Documenten/GitHub/Educom-Trainee-Dashboard/front-end/vendor/laravel/framework/src/Illuminate/Foundation/Exceptions/Handler.php(948): Illuminate/Foundation/Exceptions/Handler->toIlluminateResponse(Object(Symfony/Component/HttpFoundation/Response), Object(InvalidArgumentException))
#30 C:/Users/0909W/OneDrive/Documenten/GitHub/Educom-Trainee-Dashboard/front-end/vendor/laravel/framework/src/Illuminate/Foundation/Exceptions/Handler.php(839): Illuminate/Foundation/Exceptions/Handler->prepareResponse(Object(Illuminate/Http/Request), Object(InvalidArgumentException))
#31 C:/Users/0909W/OneDrive/Documenten/GitHub/Educom-Trainee-Dashboard/front-end/vendor/laravel/framework/src/Illuminate/Foundation/Exceptions/Handler.php(726): Illuminate/Foundation/Exceptions/Handler->renderExceptionResponse(Object(Illuminate/Http/Request), Object(InvalidArgumentException))
#32 C:/Users/0909W/OneDrive/Documenten/GitHub/Educom-Trainee-Dashboard/front-end/vendor/laravel/framework/src/Illuminate/Foundation/Http/Kernel.php(574): Illuminate/Foundation/Exceptions/Handler->render(Object(Illuminate/Http/Request), Object(InvalidArgumentException))
#33 C:/Users/0909W/OneDrive/Documenten/GitHub/Educom-Trainee-Dashboard/front-end/vendor/laravel/framework/src/Illuminate/Foundation/Http/Kernel.php(148): Illuminate/Foundation/Http/Kernel->renderException(Object(Illuminate/Http/Request), Object(InvalidArgumentException))
#34 C:/Users/0909W/OneDrive/Documenten/GitHub/Educom-Trainee-Dashboard/front-end/vendor/laravel/framework/src/Illuminate/Foundation/Application.php(1220): Illuminate/Foundation/Http/Kernel->handle(Object(Illuminate/Http/Request))
#35 C:/Users/0909W/OneDrive/Documenten/GitHub/Educom-Trainee-Dashboard/front-end/public/index.php(20): Illuminate/Foundation/Application->handleRequest(Object(Illuminate/Http/Request))
#36 C:/Users/0909W/OneDrive/Documenten/GitHub/Educom-Trainee-Dashboard/front-end/vendor/laravel/framework/src/Illuminate/Foundation/resources/server.php(23): require_once('C://Users//0909W//...')
#37 {main}
"} 
[2026-07-14 13:53:15] local.ERROR: Uncaught InvalidArgumentException: Database connection [postgresql] not configured. in C:\Users\0909W\OneDrive\Documenten\GitHub\Educom-Trainee-Dashboard\front-end\vendor\laravel\framework\src\Illuminate\Database\DatabaseManager.php:226
Stack trace:
#0 C:\Users\0909W\OneDrive\Documenten\GitHub\Educom-Trainee-Dashboard\front-end\vendor\laravel\framework\src\Illuminate\Database\DatabaseManager.php(192): Illuminate\Database\DatabaseManager->configuration('postgresql')
#1 C:\Users\0909W\OneDrive\Documenten\GitHub\Educom-Trainee-Dashboard\front-end\vendor\laravel\framework\src\Illuminate\Database\DatabaseManager.php(103): Illuminate\Database\DatabaseManager->makeConnection('postgresql')
#2 C:\Users\0909W\OneDrive\Documenten\GitHub\Educom-Trainee-Dashboard\front-end\vendor\laravel\framework\src\Illuminate\Session\SessionManager.php(110): Illuminate\Database\DatabaseManager->connection('postgresql')
#3 C:\Users\0909W\OneDrive\Documenten\GitHub\Educom-Trainee-Dashboard\front-end\vendor\laravel\framework\src\Illuminate\Session\SessionManager.php(97): Illuminate\Session\SessionManager->getDatabaseConnection()
#4 C:\Users\0909W\OneDrive\Documenten\GitHub\Educom-Trainee-Dashboard\front-end\vendor\laravel\framework\src\Illuminate\Support\Manager.php(105): Illuminate\Session\SessionManager->createDatabaseDriver()
#5 C:\Users\0909W\OneDrive\Documenten\GitHub\Educom-Trainee-Dashboard\front-end\vendor\laravel\framework\src\Illuminate\Support\Manager.php(82): Illuminate\Support\Manager->createDriver('database')
#6 C:\Users\0909W\OneDrive\Documenten\GitHub\Educom-Trainee-Dashboard\front-end\vendor\laravel\framework\src\Illuminate\Session\SessionServiceProvider.php(52): Illuminate\Support\Manager->driver()
#7 C:\Users\0909W\OneDrive\Documenten\GitHub\Educom-Trainee-Dashboard\front-end\vendor\laravel\framework\src\Illuminate\Container\Container.php(1118): Illuminate\Session\SessionServiceProvider->{closure:Illuminate\Session\SessionServiceProvider::registerSessionDriver():48}(Object(Illuminate\Foundation\Application), Array)
#8 C:\Users\0909W\OneDrive\Documenten\GitHub\Educom-Trainee-Dashboard\front-end\vendor\laravel\framework\src\Illuminate\Container\Container.php(936): Illuminate\Container\Container->build(Object(Closure))
#9 C:\Users\0909W\OneDrive\Documenten\GitHub\Educom-Trainee-Dashboard\front-end\vendor\laravel\framework\src\Illuminate\Foundation\Application.php(1078): Illuminate\Container\Container->resolve('session.store', Array, true)
#10 C:\Users\0909W\OneDrive\Documenten\GitHub\Educom-Trainee-Dashboard\front-end\vendor\laravel\framework\src\Illuminate\Container\Container.php(864): Illuminate\Foundation\Application->resolve('session.store', Array)
#11 C:\Users\0909W\OneDrive\Documenten\GitHub\Educom-Trainee-Dashboard\front-end\vendor\laravel\framework\src\Illuminate\Foundation\Application.php(1058): Illuminate\Container\Container->make('session.store', Array)
#12 C:\Users\0909W\OneDrive\Documenten\GitHub\Educom-Trainee-Dashboard\front-end\vendor\laravel\framework\src\Illuminate\Container\Container.php(1810): Illuminate\Foundation\Application->make('session.store')
#13 C:\Users\0909W\OneDrive\Documenten\GitHub\Educom-Trainee-Dashboard\front-end\vendor\laravel\framework\src\Illuminate\Routing\RoutingServiceProvider.php(121): Illuminate\Container\Container->offsetGet('session.store')
#14 C:\Users\0909W\OneDrive\Documenten\GitHub\Educom-Trainee-Dashboard\front-end\vendor\laravel\framework\src\Illuminate\Container\Container.php(1118): Illuminate\Routing\RoutingServiceProvider->{closure:Illuminate\Routing\RoutingServiceProvider::registerRedirector():114}(Object(Illuminate\Foundation\Application), Array)
#15 C:\Users\0909W\OneDrive\Documenten\GitHub\Educom-Trainee-Dashboard\front-end\vendor\laravel\framework\src\Illuminate\Container\Container.php(936): Illuminate\Container\Container->build(Object(Closure))
#16 C:\Users\0909W\OneDrive\Documenten\GitHub\Educom-Trainee-Dashboard\front-end\vendor\laravel\framework\src\Illuminate\Foundation\Application.php(1078): Illuminate\Container\Container->resolve('redirect', Array, true)
#17 C:\Users\0909W\OneDrive\Documenten\GitHub\Educom-Trainee-Dashboard\front-end\vendor\laravel\framework\src\Illuminate\Container\Container.php(864): Illuminate\Foundation\Application->resolve('redirect', Array)
#18 C:\Users\0909W\OneDrive\Documenten\GitHub\Educom-Trainee-Dashboard\front-end\vendor\laravel\framework\src\Illuminate\Foundation\Application.php(1058): Illuminate\Container\Container->make('redirect', Array)
#19 C:\Users\0909W\OneDrive\Documenten\GitHub\Educom-Trainee-Dashboard\front-end\vendor\laravel\framework\src\Illuminate\Container\Container.php(1810): Illuminate\Foundation\Application->make('redirect')
#20 C:\Users\0909W\OneDrive\Documenten\GitHub\Educom-Trainee-Dashboard\front-end\vendor\laravel\framework\src\Illuminate\Routing\RoutingServiceProvider.php(181): Illuminate\Container\Container->offsetGet('redirect')
#21 C:\Users\0909W\OneDrive\Documenten\GitHub\Educom-Trainee-Dashboard\front-end\vendor\laravel\framework\src\Illuminate\Container\Container.php(1118): Illuminate\Routing\RoutingServiceProvider->{closure:Illuminate\Routing\RoutingServiceProvider::registerResponseFactory():180}(Object(Illuminate\Foundation\Application), Array)
#22 C:\Users\0909W\OneDrive\Documenten\GitHub\Educom-Trainee-Dashboard\front-end\vendor\laravel\framework\src\Illuminate\Container\Container.php(936): Illuminate\Container\Container->build(Object(Closure))
#23 C:\Users\0909W\OneDrive\Documenten\GitHub\Educom-Trainee-Dashboard\front-end\vendor\laravel\framework\src\Illuminate\Foundation\Application.php(1078): Illuminate\Container\Container->resolve('Illuminate\\Cont...', Array, true)
#24 C:\Users\0909W\OneDrive\Documenten\GitHub\Educom-Trainee-Dashboard\front-end\vendor\laravel\framework\src\Illuminate\Container\Container.php(864): Illuminate\Foundation\Application->resolve('Illuminate\\Cont...', Array)
#25 C:\Users\0909W\OneDrive\Documenten\GitHub\Educom-Trainee-Dashboard\front-end\vendor\laravel\framework\src\Illuminate\Foundation\Application.php(1058): Illuminate\Container\Container->make('Illuminate\\Cont...', Array)
#26 C:\Users\0909W\OneDrive\Documenten\GitHub\Educom-Trainee-Dashboard\front-end\vendor\laravel\framework\src\Illuminate\Foundation\helpers.php(138): Illuminate\Foundation\Application->make('Illuminate\\Cont...', Array)
#27 C:\Users\0909W\OneDrive\Documenten\GitHub\Educom-Trainee-Dashboard\front-end\vendor\laravel\framework\src\Illuminate\Foundation\helpers.php(850): app('Illuminate\\Cont...')
#28 C:\Users\0909W\OneDrive\Documenten\GitHub\Educom-Trainee-Dashboard\front-end\vendor\laravel\framework\src\Illuminate\Foundation\Exceptions\Handler.php(1098): response('<!DOCTYPE html>...', 500, Array)
#29 C:\Users\0909W\OneDrive\Documenten\GitHub\Educom-Trainee-Dashboard\front-end\vendor\laravel\framework\src\Illuminate\Foundation\Exceptions\Handler.php(948): Illuminate\Foundation\Exceptions\Handler->toIlluminateResponse(Object(Symfony\Component\HttpFoundation\Response), Object(InvalidArgumentException))
#30 C:\Users\0909W\OneDrive\Documenten\GitHub\Educom-Trainee-Dashboard\front-end\vendor\laravel\framework\src\Illuminate\Foundation\Exceptions\Handler.php(839): Illuminate\Foundation\Exceptions\Handler->prepareResponse(Object(Illuminate\Http\Request), Object(InvalidArgumentException))
#31 C:\Users\0909W\OneDrive\Documenten\GitHub\Educom-Trainee-Dashboard\front-end\vendor\laravel\framework\src\Illuminate\Foundation\Exceptions\Handler.php(726): Illuminate\Foundation\Exceptions\Handler->renderExceptionResponse(Object(Illuminate\Http\Request), Object(InvalidArgumentException))
#32 C:\Users\0909W\OneDrive\Documenten\GitHub\Educom-Trainee-Dashboard\front-end\vendor\laravel\framework\src\Illuminate\Foundation\Bootstrap\HandleExceptions.php(226): Illuminate\Foundation\Exceptions\Handler->render(Object(Illuminate\Http\Request), Object(InvalidArgumentException))
#33 C:\Users\0909W\OneDrive\Documenten\GitHub\Educom-Trainee-Dashboard\front-end\vendor\laravel\framework\src\Illuminate\Foundation\Bootstrap\HandleExceptions.php(203): Illuminate\Foundation\Bootstrap\HandleExceptions->renderHttpResponse(Object(InvalidArgumentException))
#34 C:\Users\0909W\OneDrive\Documenten\GitHub\Educom-Trainee-Dashboard\front-end\vendor\laravel\framework\src\Illuminate\Foundation\Bootstrap\HandleExceptions.php(263): Illuminate\Foundation\Bootstrap\HandleExceptions->handleException(Object(InvalidArgumentException))
#35 [internal function]: Illuminate\Foundation\Bootstrap\HandleExceptions->{closure:Illuminate\Foundation\Bootstrap\HandleExceptions::forwardsTo():262}(Object(InvalidArgumentException))
#36 {main}
  thrown {"exception":"[object] (Symfony\\Component\\ErrorHandler\\Error\\FatalError(code: 0): Uncaught InvalidArgumentException: Database connection [postgresql] not configured. in C:\\Users\\0909W\\OneDrive\\Documenten\\GitHub\\Educom-Trainee-Dashboard\\front-end\\vendor\\laravel\\framework\\src\\Illuminate\\Database\\DatabaseManager.php:226
Stack trace:
#0 C:\\Users\\0909W\\OneDrive\\Documenten\\GitHub\\Educom-Trainee-Dashboard\\front-end\\vendor\\laravel\\framework\\src\\Illuminate\\Database\\DatabaseManager.php(192): Illuminate\\Database\\DatabaseManager->configuration('postgresql')
#1 C:\\Users\\0909W\\OneDrive\\Documenten\\GitHub\\Educom-Trainee-Dashboard\\front-end\\vendor\\laravel\\framework\\src\\Illuminate\\Database\\DatabaseManager.php(103): Illuminate\\Database\\DatabaseManager->makeConnection('postgresql')
#2 C:\\Users\\0909W\\OneDrive\\Documenten\\GitHub\\Educom-Trainee-Dashboard\\front-end\\vendor\\laravel\\framework\\src\\Illuminate\\Session\\SessionManager.php(110): Illuminate\\Database\\DatabaseManager->connection('postgresql')
#3 C:\\Users\\0909W\\OneDrive\\Documenten\\GitHub\\Educom-Trainee-Dashboard\\front-end\\vendor\\laravel\\framework\\src\\Illuminate\\Session\\SessionManager.php(97): Illuminate\\Session\\SessionManager->getDatabaseConnection()
#4 C:\\Users\\0909W\\OneDrive\\Documenten\\GitHub\\Educom-Trainee-Dashboard\\front-end\\vendor\\laravel\\framework\\src\\Illuminate\\Support\\Manager.php(105): Illuminate\\Session\\SessionManager->createDatabaseDriver()
#5 C:\\Users\\0909W\\OneDrive\\Documenten\\GitHub\\Educom-Trainee-Dashboard\\front-end\\vendor\\laravel\\framework\\src\\Illuminate\\Support\\Manager.php(82): Illuminate\\Support\\Manager->createDriver('database')
#6 C:\\Users\\0909W\\OneDrive\\Documenten\\GitHub\\Educom-Trainee-Dashboard\\front-end\\vendor\\laravel\\framework\\src\\Illuminate\\Session\\SessionServiceProvider.php(52): Illuminate\\Support\\Manager->driver()
#7 C:\\Users\\0909W\\OneDrive\\Documenten\\GitHub\\Educom-Trainee-Dashboard\\front-end\\vendor\\laravel\\framework\\src\\Illuminate\\Container\\Container.php(1118): Illuminate\\Session\\SessionServiceProvider->{closure:Illuminate\\Session\\SessionServiceProvider::registerSessionDriver():48}(Object(Illuminate\\Foundation\\Application), Array)
#8 C:\\Users\\0909W\\OneDrive\\Documenten\\GitHub\\Educom-Trainee-Dashboard\\front-end\\vendor\\laravel\\framework\\src\\Illuminate\\Container\\Container.php(936): Illuminate\\Container\\Container->build(Object(Closure))
#9 C:\\Users\\0909W\\OneDrive\\Documenten\\GitHub\\Educom-Trainee-Dashboard\\front-end\\vendor\\laravel\\framework\\src\\Illuminate\\Foundation\\Application.php(1078): Illuminate\\Container\\Container->resolve('session.store', Array, true)
#10 C:\\Users\\0909W\\OneDrive\\Documenten\\GitHub\\Educom-Trainee-Dashboard\\front-end\\vendor\\laravel\\framework\\src\\Illuminate\\Container\\Container.php(864): Illuminate\\Foundation\\Application->resolve('session.store', Array)
#11 C:\\Users\\0909W\\OneDrive\\Documenten\\GitHub\\Educom-Trainee-Dashboard\\front-end\\vendor\\laravel\\framework\\src\\Illuminate\\Foundation\\Application.php(1058): Illuminate\\Container\\Container->make('session.store', Array)
#12 C:\\Users\\0909W\\OneDrive\\Documenten\\GitHub\\Educom-Trainee-Dashboard\\front-end\\vendor\\laravel\\framework\\src\\Illuminate\\Container\\Container.php(1810): Illuminate\\Foundation\\Application->make('session.store')
#13 C:\\Users\\0909W\\OneDrive\\Documenten\\GitHub\\Educom-Trainee-Dashboard\\front-end\\vendor\\laravel\\framework\\src\\Illuminate\\Routing\\RoutingServiceProvider.php(121): Illuminate\\Container\\Container->offsetGet('session.store')
#14 C:\\Users\\0909W\\OneDrive\\Documenten\\GitHub\\Educom-Trainee-Dashboard\\front-end\\vendor\\laravel\\framework\\src\\Illuminate\\Container\\Container.php(1118): Illuminate\\Routing\\RoutingServiceProvider->{closure:Illuminate\\Routing\\RoutingServiceProvider::registerRedirector():114}(Object(Illuminate\\Foundation\\Application), Array)
#15 C:\\Users\\0909W\\OneDrive\\Documenten\\GitHub\\Educom-Trainee-Dashboard\\front-end\\vendor\\laravel\\framework\\src\\Illuminate\\Container\\Container.php(936): Illuminate\\Container\\Container->build(Object(Closure))
#16 C:\\Users\\0909W\\OneDrive\\Documenten\\GitHub\\Educom-Trainee-Dashboard\\front-end\\vendor\\laravel\\framework\\src\\Illuminate\\Foundation\\Application.php(1078): Illuminate\\Container\\Container->resolve('redirect', Array, true)
#17 C:\\Users\\0909W\\OneDrive\\Documenten\\GitHub\\Educom-Trainee-Dashboard\\front-end\\vendor\\laravel\\framework\\src\\Illuminate\\Container\\Container.php(864): Illuminate\\Foundation\\Application->resolve('redirect', Array)
#18 C:\\Users\\0909W\\OneDrive\\Documenten\\GitHub\\Educom-Trainee-Dashboard\\front-end\\vendor\\laravel\\framework\\src\\Illuminate\\Foundation\\Application.php(1058): Illuminate\\Container\\Container->make('redirect', Array)
#19 C:\\Users\\0909W\\OneDrive\\Documenten\\GitHub\\Educom-Trainee-Dashboard\\front-end\\vendor\\laravel\\framework\\src\\Illuminate\\Container\\Container.php(1810): Illuminate\\Foundation\\Application->make('redirect')
#20 C:\\Users\\0909W\\OneDrive\\Documenten\\GitHub\\Educom-Trainee-Dashboard\\front-end\\vendor\\laravel\\framework\\src\\Illuminate\\Routing\\RoutingServiceProvider.php(181): Illuminate\\Container\\Container->offsetGet('redirect')
#21 C:\\Users\\0909W\\OneDrive\\Documenten\\GitHub\\Educom-Trainee-Dashboard\\front-end\\vendor\\laravel\\framework\\src\\Illuminate\\Container\\Container.php(1118): Illuminate\\Routing\\RoutingServiceProvider->{closure:Illuminate\\Routing\\RoutingServiceProvider::registerResponseFactory():180}(Object(Illuminate\\Foundation\\Application), Array)
#22 C:\\Users\\0909W\\OneDrive\\Documenten\\GitHub\\Educom-Trainee-Dashboard\\front-end\\vendor\\laravel\\framework\\src\\Illuminate\\Container\\Container.php(936): Illuminate\\Container\\Container->build(Object(Closure))
#23 C:\\Users\\0909W\\OneDrive\\Documenten\\GitHub\\Educom-Trainee-Dashboard\\front-end\\vendor\\laravel\\framework\\src\\Illuminate\\Foundation\\Application.php(1078): Illuminate\\Container\\Container->resolve('Illuminate\\\\Cont...', Array, true)
#24 C:\\Users\\0909W\\OneDrive\\Documenten\\GitHub\\Educom-Trainee-Dashboard\\front-end\\vendor\\laravel\\framework\\src\\Illuminate\\Container\\Container.php(864): Illuminate\\Foundation\\Application->resolve('Illuminate\\\\Cont...', Array)
#25 C:\\Users\\0909W\\OneDrive\\Documenten\\GitHub\\Educom-Trainee-Dashboard\\front-end\\vendor\\laravel\\framework\\src\\Illuminate\\Foundation\\Application.php(1058): Illuminate\\Container\\Container->make('Illuminate\\\\Cont...', Array)
#26 C:\\Users\\0909W\\OneDrive\\Documenten\\GitHub\\Educom-Trainee-Dashboard\\front-end\\vendor\\laravel\\framework\\src\\Illuminate\\Foundation\\helpers.php(138): Illuminate\\Foundation\\Application->make('Illuminate\\\\Cont...', Array)
#27 C:\\Users\\0909W\\OneDrive\\Documenten\\GitHub\\Educom-Trainee-Dashboard\\front-end\\vendor\\laravel\\framework\\src\\Illuminate\\Foundation\\helpers.php(850): app('Illuminate\\\\Cont...')
#28 C:\\Users\\0909W\\OneDrive\\Documenten\\GitHub\\Educom-Trainee-Dashboard\\front-end\\vendor\\laravel\\framework\\src\\Illuminate\\Foundation\\Exceptions\\Handler.php(1098): response('<!DOCTYPE html>...', 500, Array)
#29 C:\\Users\\0909W\\OneDrive\\Documenten\\GitHub\\Educom-Trainee-Dashboard\\front-end\\vendor\\laravel\\framework\\src\\Illuminate\\Foundation\\Exceptions\\Handler.php(948): Illuminate\\Foundation\\Exceptions\\Handler->toIlluminateResponse(Object(Symfony\\Component\\HttpFoundation\\Response), Object(InvalidArgumentException))
#30 C:\\Users\\0909W\\OneDrive\\Documenten\\GitHub\\Educom-Trainee-Dashboard\\front-end\\vendor\\laravel\\framework\\src\\Illuminate\\Foundation\\Exceptions\\Handler.php(839): Illuminate\\Foundation\\Exceptions\\Handler->prepareResponse(Object(Illuminate\\Http\\Request), Object(InvalidArgumentException))
#31 C:\\Users\\0909W\\OneDrive\\Documenten\\GitHub\\Educom-Trainee-Dashboard\\front-end\\vendor\\laravel\\framework\\src\\Illuminate\\Foundation\\Exceptions\\Handler.php(726): Illuminate\\Foundation\\Exceptions\\Handler->renderExceptionResponse(Object(Illuminate\\Http\\Request), Object(InvalidArgumentException))
#32 C:\\Users\\0909W\\OneDrive\\Documenten\\GitHub\\Educom-Trainee-Dashboard\\front-end\\vendor\\laravel\\framework\\src\\Illuminate\\Foundation\\Bootstrap\\HandleExceptions.php(226): Illuminate\\Foundation\\Exceptions\\Handler->render(Object(Illuminate\\Http\\Request), Object(InvalidArgumentException))
#33 C:\\Users\\0909W\\OneDrive\\Documenten\\GitHub\\Educom-Trainee-Dashboard\\front-end\\vendor\\laravel\\framework\\src\\Illuminate\\Foundation\\Bootstrap\\HandleExceptions.php(203): Illuminate\\Foundation\\Bootstrap\\HandleExceptions->renderHttpResponse(Object(InvalidArgumentException))
#34 C:\\Users\\0909W\\OneDrive\\Documenten\\GitHub\\Educom-Trainee-Dashboard\\front-end\\vendor\\laravel\\framework\\src\\Illuminate\\Foundation\\Bootstrap\\HandleExceptions.php(263): Illuminate\\Foundation\\Bootstrap\\HandleExceptions->handleException(Object(InvalidArgumentException))
#35 [internal function]: Illuminate\\Foundation\\Bootstrap\\HandleExceptions->{closure:Illuminate\\Foundation\\Bootstrap\\HandleExceptions::forwardsTo():262}(Object(InvalidArgumentException))
#36 {main}
  thrown at C:/Users/0909W/OneDrive/Documenten/GitHub/Educom-Trainee-Dashboard/front-end/vendor/laravel/framework/src/Illuminate/Database/DatabaseManager.php:226)
[stacktrace]
#0 {main}
"} 
[2026-07-14 13:53:37] local.ERROR: SQLSTATE[08006] [7] connection to server at "127.0.0.1", port 5432 failed: fe_sendauth: no password supplied (Connection: pgsql, Host: 127.0.0.1, Port: 5432, Database: laravel, SQL: select * from "sessions" where "id" = SqXo2xxktTund8Pl6FYcCdh849PaPAlaGZ3Qw67r limit 1) {"exception":"[object] (Illuminate\\Database\\QueryException(code: 7): SQLSTATE[08006] [7] connection to server at \"127.0.0.1\", port 5432 failed: fe_sendauth: no password supplied (Connection: pgsql, Host: 127.0.0.1, Port: 5432, Database: laravel, SQL: select * from \"sessions\" where \"id\" = SqXo2xxktTund8Pl6FYcCdh849PaPAlaGZ3Qw67r limit 1) at C:/Users/0909W/OneDrive/Documenten/GitHub/Educom-Trainee-Dashboard/front-end/vendor/laravel/framework/src/Illuminate/Database/Connection.php:857)
[stacktrace]
#0 C:/Users/0909W/OneDrive/Documenten/GitHub/Educom-Trainee-Dashboard/front-end/vendor/laravel/framework/src/Illuminate/Database/Connection.php(813): Illuminate/Database/Connection->runQueryCallback('select * from \"...', Array, Object(Closure))
#1 C:/Users/0909W/OneDrive/Documenten/GitHub/Educom-Trainee-Dashboard/front-end/vendor/laravel/framework/src/Illuminate/Database/Connection.php(426): Illuminate/Database/Connection->run('select * from \"...', Array, Object(Closure))
#2 C:/Users/0909W/OneDrive/Documenten/GitHub/Educom-Trainee-Dashboard/front-end/vendor/laravel/framework/src/Illuminate/Database/Query/Builder.php(3573): Illuminate/Database/Connection->select('select * from \"...', Array, false, Array)
#3 C:/Users/0909W/OneDrive/Documenten/GitHub/Educom-Trainee-Dashboard/front-end/vendor/laravel/framework/src/Illuminate/Database/Query/Builder.php(3557): Illuminate/Database/Query/Builder->runSelect()
#4 C:/Users/0909W/OneDrive/Documenten/GitHub/Educom-Trainee-Dashboard/front-end/vendor/laravel/framework/src/Illuminate/Database/Concerns/BuildsQueries.php(366): Illuminate/Database/Query/Builder->get(Array)
#5 C:/Users/0909W/OneDrive/Documenten/GitHub/Educom-Trainee-Dashboard/front-end/vendor/laravel/framework/src/Illuminate/Database/Query/Builder.php(3475): Illuminate/Database/Query/Builder->first(Array)
#6 C:/Users/0909W/OneDrive/Documenten/GitHub/Educom-Trainee-Dashboard/front-end/vendor/laravel/framework/src/Illuminate/Session/DatabaseSessionHandler.php(96): Illuminate/Database/Query/Builder->find('SqXo2xxktTund8P...')
#7 C:/Users/0909W/OneDrive/Documenten/GitHub/Educom-Trainee-Dashboard/front-end/vendor/laravel/framework/src/Illuminate/Session/Store.php(128): Illuminate/Session/DatabaseSessionHandler->read('SqXo2xxktTund8P...')
#8 C:/Users/0909W/OneDrive/Documenten/GitHub/Educom-Trainee-Dashboard/front-end/vendor/laravel/framework/src/Illuminate/Session/Store.php(116): Illuminate/Session/Store->readFromHandler()
#9 C:/Users/0909W/OneDrive/Documenten/GitHub/Educom-Trainee-Dashboard/front-end/vendor/laravel/framework/src/Illuminate/Session/Store.php(100): Illuminate/Session/Store->loadSession()
#10 C:/Users/0909W/OneDrive/Documenten/GitHub/Educom-Trainee-Dashboard/front-end/vendor/laravel/framework/src/Illuminate/Session/Middleware/StartSession.php(146): Illuminate/Session/Store->start()
#11 C:/Users/0909W/OneDrive/Documenten/GitHub/Educom-Trainee-Dashboard/front-end/vendor/laravel/framework/src/Illuminate/Support/helpers.php(393): Illuminate/Session/Middleware/StartSession->{closure:Illuminate/Session/Middleware/StartSession::startSession():143}(Object(Illuminate/Session/Store))
#12 C:/Users/0909W/OneDrive/Documenten/GitHub/Educom-Trainee-Dashboard/front-end/vendor/laravel/framework/src/Illuminate/Session/Middleware/StartSession.php(143): tap(Object(Illuminate/Session/Store), Object(Closure))
#13 C:/Users/0909W/OneDrive/Documenten/GitHub/Educom-Trainee-Dashboard/front-end/vendor/laravel/framework/src/Illuminate/Session/Middleware/StartSession.php(115): Illuminate/Session/Middleware/StartSession->startSession(Object(Illuminate/Http/Request), Object(Illuminate/Session/Store))
#14 C:/Users/0909W/OneDrive/Documenten/GitHub/Educom-Trainee-Dashboard/front-end/vendor/laravel/framework/src/Illuminate/Session/Middleware/StartSession.php(63): Illuminate/Session/Middleware/StartSession->handleStatefulRequest(Object(Illuminate/Http/Request), Object(Illuminate/Session/Store), Object(Closure))
#15 C:/Users/0909W/OneDrive/Documenten/GitHub/Educom-Trainee-Dashboard/front-end/vendor/laravel/framework/src/Illuminate/Pipeline/Pipeline.php(219): Illuminate/Session/Middleware/StartSession->handle(Object(Illuminate/Http/Request), Object(Closure))
#16 C:/Users/0909W/OneDrive/Documenten/GitHub/Educom-Trainee-Dashboard/front-end/vendor/laravel/framework/src/Illuminate/Cookie/Middleware/AddQueuedCookiesToResponse.php(36): Illuminate/Pipeline/Pipeline->{closure:{closure:Illuminate/Pipeline/Pipeline::carry():194}:195}(Object(Illuminate/Http/Request))
#17 C:/Users/0909W/OneDrive/Documenten/GitHub/Educom-Trainee-Dashboard/front-end/vendor/laravel/framework/src/Illuminate/Pipeline/Pipeline.php(219): Illuminate/Cookie/Middleware/AddQueuedCookiesToResponse->handle(Object(Illuminate/Http/Request), Object(Closure))
#18 C:/Users/0909W/OneDrive/Documenten/GitHub/Educom-Trainee-Dashboard/front-end/vendor/laravel/framework/src/Illuminate/Cookie/Middleware/EncryptCookies.php(74): Illuminate/Pipeline/Pipeline->{closure:{closure:Illuminate/Pipeline/Pipeline::carry():194}:195}(Object(Illuminate/Http/Request))
#19 C:/Users/0909W/OneDrive/Documenten/GitHub/Educom-Trainee-Dashboard/front-end/vendor/laravel/framework/src/Illuminate/Pipeline/Pipeline.php(219): Illuminate/Cookie/Middleware/EncryptCookies->handle(Object(Illuminate/Http/Request), Object(Closure))
#20 C:/Users/0909W/OneDrive/Documenten/GitHub/Educom-Trainee-Dashboard/front-end/vendor/laravel/framework/src/Illuminate/Pipeline/Pipeline.php(137): Illuminate/Pipeline/Pipeline->{closure:{closure:Illuminate/Pipeline/Pipeline::carry():194}:195}(Object(Illuminate/Http/Request))
#21 C:/Users/0909W/OneDrive/Documenten/GitHub/Educom-Trainee-Dashboard/front-end/vendor/laravel/framework/src/Illuminate/Routing/Router.php(821): Illuminate/Pipeline/Pipeline->then(Object(Closure))
#22 C:/Users/0909W/OneDrive/Documenten/GitHub/Educom-Trainee-Dashboard/front-end/vendor/laravel/framework/src/Illuminate/Routing/Router.php(800): Illuminate/Routing/Router->runRouteWithinStack(Object(Illuminate/Routing/Route), Object(Illuminate/Http/Request))
#23 C:/Users/0909W/OneDrive/Documenten/GitHub/Educom-Trainee-Dashboard/front-end/vendor/laravel/framework/src/Illuminate/Routing/Router.php(764): Illuminate/Routing/Router->runRoute(Object(Illuminate/Http/Request), Object(Illuminate/Routing/Route))
#24 C:/Users/0909W/OneDrive/Documenten/GitHub/Educom-Trainee-Dashboard/front-end/vendor/laravel/framework/src/Illuminate/Routing/Router.php(753): Illuminate/Routing/Router->dispatchToRoute(Object(Illuminate/Http/Request))
#25 C:/Users/0909W/OneDrive/Documenten/GitHub/Educom-Trainee-Dashboard/front-end/vendor/laravel/framework/src/Illuminate/Foundation/Http/Kernel.php(200): Illuminate/Routing/Router->dispatch(Object(Illuminate/Http/Request))
#26 C:/Users/0909W/OneDrive/Documenten/GitHub/Educom-Trainee-Dashboard/front-end/vendor/laravel/framework/src/Illuminate/Pipeline/Pipeline.php(180): Illuminate/Foundation/Http/Kernel->{closure:Illuminate/Foundation/Http/Kernel::dispatchToRouter():197}(Object(Illuminate/Http/Request))
#27 C:/Users/0909W/OneDrive/Documenten/GitHub/Educom-Trainee-Dashboard/front-end/vendor/inertiajs/inertia-laravel/src/Middleware/EnsureGetOnRedirect.php(19): Illuminate/Pipeline/Pipeline->{closure:Illuminate/Pipeline/Pipeline::prepareDestination():178}(Object(Illuminate/Http/Request))
#28 C:/Users/0909W/OneDrive/Documenten/GitHub/Educom-Trainee-Dashboard/front-end/vendor/laravel/framework/src/Illuminate/Pipeline/Pipeline.php(219): Inertia/Middleware/EnsureGetOnRedirect->handle(Object(Illuminate/Http/Request), Object(Closure))
#29 C:/Users/0909W/OneDrive/Documenten/GitHub/Educom-Trainee-Dashboard/front-end/vendor/laravel/framework/src/Illuminate/Foundation/Http/Middleware/TransformsRequest.php(21): Illuminate/Pipeline/Pipeline->{closure:{closure:Illuminate/Pipeline/Pipeline::carry():194}:195}(Object(Illuminate/Http/Request))
#30 C:/Users/0909W/OneDrive/Documenten/GitHub/Educom-Trainee-Dashboard/front-end/vendor/laravel/framework/src/Illuminate/Foundation/Http/Middleware/ConvertEmptyStringsToNull.php(31): Illuminate/Foundation/Http/Middleware/TransformsRequest->handle(Object(Illuminate/Http/Request), Object(Closure))
#31 C:/Users/0909W/OneDrive/Documenten/GitHub/Educom-Trainee-Dashboard/front-end/vendor/laravel/framework/src/Illuminate/Pipeline/Pipeline.php(219): Illuminate/Foundation/Http/Middleware/ConvertEmptyStringsToNull->handle(Object(Illuminate/Http/Request), Object(Closure))
#32 C:/Users/0909W/OneDrive/Documenten/GitHub/Educom-Trainee-Dashboard/front-end/vendor/laravel/framework/src/Illuminate/Foundation/Http/Middleware/TransformsRequest.php(21): Illuminate/Pipeline/Pipeline->{closure:{closure:Illuminate/Pipeline/Pipeline::carry():194}:195}(Object(Illuminate/Http/Request))
#33 C:/Users/0909W/OneDrive/Documenten/GitHub/Educom-Trainee-Dashboard/front-end/vendor/laravel/framework/src/Illuminate/Foundation/Http/Middleware/TrimStrings.php(51): Illuminate/Foundation/Http/Middleware/TransformsRequest->handle(Object(Illuminate/Http/Request), Object(Closure))
#34 C:/Users/0909W/OneDrive/Documenten/GitHub/Educom-Trainee-Dashboard/front-end/vendor/laravel/framework/src/Illuminate/Pipeline/Pipeline.php(219): Illuminate/Foundation/Http/Middleware/TrimStrings->handle(Object(Illuminate/Http/Request), Object(Closure))
#35 C:/Users/0909W/OneDrive/Documenten/GitHub/Educom-Trainee-Dashboard/front-end/vendor/laravel/framework/src/Illuminate/Http/Middleware/ValidatePostSize.php(27): Illuminate/Pipeline/Pipeline->{closure:{closure:Illuminate/Pipeline/Pipeline::carry():194}:195}(Object(Illuminate/Http/Request))
#36 C:/Users/0909W/OneDrive/Documenten/GitHub/Educom-Trainee-Dashboard/front-end/vendor/laravel/framework/src/Illuminate/Pipeline/Pipeline.php(219): Illuminate/Http/Middleware/ValidatePostSize->handle(Object(Illuminate/Http/Request), Object(Closure))
#37 C:/Users/0909W/OneDrive/Documenten/GitHub/Educom-Trainee-Dashboard/front-end/vendor/laravel/framework/src/Illuminate/Foundation/Http/Middleware/PreventRequestsDuringMaintenance.php(109): Illuminate/Pipeline/Pipeline->{closure:{closure:Illuminate/Pipeline/Pipeline::carry():194}:195}(Object(Illuminate/Http/Request))
#38 C:/Users/0909W/OneDrive/Documenten/GitHub/Educom-Trainee-Dashboard/front-end/vendor/laravel/framework/src/Illuminate/Pipeline/Pipeline.php(219): Illuminate/Foundation/Http/Middleware/PreventRequestsDuringMaintenance->handle(Object(Illuminate/Http/Request), Object(Closure))
#39 C:/Users/0909W/OneDrive/Documenten/GitHub/Educom-Trainee-Dashboard/front-end/vendor/laravel/framework/src/Illuminate/Http/Middleware/HandleCors.php(61): Illuminate/Pipeline/Pipeline->{closure:{closure:Illuminate/Pipeline/Pipeline::carry():194}:195}(Object(Illuminate/Http/Request))
#40 C:/Users/0909W/OneDrive/Documenten/GitHub/Educom-Trainee-Dashboard/front-end/vendor/laravel/framework/src/Illuminate/Pipeline/Pipeline.php(219): Illuminate/Http/Middleware/HandleCors->handle(Object(Illuminate/Http/Request), Object(Closure))
#41 C:/Users/0909W/OneDrive/Documenten/GitHub/Educom-Trainee-Dashboard/front-end/vendor/laravel/framework/src/Illuminate/Http/Middleware/TrustProxies.php(58): Illuminate/Pipeline/Pipeline->{closure:{closure:Illuminate/Pipeline/Pipeline::carry():194}:195}(Object(Illuminate/Http/Request))
#42 C:/Users/0909W/OneDrive/Documenten/GitHub/Educom-Trainee-Dashboard/front-end/vendor/laravel/framework/src/Illuminate/Pipeline/Pipeline.php(219): Illuminate/Http/Middleware/TrustProxies->handle(Object(Illuminate/Http/Request), Object(Closure))
#43 C:/Users/0909W/OneDrive/Documenten/GitHub/Educom-Trainee-Dashboard/front-end/vendor/laravel/framework/src/Illuminate/Foundation/Http/Middleware/InvokeDeferredCallbacks.php(22): Illuminate/Pipeline/Pipeline->{closure:{closure:Illuminate/Pipeline/Pipeline::carry():194}:195}(Object(Illuminate/Http/Request))
#44 C:/Users/0909W/OneDrive/Documenten/GitHub/Educom-Trainee-Dashboard/front-end/vendor/laravel/framework/src/Illuminate/Pipeline/Pipeline.php(219): Illuminate/Foundation/Http/Middleware/InvokeDeferredCallbacks->handle(Object(Illuminate/Http/Request), Object(Closure))
#45 C:/Users/0909W/OneDrive/Documenten/GitHub/Educom-Trainee-Dashboard/front-end/vendor/laravel/framework/src/Illuminate/Http/Middleware/ValidatePathEncoding.php(28): Illuminate/Pipeline/Pipeline->{closure:{closure:Illuminate/Pipeline/Pipeline::carry():194}:195}(Object(Illuminate/Http/Request))
#46 C:/Users/0909W/OneDrive/Documenten/GitHub/Educom-Trainee-Dashboard/front-end/vendor/laravel/framework/src/Illuminate/Pipeline/Pipeline.php(219): Illuminate/Http/Middleware/ValidatePathEncoding->handle(Object(Illuminate/Http/Request), Object(Closure))
#47 C:/Users/0909W/OneDrive/Documenten/GitHub/Educom-Trainee-Dashboard/front-end/vendor/laravel/framework/src/Illuminate/Pipeline/Pipeline.php(137): Illuminate/Pipeline/Pipeline->{closure:{closure:Illuminate/Pipeline/Pipeline::carry():194}:195}(Object(Illuminate/Http/Request))
#48 C:/Users/0909W/OneDrive/Documenten/GitHub/Educom-Trainee-Dashboard/front-end/vendor/laravel/framework/src/Illuminate/Foundation/Http/Kernel.php(175): Illuminate/Pipeline/Pipeline->then(Object(Closure))
#49 C:/Users/0909W/OneDrive/Documenten/GitHub/Educom-Trainee-Dashboard/front-end/vendor/laravel/framework/src/Illuminate/Foundation/Http/Kernel.php(144): Illuminate/Foundation/Http/Kernel->sendRequestThroughRouter(Object(Illuminate/Http/Request))
#50 C:/Users/0909W/OneDrive/Documenten/GitHub/Educom-Trainee-Dashboard/front-end/vendor/laravel/framework/src/Illuminate/Foundation/Application.php(1220): Illuminate/Foundation/Http/Kernel->handle(Object(Illuminate/Http/Request))
#51 C:/Users/0909W/OneDrive/Documenten/GitHub/Educom-Trainee-Dashboard/front-end/public/index.php(20): Illuminate/Foundation/Application->handleRequest(Object(Illuminate/Http/Request))
#52 C:/Users/0909W/OneDrive/Documenten/GitHub/Educom-Trainee-Dashboard/front-end/vendor/laravel/framework/src/Illuminate/Foundation/resources/server.php(23): require_once('C://Users//0909W//...')
#53 {main}

[previous exception] [object] (PDOException(code: 7): SQLSTATE[08006] [7] connection to server at \"127.0.0.1\", port 5432 failed: fe_sendauth: no password supplied at C:/Users/0909W/OneDrive/Documenten/GitHub/Educom-Trainee-Dashboard/front-end/vendor/laravel/framework/src/Illuminate/Database/Connectors/Connector.php:67)
[stacktrace]
#0 C:/Users/0909W/OneDrive/Documenten/GitHub/Educom-Trainee-Dashboard/front-end/vendor/laravel/framework/src/Illuminate/Database/Connectors/Connector.php(67): PDO::connect('pgsql:host=127....', 'root', Object(SensitiveParameterValue), Array)
#1 C:/Users/0909W/OneDrive/Documenten/GitHub/Educom-Trainee-Dashboard/front-end/vendor/laravel/framework/src/Illuminate/Database/Connectors/Connector.php(44): Illuminate/Database/Connectors/Connector->createPdoConnection('pgsql:host=127....', 'root', Object(SensitiveParameterValue), Array)
#2 C:/Users/0909W/OneDrive/Documenten/GitHub/Educom-Trainee-Dashboard/front-end/vendor/laravel/framework/src/Illuminate/Database/Connectors/PostgresConnector.php(35): Illuminate/Database/Connectors/Connector->createConnection('pgsql:host=127....', Array, Array)
#3 C:/Users/0909W/OneDrive/Documenten/GitHub/Educom-Trainee-Dashboard/front-end/vendor/laravel/framework/src/Illuminate/Database/Connectors/ConnectionFactory.php(220): Illuminate/Database/Connectors/PostgresConnector->connect(Array)
#4 [internal function]: Illuminate/Database/Connectors/ConnectionFactory->{closure:Illuminate/Database/Connectors/ConnectionFactory::createPdoResolverWithHosts():213}()
#5 C:/Users/0909W/OneDrive/Documenten/GitHub/Educom-Trainee-Dashboard/front-end/vendor/laravel/framework/src/Illuminate/Database/Connection.php(1297): call_user_func(Object(Closure))
#6 C:/Users/0909W/OneDrive/Documenten/GitHub/Educom-Trainee-Dashboard/front-end/vendor/laravel/framework/src/Illuminate/Database/Connection.php(542): Illuminate/Database/Connection->getPdo()
#7 C:/Users/0909W/OneDrive/Documenten/GitHub/Educom-Trainee-Dashboard/front-end/vendor/laravel/framework/src/Illuminate/Database/Connection.php(435): Illuminate/Database/Connection->getPdoForSelect(false)
#8 C:/Users/0909W/OneDrive/Documenten/GitHub/Educom-Trainee-Dashboard/front-end/vendor/laravel/framework/src/Illuminate/Database/Connection.php(846): Illuminate/Database/Connection->{closure:Illuminate/Database/Connection::select():426}('select * from \"...', Array)
#9 C:/Users/0909W/OneDrive/Documenten/GitHub/Educom-Trainee-Dashboard/front-end/vendor/laravel/framework/src/Illuminate/Database/Connection.php(813): Illuminate/Database/Connection->runQueryCallback('select * from \"...', Array, Object(Closure))
#10 C:/Users/0909W/OneDrive/Documenten/GitHub/Educom-Trainee-Dashboard/front-end/vendor/laravel/framework/src/Illuminate/Database/Connection.php(426): Illuminate/Database/Connection->run('select * from \"...', Array, Object(Closure))
#11 C:/Users/0909W/OneDrive/Documenten/GitHub/Educom-Trainee-Dashboard/front-end/vendor/laravel/framework/src/Illuminate/Database/Query/Builder.php(3573): Illuminate/Database/Connection->select('select * from \"...', Array, false, Array)
#12 C:/Users/0909W/OneDrive/Documenten/GitHub/Educom-Trainee-Dashboard/front-end/vendor/laravel/framework/src/Illuminate/Database/Query/Builder.php(3557): Illuminate/Database/Query/Builder->runSelect()
#13 C:/Users/0909W/OneDrive/Documenten/GitHub/Educom-Trainee-Dashboard/front-end/vendor/laravel/framework/src/Illuminate/Database/Concerns/BuildsQueries.php(366): Illuminate/Database/Query/Builder->get(Array)
#14 C:/Users/0909W/OneDrive/Documenten/GitHub/Educom-Trainee-Dashboard/front-end/vendor/laravel/framework/src/Illuminate/Database/Query/Builder.php(3475): Illuminate/Database/Query/Builder->first(Array)
#15 C:/Users/0909W/OneDrive/Documenten/GitHub/Educom-Trainee-Dashboard/front-end/vendor/laravel/framework/src/Illuminate/Session/DatabaseSessionHandler.php(96): Illuminate/Database/Query/Builder->find('SqXo2xxktTund8P...')
#16 C:/Users/0909W/OneDrive/Documenten/GitHub/Educom-Trainee-Dashboard/front-end/vendor/laravel/framework/src/Illuminate/Session/Store.php(128): Illuminate/Session/DatabaseSessionHandler->read('SqXo2xxktTund8P...')
#17 C:/Users/0909W/OneDrive/Documenten/GitHub/Educom-Trainee-Dashboard/front-end/vendor/laravel/framework/src/Illuminate/Session/Store.php(116): Illuminate/Session/Store->readFromHandler()
#18 C:/Users/0909W/OneDrive/Documenten/GitHub/Educom-Trainee-Dashboard/front-end/vendor/laravel/framework/src/Illuminate/Session/Store.php(100): Illuminate/Session/Store->loadSession()
#19 C:/Users/0909W/OneDrive/Documenten/GitHub/Educom-Trainee-Dashboard/front-end/vendor/laravel/framework/src/Illuminate/Session/Middleware/StartSession.php(146): Illuminate/Session/Store->start()
#20 C:/Users/0909W/OneDrive/Documenten/GitHub/Educom-Trainee-Dashboard/front-end/vendor/laravel/framework/src/Illuminate/Support/helpers.php(393): Illuminate/Session/Middleware/StartSession->{closure:Illuminate/Session/Middleware/StartSession::startSession():143}(Object(Illuminate/Session/Store))
#21 C:/Users/0909W/OneDrive/Documenten/GitHub/Educom-Trainee-Dashboard/front-end/vendor/laravel/framework/src/Illuminate/Session/Middleware/StartSession.php(143): tap(Object(Illuminate/Session/Store), Object(Closure))
#22 C:/Users/0909W/OneDrive/Documenten/GitHub/Educom-Trainee-Dashboard/front-end/vendor/laravel/framework/src/Illuminate/Session/Middleware/StartSession.php(115): Illuminate/Session/Middleware/StartSession->startSession(Object(Illuminate/Http/Request), Object(Illuminate/Session/Store))
#23 C:/Users/0909W/OneDrive/Documenten/GitHub/Educom-Trainee-Dashboard/front-end/vendor/laravel/framework/src/Illuminate/Session/Middleware/StartSession.php(63): Illuminate/Session/Middleware/StartSession->handleStatefulRequest(Object(Illuminate/Http/Request), Object(Illuminate/Session/Store), Object(Closure))
#24 C:/Users/0909W/OneDrive/Documenten/GitHub/Educom-Trainee-Dashboard/front-end/vendor/laravel/framework/src/Illuminate/Pipeline/Pipeline.php(219): Illuminate/Session/Middleware/StartSession->handle(Object(Illuminate/Http/Request), Object(Closure))
#25 C:/Users/0909W/OneDrive/Documenten/GitHub/Educom-Trainee-Dashboard/front-end/vendor/laravel/framework/src/Illuminate/Cookie/Middleware/AddQueuedCookiesToResponse.php(36): Illuminate/Pipeline/Pipeline->{closure:{closure:Illuminate/Pipeline/Pipeline::carry():194}:195}(Object(Illuminate/Http/Request))
#26 C:/Users/0909W/OneDrive/Documenten/GitHub/Educom-Trainee-Dashboard/front-end/vendor/laravel/framework/src/Illuminate/Pipeline/Pipeline.php(219): Illuminate/Cookie/Middleware/AddQueuedCookiesToResponse->handle(Object(Illuminate/Http/Request), Object(Closure))
#27 C:/Users/0909W/OneDrive/Documenten/GitHub/Educom-Trainee-Dashboard/front-end/vendor/laravel/framework/src/Illuminate/Cookie/Middleware/EncryptCookies.php(74): Illuminate/Pipeline/Pipeline->{closure:{closure:Illuminate/Pipeline/Pipeline::carry():194}:195}(Object(Illuminate/Http/Request))
#28 C:/Users/0909W/OneDrive/Documenten/GitHub/Educom-Trainee-Dashboard/front-end/vendor/laravel/framework/src/Illuminate/Pipeline/Pipeline.php(219): Illuminate/Cookie/Middleware/EncryptCookies->handle(Object(Illuminate/Http/Request), Object(Closure))
#29 C:/Users/0909W/OneDrive/Documenten/GitHub/Educom-Trainee-Dashboard/front-end/vendor/laravel/framework/src/Illuminate/Pipeline/Pipeline.php(137): Illuminate/Pipeline/Pipeline->{closure:{closure:Illuminate/Pipeline/Pipeline::carry():194}:195}(Object(Illuminate/Http/Request))
#30 C:/Users/0909W/OneDrive/Documenten/GitHub/Educom-Trainee-Dashboard/front-end/vendor/laravel/framework/src/Illuminate/Routing/Router.php(821): Illuminate/Pipeline/Pipeline->then(Object(Closure))
#31 C:/Users/0909W/OneDrive/Documenten/GitHub/Educom-Trainee-Dashboard/front-end/vendor/laravel/framework/src/Illuminate/Routing/Router.php(800): Illuminate/Routing/Router->runRouteWithinStack(Object(Illuminate/Routing/Route), Object(Illuminate/Http/Request))
#32 C:/Users/0909W/OneDrive/Documenten/GitHub/Educom-Trainee-Dashboard/front-end/vendor/laravel/framework/src/Illuminate/Routing/Router.php(764): Illuminate/Routing/Router->runRoute(Object(Illuminate/Http/Request), Object(Illuminate/Routing/Route))
#33 C:/Users/0909W/OneDrive/Documenten/GitHub/Educom-Trainee-Dashboard/front-end/vendor/laravel/framework/src/Illuminate/Routing/Router.php(753): Illuminate/Routing/Router->dispatchToRoute(Object(Illuminate/Http/Request))
#34 C:/Users/0909W/OneDrive/Documenten/GitHub/Educom-Trainee-Dashboard/front-end/vendor/laravel/framework/src/Illuminate/Foundation/Http/Kernel.php(200): Illuminate/Routing/Router->dispatch(Object(Illuminate/Http/Request))
#35 C:/Users/0909W/OneDrive/Documenten/GitHub/Educom-Trainee-Dashboard/front-end/vendor/laravel/framework/src/Illuminate/Pipeline/Pipeline.php(180): Illuminate/Foundation/Http/Kernel->{closure:Illuminate/Foundation/Http/Kernel::dispatchToRouter():197}(Object(Illuminate/Http/Request))
#36 C:/Users/0909W/OneDrive/Documenten/GitHub/Educom-Trainee-Dashboard/front-end/vendor/inertiajs/inertia-laravel/src/Middleware/EnsureGetOnRedirect.php(19): Illuminate/Pipeline/Pipeline->{closure:Illuminate/Pipeline/Pipeline::prepareDestination():178}(Object(Illuminate/Http/Request))
#37 C:/Users/0909W/OneDrive/Documenten/GitHub/Educom-Trainee-Dashboard/front-end/vendor/laravel/framework/src/Illuminate/Pipeline/Pipeline.php(219): Inertia/Middleware/EnsureGetOnRedirect->handle(Object(Illuminate/Http/Request), Object(Closure))
#38 C:/Users/0909W/OneDrive/Documenten/GitHub/Educom-Trainee-Dashboard/front-end/vendor/laravel/framework/src/Illuminate/Foundation/Http/Middleware/TransformsRequest.php(21): Illuminate/Pipeline/Pipeline->{closure:{closure:Illuminate/Pipeline/Pipeline::carry():194}:195}(Object(Illuminate/Http/Request))
#39 C:/Users/0909W/OneDrive/Documenten/GitHub/Educom-Trainee-Dashboard/front-end/vendor/laravel/framework/src/Illuminate/Foundation/Http/Middleware/ConvertEmptyStringsToNull.php(31): Illuminate/Foundation/Http/Middleware/TransformsRequest->handle(Object(Illuminate/Http/Request), Object(Closure))
#40 C:/Users/0909W/OneDrive/Documenten/GitHub/Educom-Trainee-Dashboard/front-end/vendor/laravel/framework/src/Illuminate/Pipeline/Pipeline.php(219): Illuminate/Foundation/Http/Middleware/ConvertEmptyStringsToNull->handle(Object(Illuminate/Http/Request), Object(Closure))
#41 C:/Users/0909W/OneDrive/Documenten/GitHub/Educom-Trainee-Dashboard/front-end/vendor/laravel/framework/src/Illuminate/Foundation/Http/Middleware/TransformsRequest.php(21): Illuminate/Pipeline/Pipeline->{closure:{closure:Illuminate/Pipeline/Pipeline::carry():194}:195}(Object(Illuminate/Http/Request))
#42 C:/Users/0909W/OneDrive/Documenten/GitHub/Educom-Trainee-Dashboard/front-end/vendor/laravel/framework/src/Illuminate/Foundation/Http/Middleware/TrimStrings.php(51): Illuminate/Foundation/Http/Middleware/TransformsRequest->handle(Object(Illuminate/Http/Request), Object(Closure))
#43 C:/Users/0909W/OneDrive/Documenten/GitHub/Educom-Trainee-Dashboard/front-end/vendor/laravel/framework/src/Illuminate/Pipeline/Pipeline.php(219): Illuminate/Foundation/Http/Middleware/TrimStrings->handle(Object(Illuminate/Http/Request), Object(Closure))
#44 C:/Users/0909W/OneDrive/Documenten/GitHub/Educom-Trainee-Dashboard/front-end/vendor/laravel/framework/src/Illuminate/Http/Middleware/ValidatePostSize.php(27): Illuminate/Pipeline/Pipeline->{closure:{closure:Illuminate/Pipeline/Pipeline::carry():194}:195}(Object(Illuminate/Http/Request))
#45 C:/Users/0909W/OneDrive/Documenten/GitHub/Educom-Trainee-Dashboard/front-end/vendor/laravel/framework/src/Illuminate/Pipeline/Pipeline.php(219): Illuminate/Http/Middleware/ValidatePostSize->handle(Object(Illuminate/Http/Request), Object(Closure))
#46 C:/Users/0909W/OneDrive/Documenten/GitHub/Educom-Trainee-Dashboard/front-end/vendor/laravel/framework/src/Illuminate/Foundation/Http/Middleware/PreventRequestsDuringMaintenance.php(109): Illuminate/Pipeline/Pipeline->{closure:{closure:Illuminate/Pipeline/Pipeline::carry():194}:195}(Object(Illuminate/Http/Request))
#47 C:/Users/0909W/OneDrive/Documenten/GitHub/Educom-Trainee-Dashboard/front-end/vendor/laravel/framework/src/Illuminate/Pipeline/Pipeline.php(219): Illuminate/Foundation/Http/Middleware/PreventRequestsDuringMaintenance->handle(Object(Illuminate/Http/Request), Object(Closure))
#48 C:/Users/0909W/OneDrive/Documenten/GitHub/Educom-Trainee-Dashboard/front-end/vendor/laravel/framework/src/Illuminate/Http/Middleware/HandleCors.php(61): Illuminate/Pipeline/Pipeline->{closure:{closure:Illuminate/Pipeline/Pipeline::carry():194}:195}(Object(Illuminate/Http/Request))
#49 C:/Users/0909W/OneDrive/Documenten/GitHub/Educom-Trainee-Dashboard/front-end/vendor/laravel/framework/src/Illuminate/Pipeline/Pipeline.php(219): Illuminate/Http/Middleware/HandleCors->handle(Object(Illuminate/Http/Request), Object(Closure))
#50 C:/Users/0909W/OneDrive/Documenten/GitHub/Educom-Trainee-Dashboard/front-end/vendor/laravel/framework/src/Illuminate/Http/Middleware/TrustProxies.php(58): Illuminate/Pipeline/Pipeline->{closure:{closure:Illuminate/Pipeline/Pipeline::carry():194}:195}(Object(Illuminate/Http/Request))
#51 C:/Users/0909W/OneDrive/Documenten/GitHub/Educom-Trainee-Dashboard/front-end/vendor/laravel/framework/src/Illuminate/Pipeline/Pipeline.php(219): Illuminate/Http/Middleware/TrustProxies->handle(Object(Illuminate/Http/Request), Object(Closure))
#52 C:/Users/0909W/OneDrive/Documenten/GitHub/Educom-Trainee-Dashboard/front-end/vendor/laravel/framework/src/Illuminate/Foundation/Http/Middleware/InvokeDeferredCallbacks.php(22): Illuminate/Pipeline/Pipeline->{closure:{closure:Illuminate/Pipeline/Pipeline::carry():194}:195}(Object(Illuminate/Http/Request))
#53 C:/Users/0909W/OneDrive/Documenten/GitHub/Educom-Trainee-Dashboard/front-end/vendor/laravel/framework/src/Illuminate/Pipeline/Pipeline.php(219): Illuminate/Foundation/Http/Middleware/InvokeDeferredCallbacks->handle(Object(Illuminate/Http/Request), Object(Closure))
#54 C:/Users/0909W/OneDrive/Documenten/GitHub/Educom-Trainee-Dashboard/front-end/vendor/laravel/framework/src/Illuminate/Http/Middleware/ValidatePathEncoding.php(28): Illuminate/Pipeline/Pipeline->{closure:{closure:Illuminate/Pipeline/Pipeline::carry():194}:195}(Object(Illuminate/Http/Request))
#55 C:/Users/0909W/OneDrive/Documenten/GitHub/Educom-Trainee-Dashboard/front-end/vendor/laravel/framework/src/Illuminate/Pipeline/Pipeline.php(219): Illuminate/Http/Middleware/ValidatePathEncoding->handle(Object(Illuminate/Http/Request), Object(Closure))
#56 C:/Users/0909W/OneDrive/Documenten/GitHub/Educom-Trainee-Dashboard/front-end/vendor/laravel/framework/src/Illuminate/Pipeline/Pipeline.php(137): Illuminate/Pipeline/Pipeline->{closure:{closure:Illuminate/Pipeline/Pipeline::carry():194}:195}(Object(Illuminate/Http/Request))
#57 C:/Users/0909W/OneDrive/Documenten/GitHub/Educom-Trainee-Dashboard/front-end/vendor/laravel/framework/src/Illuminate/Foundation/Http/Kernel.php(175): Illuminate/Pipeline/Pipeline->then(Object(Closure))
#58 C:/Users/0909W/OneDrive/Documenten/GitHub/Educom-Trainee-Dashboard/front-end/vendor/laravel/framework/src/Illuminate/Foundation/Http/Kernel.php(144): Illuminate/Foundation/Http/Kernel->sendRequestThroughRouter(Object(Illuminate/Http/Request))
#59 C:/Users/0909W/OneDrive/Documenten/GitHub/Educom-Trainee-Dashboard/front-end/vendor/laravel/framework/src/Illuminate/Foundation/Application.php(1220): Illuminate/Foundation/Http/Kernel->handle(Object(Illuminate/Http/Request))
#60 C:/Users/0909W/OneDrive/Documenten/GitHub/Educom-Trainee-Dashboard/front-end/public/index.php(20): Illuminate/Foundation/Application->handleRequest(Object(Illuminate/Http/Request))
#61 C:/Users/0909W/OneDrive/Documenten/GitHub/Educom-Trainee-Dashboard/front-end/vendor/laravel/framework/src/Illuminate/Foundation/resources/server.php(23): require_once('C://Users//0909W//...')
#62 {main}
"} 
[2026-07-14 13:54:10] local.ERROR: SQLSTATE[08006] [7] connection to server at "127.0.0.1", port 5432 failed: fe_sendauth: no password supplied (Connection: pgsql, Host: 127.0.0.1, Port: 5432, Database: laravel, SQL: select * from "sessions" where "id" = QxgoZDAJpCaStumX3bhQNTfJQeeq4RZi8oU3UgxD limit 1) {"exception":"[object] (Illuminate\\Database\\QueryException(code: 7): SQLSTATE[08006] [7] connection to server at \"127.0.0.1\", port 5432 failed: fe_sendauth: no password supplied (Connection: pgsql, Host: 127.0.0.1, Port: 5432, Database: laravel, SQL: select * from \"sessions\" where \"id\" = QxgoZDAJpCaStumX3bhQNTfJQeeq4RZi8oU3UgxD limit 1) at C:/Users/0909W/OneDrive/Documenten/GitHub/Educom-Trainee-Dashboard/front-end/vendor/laravel/framework/src/Illuminate/Database/Connection.php:857)
[stacktrace]
#0 C:/Users/0909W/OneDrive/Documenten/GitHub/Educom-Trainee-Dashboard/front-end/vendor/laravel/framework/src/Illuminate/Database/Connection.php(813): Illuminate/Database/Connection->runQueryCallback('select * from \"...', Array, Object(Closure))
#1 C:/Users/0909W/OneDrive/Documenten/GitHub/Educom-Trainee-Dashboard/front-end/vendor/laravel/framework/src/Illuminate/Database/Connection.php(426): Illuminate/Database/Connection->run('select * from \"...', Array, Object(Closure))
#2 C:/Users/0909W/OneDrive/Documenten/GitHub/Educom-Trainee-Dashboard/front-end/vendor/laravel/framework/src/Illuminate/Database/Query/Builder.php(3573): Illuminate/Database/Connection->select('select * from \"...', Array, false, Array)
#3 C:/Users/0909W/OneDrive/Documenten/GitHub/Educom-Trainee-Dashboard/front-end/vendor/laravel/framework/src/Illuminate/Database/Query/Builder.php(3557): Illuminate/Database/Query/Builder->runSelect()
#4 C:/Users/0909W/OneDrive/Documenten/GitHub/Educom-Trainee-Dashboard/front-end/vendor/laravel/framework/src/Illuminate/Database/Concerns/BuildsQueries.php(366): Illuminate/Database/Query/Builder->get(Array)
#5 C:/Users/0909W/OneDrive/Documenten/GitHub/Educom-Trainee-Dashboard/front-end/vendor/laravel/framework/src/Illuminate/Database/Query/Builder.php(3475): Illuminate/Database/Query/Builder->first(Array)
#6 C:/Users/0909W/OneDrive/Documenten/GitHub/Educom-Trainee-Dashboard/front-end/vendor/laravel/framework/src/Illuminate/Session/DatabaseSessionHandler.php(96): Illuminate/Database/Query/Builder->find('QxgoZDAJpCaStum...')
#7 C:/Users/0909W/OneDrive/Documenten/GitHub/Educom-Trainee-Dashboard/front-end/vendor/laravel/framework/src/Illuminate/Session/Store.php(128): Illuminate/Session/DatabaseSessionHandler->read('QxgoZDAJpCaStum...')
#8 C:/Users/0909W/OneDrive/Documenten/GitHub/Educom-Trainee-Dashboard/front-end/vendor/laravel/framework/src/Illuminate/Session/Store.php(116): Illuminate/Session/Store->readFromHandler()
#9 C:/Users/0909W/OneDrive/Documenten/GitHub/Educom-Trainee-Dashboard/front-end/vendor/laravel/framework/src/Illuminate/Session/Store.php(100): Illuminate/Session/Store->loadSession()
#10 C:/Users/0909W/OneDrive/Documenten/GitHub/Educom-Trainee-Dashboard/front-end/vendor/laravel/framework/src/Illuminate/Session/Middleware/StartSession.php(146): Illuminate/Session/Store->start()
#11 C:/Users/0909W/OneDrive/Documenten/GitHub/Educom-Trainee-Dashboard/front-end/vendor/laravel/framework/src/Illuminate/Support/helpers.php(393): Illuminate/Session/Middleware/StartSession->{closure:Illuminate/Session/Middleware/StartSession::startSession():143}(Object(Illuminate/Session/Store))
#12 C:/Users/0909W/OneDrive/Documenten/GitHub/Educom-Trainee-Dashboard/front-end/vendor/laravel/framework/src/Illuminate/Session/Middleware/StartSession.php(143): tap(Object(Illuminate/Session/Store), Object(Closure))
#13 C:/Users/0909W/OneDrive/Documenten/GitHub/Educom-Trainee-Dashboard/front-end/vendor/laravel/framework/src/Illuminate/Session/Middleware/StartSession.php(115): Illuminate/Session/Middleware/StartSession->startSession(Object(Illuminate/Http/Request), Object(Illuminate/Session/Store))
#14 C:/Users/0909W/OneDrive/Documenten/GitHub/Educom-Trainee-Dashboard/front-end/vendor/laravel/framework/src/Illuminate/Session/Middleware/StartSession.php(63): Illuminate/Session/Middleware/StartSession->handleStatefulRequest(Object(Illuminate/Http/Request), Object(Illuminate/Session/Store), Object(Closure))
#15 C:/Users/0909W/OneDrive/Documenten/GitHub/Educom-Trainee-Dashboard/front-end/vendor/laravel/framework/src/Illuminate/Pipeline/Pipeline.php(219): Illuminate/Session/Middleware/StartSession->handle(Object(Illuminate/Http/Request), Object(Closure))
#16 C:/Users/0909W/OneDrive/Documenten/GitHub/Educom-Trainee-Dashboard/front-end/vendor/laravel/framework/src/Illuminate/Cookie/Middleware/AddQueuedCookiesToResponse.php(36): Illuminate/Pipeline/Pipeline->{closure:{closure:Illuminate/Pipeline/Pipeline::carry():194}:195}(Object(Illuminate/Http/Request))
#17 C:/Users/0909W/OneDrive/Documenten/GitHub/Educom-Trainee-Dashboard/front-end/vendor/laravel/framework/src/Illuminate/Pipeline/Pipeline.php(219): Illuminate/Cookie/Middleware/AddQueuedCookiesToResponse->handle(Object(Illuminate/Http/Request), Object(Closure))
#18 C:/Users/0909W/OneDrive/Documenten/GitHub/Educom-Trainee-Dashboard/front-end/vendor/laravel/framework/src/Illuminate/Cookie/Middleware/EncryptCookies.php(74): Illuminate/Pipeline/Pipeline->{closure:{closure:Illuminate/Pipeline/Pipeline::carry():194}:195}(Object(Illuminate/Http/Request))
#19 C:/Users/0909W/OneDrive/Documenten/GitHub/Educom-Trainee-Dashboard/front-end/vendor/laravel/framework/src/Illuminate/Pipeline/Pipeline.php(219): Illuminate/Cookie/Middleware/EncryptCookies->handle(Object(Illuminate/Http/Request), Object(Closure))
#20 C:/Users/0909W/OneDrive/Documenten/GitHub/Educom-Trainee-Dashboard/front-end/vendor/laravel/framework/src/Illuminate/Pipeline/Pipeline.php(137): Illuminate/Pipeline/Pipeline->{closure:{closure:Illuminate/Pipeline/Pipeline::carry():194}:195}(Object(Illuminate/Http/Request))
#21 C:/Users/0909W/OneDrive/Documenten/GitHub/Educom-Trainee-Dashboard/front-end/vendor/laravel/framework/src/Illuminate/Routing/Router.php(821): Illuminate/Pipeline/Pipeline->then(Object(Closure))
#22 C:/Users/0909W/OneDrive/Documenten/GitHub/Educom-Trainee-Dashboard/front-end/vendor/laravel/framework/src/Illuminate/Routing/Router.php(800): Illuminate/Routing/Router->runRouteWithinStack(Object(Illuminate/Routing/Route), Object(Illuminate/Http/Request))
#23 C:/Users/0909W/OneDrive/Documenten/GitHub/Educom-Trainee-Dashboard/front-end/vendor/laravel/framework/src/Illuminate/Routing/Router.php(764): Illuminate/Routing/Router->runRoute(Object(Illuminate/Http/Request), Object(Illuminate/Routing/Route))
#24 C:/Users/0909W/OneDrive/Documenten/GitHub/Educom-Trainee-Dashboard/front-end/vendor/laravel/framework/src/Illuminate/Routing/Router.php(753): Illuminate/Routing/Router->dispatchToRoute(Object(Illuminate/Http/Request))
#25 C:/Users/0909W/OneDrive/Documenten/GitHub/Educom-Trainee-Dashboard/front-end/vendor/laravel/framework/src/Illuminate/Foundation/Http/Kernel.php(200): Illuminate/Routing/Router->dispatch(Object(Illuminate/Http/Request))
#26 C:/Users/0909W/OneDrive/Documenten/GitHub/Educom-Trainee-Dashboard/front-end/vendor/laravel/framework/src/Illuminate/Pipeline/Pipeline.php(180): Illuminate/Foundation/Http/Kernel->{closure:Illuminate/Foundation/Http/Kernel::dispatchToRouter():197}(Object(Illuminate/Http/Request))
#27 C:/Users/0909W/OneDrive/Documenten/GitHub/Educom-Trainee-Dashboard/front-end/vendor/inertiajs/inertia-laravel/src/Middleware/EnsureGetOnRedirect.php(19): Illuminate/Pipeline/Pipeline->{closure:Illuminate/Pipeline/Pipeline::prepareDestination():178}(Object(Illuminate/Http/Request))
#28 C:/Users/0909W/OneDrive/Documenten/GitHub/Educom-Trainee-Dashboard/front-end/vendor/laravel/framework/src/Illuminate/Pipeline/Pipeline.php(219): Inertia/Middleware/EnsureGetOnRedirect->handle(Object(Illuminate/Http/Request), Object(Closure))
#29 C:/Users/0909W/OneDrive/Documenten/GitHub/Educom-Trainee-Dashboard/front-end/vendor/laravel/framework/src/Illuminate/Foundation/Http/Middleware/TransformsRequest.php(21): Illuminate/Pipeline/Pipeline->{closure:{closure:Illuminate/Pipeline/Pipeline::carry():194}:195}(Object(Illuminate/Http/Request))
#30 C:/Users/0909W/OneDrive/Documenten/GitHub/Educom-Trainee-Dashboard/front-end/vendor/laravel/framework/src/Illuminate/Foundation/Http/Middleware/ConvertEmptyStringsToNull.php(31): Illuminate/Foundation/Http/Middleware/TransformsRequest->handle(Object(Illuminate/Http/Request), Object(Closure))
#31 C:/Users/0909W/OneDrive/Documenten/GitHub/Educom-Trainee-Dashboard/front-end/vendor/laravel/framework/src/Illuminate/Pipeline/Pipeline.php(219): Illuminate/Foundation/Http/Middleware/ConvertEmptyStringsToNull->handle(Object(Illuminate/Http/Request), Object(Closure))
#32 C:/Users/0909W/OneDrive/Documenten/GitHub/Educom-Trainee-Dashboard/front-end/vendor/laravel/framework/src/Illuminate/Foundation/Http/Middleware/TransformsRequest.php(21): Illuminate/Pipeline/Pipeline->{closure:{closure:Illuminate/Pipeline/Pipeline::carry():194}:195}(Object(Illuminate/Http/Request))
#33 C:/Users/0909W/OneDrive/Documenten/GitHub/Educom-Trainee-Dashboard/front-end/vendor/laravel/framework/src/Illuminate/Foundation/Http/Middleware/TrimStrings.php(51): Illuminate/Foundation/Http/Middleware/TransformsRequest->handle(Object(Illuminate/Http/Request), Object(Closure))
#34 C:/Users/0909W/OneDrive/Documenten/GitHub/Educom-Trainee-Dashboard/front-end/vendor/laravel/framework/src/Illuminate/Pipeline/Pipeline.php(219): Illuminate/Foundation/Http/Middleware/TrimStrings->handle(Object(Illuminate/Http/Request), Object(Closure))
#35 C:/Users/0909W/OneDrive/Documenten/GitHub/Educom-Trainee-Dashboard/front-end/vendor/laravel/framework/src/Illuminate/Http/Middleware/ValidatePostSize.php(27): Illuminate/Pipeline/Pipeline->{closure:{closure:Illuminate/Pipeline/Pipeline::carry():194}:195}(Object(Illuminate/Http/Request))
#36 C:/Users/0909W/OneDrive/Documenten/GitHub/Educom-Trainee-Dashboard/front-end/vendor/laravel/framework/src/Illuminate/Pipeline/Pipeline.php(219): Illuminate/Http/Middleware/ValidatePostSize->handle(Object(Illuminate/Http/Request), Object(Closure))
#37 C:/Users/0909W/OneDrive/Documenten/GitHub/Educom-Trainee-Dashboard/front-end/vendor/laravel/framework/src/Illuminate/Foundation/Http/Middleware/PreventRequestsDuringMaintenance.php(109): Illuminate/Pipeline/Pipeline->{closure:{closure:Illuminate/Pipeline/Pipeline::carry():194}:195}(Object(Illuminate/Http/Request))
#38 C:/Users/0909W/OneDrive/Documenten/GitHub/Educom-Trainee-Dashboard/front-end/vendor/laravel/framework/src/Illuminate/Pipeline/Pipeline.php(219): Illuminate/Foundation/Http/Middleware/PreventRequestsDuringMaintenance->handle(Object(Illuminate/Http/Request), Object(Closure))
#39 C:/Users/0909W/OneDrive/Documenten/GitHub/Educom-Trainee-Dashboard/front-end/vendor/laravel/framework/src/Illuminate/Http/Middleware/HandleCors.php(61): Illuminate/Pipeline/Pipeline->{closure:{closure:Illuminate/Pipeline/Pipeline::carry():194}:195}(Object(Illuminate/Http/Request))
#40 C:/Users/0909W/OneDrive/Documenten/GitHub/Educom-Trainee-Dashboard/front-end/vendor/laravel/framework/src/Illuminate/Pipeline/Pipeline.php(219): Illuminate/Http/Middleware/HandleCors->handle(Object(Illuminate/Http/Request), Object(Closure))
#41 C:/Users/0909W/OneDrive/Documenten/GitHub/Educom-Trainee-Dashboard/front-end/vendor/laravel/framework/src/Illuminate/Http/Middleware/TrustProxies.php(58): Illuminate/Pipeline/Pipeline->{closure:{closure:Illuminate/Pipeline/Pipeline::carry():194}:195}(Object(Illuminate/Http/Request))
#42 C:/Users/0909W/OneDrive/Documenten/GitHub/Educom-Trainee-Dashboard/front-end/vendor/laravel/framework/src/Illuminate/Pipeline/Pipeline.php(219): Illuminate/Http/Middleware/TrustProxies->handle(Object(Illuminate/Http/Request), Object(Closure))
#43 C:/Users/0909W/OneDrive/Documenten/GitHub/Educom-Trainee-Dashboard/front-end/vendor/laravel/framework/src/Illuminate/Foundation/Http/Middleware/InvokeDeferredCallbacks.php(22): Illuminate/Pipeline/Pipeline->{closure:{closure:Illuminate/Pipeline/Pipeline::carry():194}:195}(Object(Illuminate/Http/Request))
#44 C:/Users/0909W/OneDrive/Documenten/GitHub/Educom-Trainee-Dashboard/front-end/vendor/laravel/framework/src/Illuminate/Pipeline/Pipeline.php(219): Illuminate/Foundation/Http/Middleware/InvokeDeferredCallbacks->handle(Object(Illuminate/Http/Request), Object(Closure))
#45 C:/Users/0909W/OneDrive/Documenten/GitHub/Educom-Trainee-Dashboard/front-end/vendor/laravel/framework/src/Illuminate/Http/Middleware/ValidatePathEncoding.php(28): Illuminate/Pipeline/Pipeline->{closure:{closure:Illuminate/Pipeline/Pipeline::carry():194}:195}(Object(Illuminate/Http/Request))
#46 C:/Users/0909W/OneDrive/Documenten/GitHub/Educom-Trainee-Dashboard/front-end/vendor/laravel/framework/src/Illuminate/Pipeline/Pipeline.php(219): Illuminate/Http/Middleware/ValidatePathEncoding->handle(Object(Illuminate/Http/Request), Object(Closure))
#47 C:/Users/0909W/OneDrive/Documenten/GitHub/Educom-Trainee-Dashboard/front-end/vendor/laravel/framework/src/Illuminate/Pipeline/Pipeline.php(137): Illuminate/Pipeline/Pipeline->{closure:{closure:Illuminate/Pipeline/Pipeline::carry():194}:195}(Object(Illuminate/Http/Request))
#48 C:/Users/0909W/OneDrive/Documenten/GitHub/Educom-Trainee-Dashboard/front-end/vendor/laravel/framework/src/Illuminate/Foundation/Http/Kernel.php(175): Illuminate/Pipeline/Pipeline->then(Object(Closure))
#49 C:/Users/0909W/OneDrive/Documenten/GitHub/Educom-Trainee-Dashboard/front-end/vendor/laravel/framework/src/Illuminate/Foundation/Http/Kernel.php(144): Illuminate/Foundation/Http/Kernel->sendRequestThroughRouter(Object(Illuminate/Http/Request))
#50 C:/Users/0909W/OneDrive/Documenten/GitHub/Educom-Trainee-Dashboard/front-end/vendor/laravel/framework/src/Illuminate/Foundation/Application.php(1220): Illuminate/Foundation/Http/Kernel->handle(Object(Illuminate/Http/Request))
#51 C:/Users/0909W/OneDrive/Documenten/GitHub/Educom-Trainee-Dashboard/front-end/public/index.php(20): Illuminate/Foundation/Application->handleRequest(Object(Illuminate/Http/Request))
#52 C:/Users/0909W/OneDrive/Documenten/GitHub/Educom-Trainee-Dashboard/front-end/vendor/laravel/framework/src/Illuminate/Foundation/resources/server.php(23): require_once('C://Users//0909W//...')
#53 {main}

[previous exception] [object] (PDOException(code: 7): SQLSTATE[08006] [7] connection to server at \"127.0.0.1\", port 5432 failed: fe_sendauth: no password supplied at C:/Users/0909W/OneDrive/Documenten/GitHub/Educom-Trainee-Dashboard/front-end/vendor/laravel/framework/src/Illuminate/Database/Connectors/Connector.php:67)
[stacktrace]
#0 C:/Users/0909W/OneDrive/Documenten/GitHub/Educom-Trainee-Dashboard/front-end/vendor/laravel/framework/src/Illuminate/Database/Connectors/Connector.php(67): PDO::connect('pgsql:host=127....', 'root', Object(SensitiveParameterValue), Array)
#1 C:/Users/0909W/OneDrive/Documenten/GitHub/Educom-Trainee-Dashboard/front-end/vendor/laravel/framework/src/Illuminate/Database/Connectors/Connector.php(44): Illuminate/Database/Connectors/Connector->createPdoConnection('pgsql:host=127....', 'root', Object(SensitiveParameterValue), Array)
#2 C:/Users/0909W/OneDrive/Documenten/GitHub/Educom-Trainee-Dashboard/front-end/vendor/laravel/framework/src/Illuminate/Database/Connectors/PostgresConnector.php(35): Illuminate/Database/Connectors/Connector->createConnection('pgsql:host=127....', Array, Array)
#3 C:/Users/0909W/OneDrive/Documenten/GitHub/Educom-Trainee-Dashboard/front-end/vendor/laravel/framework/src/Illuminate/Database/Connectors/ConnectionFactory.php(220): Illuminate/Database/Connectors/PostgresConnector->connect(Array)
#4 [internal function]: Illuminate/Database/Connectors/ConnectionFactory->{closure:Illuminate/Database/Connectors/ConnectionFactory::createPdoResolverWithHosts():213}()
#5 C:/Users/0909W/OneDrive/Documenten/GitHub/Educom-Trainee-Dashboard/front-end/vendor/laravel/framework/src/Illuminate/Database/Connection.php(1297): call_user_func(Object(Closure))
#6 C:/Users/0909W/OneDrive/Documenten/GitHub/Educom-Trainee-Dashboard/front-end/vendor/laravel/framework/src/Illuminate/Database/Connection.php(542): Illuminate/Database/Connection->getPdo()
#7 C:/Users/0909W/OneDrive/Documenten/GitHub/Educom-Trainee-Dashboard/front-end/vendor/laravel/framework/src/Illuminate/Database/Connection.php(435): Illuminate/Database/Connection->getPdoForSelect(false)
#8 C:/Users/0909W/OneDrive/Documenten/GitHub/Educom-Trainee-Dashboard/front-end/vendor/laravel/framework/src/Illuminate/Database/Connection.php(846): Illuminate/Database/Connection->{closure:Illuminate/Database/Connection::select():426}('select * from \"...', Array)
#9 C:/Users/0909W/OneDrive/Documenten/GitHub/Educom-Trainee-Dashboard/front-end/vendor/laravel/framework/src/Illuminate/Database/Connection.php(813): Illuminate/Database/Connection->runQueryCallback('select * from \"...', Array, Object(Closure))
#10 C:/Users/0909W/OneDrive/Documenten/GitHub/Educom-Trainee-Dashboard/front-end/vendor/laravel/framework/src/Illuminate/Database/Connection.php(426): Illuminate/Database/Connection->run('select * from \"...', Array, Object(Closure))
#11 C:/Users/0909W/OneDrive/Documenten/GitHub/Educom-Trainee-Dashboard/front-end/vendor/laravel/framework/src/Illuminate/Database/Query/Builder.php(3573): Illuminate/Database/Connection->select('select * from \"...', Array, false, Array)
#12 C:/Users/0909W/OneDrive/Documenten/GitHub/Educom-Trainee-Dashboard/front-end/vendor/laravel/framework/src/Illuminate/Database/Query/Builder.php(3557): Illuminate/Database/Query/Builder->runSelect()
#13 C:/Users/0909W/OneDrive/Documenten/GitHub/Educom-Trainee-Dashboard/front-end/vendor/laravel/framework/src/Illuminate/Database/Concerns/BuildsQueries.php(366): Illuminate/Database/Query/Builder->get(Array)
#14 C:/Users/0909W/OneDrive/Documenten/GitHub/Educom-Trainee-Dashboard/front-end/vendor/laravel/framework/src/Illuminate/Database/Query/Builder.php(3475): Illuminate/Database/Query/Builder->first(Array)
#15 C:/Users/0909W/OneDrive/Documenten/GitHub/Educom-Trainee-Dashboard/front-end/vendor/laravel/framework/src/Illuminate/Session/DatabaseSessionHandler.php(96): Illuminate/Database/Query/Builder->find('QxgoZDAJpCaStum...')
#16 C:/Users/0909W/OneDrive/Documenten/GitHub/Educom-Trainee-Dashboard/front-end/vendor/laravel/framework/src/Illuminate/Session/Store.php(128): Illuminate/Session/DatabaseSessionHandler->read('QxgoZDAJpCaStum...')
#17 C:/Users/0909W/OneDrive/Documenten/GitHub/Educom-Trainee-Dashboard/front-end/vendor/laravel/framework/src/Illuminate/Session/Store.php(116): Illuminate/Session/Store->readFromHandler()
#18 C:/Users/0909W/OneDrive/Documenten/GitHub/Educom-Trainee-Dashboard/front-end/vendor/laravel/framework/src/Illuminate/Session/Store.php(100): Illuminate/Session/Store->loadSession()
#19 C:/Users/0909W/OneDrive/Documenten/GitHub/Educom-Trainee-Dashboard/front-end/vendor/laravel/framework/src/Illuminate/Session/Middleware/StartSession.php(146): Illuminate/Session/Store->start()
#20 C:/Users/0909W/OneDrive/Documenten/GitHub/Educom-Trainee-Dashboard/front-end/vendor/laravel/framework/src/Illuminate/Support/helpers.php(393): Illuminate/Session/Middleware/StartSession->{closure:Illuminate/Session/Middleware/StartSession::startSession():143}(Object(Illuminate/Session/Store))
#21 C:/Users/0909W/OneDrive/Documenten/GitHub/Educom-Trainee-Dashboard/front-end/vendor/laravel/framework/src/Illuminate/Session/Middleware/StartSession.php(143): tap(Object(Illuminate/Session/Store), Object(Closure))
#22 C:/Users/0909W/OneDrive/Documenten/GitHub/Educom-Trainee-Dashboard/front-end/vendor/laravel/framework/src/Illuminate/Session/Middleware/StartSession.php(115): Illuminate/Session/Middleware/StartSession->startSession(Object(Illuminate/Http/Request), Object(Illuminate/Session/Store))
#23 C:/Users/0909W/OneDrive/Documenten/GitHub/Educom-Trainee-Dashboard/front-end/vendor/laravel/framework/src/Illuminate/Session/Middleware/StartSession.php(63): Illuminate/Session/Middleware/StartSession->handleStatefulRequest(Object(Illuminate/Http/Request), Object(Illuminate/Session/Store), Object(Closure))
#24 C:/Users/0909W/OneDrive/Documenten/GitHub/Educom-Trainee-Dashboard/front-end/vendor/laravel/framework/src/Illuminate/Pipeline/Pipeline.php(219): Illuminate/Session/Middleware/StartSession->handle(Object(Illuminate/Http/Request), Object(Closure))
#25 C:/Users/0909W/OneDrive/Documenten/GitHub/Educom-Trainee-Dashboard/front-end/vendor/laravel/framework/src/Illuminate/Cookie/Middleware/AddQueuedCookiesToResponse.php(36): Illuminate/Pipeline/Pipeline->{closure:{closure:Illuminate/Pipeline/Pipeline::carry():194}:195}(Object(Illuminate/Http/Request))
#26 C:/Users/0909W/OneDrive/Documenten/GitHub/Educom-Trainee-Dashboard/front-end/vendor/laravel/framework/src/Illuminate/Pipeline/Pipeline.php(219): Illuminate/Cookie/Middleware/AddQueuedCookiesToResponse->handle(Object(Illuminate/Http/Request), Object(Closure))
#27 C:/Users/0909W/OneDrive/Documenten/GitHub/Educom-Trainee-Dashboard/front-end/vendor/laravel/framework/src/Illuminate/Cookie/Middleware/EncryptCookies.php(74): Illuminate/Pipeline/Pipeline->{closure:{closure:Illuminate/Pipeline/Pipeline::carry():194}:195}(Object(Illuminate/Http/Request))
#28 C:/Users/0909W/OneDrive/Documenten/GitHub/Educom-Trainee-Dashboard/front-end/vendor/laravel/framework/src/Illuminate/Pipeline/Pipeline.php(219): Illuminate/Cookie/Middleware/EncryptCookies->handle(Object(Illuminate/Http/Request), Object(Closure))
#29 C:/Users/0909W/OneDrive/Documenten/GitHub/Educom-Trainee-Dashboard/front-end/vendor/laravel/framework/src/Illuminate/Pipeline/Pipeline.php(137): Illuminate/Pipeline/Pipeline->{closure:{closure:Illuminate/Pipeline/Pipeline::carry():194}:195}(Object(Illuminate/Http/Request))
#30 C:/Users/0909W/OneDrive/Documenten/GitHub/Educom-Trainee-Dashboard/front-end/vendor/laravel/framework/src/Illuminate/Routing/Router.php(821): Illuminate/Pipeline/Pipeline->then(Object(Closure))
#31 C:/Users/0909W/OneDrive/Documenten/GitHub/Educom-Trainee-Dashboard/front-end/vendor/laravel/framework/src/Illuminate/Routing/Router.php(800): Illuminate/Routing/Router->runRouteWithinStack(Object(Illuminate/Routing/Route), Object(Illuminate/Http/Request))
#32 C:/Users/0909W/OneDrive/Documenten/GitHub/Educom-Trainee-Dashboard/front-end/vendor/laravel/framework/src/Illuminate/Routing/Router.php(764): Illuminate/Routing/Router->runRoute(Object(Illuminate/Http/Request), Object(Illuminate/Routing/Route))
#33 C:/Users/0909W/OneDrive/Documenten/GitHub/Educom-Trainee-Dashboard/front-end/vendor/laravel/framework/src/Illuminate/Routing/Router.php(753): Illuminate/Routing/Router->dispatchToRoute(Object(Illuminate/Http/Request))
#34 C:/Users/0909W/OneDrive/Documenten/GitHub/Educom-Trainee-Dashboard/front-end/vendor/laravel/framework/src/Illuminate/Foundation/Http/Kernel.php(200): Illuminate/Routing/Router->dispatch(Object(Illuminate/Http/Request))
#35 C:/Users/0909W/OneDrive/Documenten/GitHub/Educom-Trainee-Dashboard/front-end/vendor/laravel/framework/src/Illuminate/Pipeline/Pipeline.php(180): Illuminate/Foundation/Http/Kernel->{closure:Illuminate/Foundation/Http/Kernel::dispatchToRouter():197}(Object(Illuminate/Http/Request))
#36 C:/Users/0909W/OneDrive/Documenten/GitHub/Educom-Trainee-Dashboard/front-end/vendor/inertiajs/inertia-laravel/src/Middleware/EnsureGetOnRedirect.php(19): Illuminate/Pipeline/Pipeline->{closure:Illuminate/Pipeline/Pipeline::prepareDestination():178}(Object(Illuminate/Http/Request))
#37 C:/Users/0909W/OneDrive/Documenten/GitHub/Educom-Trainee-Dashboard/front-end/vendor/laravel/framework/src/Illuminate/Pipeline/Pipeline.php(219): Inertia/Middleware/EnsureGetOnRedirect->handle(Object(Illuminate/Http/Request), Object(Closure))
#38 C:/Users/0909W/OneDrive/Documenten/GitHub/Educom-Trainee-Dashboard/front-end/vendor/laravel/framework/src/Illuminate/Foundation/Http/Middleware/TransformsRequest.php(21): Illuminate/Pipeline/Pipeline->{closure:{closure:Illuminate/Pipeline/Pipeline::carry():194}:195}(Object(Illuminate/Http/Request))
#39 C:/Users/0909W/OneDrive/Documenten/GitHub/Educom-Trainee-Dashboard/front-end/vendor/laravel/framework/src/Illuminate/Foundation/Http/Middleware/ConvertEmptyStringsToNull.php(31): Illuminate/Foundation/Http/Middleware/TransformsRequest->handle(Object(Illuminate/Http/Request), Object(Closure))
#40 C:/Users/0909W/OneDrive/Documenten/GitHub/Educom-Trainee-Dashboard/front-end/vendor/laravel/framework/src/Illuminate/Pipeline/Pipeline.php(219): Illuminate/Foundation/Http/Middleware/ConvertEmptyStringsToNull->handle(Object(Illuminate/Http/Request), Object(Closure))
#41 C:/Users/0909W/OneDrive/Documenten/GitHub/Educom-Trainee-Dashboard/front-end/vendor/laravel/framework/src/Illuminate/Foundation/Http/Middleware/TransformsRequest.php(21): Illuminate/Pipeline/Pipeline->{closure:{closure:Illuminate/Pipeline/Pipeline::carry():194}:195}(Object(Illuminate/Http/Request))
#42 C:/Users/0909W/OneDrive/Documenten/GitHub/Educom-Trainee-Dashboard/front-end/vendor/laravel/framework/src/Illuminate/Foundation/Http/Middleware/TrimStrings.php(51): Illuminate/Foundation/Http/Middleware/TransformsRequest->handle(Object(Illuminate/Http/Request), Object(Closure))
#43 C:/Users/0909W/OneDrive/Documenten/GitHub/Educom-Trainee-Dashboard/front-end/vendor/laravel/framework/src/Illuminate/Pipeline/Pipeline.php(219): Illuminate/Foundation/Http/Middleware/TrimStrings->handle(Object(Illuminate/Http/Request), Object(Closure))
#44 C:/Users/0909W/OneDrive/Documenten/GitHub/Educom-Trainee-Dashboard/front-end/vendor/laravel/framework/src/Illuminate/Http/Middleware/ValidatePostSize.php(27): Illuminate/Pipeline/Pipeline->{closure:{closure:Illuminate/Pipeline/Pipeline::carry():194}:195}(Object(Illuminate/Http/Request))
#45 C:/Users/0909W/OneDrive/Documenten/GitHub/Educom-Trainee-Dashboard/front-end/vendor/laravel/framework/src/Illuminate/Pipeline/Pipeline.php(219): Illuminate/Http/Middleware/ValidatePostSize->handle(Object(Illuminate/Http/Request), Object(Closure))
#46 C:/Users/0909W/OneDrive/Documenten/GitHub/Educom-Trainee-Dashboard/front-end/vendor/laravel/framework/src/Illuminate/Foundation/Http/Middleware/PreventRequestsDuringMaintenance.php(109): Illuminate/Pipeline/Pipeline->{closure:{closure:Illuminate/Pipeline/Pipeline::carry():194}:195}(Object(Illuminate/Http/Request))
#47 C:/Users/0909W/OneDrive/Documenten/GitHub/Educom-Trainee-Dashboard/front-end/vendor/laravel/framework/src/Illuminate/Pipeline/Pipeline.php(219): Illuminate/Foundation/Http/Middleware/PreventRequestsDuringMaintenance->handle(Object(Illuminate/Http/Request), Object(Closure))
#48 C:/Users/0909W/OneDrive/Documenten/GitHub/Educom-Trainee-Dashboard/front-end/vendor/laravel/framework/src/Illuminate/Http/Middleware/HandleCors.php(61): Illuminate/Pipeline/Pipeline->{closure:{closure:Illuminate/Pipeline/Pipeline::carry():194}:195}(Object(Illuminate/Http/Request))
#49 C:/Users/0909W/OneDrive/Documenten/GitHub/Educom-Trainee-Dashboard/front-end/vendor/laravel/framework/src/Illuminate/Pipeline/Pipeline.php(219): Illuminate/Http/Middleware/HandleCors->handle(Object(Illuminate/Http/Request), Object(Closure))
#50 C:/Users/0909W/OneDrive/Documenten/GitHub/Educom-Trainee-Dashboard/front-end/vendor/laravel/framework/src/Illuminate/Http/Middleware/TrustProxies.php(58): Illuminate/Pipeline/Pipeline->{closure:{closure:Illuminate/Pipeline/Pipeline::carry():194}:195}(Object(Illuminate/Http/Request))
#51 C:/Users/0909W/OneDrive/Documenten/GitHub/Educom-Trainee-Dashboard/front-end/vendor/laravel/framework/src/Illuminate/Pipeline/Pipeline.php(219): Illuminate/Http/Middleware/TrustProxies->handle(Object(Illuminate/Http/Request), Object(Closure))
#52 C:/Users/0909W/OneDrive/Documenten/GitHub/Educom-Trainee-Dashboard/front-end/vendor/laravel/framework/src/Illuminate/Foundation/Http/Middleware/InvokeDeferredCallbacks.php(22): Illuminate/Pipeline/Pipeline->{closure:{closure:Illuminate/Pipeline/Pipeline::carry():194}:195}(Object(Illuminate/Http/Request))
#53 C:/Users/0909W/OneDrive/Documenten/GitHub/Educom-Trainee-Dashboard/front-end/vendor/laravel/framework/src/Illuminate/Pipeline/Pipeline.php(219): Illuminate/Foundation/Http/Middleware/InvokeDeferredCallbacks->handle(Object(Illuminate/Http/Request), Object(Closure))
#54 C:/Users/0909W/OneDrive/Documenten/GitHub/Educom-Trainee-Dashboard/front-end/vendor/laravel/framework/src/Illuminate/Http/Middleware/ValidatePathEncoding.php(28): Illuminate/Pipeline/Pipeline->{closure:{closure:Illuminate/Pipeline/Pipeline::carry():194}:195}(Object(Illuminate/Http/Request))
#55 C:/Users/0909W/OneDrive/Documenten/GitHub/Educom-Trainee-Dashboard/front-end/vendor/laravel/framework/src/Illuminate/Pipeline/Pipeline.php(219): Illuminate/Http/Middleware/ValidatePathEncoding->handle(Object(Illuminate/Http/Request), Object(Closure))
#56 C:/Users/0909W/OneDrive/Documenten/GitHub/Educom-Trainee-Dashboard/front-end/vendor/laravel/framework/src/Illuminate/Pipeline/Pipeline.php(137): Illuminate/Pipeline/Pipeline->{closure:{closure:Illuminate/Pipeline/Pipeline::carry():194}:195}(Object(Illuminate/Http/Request))
#57 C:/Users/0909W/OneDrive/Documenten/GitHub/Educom-Trainee-Dashboard/front-end/vendor/laravel/framework/src/Illuminate/Foundation/Http/Kernel.php(175): Illuminate/Pipeline/Pipeline->then(Object(Closure))
#58 C:/Users/0909W/OneDrive/Documenten/GitHub/Educom-Trainee-Dashboard/front-end/vendor/laravel/framework/src/Illuminate/Foundation/Http/Kernel.php(144): Illuminate/Foundation/Http/Kernel->sendRequestThroughRouter(Object(Illuminate/Http/Request))
#59 C:/Users/0909W/OneDrive/Documenten/GitHub/Educom-Trainee-Dashboard/front-end/vendor/laravel/framework/src/Illuminate/Foundation/Application.php(1220): Illuminate/Foundation/Http/Kernel->handle(Object(Illuminate/Http/Request))
#60 C:/Users/0909W/OneDrive/Documenten/GitHub/Educom-Trainee-Dashboard/front-end/public/index.php(20): Illuminate/Foundation/Application->handleRequest(Object(Illuminate/Http/Request))
#61 C:/Users/0909W/OneDrive/Documenten/GitHub/Educom-Trainee-Dashboard/front-end/vendor/laravel/framework/src/Illuminate/Foundation/resources/server.php(23): require_once('C://Users//0909W//...')
#62 {main}
"} 
[2026-07-14 13:54:30] local.ERROR: SQLSTATE[08006] [7] connection to server at "127.0.0.1", port 5432 failed: fe_sendauth: no password supplied (Connection: pgsql, Host: 127.0.0.1, Port: 5432, Database: laravel, SQL: select * from "sessions" where "id" = Lm4R1QCd7FDOSXDedqpJVw9ZG971HPj47oHqMeT9 limit 1) {"exception":"[object] (Illuminate\\Database\\QueryException(code: 7): SQLSTATE[08006] [7] connection to server at \"127.0.0.1\", port 5432 failed: fe_sendauth: no password supplied (Connection: pgsql, Host: 127.0.0.1, Port: 5432, Database: laravel, SQL: select * from \"sessions\" where \"id\" = Lm4R1QCd7FDOSXDedqpJVw9ZG971HPj47oHqMeT9 limit 1) at C:/Users/0909W/OneDrive/Documenten/GitHub/Educom-Trainee-Dashboard/front-end/vendor/laravel/framework/src/Illuminate/Database/Connection.php:857)
[stacktrace]
#0 C:/Users/0909W/OneDrive/Documenten/GitHub/Educom-Trainee-Dashboard/front-end/vendor/laravel/framework/src/Illuminate/Database/Connection.php(813): Illuminate/Database/Connection->runQueryCallback('select * from \"...', Array, Object(Closure))
#1 C:/Users/0909W/OneDrive/Documenten/GitHub/Educom-Trainee-Dashboard/front-end/vendor/laravel/framework/src/Illuminate/Database/Connection.php(426): Illuminate/Database/Connection->run('select * from \"...', Array, Object(Closure))
#2 C:/Users/0909W/OneDrive/Documenten/GitHub/Educom-Trainee-Dashboard/front-end/vendor/laravel/framework/src/Illuminate/Database/Query/Builder.php(3573): Illuminate/Database/Connection->select('select * from \"...', Array, false, Array)
#3 C:/Users/0909W/OneDrive/Documenten/GitHub/Educom-Trainee-Dashboard/front-end/vendor/laravel/framework/src/Illuminate/Database/Query/Builder.php(3557): Illuminate/Database/Query/Builder->runSelect()
#4 C:/Users/0909W/OneDrive/Documenten/GitHub/Educom-Trainee-Dashboard/front-end/vendor/laravel/framework/src/Illuminate/Database/Concerns/BuildsQueries.php(366): Illuminate/Database/Query/Builder->get(Array)
#5 C:/Users/0909W/OneDrive/Documenten/GitHub/Educom-Trainee-Dashboard/front-end/vendor/laravel/framework/src/Illuminate/Database/Query/Builder.php(3475): Illuminate/Database/Query/Builder->first(Array)
#6 C:/Users/0909W/OneDrive/Documenten/GitHub/Educom-Trainee-Dashboard/front-end/vendor/laravel/framework/src/Illuminate/Session/DatabaseSessionHandler.php(96): Illuminate/Database/Query/Builder->find('Lm4R1QCd7FDOSXD...')
#7 C:/Users/0909W/OneDrive/Documenten/GitHub/Educom-Trainee-Dashboard/front-end/vendor/laravel/framework/src/Illuminate/Session/Store.php(128): Illuminate/Session/DatabaseSessionHandler->read('Lm4R1QCd7FDOSXD...')
#8 C:/Users/0909W/OneDrive/Documenten/GitHub/Educom-Trainee-Dashboard/front-end/vendor/laravel/framework/src/Illuminate/Session/Store.php(116): Illuminate/Session/Store->readFromHandler()
#9 C:/Users/0909W/OneDrive/Documenten/GitHub/Educom-Trainee-Dashboard/front-end/vendor/laravel/framework/src/Illuminate/Session/Store.php(100): Illuminate/Session/Store->loadSession()
#10 C:/Users/0909W/OneDrive/Documenten/GitHub/Educom-Trainee-Dashboard/front-end/vendor/laravel/framework/src/Illuminate/Session/Middleware/StartSession.php(146): Illuminate/Session/Store->start()
#11 C:/Users/0909W/OneDrive/Documenten/GitHub/Educom-Trainee-Dashboard/front-end/vendor/laravel/framework/src/Illuminate/Support/helpers.php(393): Illuminate/Session/Middleware/StartSession->{closure:Illuminate/Session/Middleware/StartSession::startSession():143}(Object(Illuminate/Session/Store))
#12 C:/Users/0909W/OneDrive/Documenten/GitHub/Educom-Trainee-Dashboard/front-end/vendor/laravel/framework/src/Illuminate/Session/Middleware/StartSession.php(143): tap(Object(Illuminate/Session/Store), Object(Closure))
#13 C:/Users/0909W/OneDrive/Documenten/GitHub/Educom-Trainee-Dashboard/front-end/vendor/laravel/framework/src/Illuminate/Session/Middleware/StartSession.php(115): Illuminate/Session/Middleware/StartSession->startSession(Object(Illuminate/Http/Request), Object(Illuminate/Session/Store))
#14 C:/Users/0909W/OneDrive/Documenten/GitHub/Educom-Trainee-Dashboard/front-end/vendor/laravel/framework/src/Illuminate/Session/Middleware/StartSession.php(63): Illuminate/Session/Middleware/StartSession->handleStatefulRequest(Object(Illuminate/Http/Request), Object(Illuminate/Session/Store), Object(Closure))
#15 C:/Users/0909W/OneDrive/Documenten/GitHub/Educom-Trainee-Dashboard/front-end/vendor/laravel/framework/src/Illuminate/Pipeline/Pipeline.php(219): Illuminate/Session/Middleware/StartSession->handle(Object(Illuminate/Http/Request), Object(Closure))
#16 C:/Users/0909W/OneDrive/Documenten/GitHub/Educom-Trainee-Dashboard/front-end/vendor/laravel/framework/src/Illuminate/Cookie/Middleware/AddQueuedCookiesToResponse.php(36): Illuminate/Pipeline/Pipeline->{closure:{closure:Illuminate/Pipeline/Pipeline::carry():194}:195}(Object(Illuminate/Http/Request))
#17 C:/Users/0909W/OneDrive/Documenten/GitHub/Educom-Trainee-Dashboard/front-end/vendor/laravel/framework/src/Illuminate/Pipeline/Pipeline.php(219): Illuminate/Cookie/Middleware/AddQueuedCookiesToResponse->handle(Object(Illuminate/Http/Request), Object(Closure))
#18 C:/Users/0909W/OneDrive/Documenten/GitHub/Educom-Trainee-Dashboard/front-end/vendor/laravel/framework/src/Illuminate/Cookie/Middleware/EncryptCookies.php(74): Illuminate/Pipeline/Pipeline->{closure:{closure:Illuminate/Pipeline/Pipeline::carry():194}:195}(Object(Illuminate/Http/Request))
#19 C:/Users/0909W/OneDrive/Documenten/GitHub/Educom-Trainee-Dashboard/front-end/vendor/laravel/framework/src/Illuminate/Pipeline/Pipeline.php(219): Illuminate/Cookie/Middleware/EncryptCookies->handle(Object(Illuminate/Http/Request), Object(Closure))
#20 C:/Users/0909W/OneDrive/Documenten/GitHub/Educom-Trainee-Dashboard/front-end/vendor/laravel/framework/src/Illuminate/Pipeline/Pipeline.php(137): Illuminate/Pipeline/Pipeline->{closure:{closure:Illuminate/Pipeline/Pipeline::carry():194}:195}(Object(Illuminate/Http/Request))
#21 C:/Users/0909W/OneDrive/Documenten/GitHub/Educom-Trainee-Dashboard/front-end/vendor/laravel/framework/src/Illuminate/Routing/Router.php(821): Illuminate/Pipeline/Pipeline->then(Object(Closure))
#22 C:/Users/0909W/OneDrive/Documenten/GitHub/Educom-Trainee-Dashboard/front-end/vendor/laravel/framework/src/Illuminate/Routing/Router.php(800): Illuminate/Routing/Router->runRouteWithinStack(Object(Illuminate/Routing/Route), Object(Illuminate/Http/Request))
#23 C:/Users/0909W/OneDrive/Documenten/GitHub/Educom-Trainee-Dashboard/front-end/vendor/laravel/framework/src/Illuminate/Routing/Router.php(764): Illuminate/Routing/Router->runRoute(Object(Illuminate/Http/Request), Object(Illuminate/Routing/Route))
#24 C:/Users/0909W/OneDrive/Documenten/GitHub/Educom-Trainee-Dashboard/front-end/vendor/laravel/framework/src/Illuminate/Routing/Router.php(753): Illuminate/Routing/Router->dispatchToRoute(Object(Illuminate/Http/Request))
#25 C:/Users/0909W/OneDrive/Documenten/GitHub/Educom-Trainee-Dashboard/front-end/vendor/laravel/framework/src/Illuminate/Foundation/Http/Kernel.php(200): Illuminate/Routing/Router->dispatch(Object(Illuminate/Http/Request))
#26 C:/Users/0909W/OneDrive/Documenten/GitHub/Educom-Trainee-Dashboard/front-end/vendor/laravel/framework/src/Illuminate/Pipeline/Pipeline.php(180): Illuminate/Foundation/Http/Kernel->{closure:Illuminate/Foundation/Http/Kernel::dispatchToRouter():197}(Object(Illuminate/Http/Request))
#27 C:/Users/0909W/OneDrive/Documenten/GitHub/Educom-Trainee-Dashboard/front-end/vendor/inertiajs/inertia-laravel/src/Middleware/EnsureGetOnRedirect.php(19): Illuminate/Pipeline/Pipeline->{closure:Illuminate/Pipeline/Pipeline::prepareDestination():178}(Object(Illuminate/Http/Request))
#28 C:/Users/0909W/OneDrive/Documenten/GitHub/Educom-Trainee-Dashboard/front-end/vendor/laravel/framework/src/Illuminate/Pipeline/Pipeline.php(219): Inertia/Middleware/EnsureGetOnRedirect->handle(Object(Illuminate/Http/Request), Object(Closure))
#29 C:/Users/0909W/OneDrive/Documenten/GitHub/Educom-Trainee-Dashboard/front-end/vendor/laravel/framework/src/Illuminate/Foundation/Http/Middleware/TransformsRequest.php(21): Illuminate/Pipeline/Pipeline->{closure:{closure:Illuminate/Pipeline/Pipeline::carry():194}:195}(Object(Illuminate/Http/Request))
#30 C:/Users/0909W/OneDrive/Documenten/GitHub/Educom-Trainee-Dashboard/front-end/vendor/laravel/framework/src/Illuminate/Foundation/Http/Middleware/ConvertEmptyStringsToNull.php(31): Illuminate/Foundation/Http/Middleware/TransformsRequest->handle(Object(Illuminate/Http/Request), Object(Closure))
#31 C:/Users/0909W/OneDrive/Documenten/GitHub/Educom-Trainee-Dashboard/front-end/vendor/laravel/framework/src/Illuminate/Pipeline/Pipeline.php(219): Illuminate/Foundation/Http/Middleware/ConvertEmptyStringsToNull->handle(Object(Illuminate/Http/Request), Object(Closure))
#32 C:/Users/0909W/OneDrive/Documenten/GitHub/Educom-Trainee-Dashboard/front-end/vendor/laravel/framework/src/Illuminate/Foundation/Http/Middleware/TransformsRequest.php(21): Illuminate/Pipeline/Pipeline->{closure:{closure:Illuminate/Pipeline/Pipeline::carry():194}:195}(Object(Illuminate/Http/Request))
#33 C:/Users/0909W/OneDrive/Documenten/GitHub/Educom-Trainee-Dashboard/front-end/vendor/laravel/framework/src/Illuminate/Foundation/Http/Middleware/TrimStrings.php(51): Illuminate/Foundation/Http/Middleware/TransformsRequest->handle(Object(Illuminate/Http/Request), Object(Closure))
#34 C:/Users/0909W/OneDrive/Documenten/GitHub/Educom-Trainee-Dashboard/front-end/vendor/laravel/framework/src/Illuminate/Pipeline/Pipeline.php(219): Illuminate/Foundation/Http/Middleware/TrimStrings->handle(Object(Illuminate/Http/Request), Object(Closure))
#35 C:/Users/0909W/OneDrive/Documenten/GitHub/Educom-Trainee-Dashboard/front-end/vendor/laravel/framework/src/Illuminate/Http/Middleware/ValidatePostSize.php(27): Illuminate/Pipeline/Pipeline->{closure:{closure:Illuminate/Pipeline/Pipeline::carry():194}:195}(Object(Illuminate/Http/Request))
#36 C:/Users/0909W/OneDrive/Documenten/GitHub/Educom-Trainee-Dashboard/front-end/vendor/laravel/framework/src/Illuminate/Pipeline/Pipeline.php(219): Illuminate/Http/Middleware/ValidatePostSize->handle(Object(Illuminate/Http/Request), Object(Closure))
#37 C:/Users/0909W/OneDrive/Documenten/GitHub/Educom-Trainee-Dashboard/front-end/vendor/laravel/framework/src/Illuminate/Foundation/Http/Middleware/PreventRequestsDuringMaintenance.php(109): Illuminate/Pipeline/Pipeline->{closure:{closure:Illuminate/Pipeline/Pipeline::carry():194}:195}(Object(Illuminate/Http/Request))
#38 C:/Users/0909W/OneDrive/Documenten/GitHub/Educom-Trainee-Dashboard/front-end/vendor/laravel/framework/src/Illuminate/Pipeline/Pipeline.php(219): Illuminate/Foundation/Http/Middleware/PreventRequestsDuringMaintenance->handle(Object(Illuminate/Http/Request), Object(Closure))
#39 C:/Users/0909W/OneDrive/Documenten/GitHub/Educom-Trainee-Dashboard/front-end/vendor/laravel/framework/src/Illuminate/Http/Middleware/HandleCors.php(61): Illuminate/Pipeline/Pipeline->{closure:{closure:Illuminate/Pipeline/Pipeline::carry():194}:195}(Object(Illuminate/Http/Request))
#40 C:/Users/0909W/OneDrive/Documenten/GitHub/Educom-Trainee-Dashboard/front-end/vendor/laravel/framework/src/Illuminate/Pipeline/Pipeline.php(219): Illuminate/Http/Middleware/HandleCors->handle(Object(Illuminate/Http/Request), Object(Closure))
#41 C:/Users/0909W/OneDrive/Documenten/GitHub/Educom-Trainee-Dashboard/front-end/vendor/laravel/framework/src/Illuminate/Http/Middleware/TrustProxies.php(58): Illuminate/Pipeline/Pipeline->{closure:{closure:Illuminate/Pipeline/Pipeline::carry():194}:195}(Object(Illuminate/Http/Request))
#42 C:/Users/0909W/OneDrive/Documenten/GitHub/Educom-Trainee-Dashboard/front-end/vendor/laravel/framework/src/Illuminate/Pipeline/Pipeline.php(219): Illuminate/Http/Middleware/TrustProxies->handle(Object(Illuminate/Http/Request), Object(Closure))
#43 C:/Users/0909W/OneDrive/Documenten/GitHub/Educom-Trainee-Dashboard/front-end/vendor/laravel/framework/src/Illuminate/Foundation/Http/Middleware/InvokeDeferredCallbacks.php(22): Illuminate/Pipeline/Pipeline->{closure:{closure:Illuminate/Pipeline/Pipeline::carry():194}:195}(Object(Illuminate/Http/Request))
#44 C:/Users/0909W/OneDrive/Documenten/GitHub/Educom-Trainee-Dashboard/front-end/vendor/laravel/framework/src/Illuminate/Pipeline/Pipeline.php(219): Illuminate/Foundation/Http/Middleware/InvokeDeferredCallbacks->handle(Object(Illuminate/Http/Request), Object(Closure))
#45 C:/Users/0909W/OneDrive/Documenten/GitHub/Educom-Trainee-Dashboard/front-end/vendor/laravel/framework/src/Illuminate/Http/Middleware/ValidatePathEncoding.php(28): Illuminate/Pipeline/Pipeline->{closure:{closure:Illuminate/Pipeline/Pipeline::carry():194}:195}(Object(Illuminate/Http/Request))
#46 C:/Users/0909W/OneDrive/Documenten/GitHub/Educom-Trainee-Dashboard/front-end/vendor/laravel/framework/src/Illuminate/Pipeline/Pipeline.php(219): Illuminate/Http/Middleware/ValidatePathEncoding->handle(Object(Illuminate/Http/Request), Object(Closure))
#47 C:/Users/0909W/OneDrive/Documenten/GitHub/Educom-Trainee-Dashboard/front-end/vendor/laravel/framework/src/Illuminate/Pipeline/Pipeline.php(137): Illuminate/Pipeline/Pipeline->{closure:{closure:Illuminate/Pipeline/Pipeline::carry():194}:195}(Object(Illuminate/Http/Request))
#48 C:/Users/0909W/OneDrive/Documenten/GitHub/Educom-Trainee-Dashboard/front-end/vendor/laravel/framework/src/Illuminate/Foundation/Http/Kernel.php(175): Illuminate/Pipeline/Pipeline->then(Object(Closure))
#49 C:/Users/0909W/OneDrive/Documenten/GitHub/Educom-Trainee-Dashboard/front-end/vendor/laravel/framework/src/Illuminate/Foundation/Http/Kernel.php(144): Illuminate/Foundation/Http/Kernel->sendRequestThroughRouter(Object(Illuminate/Http/Request))
#50 C:/Users/0909W/OneDrive/Documenten/GitHub/Educom-Trainee-Dashboard/front-end/vendor/laravel/framework/src/Illuminate/Foundation/Application.php(1220): Illuminate/Foundation/Http/Kernel->handle(Object(Illuminate/Http/Request))
#51 C:/Users/0909W/OneDrive/Documenten/GitHub/Educom-Trainee-Dashboard/front-end/public/index.php(20): Illuminate/Foundation/Application->handleRequest(Object(Illuminate/Http/Request))
#52 C:/Users/0909W/OneDrive/Documenten/GitHub/Educom-Trainee-Dashboard/front-end/vendor/laravel/framework/src/Illuminate/Foundation/resources/server.php(23): require_once('C://Users//0909W//...')
#53 {main}

[previous exception] [object] (PDOException(code: 7): SQLSTATE[08006] [7] connection to server at \"127.0.0.1\", port 5432 failed: fe_sendauth: no password supplied at C:/Users/0909W/OneDrive/Documenten/GitHub/Educom-Trainee-Dashboard/front-end/vendor/laravel/framework/src/Illuminate/Database/Connectors/Connector.php:67)
[stacktrace]
#0 C:/Users/0909W/OneDrive/Documenten/GitHub/Educom-Trainee-Dashboard/front-end/vendor/laravel/framework/src/Illuminate/Database/Connectors/Connector.php(67): PDO::connect('pgsql:host=127....', 'root', Object(SensitiveParameterValue), Array)
#1 C:/Users/0909W/OneDrive/Documenten/GitHub/Educom-Trainee-Dashboard/front-end/vendor/laravel/framework/src/Illuminate/Database/Connectors/Connector.php(44): Illuminate/Database/Connectors/Connector->createPdoConnection('pgsql:host=127....', 'root', Object(SensitiveParameterValue), Array)
#2 C:/Users/0909W/OneDrive/Documenten/GitHub/Educom-Trainee-Dashboard/front-end/vendor/laravel/framework/src/Illuminate/Database/Connectors/PostgresConnector.php(35): Illuminate/Database/Connectors/Connector->createConnection('pgsql:host=127....', Array, Array)
#3 C:/Users/0909W/OneDrive/Documenten/GitHub/Educom-Trainee-Dashboard/front-end/vendor/laravel/framework/src/Illuminate/Database/Connectors/ConnectionFactory.php(220): Illuminate/Database/Connectors/PostgresConnector->connect(Array)
#4 [internal function]: Illuminate/Database/Connectors/ConnectionFactory->{closure:Illuminate/Database/Connectors/ConnectionFactory::createPdoResolverWithHosts():213}()
#5 C:/Users/0909W/OneDrive/Documenten/GitHub/Educom-Trainee-Dashboard/front-end/vendor/laravel/framework/src/Illuminate/Database/Connection.php(1297): call_user_func(Object(Closure))
#6 C:/Users/0909W/OneDrive/Documenten/GitHub/Educom-Trainee-Dashboard/front-end/vendor/laravel/framework/src/Illuminate/Database/Connection.php(542): Illuminate/Database/Connection->getPdo()
#7 C:/Users/0909W/OneDrive/Documenten/GitHub/Educom-Trainee-Dashboard/front-end/vendor/laravel/framework/src/Illuminate/Database/Connection.php(435): Illuminate/Database/Connection->getPdoForSelect(false)
#8 C:/Users/0909W/OneDrive/Documenten/GitHub/Educom-Trainee-Dashboard/front-end/vendor/laravel/framework/src/Illuminate/Database/Connection.php(846): Illuminate/Database/Connection->{closure:Illuminate/Database/Connection::select():426}('select * from \"...', Array)
#9 C:/Users/0909W/OneDrive/Documenten/GitHub/Educom-Trainee-Dashboard/front-end/vendor/laravel/framework/src/Illuminate/Database/Connection.php(813): Illuminate/Database/Connection->runQueryCallback('select * from \"...', Array, Object(Closure))
#10 C:/Users/0909W/OneDrive/Documenten/GitHub/Educom-Trainee-Dashboard/front-end/vendor/laravel/framework/src/Illuminate/Database/Connection.php(426): Illuminate/Database/Connection->run('select * from \"...', Array, Object(Closure))
#11 C:/Users/0909W/OneDrive/Documenten/GitHub/Educom-Trainee-Dashboard/front-end/vendor/laravel/framework/src/Illuminate/Database/Query/Builder.php(3573): Illuminate/Database/Connection->select('select * from \"...', Array, false, Array)
#12 C:/Users/0909W/OneDrive/Documenten/GitHub/Educom-Trainee-Dashboard/front-end/vendor/laravel/framework/src/Illuminate/Database/Query/Builder.php(3557): Illuminate/Database/Query/Builder->runSelect()
#13 C:/Users/0909W/OneDrive/Documenten/GitHub/Educom-Trainee-Dashboard/front-end/vendor/laravel/framework/src/Illuminate/Database/Concerns/BuildsQueries.php(366): Illuminate/Database/Query/Builder->get(Array)
#14 C:/Users/0909W/OneDrive/Documenten/GitHub/Educom-Trainee-Dashboard/front-end/vendor/laravel/framework/src/Illuminate/Database/Query/Builder.php(3475): Illuminate/Database/Query/Builder->first(Array)
#15 C:/Users/0909W/OneDrive/Documenten/GitHub/Educom-Trainee-Dashboard/front-end/vendor/laravel/framework/src/Illuminate/Session/DatabaseSessionHandler.php(96): Illuminate/Database/Query/Builder->find('Lm4R1QCd7FDOSXD...')
#16 C:/Users/0909W/OneDrive/Documenten/GitHub/Educom-Trainee-Dashboard/front-end/vendor/laravel/framework/src/Illuminate/Session/Store.php(128): Illuminate/Session/DatabaseSessionHandler->read('Lm4R1QCd7FDOSXD...')
#17 C:/Users/0909W/OneDrive/Documenten/GitHub/Educom-Trainee-Dashboard/front-end/vendor/laravel/framework/src/Illuminate/Session/Store.php(116): Illuminate/Session/Store->readFromHandler()
#18 C:/Users/0909W/OneDrive/Documenten/GitHub/Educom-Trainee-Dashboard/front-end/vendor/laravel/framework/src/Illuminate/Session/Store.php(100): Illuminate/Session/Store->loadSession()
#19 C:/Users/0909W/OneDrive/Documenten/GitHub/Educom-Trainee-Dashboard/front-end/vendor/laravel/framework/src/Illuminate/Session/Middleware/StartSession.php(146): Illuminate/Session/Store->start()
#20 C:/Users/0909W/OneDrive/Documenten/GitHub/Educom-Trainee-Dashboard/front-end/vendor/laravel/framework/src/Illuminate/Support/helpers.php(393): Illuminate/Session/Middleware/StartSession->{closure:Illuminate/Session/Middleware/StartSession::startSession():143}(Object(Illuminate/Session/Store))
#21 C:/Users/0909W/OneDrive/Documenten/GitHub/Educom-Trainee-Dashboard/front-end/vendor/laravel/framework/src/Illuminate/Session/Middleware/StartSession.php(143): tap(Object(Illuminate/Session/Store), Object(Closure))
#22 C:/Users/0909W/OneDrive/Documenten/GitHub/Educom-Trainee-Dashboard/front-end/vendor/laravel/framework/src/Illuminate/Session/Middleware/StartSession.php(115): Illuminate/Session/Middleware/StartSession->startSession(Object(Illuminate/Http/Request), Object(Illuminate/Session/Store))
#23 C:/Users/0909W/OneDrive/Documenten/GitHub/Educom-Trainee-Dashboard/front-end/vendor/laravel/framework/src/Illuminate/Session/Middleware/StartSession.php(63): Illuminate/Session/Middleware/StartSession->handleStatefulRequest(Object(Illuminate/Http/Request), Object(Illuminate/Session/Store), Object(Closure))
#24 C:/Users/0909W/OneDrive/Documenten/GitHub/Educom-Trainee-Dashboard/front-end/vendor/laravel/framework/src/Illuminate/Pipeline/Pipeline.php(219): Illuminate/Session/Middleware/StartSession->handle(Object(Illuminate/Http/Request), Object(Closure))
#25 C:/Users/0909W/OneDrive/Documenten/GitHub/Educom-Trainee-Dashboard/front-end/vendor/laravel/framework/src/Illuminate/Cookie/Middleware/AddQueuedCookiesToResponse.php(36): Illuminate/Pipeline/Pipeline->{closure:{closure:Illuminate/Pipeline/Pipeline::carry():194}:195}(Object(Illuminate/Http/Request))
#26 C:/Users/0909W/OneDrive/Documenten/GitHub/Educom-Trainee-Dashboard/front-end/vendor/laravel/framework/src/Illuminate/Pipeline/Pipeline.php(219): Illuminate/Cookie/Middleware/AddQueuedCookiesToResponse->handle(Object(Illuminate/Http/Request), Object(Closure))
#27 C:/Users/0909W/OneDrive/Documenten/GitHub/Educom-Trainee-Dashboard/front-end/vendor/laravel/framework/src/Illuminate/Cookie/Middleware/EncryptCookies.php(74): Illuminate/Pipeline/Pipeline->{closure:{closure:Illuminate/Pipeline/Pipeline::carry():194}:195}(Object(Illuminate/Http/Request))
#28 C:/Users/0909W/OneDrive/Documenten/GitHub/Educom-Trainee-Dashboard/front-end/vendor/laravel/framework/src/Illuminate/Pipeline/Pipeline.php(219): Illuminate/Cookie/Middleware/EncryptCookies->handle(Object(Illuminate/Http/Request), Object(Closure))
#29 C:/Users/0909W/OneDrive/Documenten/GitHub/Educom-Trainee-Dashboard/front-end/vendor/laravel/framework/src/Illuminate/Pipeline/Pipeline.php(137): Illuminate/Pipeline/Pipeline->{closure:{closure:Illuminate/Pipeline/Pipeline::carry():194}:195}(Object(Illuminate/Http/Request))
#30 C:/Users/0909W/OneDrive/Documenten/GitHub/Educom-Trainee-Dashboard/front-end/vendor/laravel/framework/src/Illuminate/Routing/Router.php(821): Illuminate/Pipeline/Pipeline->then(Object(Closure))
#31 C:/Users/0909W/OneDrive/Documenten/GitHub/Educom-Trainee-Dashboard/front-end/vendor/laravel/framework/src/Illuminate/Routing/Router.php(800): Illuminate/Routing/Router->runRouteWithinStack(Object(Illuminate/Routing/Route), Object(Illuminate/Http/Request))
#32 C:/Users/0909W/OneDrive/Documenten/GitHub/Educom-Trainee-Dashboard/front-end/vendor/laravel/framework/src/Illuminate/Routing/Router.php(764): Illuminate/Routing/Router->runRoute(Object(Illuminate/Http/Request), Object(Illuminate/Routing/Route))
#33 C:/Users/0909W/OneDrive/Documenten/GitHub/Educom-Trainee-Dashboard/front-end/vendor/laravel/framework/src/Illuminate/Routing/Router.php(753): Illuminate/Routing/Router->dispatchToRoute(Object(Illuminate/Http/Request))
#34 C:/Users/0909W/OneDrive/Documenten/GitHub/Educom-Trainee-Dashboard/front-end/vendor/laravel/framework/src/Illuminate/Foundation/Http/Kernel.php(200): Illuminate/Routing/Router->dispatch(Object(Illuminate/Http/Request))
#35 C:/Users/0909W/OneDrive/Documenten/GitHub/Educom-Trainee-Dashboard/front-end/vendor/laravel/framework/src/Illuminate/Pipeline/Pipeline.php(180): Illuminate/Foundation/Http/Kernel->{closure:Illuminate/Foundation/Http/Kernel::dispatchToRouter():197}(Object(Illuminate/Http/Request))
#36 C:/Users/0909W/OneDrive/Documenten/GitHub/Educom-Trainee-Dashboard/front-end/vendor/inertiajs/inertia-laravel/src/Middleware/EnsureGetOnRedirect.php(19): Illuminate/Pipeline/Pipeline->{closure:Illuminate/Pipeline/Pipeline::prepareDestination():178}(Object(Illuminate/Http/Request))
#37 C:/Users/0909W/OneDrive/Documenten/GitHub/Educom-Trainee-Dashboard/front-end/vendor/laravel/framework/src/Illuminate/Pipeline/Pipeline.php(219): Inertia/Middleware/EnsureGetOnRedirect->handle(Object(Illuminate/Http/Request), Object(Closure))
#38 C:/Users/0909W/OneDrive/Documenten/GitHub/Educom-Trainee-Dashboard/front-end/vendor/laravel/framework/src/Illuminate/Foundation/Http/Middleware/TransformsRequest.php(21): Illuminate/Pipeline/Pipeline->{closure:{closure:Illuminate/Pipeline/Pipeline::carry():194}:195}(Object(Illuminate/Http/Request))
#39 C:/Users/0909W/OneDrive/Documenten/GitHub/Educom-Trainee-Dashboard/front-end/vendor/laravel/framework/src/Illuminate/Foundation/Http/Middleware/ConvertEmptyStringsToNull.php(31): Illuminate/Foundation/Http/Middleware/TransformsRequest->handle(Object(Illuminate/Http/Request), Object(Closure))
#40 C:/Users/0909W/OneDrive/Documenten/GitHub/Educom-Trainee-Dashboard/front-end/vendor/laravel/framework/src/Illuminate/Pipeline/Pipeline.php(219): Illuminate/Foundation/Http/Middleware/ConvertEmptyStringsToNull->handle(Object(Illuminate/Http/Request), Object(Closure))
#41 C:/Users/0909W/OneDrive/Documenten/GitHub/Educom-Trainee-Dashboard/front-end/vendor/laravel/framework/src/Illuminate/Foundation/Http/Middleware/TransformsRequest.php(21): Illuminate/Pipeline/Pipeline->{closure:{closure:Illuminate/Pipeline/Pipeline::carry():194}:195}(Object(Illuminate/Http/Request))
#42 C:/Users/0909W/OneDrive/Documenten/GitHub/Educom-Trainee-Dashboard/front-end/vendor/laravel/framework/src/Illuminate/Foundation/Http/Middleware/TrimStrings.php(51): Illuminate/Foundation/Http/Middleware/TransformsRequest->handle(Object(Illuminate/Http/Request), Object(Closure))
#43 C:/Users/0909W/OneDrive/Documenten/GitHub/Educom-Trainee-Dashboard/front-end/vendor/laravel/framework/src/Illuminate/Pipeline/Pipeline.php(219): Illuminate/Foundation/Http/Middleware/TrimStrings->handle(Object(Illuminate/Http/Request), Object(Closure))
#44 C:/Users/0909W/OneDrive/Documenten/GitHub/Educom-Trainee-Dashboard/front-end/vendor/laravel/framework/src/Illuminate/Http/Middleware/ValidatePostSize.php(27): Illuminate/Pipeline/Pipeline->{closure:{closure:Illuminate/Pipeline/Pipeline::carry():194}:195}(Object(Illuminate/Http/Request))
#45 C:/Users/0909W/OneDrive/Documenten/GitHub/Educom-Trainee-Dashboard/front-end/vendor/laravel/framework/src/Illuminate/Pipeline/Pipeline.php(219): Illuminate/Http/Middleware/ValidatePostSize->handle(Object(Illuminate/Http/Request), Object(Closure))
#46 C:/Users/0909W/OneDrive/Documenten/GitHub/Educom-Trainee-Dashboard/front-end/vendor/laravel/framework/src/Illuminate/Foundation/Http/Middleware/PreventRequestsDuringMaintenance.php(109): Illuminate/Pipeline/Pipeline->{closure:{closure:Illuminate/Pipeline/Pipeline::carry():194}:195}(Object(Illuminate/Http/Request))
#47 C:/Users/0909W/OneDrive/Documenten/GitHub/Educom-Trainee-Dashboard/front-end/vendor/laravel/framework/src/Illuminate/Pipeline/Pipeline.php(219): Illuminate/Foundation/Http/Middleware/PreventRequestsDuringMaintenance->handle(Object(Illuminate/Http/Request), Object(Closure))
#48 C:/Users/0909W/OneDrive/Documenten/GitHub/Educom-Trainee-Dashboard/front-end/vendor/laravel/framework/src/Illuminate/Http/Middleware/HandleCors.php(61): Illuminate/Pipeline/Pipeline->{closure:{closure:Illuminate/Pipeline/Pipeline::carry():194}:195}(Object(Illuminate/Http/Request))
#49 C:/Users/0909W/OneDrive/Documenten/GitHub/Educom-Trainee-Dashboard/front-end/vendor/laravel/framework/src/Illuminate/Pipeline/Pipeline.php(219): Illuminate/Http/Middleware/HandleCors->handle(Object(Illuminate/Http/Request), Object(Closure))
#50 C:/Users/0909W/OneDrive/Documenten/GitHub/Educom-Trainee-Dashboard/front-end/vendor/laravel/framework/src/Illuminate/Http/Middleware/TrustProxies.php(58): Illuminate/Pipeline/Pipeline->{closure:{closure:Illuminate/Pipeline/Pipeline::carry():194}:195}(Object(Illuminate/Http/Request))
#51 C:/Users/0909W/OneDrive/Documenten/GitHub/Educom-Trainee-Dashboard/front-end/vendor/laravel/framework/src/Illuminate/Pipeline/Pipeline.php(219): Illuminate/Http/Middleware/TrustProxies->handle(Object(Illuminate/Http/Request), Object(Closure))
#52 C:/Users/0909W/OneDrive/Documenten/GitHub/Educom-Trainee-Dashboard/front-end/vendor/laravel/framework/src/Illuminate/Foundation/Http/Middleware/InvokeDeferredCallbacks.php(22): Illuminate/Pipeline/Pipeline->{closure:{closure:Illuminate/Pipeline/Pipeline::carry():194}:195}(Object(Illuminate/Http/Request))
#53 C:/Users/0909W/OneDrive/Documenten/GitHub/Educom-Trainee-Dashboard/front-end/vendor/laravel/framework/src/Illuminate/Pipeline/Pipeline.php(219): Illuminate/Foundation/Http/Middleware/InvokeDeferredCallbacks->handle(Object(Illuminate/Http/Request), Object(Closure))
#54 C:/Users/0909W/OneDrive/Documenten/GitHub/Educom-Trainee-Dashboard/front-end/vendor/laravel/framework/src/Illuminate/Http/Middleware/ValidatePathEncoding.php(28): Illuminate/Pipeline/Pipeline->{closure:{closure:Illuminate/Pipeline/Pipeline::carry():194}:195}(Object(Illuminate/Http/Request))
#55 C:/Users/0909W/OneDrive/Documenten/GitHub/Educom-Trainee-Dashboard/front-end/vendor/laravel/framework/src/Illuminate/Pipeline/Pipeline.php(219): Illuminate/Http/Middleware/ValidatePathEncoding->handle(Object(Illuminate/Http/Request), Object(Closure))
#56 C:/Users/0909W/OneDrive/Documenten/GitHub/Educom-Trainee-Dashboard/front-end/vendor/laravel/framework/src/Illuminate/Pipeline/Pipeline.php(137): Illuminate/Pipeline/Pipeline->{closure:{closure:Illuminate/Pipeline/Pipeline::carry():194}:195}(Object(Illuminate/Http/Request))
#57 C:/Users/0909W/OneDrive/Documenten/GitHub/Educom-Trainee-Dashboard/front-end/vendor/laravel/framework/src/Illuminate/Foundation/Http/Kernel.php(175): Illuminate/Pipeline/Pipeline->then(Object(Closure))
#58 C:/Users/0909W/OneDrive/Documenten/GitHub/Educom-Trainee-Dashboard/front-end/vendor/laravel/framework/src/Illuminate/Foundation/Http/Kernel.php(144): Illuminate/Foundation/Http/Kernel->sendRequestThroughRouter(Object(Illuminate/Http/Request))
#59 C:/Users/0909W/OneDrive/Documenten/GitHub/Educom-Trainee-Dashboard/front-end/vendor/laravel/framework/src/Illuminate/Foundation/Application.php(1220): Illuminate/Foundation/Http/Kernel->handle(Object(Illuminate/Http/Request))
#60 C:/Users/0909W/OneDrive/Documenten/GitHub/Educom-Trainee-Dashboard/front-end/public/index.php(20): Illuminate/Foundation/Application->handleRequest(Object(Illuminate/Http/Request))
#61 C:/Users/0909W/OneDrive/Documenten/GitHub/Educom-Trainee-Dashboard/front-end/vendor/laravel/framework/src/Illuminate/Foundation/resources/server.php(23): require_once('C://Users//0909W//...')
#62 {main}
"} 
[2026-07-14 13:54:46] local.ERROR: SQLSTATE[08006] [7] connection to server at "127.0.0.1", port 5432 failed: fe_sendauth: no password supplied (Connection: pgsql, Host: 127.0.0.1, Port: 5432, Database: laravel, SQL: select * from "sessions" where "id" = 2CyddOTkMtEbE1DACrTg2Jp63r5nmTYm9jTk0LvV limit 1) {"exception":"[object] (Illuminate\\Database\\QueryException(code: 7): SQLSTATE[08006] [7] connection to server at \"127.0.0.1\", port 5432 failed: fe_sendauth: no password supplied (Connection: pgsql, Host: 127.0.0.1, Port: 5432, Database: laravel, SQL: select * from \"sessions\" where \"id\" = 2CyddOTkMtEbE1DACrTg2Jp63r5nmTYm9jTk0LvV limit 1) at C:/Users/0909W/OneDrive/Documenten/GitHub/Educom-Trainee-Dashboard/front-end/vendor/laravel/framework/src/Illuminate/Database/Connection.php:857)
[stacktrace]
#0 C:/Users/0909W/OneDrive/Documenten/GitHub/Educom-Trainee-Dashboard/front-end/vendor/laravel/framework/src/Illuminate/Database/Connection.php(813): Illuminate/Database/Connection->runQueryCallback('select * from \"...', Array, Object(Closure))
#1 C:/Users/0909W/OneDrive/Documenten/GitHub/Educom-Trainee-Dashboard/front-end/vendor/laravel/framework/src/Illuminate/Database/Connection.php(426): Illuminate/Database/Connection->run('select * from \"...', Array, Object(Closure))
#2 C:/Users/0909W/OneDrive/Documenten/GitHub/Educom-Trainee-Dashboard/front-end/vendor/laravel/framework/src/Illuminate/Database/Query/Builder.php(3573): Illuminate/Database/Connection->select('select * from \"...', Array, false, Array)
#3 C:/Users/0909W/OneDrive/Documenten/GitHub/Educom-Trainee-Dashboard/front-end/vendor/laravel/framework/src/Illuminate/Database/Query/Builder.php(3557): Illuminate/Database/Query/Builder->runSelect()
#4 C:/Users/0909W/OneDrive/Documenten/GitHub/Educom-Trainee-Dashboard/front-end/vendor/laravel/framework/src/Illuminate/Database/Concerns/BuildsQueries.php(366): Illuminate/Database/Query/Builder->get(Array)
#5 C:/Users/0909W/OneDrive/Documenten/GitHub/Educom-Trainee-Dashboard/front-end/vendor/laravel/framework/src/Illuminate/Database/Query/Builder.php(3475): Illuminate/Database/Query/Builder->first(Array)
#6 C:/Users/0909W/OneDrive/Documenten/GitHub/Educom-Trainee-Dashboard/front-end/vendor/laravel/framework/src/Illuminate/Session/DatabaseSessionHandler.php(96): Illuminate/Database/Query/Builder->find('2CyddOTkMtEbE1D...')
#7 C:/Users/0909W/OneDrive/Documenten/GitHub/Educom-Trainee-Dashboard/front-end/vendor/laravel/framework/src/Illuminate/Session/Store.php(128): Illuminate/Session/DatabaseSessionHandler->read('2CyddOTkMtEbE1D...')
#8 C:/Users/0909W/OneDrive/Documenten/GitHub/Educom-Trainee-Dashboard/front-end/vendor/laravel/framework/src/Illuminate/Session/Store.php(116): Illuminate/Session/Store->readFromHandler()
#9 C:/Users/0909W/OneDrive/Documenten/GitHub/Educom-Trainee-Dashboard/front-end/vendor/laravel/framework/src/Illuminate/Session/Store.php(100): Illuminate/Session/Store->loadSession()
#10 C:/Users/0909W/OneDrive/Documenten/GitHub/Educom-Trainee-Dashboard/front-end/vendor/laravel/framework/src/Illuminate/Session/Middleware/StartSession.php(146): Illuminate/Session/Store->start()
#11 C:/Users/0909W/OneDrive/Documenten/GitHub/Educom-Trainee-Dashboard/front-end/vendor/laravel/framework/src/Illuminate/Support/helpers.php(393): Illuminate/Session/Middleware/StartSession->{closure:Illuminate/Session/Middleware/StartSession::startSession():143}(Object(Illuminate/Session/Store))
#12 C:/Users/0909W/OneDrive/Documenten/GitHub/Educom-Trainee-Dashboard/front-end/vendor/laravel/framework/src/Illuminate/Session/Middleware/StartSession.php(143): tap(Object(Illuminate/Session/Store), Object(Closure))
#13 C:/Users/0909W/OneDrive/Documenten/GitHub/Educom-Trainee-Dashboard/front-end/vendor/laravel/framework/src/Illuminate/Session/Middleware/StartSession.php(115): Illuminate/Session/Middleware/StartSession->startSession(Object(Illuminate/Http/Request), Object(Illuminate/Session/Store))
#14 C:/Users/0909W/OneDrive/Documenten/GitHub/Educom-Trainee-Dashboard/front-end/vendor/laravel/framework/src/Illuminate/Session/Middleware/StartSession.php(63): Illuminate/Session/Middleware/StartSession->handleStatefulRequest(Object(Illuminate/Http/Request), Object(Illuminate/Session/Store), Object(Closure))
#15 C:/Users/0909W/OneDrive/Documenten/GitHub/Educom-Trainee-Dashboard/front-end/vendor/laravel/framework/src/Illuminate/Pipeline/Pipeline.php(219): Illuminate/Session/Middleware/StartSession->handle(Object(Illuminate/Http/Request), Object(Closure))
#16 C:/Users/0909W/OneDrive/Documenten/GitHub/Educom-Trainee-Dashboard/front-end/vendor/laravel/framework/src/Illuminate/Cookie/Middleware/AddQueuedCookiesToResponse.php(36): Illuminate/Pipeline/Pipeline->{closure:{closure:Illuminate/Pipeline/Pipeline::carry():194}:195}(Object(Illuminate/Http/Request))
#17 C:/Users/0909W/OneDrive/Documenten/GitHub/Educom-Trainee-Dashboard/front-end/vendor/laravel/framework/src/Illuminate/Pipeline/Pipeline.php(219): Illuminate/Cookie/Middleware/AddQueuedCookiesToResponse->handle(Object(Illuminate/Http/Request), Object(Closure))
#18 C:/Users/0909W/OneDrive/Documenten/GitHub/Educom-Trainee-Dashboard/front-end/vendor/laravel/framework/src/Illuminate/Cookie/Middleware/EncryptCookies.php(74): Illuminate/Pipeline/Pipeline->{closure:{closure:Illuminate/Pipeline/Pipeline::carry():194}:195}(Object(Illuminate/Http/Request))
#19 C:/Users/0909W/OneDrive/Documenten/GitHub/Educom-Trainee-Dashboard/front-end/vendor/laravel/framework/src/Illuminate/Pipeline/Pipeline.php(219): Illuminate/Cookie/Middleware/EncryptCookies->handle(Object(Illuminate/Http/Request), Object(Closure))
#20 C:/Users/0909W/OneDrive/Documenten/GitHub/Educom-Trainee-Dashboard/front-end/vendor/laravel/framework/src/Illuminate/Pipeline/Pipeline.php(137): Illuminate/Pipeline/Pipeline->{closure:{closure:Illuminate/Pipeline/Pipeline::carry():194}:195}(Object(Illuminate/Http/Request))
#21 C:/Users/0909W/OneDrive/Documenten/GitHub/Educom-Trainee-Dashboard/front-end/vendor/laravel/framework/src/Illuminate/Routing/Router.php(821): Illuminate/Pipeline/Pipeline->then(Object(Closure))
#22 C:/Users/0909W/OneDrive/Documenten/GitHub/Educom-Trainee-Dashboard/front-end/vendor/laravel/framework/src/Illuminate/Routing/Router.php(800): Illuminate/Routing/Router->runRouteWithinStack(Object(Illuminate/Routing/Route), Object(Illuminate/Http/Request))
#23 C:/Users/0909W/OneDrive/Documenten/GitHub/Educom-Trainee-Dashboard/front-end/vendor/laravel/framework/src/Illuminate/Routing/Router.php(764): Illuminate/Routing/Router->runRoute(Object(Illuminate/Http/Request), Object(Illuminate/Routing/Route))
#24 C:/Users/0909W/OneDrive/Documenten/GitHub/Educom-Trainee-Dashboard/front-end/vendor/laravel/framework/src/Illuminate/Routing/Router.php(753): Illuminate/Routing/Router->dispatchToRoute(Object(Illuminate/Http/Request))
#25 C:/Users/0909W/OneDrive/Documenten/GitHub/Educom-Trainee-Dashboard/front-end/vendor/laravel/framework/src/Illuminate/Foundation/Http/Kernel.php(200): Illuminate/Routing/Router->dispatch(Object(Illuminate/Http/Request))
#26 C:/Users/0909W/OneDrive/Documenten/GitHub/Educom-Trainee-Dashboard/front-end/vendor/laravel/framework/src/Illuminate/Pipeline/Pipeline.php(180): Illuminate/Foundation/Http/Kernel->{closure:Illuminate/Foundation/Http/Kernel::dispatchToRouter():197}(Object(Illuminate/Http/Request))
#27 C:/Users/0909W/OneDrive/Documenten/GitHub/Educom-Trainee-Dashboard/front-end/vendor/inertiajs/inertia-laravel/src/Middleware/EnsureGetOnRedirect.php(19): Illuminate/Pipeline/Pipeline->{closure:Illuminate/Pipeline/Pipeline::prepareDestination():178}(Object(Illuminate/Http/Request))
#28 C:/Users/0909W/OneDrive/Documenten/GitHub/Educom-Trainee-Dashboard/front-end/vendor/laravel/framework/src/Illuminate/Pipeline/Pipeline.php(219): Inertia/Middleware/EnsureGetOnRedirect->handle(Object(Illuminate/Http/Request), Object(Closure))
#29 C:/Users/0909W/OneDrive/Documenten/GitHub/Educom-Trainee-Dashboard/front-end/vendor/laravel/framework/src/Illuminate/Foundation/Http/Middleware/TransformsRequest.php(21): Illuminate/Pipeline/Pipeline->{closure:{closure:Illuminate/Pipeline/Pipeline::carry():194}:195}(Object(Illuminate/Http/Request))
#30 C:/Users/0909W/OneDrive/Documenten/GitHub/Educom-Trainee-Dashboard/front-end/vendor/laravel/framework/src/Illuminate/Foundation/Http/Middleware/ConvertEmptyStringsToNull.php(31): Illuminate/Foundation/Http/Middleware/TransformsRequest->handle(Object(Illuminate/Http/Request), Object(Closure))
#31 C:/Users/0909W/OneDrive/Documenten/GitHub/Educom-Trainee-Dashboard/front-end/vendor/laravel/framework/src/Illuminate/Pipeline/Pipeline.php(219): Illuminate/Foundation/Http/Middleware/ConvertEmptyStringsToNull->handle(Object(Illuminate/Http/Request), Object(Closure))
#32 C:/Users/0909W/OneDrive/Documenten/GitHub/Educom-Trainee-Dashboard/front-end/vendor/laravel/framework/src/Illuminate/Foundation/Http/Middleware/TransformsRequest.php(21): Illuminate/Pipeline/Pipeline->{closure:{closure:Illuminate/Pipeline/Pipeline::carry():194}:195}(Object(Illuminate/Http/Request))
#33 C:/Users/0909W/OneDrive/Documenten/GitHub/Educom-Trainee-Dashboard/front-end/vendor/laravel/framework/src/Illuminate/Foundation/Http/Middleware/TrimStrings.php(51): Illuminate/Foundation/Http/Middleware/TransformsRequest->handle(Object(Illuminate/Http/Request), Object(Closure))
#34 C:/Users/0909W/OneDrive/Documenten/GitHub/Educom-Trainee-Dashboard/front-end/vendor/laravel/framework/src/Illuminate/Pipeline/Pipeline.php(219): Illuminate/Foundation/Http/Middleware/TrimStrings->handle(Object(Illuminate/Http/Request), Object(Closure))
#35 C:/Users/0909W/OneDrive/Documenten/GitHub/Educom-Trainee-Dashboard/front-end/vendor/laravel/framework/src/Illuminate/Http/Middleware/ValidatePostSize.php(27): Illuminate/Pipeline/Pipeline->{closure:{closure:Illuminate/Pipeline/Pipeline::carry():194}:195}(Object(Illuminate/Http/Request))
#36 C:/Users/0909W/OneDrive/Documenten/GitHub/Educom-Trainee-Dashboard/front-end/vendor/laravel/framework/src/Illuminate/Pipeline/Pipeline.php(219): Illuminate/Http/Middleware/ValidatePostSize->handle(Object(Illuminate/Http/Request), Object(Closure))
#37 C:/Users/0909W/OneDrive/Documenten/GitHub/Educom-Trainee-Dashboard/front-end/vendor/laravel/framework/src/Illuminate/Foundation/Http/Middleware/PreventRequestsDuringMaintenance.php(109): Illuminate/Pipeline/Pipeline->{closure:{closure:Illuminate/Pipeline/Pipeline::carry():194}:195}(Object(Illuminate/Http/Request))
#38 C:/Users/0909W/OneDrive/Documenten/GitHub/Educom-Trainee-Dashboard/front-end/vendor/laravel/framework/src/Illuminate/Pipeline/Pipeline.php(219): Illuminate/Foundation/Http/Middleware/PreventRequestsDuringMaintenance->handle(Object(Illuminate/Http/Request), Object(Closure))
#39 C:/Users/0909W/OneDrive/Documenten/GitHub/Educom-Trainee-Dashboard/front-end/vendor/laravel/framework/src/Illuminate/Http/Middleware/HandleCors.php(61): Illuminate/Pipeline/Pipeline->{closure:{closure:Illuminate/Pipeline/Pipeline::carry():194}:195}(Object(Illuminate/Http/Request))
#40 C:/Users/0909W/OneDrive/Documenten/GitHub/Educom-Trainee-Dashboard/front-end/vendor/laravel/framework/src/Illuminate/Pipeline/Pipeline.php(219): Illuminate/Http/Middleware/HandleCors->handle(Object(Illuminate/Http/Request), Object(Closure))
#41 C:/Users/0909W/OneDrive/Documenten/GitHub/Educom-Trainee-Dashboard/front-end/vendor/laravel/framework/src/Illuminate/Http/Middleware/TrustProxies.php(58): Illuminate/Pipeline/Pipeline->{closure:{closure:Illuminate/Pipeline/Pipeline::carry():194}:195}(Object(Illuminate/Http/Request))
#42 C:/Users/0909W/OneDrive/Documenten/GitHub/Educom-Trainee-Dashboard/front-end/vendor/laravel/framework/src/Illuminate/Pipeline/Pipeline.php(219): Illuminate/Http/Middleware/TrustProxies->handle(Object(Illuminate/Http/Request), Object(Closure))
#43 C:/Users/0909W/OneDrive/Documenten/GitHub/Educom-Trainee-Dashboard/front-end/vendor/laravel/framework/src/Illuminate/Foundation/Http/Middleware/InvokeDeferredCallbacks.php(22): Illuminate/Pipeline/Pipeline->{closure:{closure:Illuminate/Pipeline/Pipeline::carry():194}:195}(Object(Illuminate/Http/Request))
#44 C:/Users/0909W/OneDrive/Documenten/GitHub/Educom-Trainee-Dashboard/front-end/vendor/laravel/framework/src/Illuminate/Pipeline/Pipeline.php(219): Illuminate/Foundation/Http/Middleware/InvokeDeferredCallbacks->handle(Object(Illuminate/Http/Request), Object(Closure))
#45 C:/Users/0909W/OneDrive/Documenten/GitHub/Educom-Trainee-Dashboard/front-end/vendor/laravel/framework/src/Illuminate/Http/Middleware/ValidatePathEncoding.php(28): Illuminate/Pipeline/Pipeline->{closure:{closure:Illuminate/Pipeline/Pipeline::carry():194}:195}(Object(Illuminate/Http/Request))
#46 C:/Users/0909W/OneDrive/Documenten/GitHub/Educom-Trainee-Dashboard/front-end/vendor/laravel/framework/src/Illuminate/Pipeline/Pipeline.php(219): Illuminate/Http/Middleware/ValidatePathEncoding->handle(Object(Illuminate/Http/Request), Object(Closure))
#47 C:/Users/0909W/OneDrive/Documenten/GitHub/Educom-Trainee-Dashboard/front-end/vendor/laravel/framework/src/Illuminate/Pipeline/Pipeline.php(137): Illuminate/Pipeline/Pipeline->{closure:{closure:Illuminate/Pipeline/Pipeline::carry():194}:195}(Object(Illuminate/Http/Request))
#48 C:/Users/0909W/OneDrive/Documenten/GitHub/Educom-Trainee-Dashboard/front-end/vendor/laravel/framework/src/Illuminate/Foundation/Http/Kernel.php(175): Illuminate/Pipeline/Pipeline->then(Object(Closure))
#49 C:/Users/0909W/OneDrive/Documenten/GitHub/Educom-Trainee-Dashboard/front-end/vendor/laravel/framework/src/Illuminate/Foundation/Http/Kernel.php(144): Illuminate/Foundation/Http/Kernel->sendRequestThroughRouter(Object(Illuminate/Http/Request))
#50 C:/Users/0909W/OneDrive/Documenten/GitHub/Educom-Trainee-Dashboard/front-end/vendor/laravel/framework/src/Illuminate/Foundation/Application.php(1220): Illuminate/Foundation/Http/Kernel->handle(Object(Illuminate/Http/Request))
#51 C:/Users/0909W/OneDrive/Documenten/GitHub/Educom-Trainee-Dashboard/front-end/public/index.php(20): Illuminate/Foundation/Application->handleRequest(Object(Illuminate/Http/Request))
#52 C:/Users/0909W/OneDrive/Documenten/GitHub/Educom-Trainee-Dashboard/front-end/vendor/laravel/framework/src/Illuminate/Foundation/resources/server.php(23): require_once('C://Users//0909W//...')
#53 {main}

[previous exception] [object] (PDOException(code: 7): SQLSTATE[08006] [7] connection to server at \"127.0.0.1\", port 5432 failed: fe_sendauth: no password supplied at C:/Users/0909W/OneDrive/Documenten/GitHub/Educom-Trainee-Dashboard/front-end/vendor/laravel/framework/src/Illuminate/Database/Connectors/Connector.php:67)
[stacktrace]
#0 C:/Users/0909W/OneDrive/Documenten/GitHub/Educom-Trainee-Dashboard/front-end/vendor/laravel/framework/src/Illuminate/Database/Connectors/Connector.php(67): PDO::connect('pgsql:host=127....', 'root', Object(SensitiveParameterValue), Array)
#1 C:/Users/0909W/OneDrive/Documenten/GitHub/Educom-Trainee-Dashboard/front-end/vendor/laravel/framework/src/Illuminate/Database/Connectors/Connector.php(44): Illuminate/Database/Connectors/Connector->createPdoConnection('pgsql:host=127....', 'root', Object(SensitiveParameterValue), Array)
#2 C:/Users/0909W/OneDrive/Documenten/GitHub/Educom-Trainee-Dashboard/front-end/vendor/laravel/framework/src/Illuminate/Database/Connectors/PostgresConnector.php(35): Illuminate/Database/Connectors/Connector->createConnection('pgsql:host=127....', Array, Array)
#3 C:/Users/0909W/OneDrive/Documenten/GitHub/Educom-Trainee-Dashboard/front-end/vendor/laravel/framework/src/Illuminate/Database/Connectors/ConnectionFactory.php(220): Illuminate/Database/Connectors/PostgresConnector->connect(Array)
#4 [internal function]: Illuminate/Database/Connectors/ConnectionFactory->{closure:Illuminate/Database/Connectors/ConnectionFactory::createPdoResolverWithHosts():213}()
#5 C:/Users/0909W/OneDrive/Documenten/GitHub/Educom-Trainee-Dashboard/front-end/vendor/laravel/framework/src/Illuminate/Database/Connection.php(1297): call_user_func(Object(Closure))
#6 C:/Users/0909W/OneDrive/Documenten/GitHub/Educom-Trainee-Dashboard/front-end/vendor/laravel/framework/src/Illuminate/Database/Connection.php(542): Illuminate/Database/Connection->getPdo()
#7 C:/Users/0909W/OneDrive/Documenten/GitHub/Educom-Trainee-Dashboard/front-end/vendor/laravel/framework/src/Illuminate/Database/Connection.php(435): Illuminate/Database/Connection->getPdoForSelect(false)
#8 C:/Users/0909W/OneDrive/Documenten/GitHub/Educom-Trainee-Dashboard/front-end/vendor/laravel/framework/src/Illuminate/Database/Connection.php(846): Illuminate/Database/Connection->{closure:Illuminate/Database/Connection::select():426}('select * from \"...', Array)
#9 C:/Users/0909W/OneDrive/Documenten/GitHub/Educom-Trainee-Dashboard/front-end/vendor/laravel/framework/src/Illuminate/Database/Connection.php(813): Illuminate/Database/Connection->runQueryCallback('select * from \"...', Array, Object(Closure))
#10 C:/Users/0909W/OneDrive/Documenten/GitHub/Educom-Trainee-Dashboard/front-end/vendor/laravel/framework/src/Illuminate/Database/Connection.php(426): Illuminate/Database/Connection->run('select * from \"...', Array, Object(Closure))
#11 C:/Users/0909W/OneDrive/Documenten/GitHub/Educom-Trainee-Dashboard/front-end/vendor/laravel/framework/src/Illuminate/Database/Query/Builder.php(3573): Illuminate/Database/Connection->select('select * from \"...', Array, false, Array)
#12 C:/Users/0909W/OneDrive/Documenten/GitHub/Educom-Trainee-Dashboard/front-end/vendor/laravel/framework/src/Illuminate/Database/Query/Builder.php(3557): Illuminate/Database/Query/Builder->runSelect()
#13 C:/Users/0909W/OneDrive/Documenten/GitHub/Educom-Trainee-Dashboard/front-end/vendor/laravel/framework/src/Illuminate/Database/Concerns/BuildsQueries.php(366): Illuminate/Database/Query/Builder->get(Array)
#14 C:/Users/0909W/OneDrive/Documenten/GitHub/Educom-Trainee-Dashboard/front-end/vendor/laravel/framework/src/Illuminate/Database/Query/Builder.php(3475): Illuminate/Database/Query/Builder->first(Array)
#15 C:/Users/0909W/OneDrive/Documenten/GitHub/Educom-Trainee-Dashboard/front-end/vendor/laravel/framework/src/Illuminate/Session/DatabaseSessionHandler.php(96): Illuminate/Database/Query/Builder->find('2CyddOTkMtEbE1D...')
#16 C:/Users/0909W/OneDrive/Documenten/GitHub/Educom-Trainee-Dashboard/front-end/vendor/laravel/framework/src/Illuminate/Session/Store.php(128): Illuminate/Session/DatabaseSessionHandler->read('2CyddOTkMtEbE1D...')
#17 C:/Users/0909W/OneDrive/Documenten/GitHub/Educom-Trainee-Dashboard/front-end/vendor/laravel/framework/src/Illuminate/Session/Store.php(116): Illuminate/Session/Store->readFromHandler()
#18 C:/Users/0909W/OneDrive/Documenten/GitHub/Educom-Trainee-Dashboard/front-end/vendor/laravel/framework/src/Illuminate/Session/Store.php(100): Illuminate/Session/Store->loadSession()
#19 C:/Users/0909W/OneDrive/Documenten/GitHub/Educom-Trainee-Dashboard/front-end/vendor/laravel/framework/src/Illuminate/Session/Middleware/StartSession.php(146): Illuminate/Session/Store->start()
#20 C:/Users/0909W/OneDrive/Documenten/GitHub/Educom-Trainee-Dashboard/front-end/vendor/laravel/framework/src/Illuminate/Support/helpers.php(393): Illuminate/Session/Middleware/StartSession->{closure:Illuminate/Session/Middleware/StartSession::startSession():143}(Object(Illuminate/Session/Store))
#21 C:/Users/0909W/OneDrive/Documenten/GitHub/Educom-Trainee-Dashboard/front-end/vendor/laravel/framework/src/Illuminate/Session/Middleware/StartSession.php(143): tap(Object(Illuminate/Session/Store), Object(Closure))
#22 C:/Users/0909W/OneDrive/Documenten/GitHub/Educom-Trainee-Dashboard/front-end/vendor/laravel/framework/src/Illuminate/Session/Middleware/StartSession.php(115): Illuminate/Session/Middleware/StartSession->startSession(Object(Illuminate/Http/Request), Object(Illuminate/Session/Store))
#23 C:/Users/0909W/OneDrive/Documenten/GitHub/Educom-Trainee-Dashboard/front-end/vendor/laravel/framework/src/Illuminate/Session/Middleware/StartSession.php(63): Illuminate/Session/Middleware/StartSession->handleStatefulRequest(Object(Illuminate/Http/Request), Object(Illuminate/Session/Store), Object(Closure))
#24 C:/Users/0909W/OneDrive/Documenten/GitHub/Educom-Trainee-Dashboard/front-end/vendor/laravel/framework/src/Illuminate/Pipeline/Pipeline.php(219): Illuminate/Session/Middleware/StartSession->handle(Object(Illuminate/Http/Request), Object(Closure))
#25 C:/Users/0909W/OneDrive/Documenten/GitHub/Educom-Trainee-Dashboard/front-end/vendor/laravel/framework/src/Illuminate/Cookie/Middleware/AddQueuedCookiesToResponse.php(36): Illuminate/Pipeline/Pipeline->{closure:{closure:Illuminate/Pipeline/Pipeline::carry():194}:195}(Object(Illuminate/Http/Request))
#26 C:/Users/0909W/OneDrive/Documenten/GitHub/Educom-Trainee-Dashboard/front-end/vendor/laravel/framework/src/Illuminate/Pipeline/Pipeline.php(219): Illuminate/Cookie/Middleware/AddQueuedCookiesToResponse->handle(Object(Illuminate/Http/Request), Object(Closure))
#27 C:/Users/0909W/OneDrive/Documenten/GitHub/Educom-Trainee-Dashboard/front-end/vendor/laravel/framework/src/Illuminate/Cookie/Middleware/EncryptCookies.php(74): Illuminate/Pipeline/Pipeline->{closure:{closure:Illuminate/Pipeline/Pipeline::carry():194}:195}(Object(Illuminate/Http/Request))
#28 C:/Users/0909W/OneDrive/Documenten/GitHub/Educom-Trainee-Dashboard/front-end/vendor/laravel/framework/src/Illuminate/Pipeline/Pipeline.php(219): Illuminate/Cookie/Middleware/EncryptCookies->handle(Object(Illuminate/Http/Request), Object(Closure))
#29 C:/Users/0909W/OneDrive/Documenten/GitHub/Educom-Trainee-Dashboard/front-end/vendor/laravel/framework/src/Illuminate/Pipeline/Pipeline.php(137): Illuminate/Pipeline/Pipeline->{closure:{closure:Illuminate/Pipeline/Pipeline::carry():194}:195}(Object(Illuminate/Http/Request))
#30 C:/Users/0909W/OneDrive/Documenten/GitHub/Educom-Trainee-Dashboard/front-end/vendor/laravel/framework/src/Illuminate/Routing/Router.php(821): Illuminate/Pipeline/Pipeline->then(Object(Closure))
#31 C:/Users/0909W/OneDrive/Documenten/GitHub/Educom-Trainee-Dashboard/front-end/vendor/laravel/framework/src/Illuminate/Routing/Router.php(800): Illuminate/Routing/Router->runRouteWithinStack(Object(Illuminate/Routing/Route), Object(Illuminate/Http/Request))
#32 C:/Users/0909W/OneDrive/Documenten/GitHub/Educom-Trainee-Dashboard/front-end/vendor/laravel/framework/src/Illuminate/Routing/Router.php(764): Illuminate/Routing/Router->runRoute(Object(Illuminate/Http/Request), Object(Illuminate/Routing/Route))
#33 C:/Users/0909W/OneDrive/Documenten/GitHub/Educom-Trainee-Dashboard/front-end/vendor/laravel/framework/src/Illuminate/Routing/Router.php(753): Illuminate/Routing/Router->dispatchToRoute(Object(Illuminate/Http/Request))
#34 C:/Users/0909W/OneDrive/Documenten/GitHub/Educom-Trainee-Dashboard/front-end/vendor/laravel/framework/src/Illuminate/Foundation/Http/Kernel.php(200): Illuminate/Routing/Router->dispatch(Object(Illuminate/Http/Request))
#35 C:/Users/0909W/OneDrive/Documenten/GitHub/Educom-Trainee-Dashboard/front-end/vendor/laravel/framework/src/Illuminate/Pipeline/Pipeline.php(180): Illuminate/Foundation/Http/Kernel->{closure:Illuminate/Foundation/Http/Kernel::dispatchToRouter():197}(Object(Illuminate/Http/Request))
#36 C:/Users/0909W/OneDrive/Documenten/GitHub/Educom-Trainee-Dashboard/front-end/vendor/inertiajs/inertia-laravel/src/Middleware/EnsureGetOnRedirect.php(19): Illuminate/Pipeline/Pipeline->{closure:Illuminate/Pipeline/Pipeline::prepareDestination():178}(Object(Illuminate/Http/Request))
#37 C:/Users/0909W/OneDrive/Documenten/GitHub/Educom-Trainee-Dashboard/front-end/vendor/laravel/framework/src/Illuminate/Pipeline/Pipeline.php(219): Inertia/Middleware/EnsureGetOnRedirect->handle(Object(Illuminate/Http/Request), Object(Closure))
#38 C:/Users/0909W/OneDrive/Documenten/GitHub/Educom-Trainee-Dashboard/front-end/vendor/laravel/framework/src/Illuminate/Foundation/Http/Middleware/TransformsRequest.php(21): Illuminate/Pipeline/Pipeline->{closure:{closure:Illuminate/Pipeline/Pipeline::carry():194}:195}(Object(Illuminate/Http/Request))
#39 C:/Users/0909W/OneDrive/Documenten/GitHub/Educom-Trainee-Dashboard/front-end/vendor/laravel/framework/src/Illuminate/Foundation/Http/Middleware/ConvertEmptyStringsToNull.php(31): Illuminate/Foundation/Http/Middleware/TransformsRequest->handle(Object(Illuminate/Http/Request), Object(Closure))
#40 C:/Users/0909W/OneDrive/Documenten/GitHub/Educom-Trainee-Dashboard/front-end/vendor/laravel/framework/src/Illuminate/Pipeline/Pipeline.php(219): Illuminate/Foundation/Http/Middleware/ConvertEmptyStringsToNull->handle(Object(Illuminate/Http/Request), Object(Closure))
#41 C:/Users/0909W/OneDrive/Documenten/GitHub/Educom-Trainee-Dashboard/front-end/vendor/laravel/framework/src/Illuminate/Foundation/Http/Middleware/TransformsRequest.php(21): Illuminate/Pipeline/Pipeline->{closure:{closure:Illuminate/Pipeline/Pipeline::carry():194}:195}(Object(Illuminate/Http/Request))
#42 C:/Users/0909W/OneDrive/Documenten/GitHub/Educom-Trainee-Dashboard/front-end/vendor/laravel/framework/src/Illuminate/Foundation/Http/Middleware/TrimStrings.php(51): Illuminate/Foundation/Http/Middleware/TransformsRequest->handle(Object(Illuminate/Http/Request), Object(Closure))
#43 C:/Users/0909W/OneDrive/Documenten/GitHub/Educom-Trainee-Dashboard/front-end/vendor/laravel/framework/src/Illuminate/Pipeline/Pipeline.php(219): Illuminate/Foundation/Http/Middleware/TrimStrings->handle(Object(Illuminate/Http/Request), Object(Closure))
#44 C:/Users/0909W/OneDrive/Documenten/GitHub/Educom-Trainee-Dashboard/front-end/vendor/laravel/framework/src/Illuminate/Http/Middleware/ValidatePostSize.php(27): Illuminate/Pipeline/Pipeline->{closure:{closure:Illuminate/Pipeline/Pipeline::carry():194}:195}(Object(Illuminate/Http/Request))
#45 C:/Users/0909W/OneDrive/Documenten/GitHub/Educom-Trainee-Dashboard/front-end/vendor/laravel/framework/src/Illuminate/Pipeline/Pipeline.php(219): Illuminate/Http/Middleware/ValidatePostSize->handle(Object(Illuminate/Http/Request), Object(Closure))
#46 C:/Users/0909W/OneDrive/Documenten/GitHub/Educom-Trainee-Dashboard/front-end/vendor/laravel/framework/src/Illuminate/Foundation/Http/Middleware/PreventRequestsDuringMaintenance.php(109): Illuminate/Pipeline/Pipeline->{closure:{closure:Illuminate/Pipeline/Pipeline::carry():194}:195}(Object(Illuminate/Http/Request))
#47 C:/Users/0909W/OneDrive/Documenten/GitHub/Educom-Trainee-Dashboard/front-end/vendor/laravel/framework/src/Illuminate/Pipeline/Pipeline.php(219): Illuminate/Foundation/Http/Middleware/PreventRequestsDuringMaintenance->handle(Object(Illuminate/Http/Request), Object(Closure))
#48 C:/Users/0909W/OneDrive/Documenten/GitHub/Educom-Trainee-Dashboard/front-end/vendor/laravel/framework/src/Illuminate/Http/Middleware/HandleCors.php(61): Illuminate/Pipeline/Pipeline->{closure:{closure:Illuminate/Pipeline/Pipeline::carry():194}:195}(Object(Illuminate/Http/Request))
#49 C:/Users/0909W/OneDrive/Documenten/GitHub/Educom-Trainee-Dashboard/front-end/vendor/laravel/framework/src/Illuminate/Pipeline/Pipeline.php(219): Illuminate/Http/Middleware/HandleCors->handle(Object(Illuminate/Http/Request), Object(Closure))
#50 C:/Users/0909W/OneDrive/Documenten/GitHub/Educom-Trainee-Dashboard/front-end/vendor/laravel/framework/src/Illuminate/Http/Middleware/TrustProxies.php(58): Illuminate/Pipeline/Pipeline->{closure:{closure:Illuminate/Pipeline/Pipeline::carry():194}:195}(Object(Illuminate/Http/Request))
#51 C:/Users/0909W/OneDrive/Documenten/GitHub/Educom-Trainee-Dashboard/front-end/vendor/laravel/framework/src/Illuminate/Pipeline/Pipeline.php(219): Illuminate/Http/Middleware/TrustProxies->handle(Object(Illuminate/Http/Request), Object(Closure))
#52 C:/Users/0909W/OneDrive/Documenten/GitHub/Educom-Trainee-Dashboard/front-end/vendor/laravel/framework/src/Illuminate/Foundation/Http/Middleware/InvokeDeferredCallbacks.php(22): Illuminate/Pipeline/Pipeline->{closure:{closure:Illuminate/Pipeline/Pipeline::carry():194}:195}(Object(Illuminate/Http/Request))
#53 C:/Users/0909W/OneDrive/Documenten/GitHub/Educom-Trainee-Dashboard/front-end/vendor/laravel/framework/src/Illuminate/Pipeline/Pipeline.php(219): Illuminate/Foundation/Http/Middleware/InvokeDeferredCallbacks->handle(Object(Illuminate/Http/Request), Object(Closure))
#54 C:/Users/0909W/OneDrive/Documenten/GitHub/Educom-Trainee-Dashboard/front-end/vendor/laravel/framework/src/Illuminate/Http/Middleware/ValidatePathEncoding.php(28): Illuminate/Pipeline/Pipeline->{closure:{closure:Illuminate/Pipeline/Pipeline::carry():194}:195}(Object(Illuminate/Http/Request))
#55 C:/Users/0909W/OneDrive/Documenten/GitHub/Educom-Trainee-Dashboard/front-end/vendor/laravel/framework/src/Illuminate/Pipeline/Pipeline.php(219): Illuminate/Http/Middleware/ValidatePathEncoding->handle(Object(Illuminate/Http/Request), Object(Closure))
#56 C:/Users/0909W/OneDrive/Documenten/GitHub/Educom-Trainee-Dashboard/front-end/vendor/laravel/framework/src/Illuminate/Pipeline/Pipeline.php(137): Illuminate/Pipeline/Pipeline->{closure:{closure:Illuminate/Pipeline/Pipeline::carry():194}:195}(Object(Illuminate/Http/Request))
#57 C:/Users/0909W/OneDrive/Documenten/GitHub/Educom-Trainee-Dashboard/front-end/vendor/laravel/framework/src/Illuminate/Foundation/Http/Kernel.php(175): Illuminate/Pipeline/Pipeline->then(Object(Closure))
#58 C:/Users/0909W/OneDrive/Documenten/GitHub/Educom-Trainee-Dashboard/front-end/vendor/laravel/framework/src/Illuminate/Foundation/Http/Kernel.php(144): Illuminate/Foundation/Http/Kernel->sendRequestThroughRouter(Object(Illuminate/Http/Request))
#59 C:/Users/0909W/OneDrive/Documenten/GitHub/Educom-Trainee-Dashboard/front-end/vendor/laravel/framework/src/Illuminate/Foundation/Application.php(1220): Illuminate/Foundation/Http/Kernel->handle(Object(Illuminate/Http/Request))
#60 C:/Users/0909W/OneDrive/Documenten/GitHub/Educom-Trainee-Dashboard/front-end/public/index.php(20): Illuminate/Foundation/Application->handleRequest(Object(Illuminate/Http/Request))
#61 C:/Users/0909W/OneDrive/Documenten/GitHub/Educom-Trainee-Dashboard/front-end/vendor/laravel/framework/src/Illuminate/Foundation/resources/server.php(23): require_once('C://Users//0909W//...')
#62 {main}
"} 
[2026-07-14 13:54:51] local.ERROR: SQLSTATE[08006] [7] connection to server at "127.0.0.1", port 5432 failed: fe_sendauth: no password supplied (Connection: pgsql, Host: 127.0.0.1, Port: 5432, Database: laravel, SQL: select * from "sessions" where "id" = BL8eiXl6bChwtPnlIy0PO5XrI2Mie25EZWV1Xfky limit 1) {"exception":"[object] (Illuminate\\Database\\QueryException(code: 7): SQLSTATE[08006] [7] connection to server at \"127.0.0.1\", port 5432 failed: fe_sendauth: no password supplied (Connection: pgsql, Host: 127.0.0.1, Port: 5432, Database: laravel, SQL: select * from \"sessions\" where \"id\" = BL8eiXl6bChwtPnlIy0PO5XrI2Mie25EZWV1Xfky limit 1) at C:/Users/0909W/OneDrive/Documenten/GitHub/Educom-Trainee-Dashboard/front-end/vendor/laravel/framework/src/Illuminate/Database/Connection.php:857)
[stacktrace]
#0 C:/Users/0909W/OneDrive/Documenten/GitHub/Educom-Trainee-Dashboard/front-end/vendor/laravel/framework/src/Illuminate/Database/Connection.php(813): Illuminate/Database/Connection->runQueryCallback('select * from \"...', Array, Object(Closure))
#1 C:/Users/0909W/OneDrive/Documenten/GitHub/Educom-Trainee-Dashboard/front-end/vendor/laravel/framework/src/Illuminate/Database/Connection.php(426): Illuminate/Database/Connection->run('select * from \"...', Array, Object(Closure))
#2 C:/Users/0909W/OneDrive/Documenten/GitHub/Educom-Trainee-Dashboard/front-end/vendor/laravel/framework/src/Illuminate/Database/Query/Builder.php(3573): Illuminate/Database/Connection->select('select * from \"...', Array, false, Array)
#3 C:/Users/0909W/OneDrive/Documenten/GitHub/Educom-Trainee-Dashboard/front-end/vendor/laravel/framework/src/Illuminate/Database/Query/Builder.php(3557): Illuminate/Database/Query/Builder->runSelect()
#4 C:/Users/0909W/OneDrive/Documenten/GitHub/Educom-Trainee-Dashboard/front-end/vendor/laravel/framework/src/Illuminate/Database/Concerns/BuildsQueries.php(366): Illuminate/Database/Query/Builder->get(Array)
#5 C:/Users/0909W/OneDrive/Documenten/GitHub/Educom-Trainee-Dashboard/front-end/vendor/laravel/framework/src/Illuminate/Database/Query/Builder.php(3475): Illuminate/Database/Query/Builder->first(Array)
#6 C:/Users/0909W/OneDrive/Documenten/GitHub/Educom-Trainee-Dashboard/front-end/vendor/laravel/framework/src/Illuminate/Session/DatabaseSessionHandler.php(96): Illuminate/Database/Query/Builder->find('BL8eiXl6bChwtPn...')
#7 C:/Users/0909W/OneDrive/Documenten/GitHub/Educom-Trainee-Dashboard/front-end/vendor/laravel/framework/src/Illuminate/Session/Store.php(128): Illuminate/Session/DatabaseSessionHandler->read('BL8eiXl6bChwtPn...')
#8 C:/Users/0909W/OneDrive/Documenten/GitHub/Educom-Trainee-Dashboard/front-end/vendor/laravel/framework/src/Illuminate/Session/Store.php(116): Illuminate/Session/Store->readFromHandler()
#9 C:/Users/0909W/OneDrive/Documenten/GitHub/Educom-Trainee-Dashboard/front-end/vendor/laravel/framework/src/Illuminate/Session/Store.php(100): Illuminate/Session/Store->loadSession()
#10 C:/Users/0909W/OneDrive/Documenten/GitHub/Educom-Trainee-Dashboard/front-end/vendor/laravel/framework/src/Illuminate/Session/Middleware/StartSession.php(146): Illuminate/Session/Store->start()
#11 C:/Users/0909W/OneDrive/Documenten/GitHub/Educom-Trainee-Dashboard/front-end/vendor/laravel/framework/src/Illuminate/Support/helpers.php(393): Illuminate/Session/Middleware/StartSession->{closure:Illuminate/Session/Middleware/StartSession::startSession():143}(Object(Illuminate/Session/Store))
#12 C:/Users/0909W/OneDrive/Documenten/GitHub/Educom-Trainee-Dashboard/front-end/vendor/laravel/framework/src/Illuminate/Session/Middleware/StartSession.php(143): tap(Object(Illuminate/Session/Store), Object(Closure))
#13 C:/Users/0909W/OneDrive/Documenten/GitHub/Educom-Trainee-Dashboard/front-end/vendor/laravel/framework/src/Illuminate/Session/Middleware/StartSession.php(115): Illuminate/Session/Middleware/StartSession->startSession(Object(Illuminate/Http/Request), Object(Illuminate/Session/Store))
#14 C:/Users/0909W/OneDrive/Documenten/GitHub/Educom-Trainee-Dashboard/front-end/vendor/laravel/framework/src/Illuminate/Session/Middleware/StartSession.php(63): Illuminate/Session/Middleware/StartSession->handleStatefulRequest(Object(Illuminate/Http/Request), Object(Illuminate/Session/Store), Object(Closure))
#15 C:/Users/0909W/OneDrive/Documenten/GitHub/Educom-Trainee-Dashboard/front-end/vendor/laravel/framework/src/Illuminate/Pipeline/Pipeline.php(219): Illuminate/Session/Middleware/StartSession->handle(Object(Illuminate/Http/Request), Object(Closure))
#16 C:/Users/0909W/OneDrive/Documenten/GitHub/Educom-Trainee-Dashboard/front-end/vendor/laravel/framework/src/Illuminate/Cookie/Middleware/AddQueuedCookiesToResponse.php(36): Illuminate/Pipeline/Pipeline->{closure:{closure:Illuminate/Pipeline/Pipeline::carry():194}:195}(Object(Illuminate/Http/Request))
#17 C:/Users/0909W/OneDrive/Documenten/GitHub/Educom-Trainee-Dashboard/front-end/vendor/laravel/framework/src/Illuminate/Pipeline/Pipeline.php(219): Illuminate/Cookie/Middleware/AddQueuedCookiesToResponse->handle(Object(Illuminate/Http/Request), Object(Closure))
#18 C:/Users/0909W/OneDrive/Documenten/GitHub/Educom-Trainee-Dashboard/front-end/vendor/laravel/framework/src/Illuminate/Cookie/Middleware/EncryptCookies.php(74): Illuminate/Pipeline/Pipeline->{closure:{closure:Illuminate/Pipeline/Pipeline::carry():194}:195}(Object(Illuminate/Http/Request))
#19 C:/Users/0909W/OneDrive/Documenten/GitHub/Educom-Trainee-Dashboard/front-end/vendor/laravel/framework/src/Illuminate/Pipeline/Pipeline.php(219): Illuminate/Cookie/Middleware/EncryptCookies->handle(Object(Illuminate/Http/Request), Object(Closure))
#20 C:/Users/0909W/OneDrive/Documenten/GitHub/Educom-Trainee-Dashboard/front-end/vendor/laravel/framework/src/Illuminate/Pipeline/Pipeline.php(137): Illuminate/Pipeline/Pipeline->{closure:{closure:Illuminate/Pipeline/Pipeline::carry():194}:195}(Object(Illuminate/Http/Request))
#21 C:/Users/0909W/OneDrive/Documenten/GitHub/Educom-Trainee-Dashboard/front-end/vendor/laravel/framework/src/Illuminate/Routing/Router.php(821): Illuminate/Pipeline/Pipeline->then(Object(Closure))
#22 C:/Users/0909W/OneDrive/Documenten/GitHub/Educom-Trainee-Dashboard/front-end/vendor/laravel/framework/src/Illuminate/Routing/Router.php(800): Illuminate/Routing/Router->runRouteWithinStack(Object(Illuminate/Routing/Route), Object(Illuminate/Http/Request))
#23 C:/Users/0909W/OneDrive/Documenten/GitHub/Educom-Trainee-Dashboard/front-end/vendor/laravel/framework/src/Illuminate/Routing/Router.php(764): Illuminate/Routing/Router->runRoute(Object(Illuminate/Http/Request), Object(Illuminate/Routing/Route))
#24 C:/Users/0909W/OneDrive/Documenten/GitHub/Educom-Trainee-Dashboard/front-end/vendor/laravel/framework/src/Illuminate/Routing/Router.php(753): Illuminate/Routing/Router->dispatchToRoute(Object(Illuminate/Http/Request))
#25 C:/Users/0909W/OneDrive/Documenten/GitHub/Educom-Trainee-Dashboard/front-end/vendor/laravel/framework/src/Illuminate/Foundation/Http/Kernel.php(200): Illuminate/Routing/Router->dispatch(Object(Illuminate/Http/Request))
#26 C:/Users/0909W/OneDrive/Documenten/GitHub/Educom-Trainee-Dashboard/front-end/vendor/laravel/framework/src/Illuminate/Pipeline/Pipeline.php(180): Illuminate/Foundation/Http/Kernel->{closure:Illuminate/Foundation/Http/Kernel::dispatchToRouter():197}(Object(Illuminate/Http/Request))
#27 C:/Users/0909W/OneDrive/Documenten/GitHub/Educom-Trainee-Dashboard/front-end/vendor/inertiajs/inertia-laravel/src/Middleware/EnsureGetOnRedirect.php(19): Illuminate/Pipeline/Pipeline->{closure:Illuminate/Pipeline/Pipeline::prepareDestination():178}(Object(Illuminate/Http/Request))
#28 C:/Users/0909W/OneDrive/Documenten/GitHub/Educom-Trainee-Dashboard/front-end/vendor/laravel/framework/src/Illuminate/Pipeline/Pipeline.php(219): Inertia/Middleware/EnsureGetOnRedirect->handle(Object(Illuminate/Http/Request), Object(Closure))
#29 C:/Users/0909W/OneDrive/Documenten/GitHub/Educom-Trainee-Dashboard/front-end/vendor/laravel/framework/src/Illuminate/Foundation/Http/Middleware/TransformsRequest.php(21): Illuminate/Pipeline/Pipeline->{closure:{closure:Illuminate/Pipeline/Pipeline::carry():194}:195}(Object(Illuminate/Http/Request))
#30 C:/Users/0909W/OneDrive/Documenten/GitHub/Educom-Trainee-Dashboard/front-end/vendor/laravel/framework/src/Illuminate/Foundation/Http/Middleware/ConvertEmptyStringsToNull.php(31): Illuminate/Foundation/Http/Middleware/TransformsRequest->handle(Object(Illuminate/Http/Request), Object(Closure))
#31 C:/Users/0909W/OneDrive/Documenten/GitHub/Educom-Trainee-Dashboard/front-end/vendor/laravel/framework/src/Illuminate/Pipeline/Pipeline.php(219): Illuminate/Foundation/Http/Middleware/ConvertEmptyStringsToNull->handle(Object(Illuminate/Http/Request), Object(Closure))
#32 C:/Users/0909W/OneDrive/Documenten/GitHub/Educom-Trainee-Dashboard/front-end/vendor/laravel/framework/src/Illuminate/Foundation/Http/Middleware/TransformsRequest.php(21): Illuminate/Pipeline/Pipeline->{closure:{closure:Illuminate/Pipeline/Pipeline::carry():194}:195}(Object(Illuminate/Http/Request))
#33 C:/Users/0909W/OneDrive/Documenten/GitHub/Educom-Trainee-Dashboard/front-end/vendor/laravel/framework/src/Illuminate/Foundation/Http/Middleware/TrimStrings.php(51): Illuminate/Foundation/Http/Middleware/TransformsRequest->handle(Object(Illuminate/Http/Request), Object(Closure))
#34 C:/Users/0909W/OneDrive/Documenten/GitHub/Educom-Trainee-Dashboard/front-end/vendor/laravel/framework/src/Illuminate/Pipeline/Pipeline.php(219): Illuminate/Foundation/Http/Middleware/TrimStrings->handle(Object(Illuminate/Http/Request), Object(Closure))
#35 C:/Users/0909W/OneDrive/Documenten/GitHub/Educom-Trainee-Dashboard/front-end/vendor/laravel/framework/src/Illuminate/Http/Middleware/ValidatePostSize.php(27): Illuminate/Pipeline/Pipeline->{closure:{closure:Illuminate/Pipeline/Pipeline::carry():194}:195}(Object(Illuminate/Http/Request))
#36 C:/Users/0909W/OneDrive/Documenten/GitHub/Educom-Trainee-Dashboard/front-end/vendor/laravel/framework/src/Illuminate/Pipeline/Pipeline.php(219): Illuminate/Http/Middleware/ValidatePostSize->handle(Object(Illuminate/Http/Request), Object(Closure))
#37 C:/Users/0909W/OneDrive/Documenten/GitHub/Educom-Trainee-Dashboard/front-end/vendor/laravel/framework/src/Illuminate/Foundation/Http/Middleware/PreventRequestsDuringMaintenance.php(109): Illuminate/Pipeline/Pipeline->{closure:{closure:Illuminate/Pipeline/Pipeline::carry():194}:195}(Object(Illuminate/Http/Request))
#38 C:/Users/0909W/OneDrive/Documenten/GitHub/Educom-Trainee-Dashboard/front-end/vendor/laravel/framework/src/Illuminate/Pipeline/Pipeline.php(219): Illuminate/Foundation/Http/Middleware/PreventRequestsDuringMaintenance->handle(Object(Illuminate/Http/Request), Object(Closure))
#39 C:/Users/0909W/OneDrive/Documenten/GitHub/Educom-Trainee-Dashboard/front-end/vendor/laravel/framework/src/Illuminate/Http/Middleware/HandleCors.php(61): Illuminate/Pipeline/Pipeline->{closure:{closure:Illuminate/Pipeline/Pipeline::carry():194}:195}(Object(Illuminate/Http/Request))
#40 C:/Users/0909W/OneDrive/Documenten/GitHub/Educom-Trainee-Dashboard/front-end/vendor/laravel/framework/src/Illuminate/Pipeline/Pipeline.php(219): Illuminate/Http/Middleware/HandleCors->handle(Object(Illuminate/Http/Request), Object(Closure))
#41 C:/Users/0909W/OneDrive/Documenten/GitHub/Educom-Trainee-Dashboard/front-end/vendor/laravel/framework/src/Illuminate/Http/Middleware/TrustProxies.php(58): Illuminate/Pipeline/Pipeline->{closure:{closure:Illuminate/Pipeline/Pipeline::carry():194}:195}(Object(Illuminate/Http/Request))
#42 C:/Users/0909W/OneDrive/Documenten/GitHub/Educom-Trainee-Dashboard/front-end/vendor/laravel/framework/src/Illuminate/Pipeline/Pipeline.php(219): Illuminate/Http/Middleware/TrustProxies->handle(Object(Illuminate/Http/Request), Object(Closure))
#43 C:/Users/0909W/OneDrive/Documenten/GitHub/Educom-Trainee-Dashboard/front-end/vendor/laravel/framework/src/Illuminate/Foundation/Http/Middleware/InvokeDeferredCallbacks.php(22): Illuminate/Pipeline/Pipeline->{closure:{closure:Illuminate/Pipeline/Pipeline::carry():194}:195}(Object(Illuminate/Http/Request))
#44 C:/Users/0909W/OneDrive/Documenten/GitHub/Educom-Trainee-Dashboard/front-end/vendor/laravel/framework/src/Illuminate/Pipeline/Pipeline.php(219): Illuminate/Foundation/Http/Middleware/InvokeDeferredCallbacks->handle(Object(Illuminate/Http/Request), Object(Closure))
#45 C:/Users/0909W/OneDrive/Documenten/GitHub/Educom-Trainee-Dashboard/front-end/vendor/laravel/framework/src/Illuminate/Http/Middleware/ValidatePathEncoding.php(28): Illuminate/Pipeline/Pipeline->{closure:{closure:Illuminate/Pipeline/Pipeline::carry():194}:195}(Object(Illuminate/Http/Request))
#46 C:/Users/0909W/OneDrive/Documenten/GitHub/Educom-Trainee-Dashboard/front-end/vendor/laravel/framework/src/Illuminate/Pipeline/Pipeline.php(219): Illuminate/Http/Middleware/ValidatePathEncoding->handle(Object(Illuminate/Http/Request), Object(Closure))
#47 C:/Users/0909W/OneDrive/Documenten/GitHub/Educom-Trainee-Dashboard/front-end/vendor/laravel/framework/src/Illuminate/Pipeline/Pipeline.php(137): Illuminate/Pipeline/Pipeline->{closure:{closure:Illuminate/Pipeline/Pipeline::carry():194}:195}(Object(Illuminate/Http/Request))
#48 C:/Users/0909W/OneDrive/Documenten/GitHub/Educom-Trainee-Dashboard/front-end/vendor/laravel/framework/src/Illuminate/Foundation/Http/Kernel.php(175): Illuminate/Pipeline/Pipeline->then(Object(Closure))
#49 C:/Users/0909W/OneDrive/Documenten/GitHub/Educom-Trainee-Dashboard/front-end/vendor/laravel/framework/src/Illuminate/Foundation/Http/Kernel.php(144): Illuminate/Foundation/Http/Kernel->sendRequestThroughRouter(Object(Illuminate/Http/Request))
#50 C:/Users/0909W/OneDrive/Documenten/GitHub/Educom-Trainee-Dashboard/front-end/vendor/laravel/framework/src/Illuminate/Foundation/Application.php(1220): Illuminate/Foundation/Http/Kernel->handle(Object(Illuminate/Http/Request))
#51 C:/Users/0909W/OneDrive/Documenten/GitHub/Educom-Trainee-Dashboard/front-end/public/index.php(20): Illuminate/Foundation/Application->handleRequest(Object(Illuminate/Http/Request))
#52 C:/Users/0909W/OneDrive/Documenten/GitHub/Educom-Trainee-Dashboard/front-end/vendor/laravel/framework/src/Illuminate/Foundation/resources/server.php(23): require_once('C://Users//0909W//...')
#53 {main}

[previous exception] [object] (PDOException(code: 7): SQLSTATE[08006] [7] connection to server at \"127.0.0.1\", port 5432 failed: fe_sendauth: no password supplied at C:/Users/0909W/OneDrive/Documenten/GitHub/Educom-Trainee-Dashboard/front-end/vendor/laravel/framework/src/Illuminate/Database/Connectors/Connector.php:67)
[stacktrace]
#0 C:/Users/0909W/OneDrive/Documenten/GitHub/Educom-Trainee-Dashboard/front-end/vendor/laravel/framework/src/Illuminate/Database/Connectors/Connector.php(67): PDO::connect('pgsql:host=127....', 'root', Object(SensitiveParameterValue), Array)
#1 C:/Users/0909W/OneDrive/Documenten/GitHub/Educom-Trainee-Dashboard/front-end/vendor/laravel/framework/src/Illuminate/Database/Connectors/Connector.php(44): Illuminate/Database/Connectors/Connector->createPdoConnection('pgsql:host=127....', 'root', Object(SensitiveParameterValue), Array)
#2 C:/Users/0909W/OneDrive/Documenten/GitHub/Educom-Trainee-Dashboard/front-end/vendor/laravel/framework/src/Illuminate/Database/Connectors/PostgresConnector.php(35): Illuminate/Database/Connectors/Connector->createConnection('pgsql:host=127....', Array, Array)
#3 C:/Users/0909W/OneDrive/Documenten/GitHub/Educom-Trainee-Dashboard/front-end/vendor/laravel/framework/src/Illuminate/Database/Connectors/ConnectionFactory.php(220): Illuminate/Database/Connectors/PostgresConnector->connect(Array)
#4 [internal function]: Illuminate/Database/Connectors/ConnectionFactory->{closure:Illuminate/Database/Connectors/ConnectionFactory::createPdoResolverWithHosts():213}()
#5 C:/Users/0909W/OneDrive/Documenten/GitHub/Educom-Trainee-Dashboard/front-end/vendor/laravel/framework/src/Illuminate/Database/Connection.php(1297): call_user_func(Object(Closure))
#6 C:/Users/0909W/OneDrive/Documenten/GitHub/Educom-Trainee-Dashboard/front-end/vendor/laravel/framework/src/Illuminate/Database/Connection.php(542): Illuminate/Database/Connection->getPdo()
#7 C:/Users/0909W/OneDrive/Documenten/GitHub/Educom-Trainee-Dashboard/front-end/vendor/laravel/framework/src/Illuminate/Database/Connection.php(435): Illuminate/Database/Connection->getPdoForSelect(false)
#8 C:/Users/0909W/OneDrive/Documenten/GitHub/Educom-Trainee-Dashboard/front-end/vendor/laravel/framework/src/Illuminate/Database/Connection.php(846): Illuminate/Database/Connection->{closure:Illuminate/Database/Connection::select():426}('select * from \"...', Array)
#9 C:/Users/0909W/OneDrive/Documenten/GitHub/Educom-Trainee-Dashboard/front-end/vendor/laravel/framework/src/Illuminate/Database/Connection.php(813): Illuminate/Database/Connection->runQueryCallback('select * from \"...', Array, Object(Closure))
#10 C:/Users/0909W/OneDrive/Documenten/GitHub/Educom-Trainee-Dashboard/front-end/vendor/laravel/framework/src/Illuminate/Database/Connection.php(426): Illuminate/Database/Connection->run('select * from \"...', Array, Object(Closure))
#11 C:/Users/0909W/OneDrive/Documenten/GitHub/Educom-Trainee-Dashboard/front-end/vendor/laravel/framework/src/Illuminate/Database/Query/Builder.php(3573): Illuminate/Database/Connection->select('select * from \"...', Array, false, Array)
#12 C:/Users/0909W/OneDrive/Documenten/GitHub/Educom-Trainee-Dashboard/front-end/vendor/laravel/framework/src/Illuminate/Database/Query/Builder.php(3557): Illuminate/Database/Query/Builder->runSelect()
#13 C:/Users/0909W/OneDrive/Documenten/GitHub/Educom-Trainee-Dashboard/front-end/vendor/laravel/framework/src/Illuminate/Database/Concerns/BuildsQueries.php(366): Illuminate/Database/Query/Builder->get(Array)
#14 C:/Users/0909W/OneDrive/Documenten/GitHub/Educom-Trainee-Dashboard/front-end/vendor/laravel/framework/src/Illuminate/Database/Query/Builder.php(3475): Illuminate/Database/Query/Builder->first(Array)
#15 C:/Users/0909W/OneDrive/Documenten/GitHub/Educom-Trainee-Dashboard/front-end/vendor/laravel/framework/src/Illuminate/Session/DatabaseSessionHandler.php(96): Illuminate/Database/Query/Builder->find('BL8eiXl6bChwtPn...')
#16 C:/Users/0909W/OneDrive/Documenten/GitHub/Educom-Trainee-Dashboard/front-end/vendor/laravel/framework/src/Illuminate/Session/Store.php(128): Illuminate/Session/DatabaseSessionHandler->read('BL8eiXl6bChwtPn...')
#17 C:/Users/0909W/OneDrive/Documenten/GitHub/Educom-Trainee-Dashboard/front-end/vendor/laravel/framework/src/Illuminate/Session/Store.php(116): Illuminate/Session/Store->readFromHandler()
#18 C:/Users/0909W/OneDrive/Documenten/GitHub/Educom-Trainee-Dashboard/front-end/vendor/laravel/framework/src/Illuminate/Session/Store.php(100): Illuminate/Session/Store->loadSession()
#19 C:/Users/0909W/OneDrive/Documenten/GitHub/Educom-Trainee-Dashboard/front-end/vendor/laravel/framework/src/Illuminate/Session/Middleware/StartSession.php(146): Illuminate/Session/Store->start()
#20 C:/Users/0909W/OneDrive/Documenten/GitHub/Educom-Trainee-Dashboard/front-end/vendor/laravel/framework/src/Illuminate/Support/helpers.php(393): Illuminate/Session/Middleware/StartSession->{closure:Illuminate/Session/Middleware/StartSession::startSession():143}(Object(Illuminate/Session/Store))
#21 C:/Users/0909W/OneDrive/Documenten/GitHub/Educom-Trainee-Dashboard/front-end/vendor/laravel/framework/src/Illuminate/Session/Middleware/StartSession.php(143): tap(Object(Illuminate/Session/Store), Object(Closure))
#22 C:/Users/0909W/OneDrive/Documenten/GitHub/Educom-Trainee-Dashboard/front-end/vendor/laravel/framework/src/Illuminate/Session/Middleware/StartSession.php(115): Illuminate/Session/Middleware/StartSession->startSession(Object(Illuminate/Http/Request), Object(Illuminate/Session/Store))
#23 C:/Users/0909W/OneDrive/Documenten/GitHub/Educom-Trainee-Dashboard/front-end/vendor/laravel/framework/src/Illuminate/Session/Middleware/StartSession.php(63): Illuminate/Session/Middleware/StartSession->handleStatefulRequest(Object(Illuminate/Http/Request), Object(Illuminate/Session/Store), Object(Closure))
#24 C:/Users/0909W/OneDrive/Documenten/GitHub/Educom-Trainee-Dashboard/front-end/vendor/laravel/framework/src/Illuminate/Pipeline/Pipeline.php(219): Illuminate/Session/Middleware/StartSession->handle(Object(Illuminate/Http/Request), Object(Closure))
#25 C:/Users/0909W/OneDrive/Documenten/GitHub/Educom-Trainee-Dashboard/front-end/vendor/laravel/framework/src/Illuminate/Cookie/Middleware/AddQueuedCookiesToResponse.php(36): Illuminate/Pipeline/Pipeline->{closure:{closure:Illuminate/Pipeline/Pipeline::carry():194}:195}(Object(Illuminate/Http/Request))
#26 C:/Users/0909W/OneDrive/Documenten/GitHub/Educom-Trainee-Dashboard/front-end/vendor/laravel/framework/src/Illuminate/Pipeline/Pipeline.php(219): Illuminate/Cookie/Middleware/AddQueuedCookiesToResponse->handle(Object(Illuminate/Http/Request), Object(Closure))
#27 C:/Users/0909W/OneDrive/Documenten/GitHub/Educom-Trainee-Dashboard/front-end/vendor/laravel/framework/src/Illuminate/Cookie/Middleware/EncryptCookies.php(74): Illuminate/Pipeline/Pipeline->{closure:{closure:Illuminate/Pipeline/Pipeline::carry():194}:195}(Object(Illuminate/Http/Request))
#28 C:/Users/0909W/OneDrive/Documenten/GitHub/Educom-Trainee-Dashboard/front-end/vendor/laravel/framework/src/Illuminate/Pipeline/Pipeline.php(219): Illuminate/Cookie/Middleware/EncryptCookies->handle(Object(Illuminate/Http/Request), Object(Closure))
#29 C:/Users/0909W/OneDrive/Documenten/GitHub/Educom-Trainee-Dashboard/front-end/vendor/laravel/framework/src/Illuminate/Pipeline/Pipeline.php(137): Illuminate/Pipeline/Pipeline->{closure:{closure:Illuminate/Pipeline/Pipeline::carry():194}:195}(Object(Illuminate/Http/Request))
#30 C:/Users/0909W/OneDrive/Documenten/GitHub/Educom-Trainee-Dashboard/front-end/vendor/laravel/framework/src/Illuminate/Routing/Router.php(821): Illuminate/Pipeline/Pipeline->then(Object(Closure))
#31 C:/Users/0909W/OneDrive/Documenten/GitHub/Educom-Trainee-Dashboard/front-end/vendor/laravel/framework/src/Illuminate/Routing/Router.php(800): Illuminate/Routing/Router->runRouteWithinStack(Object(Illuminate/Routing/Route), Object(Illuminate/Http/Request))
#32 C:/Users/0909W/OneDrive/Documenten/GitHub/Educom-Trainee-Dashboard/front-end/vendor/laravel/framework/src/Illuminate/Routing/Router.php(764): Illuminate/Routing/Router->runRoute(Object(Illuminate/Http/Request), Object(Illuminate/Routing/Route))
#33 C:/Users/0909W/OneDrive/Documenten/GitHub/Educom-Trainee-Dashboard/front-end/vendor/laravel/framework/src/Illuminate/Routing/Router.php(753): Illuminate/Routing/Router->dispatchToRoute(Object(Illuminate/Http/Request))
#34 C:/Users/0909W/OneDrive/Documenten/GitHub/Educom-Trainee-Dashboard/front-end/vendor/laravel/framework/src/Illuminate/Foundation/Http/Kernel.php(200): Illuminate/Routing/Router->dispatch(Object(Illuminate/Http/Request))
#35 C:/Users/0909W/OneDrive/Documenten/GitHub/Educom-Trainee-Dashboard/front-end/vendor/laravel/framework/src/Illuminate/Pipeline/Pipeline.php(180): Illuminate/Foundation/Http/Kernel->{closure:Illuminate/Foundation/Http/Kernel::dispatchToRouter():197}(Object(Illuminate/Http/Request))
#36 C:/Users/0909W/OneDrive/Documenten/GitHub/Educom-Trainee-Dashboard/front-end/vendor/inertiajs/inertia-laravel/src/Middleware/EnsureGetOnRedirect.php(19): Illuminate/Pipeline/Pipeline->{closure:Illuminate/Pipeline/Pipeline::prepareDestination():178}(Object(Illuminate/Http/Request))
#37 C:/Users/0909W/OneDrive/Documenten/GitHub/Educom-Trainee-Dashboard/front-end/vendor/laravel/framework/src/Illuminate/Pipeline/Pipeline.php(219): Inertia/Middleware/EnsureGetOnRedirect->handle(Object(Illuminate/Http/Request), Object(Closure))
#38 C:/Users/0909W/OneDrive/Documenten/GitHub/Educom-Trainee-Dashboard/front-end/vendor/laravel/framework/src/Illuminate/Foundation/Http/Middleware/TransformsRequest.php(21): Illuminate/Pipeline/Pipeline->{closure:{closure:Illuminate/Pipeline/Pipeline::carry():194}:195}(Object(Illuminate/Http/Request))
#39 C:/Users/0909W/OneDrive/Documenten/GitHub/Educom-Trainee-Dashboard/front-end/vendor/laravel/framework/src/Illuminate/Foundation/Http/Middleware/ConvertEmptyStringsToNull.php(31): Illuminate/Foundation/Http/Middleware/TransformsRequest->handle(Object(Illuminate/Http/Request), Object(Closure))
#40 C:/Users/0909W/OneDrive/Documenten/GitHub/Educom-Trainee-Dashboard/front-end/vendor/laravel/framework/src/Illuminate/Pipeline/Pipeline.php(219): Illuminate/Foundation/Http/Middleware/ConvertEmptyStringsToNull->handle(Object(Illuminate/Http/Request), Object(Closure))
#41 C:/Users/0909W/OneDrive/Documenten/GitHub/Educom-Trainee-Dashboard/front-end/vendor/laravel/framework/src/Illuminate/Foundation/Http/Middleware/TransformsRequest.php(21): Illuminate/Pipeline/Pipeline->{closure:{closure:Illuminate/Pipeline/Pipeline::carry():194}:195}(Object(Illuminate/Http/Request))
#42 C:/Users/0909W/OneDrive/Documenten/GitHub/Educom-Trainee-Dashboard/front-end/vendor/laravel/framework/src/Illuminate/Foundation/Http/Middleware/TrimStrings.php(51): Illuminate/Foundation/Http/Middleware/TransformsRequest->handle(Object(Illuminate/Http/Request), Object(Closure))
#43 C:/Users/0909W/OneDrive/Documenten/GitHub/Educom-Trainee-Dashboard/front-end/vendor/laravel/framework/src/Illuminate/Pipeline/Pipeline.php(219): Illuminate/Foundation/Http/Middleware/TrimStrings->handle(Object(Illuminate/Http/Request), Object(Closure))
#44 C:/Users/0909W/OneDrive/Documenten/GitHub/Educom-Trainee-Dashboard/front-end/vendor/laravel/framework/src/Illuminate/Http/Middleware/ValidatePostSize.php(27): Illuminate/Pipeline/Pipeline->{closure:{closure:Illuminate/Pipeline/Pipeline::carry():194}:195}(Object(Illuminate/Http/Request))
#45 C:/Users/0909W/OneDrive/Documenten/GitHub/Educom-Trainee-Dashboard/front-end/vendor/laravel/framework/src/Illuminate/Pipeline/Pipeline.php(219): Illuminate/Http/Middleware/ValidatePostSize->handle(Object(Illuminate/Http/Request), Object(Closure))
#46 C:/Users/0909W/OneDrive/Documenten/GitHub/Educom-Trainee-Dashboard/front-end/vendor/laravel/framework/src/Illuminate/Foundation/Http/Middleware/PreventRequestsDuringMaintenance.php(109): Illuminate/Pipeline/Pipeline->{closure:{closure:Illuminate/Pipeline/Pipeline::carry():194}:195}(Object(Illuminate/Http/Request))
#47 C:/Users/0909W/OneDrive/Documenten/GitHub/Educom-Trainee-Dashboard/front-end/vendor/laravel/framework/src/Illuminate/Pipeline/Pipeline.php(219): Illuminate/Foundation/Http/Middleware/PreventRequestsDuringMaintenance->handle(Object(Illuminate/Http/Request), Object(Closure))
#48 C:/Users/0909W/OneDrive/Documenten/GitHub/Educom-Trainee-Dashboard/front-end/vendor/laravel/framework/src/Illuminate/Http/Middleware/HandleCors.php(61): Illuminate/Pipeline/Pipeline->{closure:{closure:Illuminate/Pipeline/Pipeline::carry():194}:195}(Object(Illuminate/Http/Request))
#49 C:/Users/0909W/OneDrive/Documenten/GitHub/Educom-Trainee-Dashboard/front-end/vendor/laravel/framework/src/Illuminate/Pipeline/Pipeline.php(219): Illuminate/Http/Middleware/HandleCors->handle(Object(Illuminate/Http/Request), Object(Closure))
#50 C:/Users/0909W/OneDrive/Documenten/GitHub/Educom-Trainee-Dashboard/front-end/vendor/laravel/framework/src/Illuminate/Http/Middleware/TrustProxies.php(58): Illuminate/Pipeline/Pipeline->{closure:{closure:Illuminate/Pipeline/Pipeline::carry():194}:195}(Object(Illuminate/Http/Request))
#51 C:/Users/0909W/OneDrive/Documenten/GitHub/Educom-Trainee-Dashboard/front-end/vendor/laravel/framework/src/Illuminate/Pipeline/Pipeline.php(219): Illuminate/Http/Middleware/TrustProxies->handle(Object(Illuminate/Http/Request), Object(Closure))
#52 C:/Users/0909W/OneDrive/Documenten/GitHub/Educom-Trainee-Dashboard/front-end/vendor/laravel/framework/src/Illuminate/Foundation/Http/Middleware/InvokeDeferredCallbacks.php(22): Illuminate/Pipeline/Pipeline->{closure:{closure:Illuminate/Pipeline/Pipeline::carry():194}:195}(Object(Illuminate/Http/Request))
#53 C:/Users/0909W/OneDrive/Documenten/GitHub/Educom-Trainee-Dashboard/front-end/vendor/laravel/framework/src/Illuminate/Pipeline/Pipeline.php(219): Illuminate/Foundation/Http/Middleware/InvokeDeferredCallbacks->handle(Object(Illuminate/Http/Request), Object(Closure))
#54 C:/Users/0909W/OneDrive/Documenten/GitHub/Educom-Trainee-Dashboard/front-end/vendor/laravel/framework/src/Illuminate/Http/Middleware/ValidatePathEncoding.php(28): Illuminate/Pipeline/Pipeline->{closure:{closure:Illuminate/Pipeline/Pipeline::carry():194}:195}(Object(Illuminate/Http/Request))
#55 C:/Users/0909W/OneDrive/Documenten/GitHub/Educom-Trainee-Dashboard/front-end/vendor/laravel/framework/src/Illuminate/Pipeline/Pipeline.php(219): Illuminate/Http/Middleware/ValidatePathEncoding->handle(Object(Illuminate/Http/Request), Object(Closure))
#56 C:/Users/0909W/OneDrive/Documenten/GitHub/Educom-Trainee-Dashboard/front-end/vendor/laravel/framework/src/Illuminate/Pipeline/Pipeline.php(137): Illuminate/Pipeline/Pipeline->{closure:{closure:Illuminate/Pipeline/Pipeline::carry():194}:195}(Object(Illuminate/Http/Request))
#57 C:/Users/0909W/OneDrive/Documenten/GitHub/Educom-Trainee-Dashboard/front-end/vendor/laravel/framework/src/Illuminate/Foundation/Http/Kernel.php(175): Illuminate/Pipeline/Pipeline->then(Object(Closure))
#58 C:/Users/0909W/OneDrive/Documenten/GitHub/Educom-Trainee-Dashboard/front-end/vendor/laravel/framework/src/Illuminate/Foundation/Http/Kernel.php(144): Illuminate/Foundation/Http/Kernel->sendRequestThroughRouter(Object(Illuminate/Http/Request))
#59 C:/Users/0909W/OneDrive/Documenten/GitHub/Educom-Trainee-Dashboard/front-end/vendor/laravel/framework/src/Illuminate/Foundation/Application.php(1220): Illuminate/Foundation/Http/Kernel->handle(Object(Illuminate/Http/Request))
#60 C:/Users/0909W/OneDrive/Documenten/GitHub/Educom-Trainee-Dashboard/front-end/public/index.php(20): Illuminate/Foundation/Application->handleRequest(Object(Illuminate/Http/Request))
#61 C:/Users/0909W/OneDrive/Documenten/GitHub/Educom-Trainee-Dashboard/front-end/vendor/laravel/framework/src/Illuminate/Foundation/resources/server.php(23): require_once('C://Users//0909W//...')
#62 {main}
"} 
[2026-07-14 13:55:09] local.ERROR: SQLSTATE[08006] [7] connection to server at "127.0.0.1", port 5432 failed: fe_sendauth: no password supplied (Connection: pgsql, Host: 127.0.0.1, Port: 5432, Database: laravel, SQL: select * from "sessions" where "id" = 0D5f4SfIMNUbouz43Gcala68HmJMZknzNljlrO67 limit 1) {"exception":"[object] (Illuminate\\Database\\QueryException(code: 7): SQLSTATE[08006] [7] connection to server at \"127.0.0.1\", port 5432 failed: fe_sendauth: no password supplied (Connection: pgsql, Host: 127.0.0.1, Port: 5432, Database: laravel, SQL: select * from \"sessions\" where \"id\" = 0D5f4SfIMNUbouz43Gcala68HmJMZknzNljlrO67 limit 1) at C:/Users/0909W/OneDrive/Documenten/GitHub/Educom-Trainee-Dashboard/front-end/vendor/laravel/framework/src/Illuminate/Database/Connection.php:857)
[stacktrace]
#0 C:/Users/0909W/OneDrive/Documenten/GitHub/Educom-Trainee-Dashboard/front-end/vendor/laravel/framework/src/Illuminate/Database/Connection.php(813): Illuminate/Database/Connection->runQueryCallback('select * from \"...', Array, Object(Closure))
#1 C:/Users/0909W/OneDrive/Documenten/GitHub/Educom-Trainee-Dashboard/front-end/vendor/laravel/framework/src/Illuminate/Database/Connection.php(426): Illuminate/Database/Connection->run('select * from \"...', Array, Object(Closure))
#2 C:/Users/0909W/OneDrive/Documenten/GitHub/Educom-Trainee-Dashboard/front-end/vendor/laravel/framework/src/Illuminate/Database/Query/Builder.php(3573): Illuminate/Database/Connection->select('select * from \"...', Array, false, Array)
#3 C:/Users/0909W/OneDrive/Documenten/GitHub/Educom-Trainee-Dashboard/front-end/vendor/laravel/framework/src/Illuminate/Database/Query/Builder.php(3557): Illuminate/Database/Query/Builder->runSelect()
#4 C:/Users/0909W/OneDrive/Documenten/GitHub/Educom-Trainee-Dashboard/front-end/vendor/laravel/framework/src/Illuminate/Database/Concerns/BuildsQueries.php(366): Illuminate/Database/Query/Builder->get(Array)
#5 C:/Users/0909W/OneDrive/Documenten/GitHub/Educom-Trainee-Dashboard/front-end/vendor/laravel/framework/src/Illuminate/Database/Query/Builder.php(3475): Illuminate/Database/Query/Builder->first(Array)
#6 C:/Users/0909W/OneDrive/Documenten/GitHub/Educom-Trainee-Dashboard/front-end/vendor/laravel/framework/src/Illuminate/Session/DatabaseSessionHandler.php(96): Illuminate/Database/Query/Builder->find('0D5f4SfIMNUbouz...')
#7 C:/Users/0909W/OneDrive/Documenten/GitHub/Educom-Trainee-Dashboard/front-end/vendor/laravel/framework/src/Illuminate/Session/Store.php(128): Illuminate/Session/DatabaseSessionHandler->read('0D5f4SfIMNUbouz...')
#8 C:/Users/0909W/OneDrive/Documenten/GitHub/Educom-Trainee-Dashboard/front-end/vendor/laravel/framework/src/Illuminate/Session/Store.php(116): Illuminate/Session/Store->readFromHandler()
#9 C:/Users/0909W/OneDrive/Documenten/GitHub/Educom-Trainee-Dashboard/front-end/vendor/laravel/framework/src/Illuminate/Session/Store.php(100): Illuminate/Session/Store->loadSession()
#10 C:/Users/0909W/OneDrive/Documenten/GitHub/Educom-Trainee-Dashboard/front-end/vendor/laravel/framework/src/Illuminate/Session/Middleware/StartSession.php(146): Illuminate/Session/Store->start()
#11 C:/Users/0909W/OneDrive/Documenten/GitHub/Educom-Trainee-Dashboard/front-end/vendor/laravel/framework/src/Illuminate/Support/helpers.php(393): Illuminate/Session/Middleware/StartSession->{closure:Illuminate/Session/Middleware/StartSession::startSession():143}(Object(Illuminate/Session/Store))
#12 C:/Users/0909W/OneDrive/Documenten/GitHub/Educom-Trainee-Dashboard/front-end/vendor/laravel/framework/src/Illuminate/Session/Middleware/StartSession.php(143): tap(Object(Illuminate/Session/Store), Object(Closure))
#13 C:/Users/0909W/OneDrive/Documenten/GitHub/Educom-Trainee-Dashboard/front-end/vendor/laravel/framework/src/Illuminate/Session/Middleware/StartSession.php(115): Illuminate/Session/Middleware/StartSession->startSession(Object(Illuminate/Http/Request), Object(Illuminate/Session/Store))
#14 C:/Users/0909W/OneDrive/Documenten/GitHub/Educom-Trainee-Dashboard/front-end/vendor/laravel/framework/src/Illuminate/Session/Middleware/StartSession.php(63): Illuminate/Session/Middleware/StartSession->handleStatefulRequest(Object(Illuminate/Http/Request), Object(Illuminate/Session/Store), Object(Closure))
#15 C:/Users/0909W/OneDrive/Documenten/GitHub/Educom-Trainee-Dashboard/front-end/vendor/laravel/framework/src/Illuminate/Pipeline/Pipeline.php(219): Illuminate/Session/Middleware/StartSession->handle(Object(Illuminate/Http/Request), Object(Closure))
#16 C:/Users/0909W/OneDrive/Documenten/GitHub/Educom-Trainee-Dashboard/front-end/vendor/laravel/framework/src/Illuminate/Cookie/Middleware/AddQueuedCookiesToResponse.php(36): Illuminate/Pipeline/Pipeline->{closure:{closure:Illuminate/Pipeline/Pipeline::carry():194}:195}(Object(Illuminate/Http/Request))
#17 C:/Users/0909W/OneDrive/Documenten/GitHub/Educom-Trainee-Dashboard/front-end/vendor/laravel/framework/src/Illuminate/Pipeline/Pipeline.php(219): Illuminate/Cookie/Middleware/AddQueuedCookiesToResponse->handle(Object(Illuminate/Http/Request), Object(Closure))
#18 C:/Users/0909W/OneDrive/Documenten/GitHub/Educom-Trainee-Dashboard/front-end/vendor/laravel/framework/src/Illuminate/Cookie/Middleware/EncryptCookies.php(74): Illuminate/Pipeline/Pipeline->{closure:{closure:Illuminate/Pipeline/Pipeline::carry():194}:195}(Object(Illuminate/Http/Request))
#19 C:/Users/0909W/OneDrive/Documenten/GitHub/Educom-Trainee-Dashboard/front-end/vendor/laravel/framework/src/Illuminate/Pipeline/Pipeline.php(219): Illuminate/Cookie/Middleware/EncryptCookies->handle(Object(Illuminate/Http/Request), Object(Closure))
#20 C:/Users/0909W/OneDrive/Documenten/GitHub/Educom-Trainee-Dashboard/front-end/vendor/laravel/framework/src/Illuminate/Pipeline/Pipeline.php(137): Illuminate/Pipeline/Pipeline->{closure:{closure:Illuminate/Pipeline/Pipeline::carry():194}:195}(Object(Illuminate/Http/Request))
#21 C:/Users/0909W/OneDrive/Documenten/GitHub/Educom-Trainee-Dashboard/front-end/vendor/laravel/framework/src/Illuminate/Routing/Router.php(821): Illuminate/Pipeline/Pipeline->then(Object(Closure))
#22 C:/Users/0909W/OneDrive/Documenten/GitHub/Educom-Trainee-Dashboard/front-end/vendor/laravel/framework/src/Illuminate/Routing/Router.php(800): Illuminate/Routing/Router->runRouteWithinStack(Object(Illuminate/Routing/Route), Object(Illuminate/Http/Request))
#23 C:/Users/0909W/OneDrive/Documenten/GitHub/Educom-Trainee-Dashboard/front-end/vendor/laravel/framework/src/Illuminate/Routing/Router.php(764): Illuminate/Routing/Router->runRoute(Object(Illuminate/Http/Request), Object(Illuminate/Routing/Route))
#24 C:/Users/0909W/OneDrive/Documenten/GitHub/Educom-Trainee-Dashboard/front-end/vendor/laravel/framework/src/Illuminate/Routing/Router.php(753): Illuminate/Routing/Router->dispatchToRoute(Object(Illuminate/Http/Request))
#25 C:/Users/0909W/OneDrive/Documenten/GitHub/Educom-Trainee-Dashboard/front-end/vendor/laravel/framework/src/Illuminate/Foundation/Http/Kernel.php(200): Illuminate/Routing/Router->dispatch(Object(Illuminate/Http/Request))
#26 C:/Users/0909W/OneDrive/Documenten/GitHub/Educom-Trainee-Dashboard/front-end/vendor/laravel/framework/src/Illuminate/Pipeline/Pipeline.php(180): Illuminate/Foundation/Http/Kernel->{closure:Illuminate/Foundation/Http/Kernel::dispatchToRouter():197}(Object(Illuminate/Http/Request))
#27 C:/Users/0909W/OneDrive/Documenten/GitHub/Educom-Trainee-Dashboard/front-end/vendor/inertiajs/inertia-laravel/src/Middleware/EnsureGetOnRedirect.php(19): Illuminate/Pipeline/Pipeline->{closure:Illuminate/Pipeline/Pipeline::prepareDestination():178}(Object(Illuminate/Http/Request))
#28 C:/Users/0909W/OneDrive/Documenten/GitHub/Educom-Trainee-Dashboard/front-end/vendor/laravel/framework/src/Illuminate/Pipeline/Pipeline.php(219): Inertia/Middleware/EnsureGetOnRedirect->handle(Object(Illuminate/Http/Request), Object(Closure))
#29 C:/Users/0909W/OneDrive/Documenten/GitHub/Educom-Trainee-Dashboard/front-end/vendor/laravel/framework/src/Illuminate/Foundation/Http/Middleware/TransformsRequest.php(21): Illuminate/Pipeline/Pipeline->{closure:{closure:Illuminate/Pipeline/Pipeline::carry():194}:195}(Object(Illuminate/Http/Request))
#30 C:/Users/0909W/OneDrive/Documenten/GitHub/Educom-Trainee-Dashboard/front-end/vendor/laravel/framework/src/Illuminate/Foundation/Http/Middleware/ConvertEmptyStringsToNull.php(31): Illuminate/Foundation/Http/Middleware/TransformsRequest->handle(Object(Illuminate/Http/Request), Object(Closure))
#31 C:/Users/0909W/OneDrive/Documenten/GitHub/Educom-Trainee-Dashboard/front-end/vendor/laravel/framework/src/Illuminate/Pipeline/Pipeline.php(219): Illuminate/Foundation/Http/Middleware/ConvertEmptyStringsToNull->handle(Object(Illuminate/Http/Request), Object(Closure))
#32 C:/Users/0909W/OneDrive/Documenten/GitHub/Educom-Trainee-Dashboard/front-end/vendor/laravel/framework/src/Illuminate/Foundation/Http/Middleware/TransformsRequest.php(21): Illuminate/Pipeline/Pipeline->{closure:{closure:Illuminate/Pipeline/Pipeline::carry():194}:195}(Object(Illuminate/Http/Request))
#33 C:/Users/0909W/OneDrive/Documenten/GitHub/Educom-Trainee-Dashboard/front-end/vendor/laravel/framework/src/Illuminate/Foundation/Http/Middleware/TrimStrings.php(51): Illuminate/Foundation/Http/Middleware/TransformsRequest->handle(Object(Illuminate/Http/Request), Object(Closure))
#34 C:/Users/0909W/OneDrive/Documenten/GitHub/Educom-Trainee-Dashboard/front-end/vendor/laravel/framework/src/Illuminate/Pipeline/Pipeline.php(219): Illuminate/Foundation/Http/Middleware/TrimStrings->handle(Object(Illuminate/Http/Request), Object(Closure))
#35 C:/Users/0909W/OneDrive/Documenten/GitHub/Educom-Trainee-Dashboard/front-end/vendor/laravel/framework/src/Illuminate/Http/Middleware/ValidatePostSize.php(27): Illuminate/Pipeline/Pipeline->{closure:{closure:Illuminate/Pipeline/Pipeline::carry():194}:195}(Object(Illuminate/Http/Request))
#36 C:/Users/0909W/OneDrive/Documenten/GitHub/Educom-Trainee-Dashboard/front-end/vendor/laravel/framework/src/Illuminate/Pipeline/Pipeline.php(219): Illuminate/Http/Middleware/ValidatePostSize->handle(Object(Illuminate/Http/Request), Object(Closure))
#37 C:/Users/0909W/OneDrive/Documenten/GitHub/Educom-Trainee-Dashboard/front-end/vendor/laravel/framework/src/Illuminate/Foundation/Http/Middleware/PreventRequestsDuringMaintenance.php(109): Illuminate/Pipeline/Pipeline->{closure:{closure:Illuminate/Pipeline/Pipeline::carry():194}:195}(Object(Illuminate/Http/Request))
#38 C:/Users/0909W/OneDrive/Documenten/GitHub/Educom-Trainee-Dashboard/front-end/vendor/laravel/framework/src/Illuminate/Pipeline/Pipeline.php(219): Illuminate/Foundation/Http/Middleware/PreventRequestsDuringMaintenance->handle(Object(Illuminate/Http/Request), Object(Closure))
#39 C:/Users/0909W/OneDrive/Documenten/GitHub/Educom-Trainee-Dashboard/front-end/vendor/laravel/framework/src/Illuminate/Http/Middleware/HandleCors.php(61): Illuminate/Pipeline/Pipeline->{closure:{closure:Illuminate/Pipeline/Pipeline::carry():194}:195}(Object(Illuminate/Http/Request))
#40 C:/Users/0909W/OneDrive/Documenten/GitHub/Educom-Trainee-Dashboard/front-end/vendor/laravel/framework/src/Illuminate/Pipeline/Pipeline.php(219): Illuminate/Http/Middleware/HandleCors->handle(Object(Illuminate/Http/Request), Object(Closure))
#41 C:/Users/0909W/OneDrive/Documenten/GitHub/Educom-Trainee-Dashboard/front-end/vendor/laravel/framework/src/Illuminate/Http/Middleware/TrustProxies.php(58): Illuminate/Pipeline/Pipeline->{closure:{closure:Illuminate/Pipeline/Pipeline::carry():194}:195}(Object(Illuminate/Http/Request))
#42 C:/Users/0909W/OneDrive/Documenten/GitHub/Educom-Trainee-Dashboard/front-end/vendor/laravel/framework/src/Illuminate/Pipeline/Pipeline.php(219): Illuminate/Http/Middleware/TrustProxies->handle(Object(Illuminate/Http/Request), Object(Closure))
#43 C:/Users/0909W/OneDrive/Documenten/GitHub/Educom-Trainee-Dashboard/front-end/vendor/laravel/framework/src/Illuminate/Foundation/Http/Middleware/InvokeDeferredCallbacks.php(22): Illuminate/Pipeline/Pipeline->{closure:{closure:Illuminate/Pipeline/Pipeline::carry():194}:195}(Object(Illuminate/Http/Request))
#44 C:/Users/0909W/OneDrive/Documenten/GitHub/Educom-Trainee-Dashboard/front-end/vendor/laravel/framework/src/Illuminate/Pipeline/Pipeline.php(219): Illuminate/Foundation/Http/Middleware/InvokeDeferredCallbacks->handle(Object(Illuminate/Http/Request), Object(Closure))
#45 C:/Users/0909W/OneDrive/Documenten/GitHub/Educom-Trainee-Dashboard/front-end/vendor/laravel/framework/src/Illuminate/Http/Middleware/ValidatePathEncoding.php(28): Illuminate/Pipeline/Pipeline->{closure:{closure:Illuminate/Pipeline/Pipeline::carry():194}:195}(Object(Illuminate/Http/Request))
#46 C:/Users/0909W/OneDrive/Documenten/GitHub/Educom-Trainee-Dashboard/front-end/vendor/laravel/framework/src/Illuminate/Pipeline/Pipeline.php(219): Illuminate/Http/Middleware/ValidatePathEncoding->handle(Object(Illuminate/Http/Request), Object(Closure))
#47 C:/Users/0909W/OneDrive/Documenten/GitHub/Educom-Trainee-Dashboard/front-end/vendor/laravel/framework/src/Illuminate/Pipeline/Pipeline.php(137): Illuminate/Pipeline/Pipeline->{closure:{closure:Illuminate/Pipeline/Pipeline::carry():194}:195}(Object(Illuminate/Http/Request))
#48 C:/Users/0909W/OneDrive/Documenten/GitHub/Educom-Trainee-Dashboard/front-end/vendor/laravel/framework/src/Illuminate/Foundation/Http/Kernel.php(175): Illuminate/Pipeline/Pipeline->then(Object(Closure))
#49 C:/Users/0909W/OneDrive/Documenten/GitHub/Educom-Trainee-Dashboard/front-end/vendor/laravel/framework/src/Illuminate/Foundation/Http/Kernel.php(144): Illuminate/Foundation/Http/Kernel->sendRequestThroughRouter(Object(Illuminate/Http/Request))
#50 C:/Users/0909W/OneDrive/Documenten/GitHub/Educom-Trainee-Dashboard/front-end/vendor/laravel/framework/src/Illuminate/Foundation/Application.php(1220): Illuminate/Foundation/Http/Kernel->handle(Object(Illuminate/Http/Request))
#51 C:/Users/0909W/OneDrive/Documenten/GitHub/Educom-Trainee-Dashboard/front-end/public/index.php(20): Illuminate/Foundation/Application->handleRequest(Object(Illuminate/Http/Request))
#52 C:/Users/0909W/OneDrive/Documenten/GitHub/Educom-Trainee-Dashboard/front-end/vendor/laravel/framework/src/Illuminate/Foundation/resources/server.php(23): require_once('C://Users//0909W//...')
#53 {main}

[previous exception] [object] (PDOException(code: 7): SQLSTATE[08006] [7] connection to server at \"127.0.0.1\", port 5432 failed: fe_sendauth: no password supplied at C:/Users/0909W/OneDrive/Documenten/GitHub/Educom-Trainee-Dashboard/front-end/vendor/laravel/framework/src/Illuminate/Database/Connectors/Connector.php:67)
[stacktrace]
#0 C:/Users/0909W/OneDrive/Documenten/GitHub/Educom-Trainee-Dashboard/front-end/vendor/laravel/framework/src/Illuminate/Database/Connectors/Connector.php(67): PDO::connect('pgsql:host=127....', 'root', Object(SensitiveParameterValue), Array)
#1 C:/Users/0909W/OneDrive/Documenten/GitHub/Educom-Trainee-Dashboard/front-end/vendor/laravel/framework/src/Illuminate/Database/Connectors/Connector.php(44): Illuminate/Database/Connectors/Connector->createPdoConnection('pgsql:host=127....', 'root', Object(SensitiveParameterValue), Array)
#2 C:/Users/0909W/OneDrive/Documenten/GitHub/Educom-Trainee-Dashboard/front-end/vendor/laravel/framework/src/Illuminate/Database/Connectors/PostgresConnector.php(35): Illuminate/Database/Connectors/Connector->createConnection('pgsql:host=127....', Array, Array)
#3 C:/Users/0909W/OneDrive/Documenten/GitHub/Educom-Trainee-Dashboard/front-end/vendor/laravel/framework/src/Illuminate/Database/Connectors/ConnectionFactory.php(220): Illuminate/Database/Connectors/PostgresConnector->connect(Array)
#4 [internal function]: Illuminate/Database/Connectors/ConnectionFactory->{closure:Illuminate/Database/Connectors/ConnectionFactory::createPdoResolverWithHosts():213}()
#5 C:/Users/0909W/OneDrive/Documenten/GitHub/Educom-Trainee-Dashboard/front-end/vendor/laravel/framework/src/Illuminate/Database/Connection.php(1297): call_user_func(Object(Closure))
#6 C:/Users/0909W/OneDrive/Documenten/GitHub/Educom-Trainee-Dashboard/front-end/vendor/laravel/framework/src/Illuminate/Database/Connection.php(542): Illuminate/Database/Connection->getPdo()
#7 C:/Users/0909W/OneDrive/Documenten/GitHub/Educom-Trainee-Dashboard/front-end/vendor/laravel/framework/src/Illuminate/Database/Connection.php(435): Illuminate/Database/Connection->getPdoForSelect(false)
#8 C:/Users/0909W/OneDrive/Documenten/GitHub/Educom-Trainee-Dashboard/front-end/vendor/laravel/framework/src/Illuminate/Database/Connection.php(846): Illuminate/Database/Connection->{closure:Illuminate/Database/Connection::select():426}('select * from \"...', Array)
#9 C:/Users/0909W/OneDrive/Documenten/GitHub/Educom-Trainee-Dashboard/front-end/vendor/laravel/framework/src/Illuminate/Database/Connection.php(813): Illuminate/Database/Connection->runQueryCallback('select * from \"...', Array, Object(Closure))
#10 C:/Users/0909W/OneDrive/Documenten/GitHub/Educom-Trainee-Dashboard/front-end/vendor/laravel/framework/src/Illuminate/Database/Connection.php(426): Illuminate/Database/Connection->run('select * from \"...', Array, Object(Closure))
#11 C:/Users/0909W/OneDrive/Documenten/GitHub/Educom-Trainee-Dashboard/front-end/vendor/laravel/framework/src/Illuminate/Database/Query/Builder.php(3573): Illuminate/Database/Connection->select('select * from \"...', Array, false, Array)
#12 C:/Users/0909W/OneDrive/Documenten/GitHub/Educom-Trainee-Dashboard/front-end/vendor/laravel/framework/src/Illuminate/Database/Query/Builder.php(3557): Illuminate/Database/Query/Builder->runSelect()
#13 C:/Users/0909W/OneDrive/Documenten/GitHub/Educom-Trainee-Dashboard/front-end/vendor/laravel/framework/src/Illuminate/Database/Concerns/BuildsQueries.php(366): Illuminate/Database/Query/Builder->get(Array)
#14 C:/Users/0909W/OneDrive/Documenten/GitHub/Educom-Trainee-Dashboard/front-end/vendor/laravel/framework/src/Illuminate/Database/Query/Builder.php(3475): Illuminate/Database/Query/Builder->first(Array)
#15 C:/Users/0909W/OneDrive/Documenten/GitHub/Educom-Trainee-Dashboard/front-end/vendor/laravel/framework/src/Illuminate/Session/DatabaseSessionHandler.php(96): Illuminate/Database/Query/Builder->find('0D5f4SfIMNUbouz...')
#16 C:/Users/0909W/OneDrive/Documenten/GitHub/Educom-Trainee-Dashboard/front-end/vendor/laravel/framework/src/Illuminate/Session/Store.php(128): Illuminate/Session/DatabaseSessionHandler->read('0D5f4SfIMNUbouz...')
#17 C:/Users/0909W/OneDrive/Documenten/GitHub/Educom-Trainee-Dashboard/front-end/vendor/laravel/framework/src/Illuminate/Session/Store.php(116): Illuminate/Session/Store->readFromHandler()
#18 C:/Users/0909W/OneDrive/Documenten/GitHub/Educom-Trainee-Dashboard/front-end/vendor/laravel/framework/src/Illuminate/Session/Store.php(100): Illuminate/Session/Store->loadSession()
#19 C:/Users/0909W/OneDrive/Documenten/GitHub/Educom-Trainee-Dashboard/front-end/vendor/laravel/framework/src/Illuminate/Session/Middleware/StartSession.php(146): Illuminate/Session/Store->start()
#20 C:/Users/0909W/OneDrive/Documenten/GitHub/Educom-Trainee-Dashboard/front-end/vendor/laravel/framework/src/Illuminate/Support/helpers.php(393): Illuminate/Session/Middleware/StartSession->{closure:Illuminate/Session/Middleware/StartSession::startSession():143}(Object(Illuminate/Session/Store))
#21 C:/Users/0909W/OneDrive/Documenten/GitHub/Educom-Trainee-Dashboard/front-end/vendor/laravel/framework/src/Illuminate/Session/Middleware/StartSession.php(143): tap(Object(Illuminate/Session/Store), Object(Closure))
#22 C:/Users/0909W/OneDrive/Documenten/GitHub/Educom-Trainee-Dashboard/front-end/vendor/laravel/framework/src/Illuminate/Session/Middleware/StartSession.php(115): Illuminate/Session/Middleware/StartSession->startSession(Object(Illuminate/Http/Request), Object(Illuminate/Session/Store))
#23 C:/Users/0909W/OneDrive/Documenten/GitHub/Educom-Trainee-Dashboard/front-end/vendor/laravel/framework/src/Illuminate/Session/Middleware/StartSession.php(63): Illuminate/Session/Middleware/StartSession->handleStatefulRequest(Object(Illuminate/Http/Request), Object(Illuminate/Session/Store), Object(Closure))
#24 C:/Users/0909W/OneDrive/Documenten/GitHub/Educom-Trainee-Dashboard/front-end/vendor/laravel/framework/src/Illuminate/Pipeline/Pipeline.php(219): Illuminate/Session/Middleware/StartSession->handle(Object(Illuminate/Http/Request), Object(Closure))
#25 C:/Users/0909W/OneDrive/Documenten/GitHub/Educom-Trainee-Dashboard/front-end/vendor/laravel/framework/src/Illuminate/Cookie/Middleware/AddQueuedCookiesToResponse.php(36): Illuminate/Pipeline/Pipeline->{closure:{closure:Illuminate/Pipeline/Pipeline::carry():194}:195}(Object(Illuminate/Http/Request))
#26 C:/Users/0909W/OneDrive/Documenten/GitHub/Educom-Trainee-Dashboard/front-end/vendor/laravel/framework/src/Illuminate/Pipeline/Pipeline.php(219): Illuminate/Cookie/Middleware/AddQueuedCookiesToResponse->handle(Object(Illuminate/Http/Request), Object(Closure))
#27 C:/Users/0909W/OneDrive/Documenten/GitHub/Educom-Trainee-Dashboard/front-end/vendor/laravel/framework/src/Illuminate/Cookie/Middleware/EncryptCookies.php(74): Illuminate/Pipeline/Pipeline->{closure:{closure:Illuminate/Pipeline/Pipeline::carry():194}:195}(Object(Illuminate/Http/Request))
#28 C:/Users/0909W/OneDrive/Documenten/GitHub/Educom-Trainee-Dashboard/front-end/vendor/laravel/framework/src/Illuminate/Pipeline/Pipeline.php(219): Illuminate/Cookie/Middleware/EncryptCookies->handle(Object(Illuminate/Http/Request), Object(Closure))
#29 C:/Users/0909W/OneDrive/Documenten/GitHub/Educom-Trainee-Dashboard/front-end/vendor/laravel/framework/src/Illuminate/Pipeline/Pipeline.php(137): Illuminate/Pipeline/Pipeline->{closure:{closure:Illuminate/Pipeline/Pipeline::carry():194}:195}(Object(Illuminate/Http/Request))
#30 C:/Users/0909W/OneDrive/Documenten/GitHub/Educom-Trainee-Dashboard/front-end/vendor/laravel/framework/src/Illuminate/Routing/Router.php(821): Illuminate/Pipeline/Pipeline->then(Object(Closure))
#31 C:/Users/0909W/OneDrive/Documenten/GitHub/Educom-Trainee-Dashboard/front-end/vendor/laravel/framework/src/Illuminate/Routing/Router.php(800): Illuminate/Routing/Router->runRouteWithinStack(Object(Illuminate/Routing/Route), Object(Illuminate/Http/Request))
#32 C:/Users/0909W/OneDrive/Documenten/GitHub/Educom-Trainee-Dashboard/front-end/vendor/laravel/framework/src/Illuminate/Routing/Router.php(764): Illuminate/Routing/Router->runRoute(Object(Illuminate/Http/Request), Object(Illuminate/Routing/Route))
#33 C:/Users/0909W/OneDrive/Documenten/GitHub/Educom-Trainee-Dashboard/front-end/vendor/laravel/framework/src/Illuminate/Routing/Router.php(753): Illuminate/Routing/Router->dispatchToRoute(Object(Illuminate/Http/Request))
#34 C:/Users/0909W/OneDrive/Documenten/GitHub/Educom-Trainee-Dashboard/front-end/vendor/laravel/framework/src/Illuminate/Foundation/Http/Kernel.php(200): Illuminate/Routing/Router->dispatch(Object(Illuminate/Http/Request))
#35 C:/Users/0909W/OneDrive/Documenten/GitHub/Educom-Trainee-Dashboard/front-end/vendor/laravel/framework/src/Illuminate/Pipeline/Pipeline.php(180): Illuminate/Foundation/Http/Kernel->{closure:Illuminate/Foundation/Http/Kernel::dispatchToRouter():197}(Object(Illuminate/Http/Request))
#36 C:/Users/0909W/OneDrive/Documenten/GitHub/Educom-Trainee-Dashboard/front-end/vendor/inertiajs/inertia-laravel/src/Middleware/EnsureGetOnRedirect.php(19): Illuminate/Pipeline/Pipeline->{closure:Illuminate/Pipeline/Pipeline::prepareDestination():178}(Object(Illuminate/Http/Request))
#37 C:/Users/0909W/OneDrive/Documenten/GitHub/Educom-Trainee-Dashboard/front-end/vendor/laravel/framework/src/Illuminate/Pipeline/Pipeline.php(219): Inertia/Middleware/EnsureGetOnRedirect->handle(Object(Illuminate/Http/Request), Object(Closure))
#38 C:/Users/0909W/OneDrive/Documenten/GitHub/Educom-Trainee-Dashboard/front-end/vendor/laravel/framework/src/Illuminate/Foundation/Http/Middleware/TransformsRequest.php(21): Illuminate/Pipeline/Pipeline->{closure:{closure:Illuminate/Pipeline/Pipeline::carry():194}:195}(Object(Illuminate/Http/Request))
#39 C:/Users/0909W/OneDrive/Documenten/GitHub/Educom-Trainee-Dashboard/front-end/vendor/laravel/framework/src/Illuminate/Foundation/Http/Middleware/ConvertEmptyStringsToNull.php(31): Illuminate/Foundation/Http/Middleware/TransformsRequest->handle(Object(Illuminate/Http/Request), Object(Closure))
#40 C:/Users/0909W/OneDrive/Documenten/GitHub/Educom-Trainee-Dashboard/front-end/vendor/laravel/framework/src/Illuminate/Pipeline/Pipeline.php(219): Illuminate/Foundation/Http/Middleware/ConvertEmptyStringsToNull->handle(Object(Illuminate/Http/Request), Object(Closure))
#41 C:/Users/0909W/OneDrive/Documenten/GitHub/Educom-Trainee-Dashboard/front-end/vendor/laravel/framework/src/Illuminate/Foundation/Http/Middleware/TransformsRequest.php(21): Illuminate/Pipeline/Pipeline->{closure:{closure:Illuminate/Pipeline/Pipeline::carry():194}:195}(Object(Illuminate/Http/Request))
#42 C:/Users/0909W/OneDrive/Documenten/GitHub/Educom-Trainee-Dashboard/front-end/vendor/laravel/framework/src/Illuminate/Foundation/Http/Middleware/TrimStrings.php(51): Illuminate/Foundation/Http/Middleware/TransformsRequest->handle(Object(Illuminate/Http/Request), Object(Closure))
#43 C:/Users/0909W/OneDrive/Documenten/GitHub/Educom-Trainee-Dashboard/front-end/vendor/laravel/framework/src/Illuminate/Pipeline/Pipeline.php(219): Illuminate/Foundation/Http/Middleware/TrimStrings->handle(Object(Illuminate/Http/Request), Object(Closure))
#44 C:/Users/0909W/OneDrive/Documenten/GitHub/Educom-Trainee-Dashboard/front-end/vendor/laravel/framework/src/Illuminate/Http/Middleware/ValidatePostSize.php(27): Illuminate/Pipeline/Pipeline->{closure:{closure:Illuminate/Pipeline/Pipeline::carry():194}:195}(Object(Illuminate/Http/Request))
#45 C:/Users/0909W/OneDrive/Documenten/GitHub/Educom-Trainee-Dashboard/front-end/vendor/laravel/framework/src/Illuminate/Pipeline/Pipeline.php(219): Illuminate/Http/Middleware/ValidatePostSize->handle(Object(Illuminate/Http/Request), Object(Closure))
#46 C:/Users/0909W/OneDrive/Documenten/GitHub/Educom-Trainee-Dashboard/front-end/vendor/laravel/framework/src/Illuminate/Foundation/Http/Middleware/PreventRequestsDuringMaintenance.php(109): Illuminate/Pipeline/Pipeline->{closure:{closure:Illuminate/Pipeline/Pipeline::carry():194}:195}(Object(Illuminate/Http/Request))
#47 C:/Users/0909W/OneDrive/Documenten/GitHub/Educom-Trainee-Dashboard/front-end/vendor/laravel/framework/src/Illuminate/Pipeline/Pipeline.php(219): Illuminate/Foundation/Http/Middleware/PreventRequestsDuringMaintenance->handle(Object(Illuminate/Http/Request), Object(Closure))
#48 C:/Users/0909W/OneDrive/Documenten/GitHub/Educom-Trainee-Dashboard/front-end/vendor/laravel/framework/src/Illuminate/Http/Middleware/HandleCors.php(61): Illuminate/Pipeline/Pipeline->{closure:{closure:Illuminate/Pipeline/Pipeline::carry():194}:195}(Object(Illuminate/Http/Request))
#49 C:/Users/0909W/OneDrive/Documenten/GitHub/Educom-Trainee-Dashboard/front-end/vendor/laravel/framework/src/Illuminate/Pipeline/Pipeline.php(219): Illuminate/Http/Middleware/HandleCors->handle(Object(Illuminate/Http/Request), Object(Closure))
#50 C:/Users/0909W/OneDrive/Documenten/GitHub/Educom-Trainee-Dashboard/front-end/vendor/laravel/framework/src/Illuminate/Http/Middleware/TrustProxies.php(58): Illuminate/Pipeline/Pipeline->{closure:{closure:Illuminate/Pipeline/Pipeline::carry():194}:195}(Object(Illuminate/Http/Request))
#51 C:/Users/0909W/OneDrive/Documenten/GitHub/Educom-Trainee-Dashboard/front-end/vendor/laravel/framework/src/Illuminate/Pipeline/Pipeline.php(219): Illuminate/Http/Middleware/TrustProxies->handle(Object(Illuminate/Http/Request), Object(Closure))
#52 C:/Users/0909W/OneDrive/Documenten/GitHub/Educom-Trainee-Dashboard/front-end/vendor/laravel/framework/src/Illuminate/Foundation/Http/Middleware/InvokeDeferredCallbacks.php(22): Illuminate/Pipeline/Pipeline->{closure:{closure:Illuminate/Pipeline/Pipeline::carry():194}:195}(Object(Illuminate/Http/Request))
#53 C:/Users/0909W/OneDrive/Documenten/GitHub/Educom-Trainee-Dashboard/front-end/vendor/laravel/framework/src/Illuminate/Pipeline/Pipeline.php(219): Illuminate/Foundation/Http/Middleware/InvokeDeferredCallbacks->handle(Object(Illuminate/Http/Request), Object(Closure))
#54 C:/Users/0909W/OneDrive/Documenten/GitHub/Educom-Trainee-Dashboard/front-end/vendor/laravel/framework/src/Illuminate/Http/Middleware/ValidatePathEncoding.php(28): Illuminate/Pipeline/Pipeline->{closure:{closure:Illuminate/Pipeline/Pipeline::carry():194}:195}(Object(Illuminate/Http/Request))
#55 C:/Users/0909W/OneDrive/Documenten/GitHub/Educom-Trainee-Dashboard/front-end/vendor/laravel/framework/src/Illuminate/Pipeline/Pipeline.php(219): Illuminate/Http/Middleware/ValidatePathEncoding->handle(Object(Illuminate/Http/Request), Object(Closure))
#56 C:/Users/0909W/OneDrive/Documenten/GitHub/Educom-Trainee-Dashboard/front-end/vendor/laravel/framework/src/Illuminate/Pipeline/Pipeline.php(137): Illuminate/Pipeline/Pipeline->{closure:{closure:Illuminate/Pipeline/Pipeline::carry():194}:195}(Object(Illuminate/Http/Request))
#57 C:/Users/0909W/OneDrive/Documenten/GitHub/Educom-Trainee-Dashboard/front-end/vendor/laravel/framework/src/Illuminate/Foundation/Http/Kernel.php(175): Illuminate/Pipeline/Pipeline->then(Object(Closure))
#58 C:/Users/0909W/OneDrive/Documenten/GitHub/Educom-Trainee-Dashboard/front-end/vendor/laravel/framework/src/Illuminate/Foundation/Http/Kernel.php(144): Illuminate/Foundation/Http/Kernel->sendRequestThroughRouter(Object(Illuminate/Http/Request))
#59 C:/Users/0909W/OneDrive/Documenten/GitHub/Educom-Trainee-Dashboard/front-end/vendor/laravel/framework/src/Illuminate/Foundation/Application.php(1220): Illuminate/Foundation/Http/Kernel->handle(Object(Illuminate/Http/Request))
#60 C:/Users/0909W/OneDrive/Documenten/GitHub/Educom-Trainee-Dashboard/front-end/public/index.php(20): Illuminate/Foundation/Application->handleRequest(Object(Illuminate/Http/Request))
#61 C:/Users/0909W/OneDrive/Documenten/GitHub/Educom-Trainee-Dashboard/front-end/vendor/laravel/framework/src/Illuminate/Foundation/resources/server.php(23): require_once('C://Users//0909W//...')
#62 {main}
"} 
[2026-07-14 13:55:50] local.ERROR: Vite manifest not found at: C:\Users\0909W\OneDrive\Documenten\GitHub\Educom-Trainee-Dashboard\front-end\public\build/manifest.json (View: C:\Users\0909W\OneDrive\Documenten\GitHub\Educom-Trainee-Dashboard\front-end\resources\views\app.blade.php) {"exception":"[object] (Illuminate\\View\\ViewException(code: 0): Vite manifest not found at: C:\\Users\\0909W\\OneDrive\\Documenten\\GitHub\\Educom-Trainee-Dashboard\\front-end\\public\\build/manifest.json (View: C:\\Users\\0909W\\OneDrive\\Documenten\\GitHub\\Educom-Trainee-Dashboard\\front-end\\resources\\views\\app.blade.php) at C:/Users/0909W/OneDrive/Documenten/GitHub/Educom-Trainee-Dashboard/front-end/vendor/laravel/framework/src/Illuminate/Foundation/Vite.php:960)
[stacktrace]
#0 C:/Users/0909W/OneDrive/Documenten/GitHub/Educom-Trainee-Dashboard/front-end/vendor/laravel/framework/src/Illuminate/View/Engines/PhpEngine.php(59): Illuminate/View/Engines/CompilerEngine->handleViewException(Object(Illuminate/Foundation/ViteManifestNotFoundException), 1)
#1 C:/Users/0909W/OneDrive/Documenten/GitHub/Educom-Trainee-Dashboard/front-end/vendor/laravel/framework/src/Illuminate/View/Engines/CompilerEngine.php(76): Illuminate/View/Engines/PhpEngine->evaluatePath('C://Users//0909W//...', Array)
#2 C:/Users/0909W/OneDrive/Documenten/GitHub/Educom-Trainee-Dashboard/front-end/vendor/laravel/framework/src/Illuminate/View/View.php(208): Illuminate/View/Engines/CompilerEngine->get('C://Users//0909W//...', Array)
#3 C:/Users/0909W/OneDrive/Documenten/GitHub/Educom-Trainee-Dashboard/front-end/vendor/laravel/framework/src/Illuminate/View/View.php(191): Illuminate/View/View->getContents()
#4 C:/Users/0909W/OneDrive/Documenten/GitHub/Educom-Trainee-Dashboard/front-end/vendor/laravel/framework/src/Illuminate/View/View.php(160): Illuminate/View/View->renderContents()
#5 C:/Users/0909W/OneDrive/Documenten/GitHub/Educom-Trainee-Dashboard/front-end/vendor/laravel/framework/src/Illuminate/Http/Response.php(82): Illuminate/View/View->render()
#6 C:/Users/0909W/OneDrive/Documenten/GitHub/Educom-Trainee-Dashboard/front-end/vendor/laravel/framework/src/Illuminate/Http/Response.php(40): Illuminate/Http/Response->setContent(Object(Illuminate/View/View))
#7 C:/Users/0909W/OneDrive/Documenten/GitHub/Educom-Trainee-Dashboard/front-end/vendor/laravel/framework/src/Illuminate/Routing/ResponseFactory.php(61): Illuminate/Http/Response->__construct(Object(Illuminate/View/View), 200, Array)
#8 C:/Users/0909W/OneDrive/Documenten/GitHub/Educom-Trainee-Dashboard/front-end/vendor/laravel/framework/src/Illuminate/Routing/ResponseFactory.php(91): Illuminate/Routing/ResponseFactory->make(Object(Illuminate/View/View), 200, Array)
#9 C:/Users/0909W/OneDrive/Documenten/GitHub/Educom-Trainee-Dashboard/front-end/vendor/laravel/framework/src/Illuminate/Support/Facades/Facade.php(363): Illuminate/Routing/ResponseFactory->view('app', Array)
#10 C:/Users/0909W/OneDrive/Documenten/GitHub/Educom-Trainee-Dashboard/front-end/vendor/inertiajs/inertia-laravel/src/Response.php(211): Illuminate/Support/Facades/Facade::__callStatic('view', Array)
#11 C:/Users/0909W/OneDrive/Documenten/GitHub/Educom-Trainee-Dashboard/front-end/vendor/laravel/framework/src/Illuminate/Routing/Router.php(921): Inertia/Response->toResponse(Object(Illuminate/Http/Request))
#12 C:/Users/0909W/OneDrive/Documenten/GitHub/Educom-Trainee-Dashboard/front-end/vendor/laravel/framework/src/Illuminate/Routing/Router.php(906): Illuminate/Routing/Router::toResponse(Object(Illuminate/Http/Request), Object(Inertia/Response))
#13 C:/Users/0909W/OneDrive/Documenten/GitHub/Educom-Trainee-Dashboard/front-end/vendor/laravel/framework/src/Illuminate/Routing/Router.php(821): Illuminate/Routing/Router->prepareResponse(Object(Illuminate/Http/Request), Object(Inertia/Response))
#14 C:/Users/0909W/OneDrive/Documenten/GitHub/Educom-Trainee-Dashboard/front-end/vendor/laravel/framework/src/Illuminate/Pipeline/Pipeline.php(180): Illuminate/Routing/Router->{closure:Illuminate/Routing/Router::runRouteWithinStack():821}(Object(Illuminate/Http/Request))
#15 C:/Users/0909W/OneDrive/Documenten/GitHub/Educom-Trainee-Dashboard/front-end/vendor/inertiajs/inertia-laravel/src/Middleware.php(138): Illuminate/Pipeline/Pipeline->{closure:Illuminate/Pipeline/Pipeline::prepareDestination():178}(Object(Illuminate/Http/Request))
#16 C:/Users/0909W/OneDrive/Documenten/GitHub/Educom-Trainee-Dashboard/front-end/vendor/laravel/framework/src/Illuminate/Pipeline/Pipeline.php(219): Inertia/Middleware->handle(Object(Illuminate/Http/Request), Object(Closure))
#17 C:/Users/0909W/OneDrive/Documenten/GitHub/Educom-Trainee-Dashboard/front-end/vendor/laravel/framework/src/Illuminate/Routing/Middleware/SubstituteBindings.php(52): Illuminate/Pipeline/Pipeline->{closure:{closure:Illuminate/Pipeline/Pipeline::carry():194}:195}(Object(Illuminate/Http/Request))
#18 C:/Users/0909W/OneDrive/Documenten/GitHub/Educom-Trainee-Dashboard/front-end/vendor/laravel/framework/src/Illuminate/Pipeline/Pipeline.php(219): Illuminate/Routing/Middleware/SubstituteBindings->handle(Object(Illuminate/Http/Request), Object(Closure))
#19 C:/Users/0909W/OneDrive/Documenten/GitHub/Educom-Trainee-Dashboard/front-end/vendor/laravel/framework/src/Illuminate/Foundation/Http/Middleware/PreventRequestForgery.php(104): Illuminate/Pipeline/Pipeline->{closure:{closure:Illuminate/Pipeline/Pipeline::carry():194}:195}(Object(Illuminate/Http/Request))
#20 C:/Users/0909W/OneDrive/Documenten/GitHub/Educom-Trainee-Dashboard/front-end/vendor/laravel/framework/src/Illuminate/Pipeline/Pipeline.php(219): Illuminate/Foundation/Http/Middleware/PreventRequestForgery->handle(Object(Illuminate/Http/Request), Object(Closure))
#21 C:/Users/0909W/OneDrive/Documenten/GitHub/Educom-Trainee-Dashboard/front-end/vendor/laravel/framework/src/Illuminate/View/Middleware/ShareErrorsFromSession.php(48): Illuminate/Pipeline/Pipeline->{closure:{closure:Illuminate/Pipeline/Pipeline::carry():194}:195}(Object(Illuminate/Http/Request))
#22 C:/Users/0909W/OneDrive/Documenten/GitHub/Educom-Trainee-Dashboard/front-end/vendor/laravel/framework/src/Illuminate/Pipeline/Pipeline.php(219): Illuminate/View/Middleware/ShareErrorsFromSession->handle(Object(Illuminate/Http/Request), Object(Closure))
#23 C:/Users/0909W/OneDrive/Documenten/GitHub/Educom-Trainee-Dashboard/front-end/vendor/laravel/framework/src/Illuminate/Session/Middleware/StartSession.php(120): Illuminate/Pipeline/Pipeline->{closure:{closure:Illuminate/Pipeline/Pipeline::carry():194}:195}(Object(Illuminate/Http/Request))
#24 C:/Users/0909W/OneDrive/Documenten/GitHub/Educom-Trainee-Dashboard/front-end/vendor/laravel/framework/src/Illuminate/Session/Middleware/StartSession.php(63): Illuminate/Session/Middleware/StartSession->handleStatefulRequest(Object(Illuminate/Http/Request), Object(Illuminate/Session/Store), Object(Closure))
#25 C:/Users/0909W/OneDrive/Documenten/GitHub/Educom-Trainee-Dashboard/front-end/vendor/laravel/framework/src/Illuminate/Pipeline/Pipeline.php(219): Illuminate/Session/Middleware/StartSession->handle(Object(Illuminate/Http/Request), Object(Closure))
#26 C:/Users/0909W/OneDrive/Documenten/GitHub/Educom-Trainee-Dashboard/front-end/vendor/laravel/framework/src/Illuminate/Cookie/Middleware/AddQueuedCookiesToResponse.php(36): Illuminate/Pipeline/Pipeline->{closure:{closure:Illuminate/Pipeline/Pipeline::carry():194}:195}(Object(Illuminate/Http/Request))
#27 C:/Users/0909W/OneDrive/Documenten/GitHub/Educom-Trainee-Dashboard/front-end/vendor/laravel/framework/src/Illuminate/Pipeline/Pipeline.php(219): Illuminate/Cookie/Middleware/AddQueuedCookiesToResponse->handle(Object(Illuminate/Http/Request), Object(Closure))
#28 C:/Users/0909W/OneDrive/Documenten/GitHub/Educom-Trainee-Dashboard/front-end/vendor/laravel/framework/src/Illuminate/Cookie/Middleware/EncryptCookies.php(74): Illuminate/Pipeline/Pipeline->{closure:{closure:Illuminate/Pipeline/Pipeline::carry():194}:195}(Object(Illuminate/Http/Request))
#29 C:/Users/0909W/OneDrive/Documenten/GitHub/Educom-Trainee-Dashboard/front-end/vendor/laravel/framework/src/Illuminate/Pipeline/Pipeline.php(219): Illuminate/Cookie/Middleware/EncryptCookies->handle(Object(Illuminate/Http/Request), Object(Closure))
#30 C:/Users/0909W/OneDrive/Documenten/GitHub/Educom-Trainee-Dashboard/front-end/vendor/laravel/framework/src/Illuminate/Pipeline/Pipeline.php(137): Illuminate/Pipeline/Pipeline->{closure:{closure:Illuminate/Pipeline/Pipeline::carry():194}:195}(Object(Illuminate/Http/Request))
#31 C:/Users/0909W/OneDrive/Documenten/GitHub/Educom-Trainee-Dashboard/front-end/vendor/laravel/framework/src/Illuminate/Routing/Router.php(821): Illuminate/Pipeline/Pipeline->then(Object(Closure))
#32 C:/Users/0909W/OneDrive/Documenten/GitHub/Educom-Trainee-Dashboard/front-end/vendor/laravel/framework/src/Illuminate/Routing/Router.php(800): Illuminate/Routing/Router->runRouteWithinStack(Object(Illuminate/Routing/Route), Object(Illuminate/Http/Request))
#33 C:/Users/0909W/OneDrive/Documenten/GitHub/Educom-Trainee-Dashboard/front-end/vendor/laravel/framework/src/Illuminate/Routing/Router.php(764): Illuminate/Routing/Router->runRoute(Object(Illuminate/Http/Request), Object(Illuminate/Routing/Route))
#34 C:/Users/0909W/OneDrive/Documenten/GitHub/Educom-Trainee-Dashboard/front-end/vendor/laravel/framework/src/Illuminate/Routing/Router.php(753): Illuminate/Routing/Router->dispatchToRoute(Object(Illuminate/Http/Request))
#35 C:/Users/0909W/OneDrive/Documenten/GitHub/Educom-Trainee-Dashboard/front-end/vendor/laravel/framework/src/Illuminate/Foundation/Http/Kernel.php(200): Illuminate/Routing/Router->dispatch(Object(Illuminate/Http/Request))
#36 C:/Users/0909W/OneDrive/Documenten/GitHub/Educom-Trainee-Dashboard/front-end/vendor/laravel/framework/src/Illuminate/Pipeline/Pipeline.php(180): Illuminate/Foundation/Http/Kernel->{closure:Illuminate/Foundation/Http/Kernel::dispatchToRouter():197}(Object(Illuminate/Http/Request))
#37 C:/Users/0909W/OneDrive/Documenten/GitHub/Educom-Trainee-Dashboard/front-end/vendor/inertiajs/inertia-laravel/src/Middleware/EnsureGetOnRedirect.php(19): Illuminate/Pipeline/Pipeline->{closure:Illuminate/Pipeline/Pipeline::prepareDestination():178}(Object(Illuminate/Http/Request))
#38 C:/Users/0909W/OneDrive/Documenten/GitHub/Educom-Trainee-Dashboard/front-end/vendor/laravel/framework/src/Illuminate/Pipeline/Pipeline.php(219): Inertia/Middleware/EnsureGetOnRedirect->handle(Object(Illuminate/Http/Request), Object(Closure))
#39 C:/Users/0909W/OneDrive/Documenten/GitHub/Educom-Trainee-Dashboard/front-end/vendor/laravel/framework/src/Illuminate/Foundation/Http/Middleware/TransformsRequest.php(21): Illuminate/Pipeline/Pipeline->{closure:{closure:Illuminate/Pipeline/Pipeline::carry():194}:195}(Object(Illuminate/Http/Request))
#40 C:/Users/0909W/OneDrive/Documenten/GitHub/Educom-Trainee-Dashboard/front-end/vendor/laravel/framework/src/Illuminate/Foundation/Http/Middleware/ConvertEmptyStringsToNull.php(31): Illuminate/Foundation/Http/Middleware/TransformsRequest->handle(Object(Illuminate/Http/Request), Object(Closure))
#41 C:/Users/0909W/OneDrive/Documenten/GitHub/Educom-Trainee-Dashboard/front-end/vendor/laravel/framework/src/Illuminate/Pipeline/Pipeline.php(219): Illuminate/Foundation/Http/Middleware/ConvertEmptyStringsToNull->handle(Object(Illuminate/Http/Request), Object(Closure))
#42 C:/Users/0909W/OneDrive/Documenten/GitHub/Educom-Trainee-Dashboard/front-end/vendor/laravel/framework/src/Illuminate/Foundation/Http/Middleware/TransformsRequest.php(21): Illuminate/Pipeline/Pipeline->{closure:{closure:Illuminate/Pipeline/Pipeline::carry():194}:195}(Object(Illuminate/Http/Request))
#43 C:/Users/0909W/OneDrive/Documenten/GitHub/Educom-Trainee-Dashboard/front-end/vendor/laravel/framework/src/Illuminate/Foundation/Http/Middleware/TrimStrings.php(51): Illuminate/Foundation/Http/Middleware/TransformsRequest->handle(Object(Illuminate/Http/Request), Object(Closure))
#44 C:/Users/0909W/OneDrive/Documenten/GitHub/Educom-Trainee-Dashboard/front-end/vendor/laravel/framework/src/Illuminate/Pipeline/Pipeline.php(219): Illuminate/Foundation/Http/Middleware/TrimStrings->handle(Object(Illuminate/Http/Request), Object(Closure))
#45 C:/Users/0909W/OneDrive/Documenten/GitHub/Educom-Trainee-Dashboard/front-end/vendor/laravel/framework/src/Illuminate/Http/Middleware/ValidatePostSize.php(27): Illuminate/Pipeline/Pipeline->{closure:{closure:Illuminate/Pipeline/Pipeline::carry():194}:195}(Object(Illuminate/Http/Request))
#46 C:/Users/0909W/OneDrive/Documenten/GitHub/Educom-Trainee-Dashboard/front-end/vendor/laravel/framework/src/Illuminate/Pipeline/Pipeline.php(219): Illuminate/Http/Middleware/ValidatePostSize->handle(Object(Illuminate/Http/Request), Object(Closure))
#47 C:/Users/0909W/OneDrive/Documenten/GitHub/Educom-Trainee-Dashboard/front-end/vendor/laravel/framework/src/Illuminate/Foundation/Http/Middleware/PreventRequestsDuringMaintenance.php(109): Illuminate/Pipeline/Pipeline->{closure:{closure:Illuminate/Pipeline/Pipeline::carry():194}:195}(Object(Illuminate/Http/Request))
#48 C:/Users/0909W/OneDrive/Documenten/GitHub/Educom-Trainee-Dashboard/front-end/vendor/laravel/framework/src/Illuminate/Pipeline/Pipeline.php(219): Illuminate/Foundation/Http/Middleware/PreventRequestsDuringMaintenance->handle(Object(Illuminate/Http/Request), Object(Closure))
#49 C:/Users/0909W/OneDrive/Documenten/GitHub/Educom-Trainee-Dashboard/front-end/vendor/laravel/framework/src/Illuminate/Http/Middleware/HandleCors.php(61): Illuminate/Pipeline/Pipeline->{closure:{closure:Illuminate/Pipeline/Pipeline::carry():194}:195}(Object(Illuminate/Http/Request))
#50 C:/Users/0909W/OneDrive/Documenten/GitHub/Educom-Trainee-Dashboard/front-end/vendor/laravel/framework/src/Illuminate/Pipeline/Pipeline.php(219): Illuminate/Http/Middleware/HandleCors->handle(Object(Illuminate/Http/Request), Object(Closure))
#51 C:/Users/0909W/OneDrive/Documenten/GitHub/Educom-Trainee-Dashboard/front-end/vendor/laravel/framework/src/Illuminate/Http/Middleware/TrustProxies.php(58): Illuminate/Pipeline/Pipeline->{closure:{closure:Illuminate/Pipeline/Pipeline::carry():194}:195}(Object(Illuminate/Http/Request))
#52 C:/Users/0909W/OneDrive/Documenten/GitHub/Educom-Trainee-Dashboard/front-end/vendor/laravel/framework/src/Illuminate/Pipeline/Pipeline.php(219): Illuminate/Http/Middleware/TrustProxies->handle(Object(Illuminate/Http/Request), Object(Closure))
#53 C:/Users/0909W/OneDrive/Documenten/GitHub/Educom-Trainee-Dashboard/front-end/vendor/laravel/framework/src/Illuminate/Foundation/Http/Middleware/InvokeDeferredCallbacks.php(22): Illuminate/Pipeline/Pipeline->{closure:{closure:Illuminate/Pipeline/Pipeline::carry():194}:195}(Object(Illuminate/Http/Request))
#54 C:/Users/0909W/OneDrive/Documenten/GitHub/Educom-Trainee-Dashboard/front-end/vendor/laravel/framework/src/Illuminate/Pipeline/Pipeline.php(219): Illuminate/Foundation/Http/Middleware/InvokeDeferredCallbacks->handle(Object(Illuminate/Http/Request), Object(Closure))
#55 C:/Users/0909W/OneDrive/Documenten/GitHub/Educom-Trainee-Dashboard/front-end/vendor/laravel/framework/src/Illuminate/Http/Middleware/ValidatePathEncoding.php(28): Illuminate/Pipeline/Pipeline->{closure:{closure:Illuminate/Pipeline/Pipeline::carry():194}:195}(Object(Illuminate/Http/Request))
#56 C:/Users/0909W/OneDrive/Documenten/GitHub/Educom-Trainee-Dashboard/front-end/vendor/laravel/framework/src/Illuminate/Pipeline/Pipeline.php(219): Illuminate/Http/Middleware/ValidatePathEncoding->handle(Object(Illuminate/Http/Request), Object(Closure))
#57 C:/Users/0909W/OneDrive/Documenten/GitHub/Educom-Trainee-Dashboard/front-end/vendor/laravel/framework/src/Illuminate/Pipeline/Pipeline.php(137): Illuminate/Pipeline/Pipeline->{closure:{closure:Illuminate/Pipeline/Pipeline::carry():194}:195}(Object(Illuminate/Http/Request))
#58 C:/Users/0909W/OneDrive/Documenten/GitHub/Educom-Trainee-Dashboard/front-end/vendor/laravel/framework/src/Illuminate/Foundation/Http/Kernel.php(175): Illuminate/Pipeline/Pipeline->then(Object(Closure))
#59 C:/Users/0909W/OneDrive/Documenten/GitHub/Educom-Trainee-Dashboard/front-end/vendor/laravel/framework/src/Illuminate/Foundation/Http/Kernel.php(144): Illuminate/Foundation/Http/Kernel->sendRequestThroughRouter(Object(Illuminate/Http/Request))
#60 C:/Users/0909W/OneDrive/Documenten/GitHub/Educom-Trainee-Dashboard/front-end/vendor/laravel/framework/src/Illuminate/Foundation/Application.php(1220): Illuminate/Foundation/Http/Kernel->handle(Object(Illuminate/Http/Request))
#61 C:/Users/0909W/OneDrive/Documenten/GitHub/Educom-Trainee-Dashboard/front-end/public/index.php(20): Illuminate/Foundation/Application->handleRequest(Object(Illuminate/Http/Request))
#62 C:/Users/0909W/OneDrive/Documenten/GitHub/Educom-Trainee-Dashboard/front-end/vendor/laravel/framework/src/Illuminate/Foundation/resources/server.php(23): require_once('C://Users//0909W//...')
#63 {main}

[previous exception] [object] (Illuminate\\Foundation\\ViteManifestNotFoundException(code: 0): Vite manifest not found at: C:\\Users\\0909W\\OneDrive\\Documenten\\GitHub\\Educom-Trainee-Dashboard\\front-end\\public\\build/manifest.json at C:/Users/0909W/OneDrive/Documenten/GitHub/Educom-Trainee-Dashboard/front-end/vendor/laravel/framework/src/Illuminate/Foundation/Vite.php:960)
[stacktrace]
#0 C:/Users/0909W/OneDrive/Documenten/GitHub/Educom-Trainee-Dashboard/front-end/vendor/laravel/framework/src/Illuminate/Foundation/Vite.php(398): Illuminate/Foundation/Vite->manifest('build')
#1 C:/Users/0909W/OneDrive/Documenten/GitHub/Educom-Trainee-Dashboard/front-end/storage/framework/views/de6914bfa8422daacc897d33596fc171.php(7): Illuminate/Foundation/Vite->__invoke(Object(Illuminate/Support/Collection))
#2 C:/Users/0909W/OneDrive/Documenten/GitHub/Educom-Trainee-Dashboard/front-end/vendor/laravel/framework/src/Illuminate/Filesystem/Filesystem.php(123): require('C://Users//0909W//...')
#3 C:/Users/0909W/OneDrive/Documenten/GitHub/Educom-Trainee-Dashboard/front-end/vendor/laravel/framework/src/Illuminate/Filesystem/Filesystem.php(124): Illuminate/Filesystem/Filesystem::{closure:Illuminate/Filesystem/Filesystem::getRequire():120}()
#4 C:/Users/0909W/OneDrive/Documenten/GitHub/Educom-Trainee-Dashboard/front-end/vendor/laravel/framework/src/Illuminate/View/Engines/PhpEngine.php(57): Illuminate/Filesystem/Filesystem->getRequire('C://Users//0909W//...', Array)
#5 C:/Users/0909W/OneDrive/Documenten/GitHub/Educom-Trainee-Dashboard/front-end/vendor/laravel/framework/src/Illuminate/View/Engines/CompilerEngine.php(76): Illuminate/View/Engines/PhpEngine->evaluatePath('C://Users//0909W//...', Array)
#6 C:/Users/0909W/OneDrive/Documenten/GitHub/Educom-Trainee-Dashboard/front-end/vendor/laravel/framework/src/Illuminate/View/View.php(208): Illuminate/View/Engines/CompilerEngine->get('C://Users//0909W//...', Array)
#7 C:/Users/0909W/OneDrive/Documenten/GitHub/Educom-Trainee-Dashboard/front-end/vendor/laravel/framework/src/Illuminate/View/View.php(191): Illuminate/View/View->getContents()
#8 C:/Users/0909W/OneDrive/Documenten/GitHub/Educom-Trainee-Dashboard/front-end/vendor/laravel/framework/src/Illuminate/View/View.php(160): Illuminate/View/View->renderContents()
#9 C:/Users/0909W/OneDrive/Documenten/GitHub/Educom-Trainee-Dashboard/front-end/vendor/laravel/framework/src/Illuminate/Http/Response.php(82): Illuminate/View/View->render()
#10 C:/Users/0909W/OneDrive/Documenten/GitHub/Educom-Trainee-Dashboard/front-end/vendor/laravel/framework/src/Illuminate/Http/Response.php(40): Illuminate/Http/Response->setContent(Object(Illuminate/View/View))
#11 C:/Users/0909W/OneDrive/Documenten/GitHub/Educom-Trainee-Dashboard/front-end/vendor/laravel/framework/src/Illuminate/Routing/ResponseFactory.php(61): Illuminate/Http/Response->__construct(Object(Illuminate/View/View), 200, Array)
#12 C:/Users/0909W/OneDrive/Documenten/GitHub/Educom-Trainee-Dashboard/front-end/vendor/laravel/framework/src/Illuminate/Routing/ResponseFactory.php(91): Illuminate/Routing/ResponseFactory->make(Object(Illuminate/View/View), 200, Array)
#13 C:/Users/0909W/OneDrive/Documenten/GitHub/Educom-Trainee-Dashboard/front-end/vendor/laravel/framework/src/Illuminate/Support/Facades/Facade.php(363): Illuminate/Routing/ResponseFactory->view('app', Array)
#14 C:/Users/0909W/OneDrive/Documenten/GitHub/Educom-Trainee-Dashboard/front-end/vendor/inertiajs/inertia-laravel/src/Response.php(211): Illuminate/Support/Facades/Facade::__callStatic('view', Array)
#15 C:/Users/0909W/OneDrive/Documenten/GitHub/Educom-Trainee-Dashboard/front-end/vendor/laravel/framework/src/Illuminate/Routing/Router.php(921): Inertia/Response->toResponse(Object(Illuminate/Http/Request))
#16 C:/Users/0909W/OneDrive/Documenten/GitHub/Educom-Trainee-Dashboard/front-end/vendor/laravel/framework/src/Illuminate/Routing/Router.php(906): Illuminate/Routing/Router::toResponse(Object(Illuminate/Http/Request), Object(Inertia/Response))
#17 C:/Users/0909W/OneDrive/Documenten/GitHub/Educom-Trainee-Dashboard/front-end/vendor/laravel/framework/src/Illuminate/Routing/Router.php(821): Illuminate/Routing/Router->prepareResponse(Object(Illuminate/Http/Request), Object(Inertia/Response))
#18 C:/Users/0909W/OneDrive/Documenten/GitHub/Educom-Trainee-Dashboard/front-end/vendor/laravel/framework/src/Illuminate/Pipeline/Pipeline.php(180): Illuminate/Routing/Router->{closure:Illuminate/Routing/Router::runRouteWithinStack():821}(Object(Illuminate/Http/Request))
#19 C:/Users/0909W/OneDrive/Documenten/GitHub/Educom-Trainee-Dashboard/front-end/vendor/inertiajs/inertia-laravel/src/Middleware.php(138): Illuminate/Pipeline/Pipeline->{closure:Illuminate/Pipeline/Pipeline::prepareDestination():178}(Object(Illuminate/Http/Request))
#20 C:/Users/0909W/OneDrive/Documenten/GitHub/Educom-Trainee-Dashboard/front-end/vendor/laravel/framework/src/Illuminate/Pipeline/Pipeline.php(219): Inertia/Middleware->handle(Object(Illuminate/Http/Request), Object(Closure))
#21 C:/Users/0909W/OneDrive/Documenten/GitHub/Educom-Trainee-Dashboard/front-end/vendor/laravel/framework/src/Illuminate/Routing/Middleware/SubstituteBindings.php(52): Illuminate/Pipeline/Pipeline->{closure:{closure:Illuminate/Pipeline/Pipeline::carry():194}:195}(Object(Illuminate/Http/Request))
#22 C:/Users/0909W/OneDrive/Documenten/GitHub/Educom-Trainee-Dashboard/front-end/vendor/laravel/framework/src/Illuminate/Pipeline/Pipeline.php(219): Illuminate/Routing/Middleware/SubstituteBindings->handle(Object(Illuminate/Http/Request), Object(Closure))
#23 C:/Users/0909W/OneDrive/Documenten/GitHub/Educom-Trainee-Dashboard/front-end/vendor/laravel/framework/src/Illuminate/Foundation/Http/Middleware/PreventRequestForgery.php(104): Illuminate/Pipeline/Pipeline->{closure:{closure:Illuminate/Pipeline/Pipeline::carry():194}:195}(Object(Illuminate/Http/Request))
#24 C:/Users/0909W/OneDrive/Documenten/GitHub/Educom-Trainee-Dashboard/front-end/vendor/laravel/framework/src/Illuminate/Pipeline/Pipeline.php(219): Illuminate/Foundation/Http/Middleware/PreventRequestForgery->handle(Object(Illuminate/Http/Request), Object(Closure))
#25 C:/Users/0909W/OneDrive/Documenten/GitHub/Educom-Trainee-Dashboard/front-end/vendor/laravel/framework/src/Illuminate/View/Middleware/ShareErrorsFromSession.php(48): Illuminate/Pipeline/Pipeline->{closure:{closure:Illuminate/Pipeline/Pipeline::carry():194}:195}(Object(Illuminate/Http/Request))
#26 C:/Users/0909W/OneDrive/Documenten/GitHub/Educom-Trainee-Dashboard/front-end/vendor/laravel/framework/src/Illuminate/Pipeline/Pipeline.php(219): Illuminate/View/Middleware/ShareErrorsFromSession->handle(Object(Illuminate/Http/Request), Object(Closure))
#27 C:/Users/0909W/OneDrive/Documenten/GitHub/Educom-Trainee-Dashboard/front-end/vendor/laravel/framework/src/Illuminate/Session/Middleware/StartSession.php(120): Illuminate/Pipeline/Pipeline->{closure:{closure:Illuminate/Pipeline/Pipeline::carry():194}:195}(Object(Illuminate/Http/Request))
#28 C:/Users/0909W/OneDrive/Documenten/GitHub/Educom-Trainee-Dashboard/front-end/vendor/laravel/framework/src/Illuminate/Session/Middleware/StartSession.php(63): Illuminate/Session/Middleware/StartSession->handleStatefulRequest(Object(Illuminate/Http/Request), Object(Illuminate/Session/Store), Object(Closure))
#29 C:/Users/0909W/OneDrive/Documenten/GitHub/Educom-Trainee-Dashboard/front-end/vendor/laravel/framework/src/Illuminate/Pipeline/Pipeline.php(219): Illuminate/Session/Middleware/StartSession->handle(Object(Illuminate/Http/Request), Object(Closure))
#30 C:/Users/0909W/OneDrive/Documenten/GitHub/Educom-Trainee-Dashboard/front-end/vendor/laravel/framework/src/Illuminate/Cookie/Middleware/AddQueuedCookiesToResponse.php(36): Illuminate/Pipeline/Pipeline->{closure:{closure:Illuminate/Pipeline/Pipeline::carry():194}:195}(Object(Illuminate/Http/Request))
#31 C:/Users/0909W/OneDrive/Documenten/GitHub/Educom-Trainee-Dashboard/front-end/vendor/laravel/framework/src/Illuminate/Pipeline/Pipeline.php(219): Illuminate/Cookie/Middleware/AddQueuedCookiesToResponse->handle(Object(Illuminate/Http/Request), Object(Closure))
#32 C:/Users/0909W/OneDrive/Documenten/GitHub/Educom-Trainee-Dashboard/front-end/vendor/laravel/framework/src/Illuminate/Cookie/Middleware/EncryptCookies.php(74): Illuminate/Pipeline/Pipeline->{closure:{closure:Illuminate/Pipeline/Pipeline::carry():194}:195}(Object(Illuminate/Http/Request))
#33 C:/Users/0909W/OneDrive/Documenten/GitHub/Educom-Trainee-Dashboard/front-end/vendor/laravel/framework/src/Illuminate/Pipeline/Pipeline.php(219): Illuminate/Cookie/Middleware/EncryptCookies->handle(Object(Illuminate/Http/Request), Object(Closure))
#34 C:/Users/0909W/OneDrive/Documenten/GitHub/Educom-Trainee-Dashboard/front-end/vendor/laravel/framework/src/Illuminate/Pipeline/Pipeline.php(137): Illuminate/Pipeline/Pipeline->{closure:{closure:Illuminate/Pipeline/Pipeline::carry():194}:195}(Object(Illuminate/Http/Request))
#35 C:/Users/0909W/OneDrive/Documenten/GitHub/Educom-Trainee-Dashboard/front-end/vendor/laravel/framework/src/Illuminate/Routing/Router.php(821): Illuminate/Pipeline/Pipeline->then(Object(Closure))
#36 C:/Users/0909W/OneDrive/Documenten/GitHub/Educom-Trainee-Dashboard/front-end/vendor/laravel/framework/src/Illuminate/Routing/Router.php(800): Illuminate/Routing/Router->runRouteWithinStack(Object(Illuminate/Routing/Route), Object(Illuminate/Http/Request))
#37 C:/Users/0909W/OneDrive/Documenten/GitHub/Educom-Trainee-Dashboard/front-end/vendor/laravel/framework/src/Illuminate/Routing/Router.php(764): Illuminate/Routing/Router->runRoute(Object(Illuminate/Http/Request), Object(Illuminate/Routing/Route))
#38 C:/Users/0909W/OneDrive/Documenten/GitHub/Educom-Trainee-Dashboard/front-end/vendor/laravel/framework/src/Illuminate/Routing/Router.php(753): Illuminate/Routing/Router->dispatchToRoute(Object(Illuminate/Http/Request))
#39 C:/Users/0909W/OneDrive/Documenten/GitHub/Educom-Trainee-Dashboard/front-end/vendor/laravel/framework/src/Illuminate/Foundation/Http/Kernel.php(200): Illuminate/Routing/Router->dispatch(Object(Illuminate/Http/Request))
#40 C:/Users/0909W/OneDrive/Documenten/GitHub/Educom-Trainee-Dashboard/front-end/vendor/laravel/framework/src/Illuminate/Pipeline/Pipeline.php(180): Illuminate/Foundation/Http/Kernel->{closure:Illuminate/Foundation/Http/Kernel::dispatchToRouter():197}(Object(Illuminate/Http/Request))
#41 C:/Users/0909W/OneDrive/Documenten/GitHub/Educom-Trainee-Dashboard/front-end/vendor/inertiajs/inertia-laravel/src/Middleware/EnsureGetOnRedirect.php(19): Illuminate/Pipeline/Pipeline->{closure:Illuminate/Pipeline/Pipeline::prepareDestination():178}(Object(Illuminate/Http/Request))
#42 C:/Users/0909W/OneDrive/Documenten/GitHub/Educom-Trainee-Dashboard/front-end/vendor/laravel/framework/src/Illuminate/Pipeline/Pipeline.php(219): Inertia/Middleware/EnsureGetOnRedirect->handle(Object(Illuminate/Http/Request), Object(Closure))
#43 C:/Users/0909W/OneDrive/Documenten/GitHub/Educom-Trainee-Dashboard/front-end/vendor/laravel/framework/src/Illuminate/Foundation/Http/Middleware/TransformsRequest.php(21): Illuminate/Pipeline/Pipeline->{closure:{closure:Illuminate/Pipeline/Pipeline::carry():194}:195}(Object(Illuminate/Http/Request))
#44 C:/Users/0909W/OneDrive/Documenten/GitHub/Educom-Trainee-Dashboard/front-end/vendor/laravel/framework/src/Illuminate/Foundation/Http/Middleware/ConvertEmptyStringsToNull.php(31): Illuminate/Foundation/Http/Middleware/TransformsRequest->handle(Object(Illuminate/Http/Request), Object(Closure))
#45 C:/Users/0909W/OneDrive/Documenten/GitHub/Educom-Trainee-Dashboard/front-end/vendor/laravel/framework/src/Illuminate/Pipeline/Pipeline.php(219): Illuminate/Foundation/Http/Middleware/ConvertEmptyStringsToNull->handle(Object(Illuminate/Http/Request), Object(Closure))
#46 C:/Users/0909W/OneDrive/Documenten/GitHub/Educom-Trainee-Dashboard/front-end/vendor/laravel/framework/src/Illuminate/Foundation/Http/Middleware/TransformsRequest.php(21): Illuminate/Pipeline/Pipeline->{closure:{closure:Illuminate/Pipeline/Pipeline::carry():194}:195}(Object(Illuminate/Http/Request))
#47 C:/Users/0909W/OneDrive/Documenten/GitHub/Educom-Trainee-Dashboard/front-end/vendor/laravel/framework/src/Illuminate/Foundation/Http/Middleware/TrimStrings.php(51): Illuminate/Foundation/Http/Middleware/TransformsRequest->handle(Object(Illuminate/Http/Request), Object(Closure))
#48 C:/Users/0909W/OneDrive/Documenten/GitHub/Educom-Trainee-Dashboard/front-end/vendor/laravel/framework/src/Illuminate/Pipeline/Pipeline.php(219): Illuminate/Foundation/Http/Middleware/TrimStrings->handle(Object(Illuminate/Http/Request), Object(Closure))
#49 C:/Users/0909W/OneDrive/Documenten/GitHub/Educom-Trainee-Dashboard/front-end/vendor/laravel/framework/src/Illuminate/Http/Middleware/ValidatePostSize.php(27): Illuminate/Pipeline/Pipeline->{closure:{closure:Illuminate/Pipeline/Pipeline::carry():194}:195}(Object(Illuminate/Http/Request))
#50 C:/Users/0909W/OneDrive/Documenten/GitHub/Educom-Trainee-Dashboard/front-end/vendor/laravel/framework/src/Illuminate/Pipeline/Pipeline.php(219): Illuminate/Http/Middleware/ValidatePostSize->handle(Object(Illuminate/Http/Request), Object(Closure))
#51 C:/Users/0909W/OneDrive/Documenten/GitHub/Educom-Trainee-Dashboard/front-end/vendor/laravel/framework/src/Illuminate/Foundation/Http/Middleware/PreventRequestsDuringMaintenance.php(109): Illuminate/Pipeline/Pipeline->{closure:{closure:Illuminate/Pipeline/Pipeline::carry():194}:195}(Object(Illuminate/Http/Request))
#52 C:/Users/0909W/OneDrive/Documenten/GitHub/Educom-Trainee-Dashboard/front-end/vendor/laravel/framework/src/Illuminate/Pipeline/Pipeline.php(219): Illuminate/Foundation/Http/Middleware/PreventRequestsDuringMaintenance->handle(Object(Illuminate/Http/Request), Object(Closure))
#53 C:/Users/0909W/OneDrive/Documenten/GitHub/Educom-Trainee-Dashboard/front-end/vendor/laravel/framework/src/Illuminate/Http/Middleware/HandleCors.php(61): Illuminate/Pipeline/Pipeline->{closure:{closure:Illuminate/Pipeline/Pipeline::carry():194}:195}(Object(Illuminate/Http/Request))
#54 C:/Users/0909W/OneDrive/Documenten/GitHub/Educom-Trainee-Dashboard/front-end/vendor/laravel/framework/src/Illuminate/Pipeline/Pipeline.php(219): Illuminate/Http/Middleware/HandleCors->handle(Object(Illuminate/Http/Request), Object(Closure))
#55 C:/Users/0909W/OneDrive/Documenten/GitHub/Educom-Trainee-Dashboard/front-end/vendor/laravel/framework/src/Illuminate/Http/Middleware/TrustProxies.php(58): Illuminate/Pipeline/Pipeline->{closure:{closure:Illuminate/Pipeline/Pipeline::carry():194}:195}(Object(Illuminate/Http/Request))
#56 C:/Users/0909W/OneDrive/Documenten/GitHub/Educom-Trainee-Dashboard/front-end/vendor/laravel/framework/src/Illuminate/Pipeline/Pipeline.php(219): Illuminate/Http/Middleware/TrustProxies->handle(Object(Illuminate/Http/Request), Object(Closure))
#57 C:/Users/0909W/OneDrive/Documenten/GitHub/Educom-Trainee-Dashboard/front-end/vendor/laravel/framework/src/Illuminate/Foundation/Http/Middleware/InvokeDeferredCallbacks.php(22): Illuminate/Pipeline/Pipeline->{closure:{closure:Illuminate/Pipeline/Pipeline::carry():194}:195}(Object(Illuminate/Http/Request))
#58 C:/Users/0909W/OneDrive/Documenten/GitHub/Educom-Trainee-Dashboard/front-end/vendor/laravel/framework/src/Illuminate/Pipeline/Pipeline.php(219): Illuminate/Foundation/Http/Middleware/InvokeDeferredCallbacks->handle(Object(Illuminate/Http/Request), Object(Closure))
#59 C:/Users/0909W/OneDrive/Documenten/GitHub/Educom-Trainee-Dashboard/front-end/vendor/laravel/framework/src/Illuminate/Http/Middleware/ValidatePathEncoding.php(28): Illuminate/Pipeline/Pipeline->{closure:{closure:Illuminate/Pipeline/Pipeline::carry():194}:195}(Object(Illuminate/Http/Request))
#60 C:/Users/0909W/OneDrive/Documenten/GitHub/Educom-Trainee-Dashboard/front-end/vendor/laravel/framework/src/Illuminate/Pipeline/Pipeline.php(219): Illuminate/Http/Middleware/ValidatePathEncoding->handle(Object(Illuminate/Http/Request), Object(Closure))
#61 C:/Users/0909W/OneDrive/Documenten/GitHub/Educom-Trainee-Dashboard/front-end/vendor/laravel/framework/src/Illuminate/Pipeline/Pipeline.php(137): Illuminate/Pipeline/Pipeline->{closure:{closure:Illuminate/Pipeline/Pipeline::carry():194}:195}(Object(Illuminate/Http/Request))
#62 C:/Users/0909W/OneDrive/Documenten/GitHub/Educom-Trainee-Dashboard/front-end/vendor/laravel/framework/src/Illuminate/Foundation/Http/Kernel.php(175): Illuminate/Pipeline/Pipeline->then(Object(Closure))
#63 C:/Users/0909W/OneDrive/Documenten/GitHub/Educom-Trainee-Dashboard/front-end/vendor/laravel/framework/src/Illuminate/Foundation/Http/Kernel.php(144): Illuminate/Foundation/Http/Kernel->sendRequestThroughRouter(Object(Illuminate/Http/Request))
#64 C:/Users/0909W/OneDrive/Documenten/GitHub/Educom-Trainee-Dashboard/front-end/vendor/laravel/framework/src/Illuminate/Foundation/Application.php(1220): Illuminate/Foundation/Http/Kernel->handle(Object(Illuminate/Http/Request))
#65 C:/Users/0909W/OneDrive/Documenten/GitHub/Educom-Trainee-Dashboard/front-end/public/index.php(20): Illuminate/Foundation/Application->handleRequest(Object(Illuminate/Http/Request))
#66 C:/Users/0909W/OneDrive/Documenten/GitHub/Educom-Trainee-Dashboard/front-end/vendor/laravel/framework/src/Illuminate/Foundation/resources/server.php(23): require_once('C://Users//0909W//...')
#67 {main}
"} 
[2026-07-14 14:23:48] local.ERROR: Vite manifest not found at: C:\Users\0909W\OneDrive\Documenten\GitHub\Educom-Trainee-Dashboard\front-end\public\build/manifest.json (View: C:\Users\0909W\OneDrive\Documenten\GitHub\Educom-Trainee-Dashboard\front-end\resources\views\app.blade.php) {"exception":"[object] (Illuminate\\View\\ViewException(code: 0): Vite manifest not found at: C:\\Users\\0909W\\OneDrive\\Documenten\\GitHub\\Educom-Trainee-Dashboard\\front-end\\public\\build/manifest.json (View: C:\\Users\\0909W\\OneDrive\\Documenten\\GitHub\\Educom-Trainee-Dashboard\\front-end\\resources\\views\\app.blade.php) at C:/Users/0909W/OneDrive/Documenten/GitHub/Educom-Trainee-Dashboard/front-end/vendor/laravel/framework/src/Illuminate/Foundation/Vite.php:960)
[stacktrace]
#0 C:/Users/0909W/OneDrive/Documenten/GitHub/Educom-Trainee-Dashboard/front-end/vendor/laravel/framework/src/Illuminate/View/Engines/PhpEngine.php(59): Illuminate/View/Engines/CompilerEngine->handleViewException(Object(Illuminate/Foundation/ViteManifestNotFoundException), 1)
#1 C:/Users/0909W/OneDrive/Documenten/GitHub/Educom-Trainee-Dashboard/front-end/vendor/laravel/framework/src/Illuminate/View/Engines/CompilerEngine.php(76): Illuminate/View/Engines/PhpEngine->evaluatePath('C://Users//0909W//...', Array)
#2 C:/Users/0909W/OneDrive/Documenten/GitHub/Educom-Trainee-Dashboard/front-end/vendor/laravel/framework/src/Illuminate/View/View.php(208): Illuminate/View/Engines/CompilerEngine->get('C://Users//0909W//...', Array)
#3 C:/Users/0909W/OneDrive/Documenten/GitHub/Educom-Trainee-Dashboard/front-end/vendor/laravel/framework/src/Illuminate/View/View.php(191): Illuminate/View/View->getContents()
#4 C:/Users/0909W/OneDrive/Documenten/GitHub/Educom-Trainee-Dashboard/front-end/vendor/laravel/framework/src/Illuminate/View/View.php(160): Illuminate/View/View->renderContents()
#5 C:/Users/0909W/OneDrive/Documenten/GitHub/Educom-Trainee-Dashboard/front-end/vendor/laravel/framework/src/Illuminate/Http/Response.php(82): Illuminate/View/View->render()
#6 C:/Users/0909W/OneDrive/Documenten/GitHub/Educom-Trainee-Dashboard/front-end/vendor/laravel/framework/src/Illuminate/Http/Response.php(40): Illuminate/Http/Response->setContent(Object(Illuminate/View/View))
#7 C:/Users/0909W/OneDrive/Documenten/GitHub/Educom-Trainee-Dashboard/front-end/vendor/laravel/framework/src/Illuminate/Routing/ResponseFactory.php(61): Illuminate/Http/Response->__construct(Object(Illuminate/View/View), 200, Array)
#8 C:/Users/0909W/OneDrive/Documenten/GitHub/Educom-Trainee-Dashboard/front-end/vendor/laravel/framework/src/Illuminate/Routing/ResponseFactory.php(91): Illuminate/Routing/ResponseFactory->make(Object(Illuminate/View/View), 200, Array)
#9 C:/Users/0909W/OneDrive/Documenten/GitHub/Educom-Trainee-Dashboard/front-end/vendor/laravel/framework/src/Illuminate/Support/Facades/Facade.php(363): Illuminate/Routing/ResponseFactory->view('app', Array)
#10 C:/Users/0909W/OneDrive/Documenten/GitHub/Educom-Trainee-Dashboard/front-end/vendor/inertiajs/inertia-laravel/src/Response.php(211): Illuminate/Support/Facades/Facade::__callStatic('view', Array)
#11 C:/Users/0909W/OneDrive/Documenten/GitHub/Educom-Trainee-Dashboard/front-end/vendor/laravel/framework/src/Illuminate/Routing/Router.php(921): Inertia/Response->toResponse(Object(Illuminate/Http/Request))
#12 C:/Users/0909W/OneDrive/Documenten/GitHub/Educom-Trainee-Dashboard/front-end/vendor/laravel/framework/src/Illuminate/Routing/Router.php(906): Illuminate/Routing/Router::toResponse(Object(Illuminate/Http/Request), Object(Inertia/Response))
#13 C:/Users/0909W/OneDrive/Documenten/GitHub/Educom-Trainee-Dashboard/front-end/vendor/laravel/framework/src/Illuminate/Routing/Router.php(821): Illuminate/Routing/Router->prepareResponse(Object(Illuminate/Http/Request), Object(Inertia/Response))
#14 C:/Users/0909W/OneDrive/Documenten/GitHub/Educom-Trainee-Dashboard/front-end/vendor/laravel/framework/src/Illuminate/Pipeline/Pipeline.php(180): Illuminate/Routing/Router->{closure:Illuminate/Routing/Router::runRouteWithinStack():821}(Object(Illuminate/Http/Request))
#15 C:/Users/0909W/OneDrive/Documenten/GitHub/Educom-Trainee-Dashboard/front-end/vendor/inertiajs/inertia-laravel/src/Middleware.php(138): Illuminate/Pipeline/Pipeline->{closure:Illuminate/Pipeline/Pipeline::prepareDestination():178}(Object(Illuminate/Http/Request))
#16 C:/Users/0909W/OneDrive/Documenten/GitHub/Educom-Trainee-Dashboard/front-end/vendor/laravel/framework/src/Illuminate/Pipeline/Pipeline.php(219): Inertia/Middleware->handle(Object(Illuminate/Http/Request), Object(Closure))
#17 C:/Users/0909W/OneDrive/Documenten/GitHub/Educom-Trainee-Dashboard/front-end/vendor/laravel/framework/src/Illuminate/Routing/Middleware/SubstituteBindings.php(52): Illuminate/Pipeline/Pipeline->{closure:{closure:Illuminate/Pipeline/Pipeline::carry():194}:195}(Object(Illuminate/Http/Request))
#18 C:/Users/0909W/OneDrive/Documenten/GitHub/Educom-Trainee-Dashboard/front-end/vendor/laravel/framework/src/Illuminate/Pipeline/Pipeline.php(219): Illuminate/Routing/Middleware/SubstituteBindings->handle(Object(Illuminate/Http/Request), Object(Closure))
#19 C:/Users/0909W/OneDrive/Documenten/GitHub/Educom-Trainee-Dashboard/front-end/vendor/laravel/framework/src/Illuminate/Foundation/Http/Middleware/PreventRequestForgery.php(104): Illuminate/Pipeline/Pipeline->{closure:{closure:Illuminate/Pipeline/Pipeline::carry():194}:195}(Object(Illuminate/Http/Request))
#20 C:/Users/0909W/OneDrive/Documenten/GitHub/Educom-Trainee-Dashboard/front-end/vendor/laravel/framework/src/Illuminate/Pipeline/Pipeline.php(219): Illuminate/Foundation/Http/Middleware/PreventRequestForgery->handle(Object(Illuminate/Http/Request), Object(Closure))
#21 C:/Users/0909W/OneDrive/Documenten/GitHub/Educom-Trainee-Dashboard/front-end/vendor/laravel/framework/src/Illuminate/View/Middleware/ShareErrorsFromSession.php(48): Illuminate/Pipeline/Pipeline->{closure:{closure:Illuminate/Pipeline/Pipeline::carry():194}:195}(Object(Illuminate/Http/Request))
#22 C:/Users/0909W/OneDrive/Documenten/GitHub/Educom-Trainee-Dashboard/front-end/vendor/laravel/framework/src/Illuminate/Pipeline/Pipeline.php(219): Illuminate/View/Middleware/ShareErrorsFromSession->handle(Object(Illuminate/Http/Request), Object(Closure))
#23 C:/Users/0909W/OneDrive/Documenten/GitHub/Educom-Trainee-Dashboard/front-end/vendor/laravel/framework/src/Illuminate/Session/Middleware/StartSession.php(120): Illuminate/Pipeline/Pipeline->{closure:{closure:Illuminate/Pipeline/Pipeline::carry():194}:195}(Object(Illuminate/Http/Request))
#24 C:/Users/0909W/OneDrive/Documenten/GitHub/Educom-Trainee-Dashboard/front-end/vendor/laravel/framework/src/Illuminate/Session/Middleware/StartSession.php(63): Illuminate/Session/Middleware/StartSession->handleStatefulRequest(Object(Illuminate/Http/Request), Object(Illuminate/Session/Store), Object(Closure))
#25 C:/Users/0909W/OneDrive/Documenten/GitHub/Educom-Trainee-Dashboard/front-end/vendor/laravel/framework/src/Illuminate/Pipeline/Pipeline.php(219): Illuminate/Session/Middleware/StartSession->handle(Object(Illuminate/Http/Request), Object(Closure))
#26 C:/Users/0909W/OneDrive/Documenten/GitHub/Educom-Trainee-Dashboard/front-end/vendor/laravel/framework/src/Illuminate/Cookie/Middleware/AddQueuedCookiesToResponse.php(36): Illuminate/Pipeline/Pipeline->{closure:{closure:Illuminate/Pipeline/Pipeline::carry():194}:195}(Object(Illuminate/Http/Request))
#27 C:/Users/0909W/OneDrive/Documenten/GitHub/Educom-Trainee-Dashboard/front-end/vendor/laravel/framework/src/Illuminate/Pipeline/Pipeline.php(219): Illuminate/Cookie/Middleware/AddQueuedCookiesToResponse->handle(Object(Illuminate/Http/Request), Object(Closure))
#28 C:/Users/0909W/OneDrive/Documenten/GitHub/Educom-Trainee-Dashboard/front-end/vendor/laravel/framework/src/Illuminate/Cookie/Middleware/EncryptCookies.php(74): Illuminate/Pipeline/Pipeline->{closure:{closure:Illuminate/Pipeline/Pipeline::carry():194}:195}(Object(Illuminate/Http/Request))
#29 C:/Users/0909W/OneDrive/Documenten/GitHub/Educom-Trainee-Dashboard/front-end/vendor/laravel/framework/src/Illuminate/Pipeline/Pipeline.php(219): Illuminate/Cookie/Middleware/EncryptCookies->handle(Object(Illuminate/Http/Request), Object(Closure))
#30 C:/Users/0909W/OneDrive/Documenten/GitHub/Educom-Trainee-Dashboard/front-end/vendor/laravel/framework/src/Illuminate/Pipeline/Pipeline.php(137): Illuminate/Pipeline/Pipeline->{closure:{closure:Illuminate/Pipeline/Pipeline::carry():194}:195}(Object(Illuminate/Http/Request))
#31 C:/Users/0909W/OneDrive/Documenten/GitHub/Educom-Trainee-Dashboard/front-end/vendor/laravel/framework/src/Illuminate/Routing/Router.php(821): Illuminate/Pipeline/Pipeline->then(Object(Closure))
#32 C:/Users/0909W/OneDrive/Documenten/GitHub/Educom-Trainee-Dashboard/front-end/vendor/laravel/framework/src/Illuminate/Routing/Router.php(800): Illuminate/Routing/Router->runRouteWithinStack(Object(Illuminate/Routing/Route), Object(Illuminate/Http/Request))
#33 C:/Users/0909W/OneDrive/Documenten/GitHub/Educom-Trainee-Dashboard/front-end/vendor/laravel/framework/src/Illuminate/Routing/Router.php(764): Illuminate/Routing/Router->runRoute(Object(Illuminate/Http/Request), Object(Illuminate/Routing/Route))
#34 C:/Users/0909W/OneDrive/Documenten/GitHub/Educom-Trainee-Dashboard/front-end/vendor/laravel/framework/src/Illuminate/Routing/Router.php(753): Illuminate/Routing/Router->dispatchToRoute(Object(Illuminate/Http/Request))
#35 C:/Users/0909W/OneDrive/Documenten/GitHub/Educom-Trainee-Dashboard/front-end/vendor/laravel/framework/src/Illuminate/Foundation/Http/Kernel.php(200): Illuminate/Routing/Router->dispatch(Object(Illuminate/Http/Request))
#36 C:/Users/0909W/OneDrive/Documenten/GitHub/Educom-Trainee-Dashboard/front-end/vendor/laravel/framework/src/Illuminate/Pipeline/Pipeline.php(180): Illuminate/Foundation/Http/Kernel->{closure:Illuminate/Foundation/Http/Kernel::dispatchToRouter():197}(Object(Illuminate/Http/Request))
#37 C:/Users/0909W/OneDrive/Documenten/GitHub/Educom-Trainee-Dashboard/front-end/vendor/inertiajs/inertia-laravel/src/Middleware/EnsureGetOnRedirect.php(19): Illuminate/Pipeline/Pipeline->{closure:Illuminate/Pipeline/Pipeline::prepareDestination():178}(Object(Illuminate/Http/Request))
#38 C:/Users/0909W/OneDrive/Documenten/GitHub/Educom-Trainee-Dashboard/front-end/vendor/laravel/framework/src/Illuminate/Pipeline/Pipeline.php(219): Inertia/Middleware/EnsureGetOnRedirect->handle(Object(Illuminate/Http/Request), Object(Closure))
#39 C:/Users/0909W/OneDrive/Documenten/GitHub/Educom-Trainee-Dashboard/front-end/vendor/laravel/framework/src/Illuminate/Foundation/Http/Middleware/TransformsRequest.php(21): Illuminate/Pipeline/Pipeline->{closure:{closure:Illuminate/Pipeline/Pipeline::carry():194}:195}(Object(Illuminate/Http/Request))
#40 C:/Users/0909W/OneDrive/Documenten/GitHub/Educom-Trainee-Dashboard/front-end/vendor/laravel/framework/src/Illuminate/Foundation/Http/Middleware/ConvertEmptyStringsToNull.php(31): Illuminate/Foundation/Http/Middleware/TransformsRequest->handle(Object(Illuminate/Http/Request), Object(Closure))
#41 C:/Users/0909W/OneDrive/Documenten/GitHub/Educom-Trainee-Dashboard/front-end/vendor/laravel/framework/src/Illuminate/Pipeline/Pipeline.php(219): Illuminate/Foundation/Http/Middleware/ConvertEmptyStringsToNull->handle(Object(Illuminate/Http/Request), Object(Closure))
#42 C:/Users/0909W/OneDrive/Documenten/GitHub/Educom-Trainee-Dashboard/front-end/vendor/laravel/framework/src/Illuminate/Foundation/Http/Middleware/TransformsRequest.php(21): Illuminate/Pipeline/Pipeline->{closure:{closure:Illuminate/Pipeline/Pipeline::carry():194}:195}(Object(Illuminate/Http/Request))
#43 C:/Users/0909W/OneDrive/Documenten/GitHub/Educom-Trainee-Dashboard/front-end/vendor/laravel/framework/src/Illuminate/Foundation/Http/Middleware/TrimStrings.php(51): Illuminate/Foundation/Http/Middleware/TransformsRequest->handle(Object(Illuminate/Http/Request), Object(Closure))
#44 C:/Users/0909W/OneDrive/Documenten/GitHub/Educom-Trainee-Dashboard/front-end/vendor/laravel/framework/src/Illuminate/Pipeline/Pipeline.php(219): Illuminate/Foundation/Http/Middleware/TrimStrings->handle(Object(Illuminate/Http/Request), Object(Closure))
#45 C:/Users/0909W/OneDrive/Documenten/GitHub/Educom-Trainee-Dashboard/front-end/vendor/laravel/framework/src/Illuminate/Http/Middleware/ValidatePostSize.php(27): Illuminate/Pipeline/Pipeline->{closure:{closure:Illuminate/Pipeline/Pipeline::carry():194}:195}(Object(Illuminate/Http/Request))
#46 C:/Users/0909W/OneDrive/Documenten/GitHub/Educom-Trainee-Dashboard/front-end/vendor/laravel/framework/src/Illuminate/Pipeline/Pipeline.php(219): Illuminate/Http/Middleware/ValidatePostSize->handle(Object(Illuminate/Http/Request), Object(Closure))
#47 C:/Users/0909W/OneDrive/Documenten/GitHub/Educom-Trainee-Dashboard/front-end/vendor/laravel/framework/src/Illuminate/Foundation/Http/Middleware/PreventRequestsDuringMaintenance.php(109): Illuminate/Pipeline/Pipeline->{closure:{closure:Illuminate/Pipeline/Pipeline::carry():194}:195}(Object(Illuminate/Http/Request))
#48 C:/Users/0909W/OneDrive/Documenten/GitHub/Educom-Trainee-Dashboard/front-end/vendor/laravel/framework/src/Illuminate/Pipeline/Pipeline.php(219): Illuminate/Foundation/Http/Middleware/PreventRequestsDuringMaintenance->handle(Object(Illuminate/Http/Request), Object(Closure))
#49 C:/Users/0909W/OneDrive/Documenten/GitHub/Educom-Trainee-Dashboard/front-end/vendor/laravel/framework/src/Illuminate/Http/Middleware/HandleCors.php(61): Illuminate/Pipeline/Pipeline->{closure:{closure:Illuminate/Pipeline/Pipeline::carry():194}:195}(Object(Illuminate/Http/Request))
#50 C:/Users/0909W/OneDrive/Documenten/GitHub/Educom-Trainee-Dashboard/front-end/vendor/laravel/framework/src/Illuminate/Pipeline/Pipeline.php(219): Illuminate/Http/Middleware/HandleCors->handle(Object(Illuminate/Http/Request), Object(Closure))
#51 C:/Users/0909W/OneDrive/Documenten/GitHub/Educom-Trainee-Dashboard/front-end/vendor/laravel/framework/src/Illuminate/Http/Middleware/TrustProxies.php(58): Illuminate/Pipeline/Pipeline->{closure:{closure:Illuminate/Pipeline/Pipeline::carry():194}:195}(Object(Illuminate/Http/Request))
#52 C:/Users/0909W/OneDrive/Documenten/GitHub/Educom-Trainee-Dashboard/front-end/vendor/laravel/framework/src/Illuminate/Pipeline/Pipeline.php(219): Illuminate/Http/Middleware/TrustProxies->handle(Object(Illuminate/Http/Request), Object(Closure))
#53 C:/Users/0909W/OneDrive/Documenten/GitHub/Educom-Trainee-Dashboard/front-end/vendor/laravel/framework/src/Illuminate/Foundation/Http/Middleware/InvokeDeferredCallbacks.php(22): Illuminate/Pipeline/Pipeline->{closure:{closure:Illuminate/Pipeline/Pipeline::carry():194}:195}(Object(Illuminate/Http/Request))
#54 C:/Users/0909W/OneDrive/Documenten/GitHub/Educom-Trainee-Dashboard/front-end/vendor/laravel/framework/src/Illuminate/Pipeline/Pipeline.php(219): Illuminate/Foundation/Http/Middleware/InvokeDeferredCallbacks->handle(Object(Illuminate/Http/Request), Object(Closure))
#55 C:/Users/0909W/OneDrive/Documenten/GitHub/Educom-Trainee-Dashboard/front-end/vendor/laravel/framework/src/Illuminate/Http/Middleware/ValidatePathEncoding.php(28): Illuminate/Pipeline/Pipeline->{closure:{closure:Illuminate/Pipeline/Pipeline::carry():194}:195}(Object(Illuminate/Http/Request))
#56 C:/Users/0909W/OneDrive/Documenten/GitHub/Educom-Trainee-Dashboard/front-end/vendor/laravel/framework/src/Illuminate/Pipeline/Pipeline.php(219): Illuminate/Http/Middleware/ValidatePathEncoding->handle(Object(Illuminate/Http/Request), Object(Closure))
#57 C:/Users/0909W/OneDrive/Documenten/GitHub/Educom-Trainee-Dashboard/front-end/vendor/laravel/framework/src/Illuminate/Pipeline/Pipeline.php(137): Illuminate/Pipeline/Pipeline->{closure:{closure:Illuminate/Pipeline/Pipeline::carry():194}:195}(Object(Illuminate/Http/Request))
#58 C:/Users/0909W/OneDrive/Documenten/GitHub/Educom-Trainee-Dashboard/front-end/vendor/laravel/framework/src/Illuminate/Foundation/Http/Kernel.php(175): Illuminate/Pipeline/Pipeline->then(Object(Closure))
#59 C:/Users/0909W/OneDrive/Documenten/GitHub/Educom-Trainee-Dashboard/front-end/vendor/laravel/framework/src/Illuminate/Foundation/Http/Kernel.php(144): Illuminate/Foundation/Http/Kernel->sendRequestThroughRouter(Object(Illuminate/Http/Request))
#60 C:/Users/0909W/OneDrive/Documenten/GitHub/Educom-Trainee-Dashboard/front-end/vendor/laravel/framework/src/Illuminate/Foundation/Application.php(1220): Illuminate/Foundation/Http/Kernel->handle(Object(Illuminate/Http/Request))
#61 C:/Users/0909W/OneDrive/Documenten/GitHub/Educom-Trainee-Dashboard/front-end/public/index.php(20): Illuminate/Foundation/Application->handleRequest(Object(Illuminate/Http/Request))
#62 C:/Users/0909W/OneDrive/Documenten/GitHub/Educom-Trainee-Dashboard/front-end/vendor/laravel/framework/src/Illuminate/Foundation/resources/server.php(23): require_once('C://Users//0909W//...')
#63 {main}

[previous exception] [object] (Illuminate\\Foundation\\ViteManifestNotFoundException(code: 0): Vite manifest not found at: C:\\Users\\0909W\\OneDrive\\Documenten\\GitHub\\Educom-Trainee-Dashboard\\front-end\\public\\build/manifest.json at C:/Users/0909W/OneDrive/Documenten/GitHub/Educom-Trainee-Dashboard/front-end/vendor/laravel/framework/src/Illuminate/Foundation/Vite.php:960)
[stacktrace]
#0 C:/Users/0909W/OneDrive/Documenten/GitHub/Educom-Trainee-Dashboard/front-end/vendor/laravel/framework/src/Illuminate/Foundation/Vite.php(398): Illuminate/Foundation/Vite->manifest('build')
#1 C:/Users/0909W/OneDrive/Documenten/GitHub/Educom-Trainee-Dashboard/front-end/storage/framework/views/de6914bfa8422daacc897d33596fc171.php(7): Illuminate/Foundation/Vite->__invoke(Object(Illuminate/Support/Collection))
#2 C:/Users/0909W/OneDrive/Documenten/GitHub/Educom-Trainee-Dashboard/front-end/vendor/laravel/framework/src/Illuminate/Filesystem/Filesystem.php(123): require('C://Users//0909W//...')
#3 C:/Users/0909W/OneDrive/Documenten/GitHub/Educom-Trainee-Dashboard/front-end/vendor/laravel/framework/src/Illuminate/Filesystem/Filesystem.php(124): Illuminate/Filesystem/Filesystem::{closure:Illuminate/Filesystem/Filesystem::getRequire():120}()
#4 C:/Users/0909W/OneDrive/Documenten/GitHub/Educom-Trainee-Dashboard/front-end/vendor/laravel/framework/src/Illuminate/View/Engines/PhpEngine.php(57): Illuminate/Filesystem/Filesystem->getRequire('C://Users//0909W//...', Array)
#5 C:/Users/0909W/OneDrive/Documenten/GitHub/Educom-Trainee-Dashboard/front-end/vendor/laravel/framework/src/Illuminate/View/Engines/CompilerEngine.php(76): Illuminate/View/Engines/PhpEngine->evaluatePath('C://Users//0909W//...', Array)
#6 C:/Users/0909W/OneDrive/Documenten/GitHub/Educom-Trainee-Dashboard/front-end/vendor/laravel/framework/src/Illuminate/View/View.php(208): Illuminate/View/Engines/CompilerEngine->get('C://Users//0909W//...', Array)
#7 C:/Users/0909W/OneDrive/Documenten/GitHub/Educom-Trainee-Dashboard/front-end/vendor/laravel/framework/src/Illuminate/View/View.php(191): Illuminate/View/View->getContents()
#8 C:/Users/0909W/OneDrive/Documenten/GitHub/Educom-Trainee-Dashboard/front-end/vendor/laravel/framework/src/Illuminate/View/View.php(160): Illuminate/View/View->renderContents()
#9 C:/Users/0909W/OneDrive/Documenten/GitHub/Educom-Trainee-Dashboard/front-end/vendor/laravel/framework/src/Illuminate/Http/Response.php(82): Illuminate/View/View->render()
#10 C:/Users/0909W/OneDrive/Documenten/GitHub/Educom-Trainee-Dashboard/front-end/vendor/laravel/framework/src/Illuminate/Http/Response.php(40): Illuminate/Http/Response->setContent(Object(Illuminate/View/View))
#11 C:/Users/0909W/OneDrive/Documenten/GitHub/Educom-Trainee-Dashboard/front-end/vendor/laravel/framework/src/Illuminate/Routing/ResponseFactory.php(61): Illuminate/Http/Response->__construct(Object(Illuminate/View/View), 200, Array)
#12 C:/Users/0909W/OneDrive/Documenten/GitHub/Educom-Trainee-Dashboard/front-end/vendor/laravel/framework/src/Illuminate/Routing/ResponseFactory.php(91): Illuminate/Routing/ResponseFactory->make(Object(Illuminate/View/View), 200, Array)
#13 C:/Users/0909W/OneDrive/Documenten/GitHub/Educom-Trainee-Dashboard/front-end/vendor/laravel/framework/src/Illuminate/Support/Facades/Facade.php(363): Illuminate/Routing/ResponseFactory->view('app', Array)
#14 C:/Users/0909W/OneDrive/Documenten/GitHub/Educom-Trainee-Dashboard/front-end/vendor/inertiajs/inertia-laravel/src/Response.php(211): Illuminate/Support/Facades/Facade::__callStatic('view', Array)
#15 C:/Users/0909W/OneDrive/Documenten/GitHub/Educom-Trainee-Dashboard/front-end/vendor/laravel/framework/src/Illuminate/Routing/Router.php(921): Inertia/Response->toResponse(Object(Illuminate/Http/Request))
#16 C:/Users/0909W/OneDrive/Documenten/GitHub/Educom-Trainee-Dashboard/front-end/vendor/laravel/framework/src/Illuminate/Routing/Router.php(906): Illuminate/Routing/Router::toResponse(Object(Illuminate/Http/Request), Object(Inertia/Response))
#17 C:/Users/0909W/OneDrive/Documenten/GitHub/Educom-Trainee-Dashboard/front-end/vendor/laravel/framework/src/Illuminate/Routing/Router.php(821): Illuminate/Routing/Router->prepareResponse(Object(Illuminate/Http/Request), Object(Inertia/Response))
#18 C:/Users/0909W/OneDrive/Documenten/GitHub/Educom-Trainee-Dashboard/front-end/vendor/laravel/framework/src/Illuminate/Pipeline/Pipeline.php(180): Illuminate/Routing/Router->{closure:Illuminate/Routing/Router::runRouteWithinStack():821}(Object(Illuminate/Http/Request))
#19 C:/Users/0909W/OneDrive/Documenten/GitHub/Educom-Trainee-Dashboard/front-end/vendor/inertiajs/inertia-laravel/src/Middleware.php(138): Illuminate/Pipeline/Pipeline->{closure:Illuminate/Pipeline/Pipeline::prepareDestination():178}(Object(Illuminate/Http/Request))
#20 C:/Users/0909W/OneDrive/Documenten/GitHub/Educom-Trainee-Dashboard/front-end/vendor/laravel/framework/src/Illuminate/Pipeline/Pipeline.php(219): Inertia/Middleware->handle(Object(Illuminate/Http/Request), Object(Closure))
#21 C:/Users/0909W/OneDrive/Documenten/GitHub/Educom-Trainee-Dashboard/front-end/vendor/laravel/framework/src/Illuminate/Routing/Middleware/SubstituteBindings.php(52): Illuminate/Pipeline/Pipeline->{closure:{closure:Illuminate/Pipeline/Pipeline::carry():194}:195}(Object(Illuminate/Http/Request))
#22 C:/Users/0909W/OneDrive/Documenten/GitHub/Educom-Trainee-Dashboard/front-end/vendor/laravel/framework/src/Illuminate/Pipeline/Pipeline.php(219): Illuminate/Routing/Middleware/SubstituteBindings->handle(Object(Illuminate/Http/Request), Object(Closure))
#23 C:/Users/0909W/OneDrive/Documenten/GitHub/Educom-Trainee-Dashboard/front-end/vendor/laravel/framework/src/Illuminate/Foundation/Http/Middleware/PreventRequestForgery.php(104): Illuminate/Pipeline/Pipeline->{closure:{closure:Illuminate/Pipeline/Pipeline::carry():194}:195}(Object(Illuminate/Http/Request))
#24 C:/Users/0909W/OneDrive/Documenten/GitHub/Educom-Trainee-Dashboard/front-end/vendor/laravel/framework/src/Illuminate/Pipeline/Pipeline.php(219): Illuminate/Foundation/Http/Middleware/PreventRequestForgery->handle(Object(Illuminate/Http/Request), Object(Closure))
#25 C:/Users/0909W/OneDrive/Documenten/GitHub/Educom-Trainee-Dashboard/front-end/vendor/laravel/framework/src/Illuminate/View/Middleware/ShareErrorsFromSession.php(48): Illuminate/Pipeline/Pipeline->{closure:{closure:Illuminate/Pipeline/Pipeline::carry():194}:195}(Object(Illuminate/Http/Request))
#26 C:/Users/0909W/OneDrive/Documenten/GitHub/Educom-Trainee-Dashboard/front-end/vendor/laravel/framework/src/Illuminate/Pipeline/Pipeline.php(219): Illuminate/View/Middleware/ShareErrorsFromSession->handle(Object(Illuminate/Http/Request), Object(Closure))
#27 C:/Users/0909W/OneDrive/Documenten/GitHub/Educom-Trainee-Dashboard/front-end/vendor/laravel/framework/src/Illuminate/Session/Middleware/StartSession.php(120): Illuminate/Pipeline/Pipeline->{closure:{closure:Illuminate/Pipeline/Pipeline::carry():194}:195}(Object(Illuminate/Http/Request))
#28 C:/Users/0909W/OneDrive/Documenten/GitHub/Educom-Trainee-Dashboard/front-end/vendor/laravel/framework/src/Illuminate/Session/Middleware/StartSession.php(63): Illuminate/Session/Middleware/StartSession->handleStatefulRequest(Object(Illuminate/Http/Request), Object(Illuminate/Session/Store), Object(Closure))
#29 C:/Users/0909W/OneDrive/Documenten/GitHub/Educom-Trainee-Dashboard/front-end/vendor/laravel/framework/src/Illuminate/Pipeline/Pipeline.php(219): Illuminate/Session/Middleware/StartSession->handle(Object(Illuminate/Http/Request), Object(Closure))
#30 C:/Users/0909W/OneDrive/Documenten/GitHub/Educom-Trainee-Dashboard/front-end/vendor/laravel/framework/src/Illuminate/Cookie/Middleware/AddQueuedCookiesToResponse.php(36): Illuminate/Pipeline/Pipeline->{closure:{closure:Illuminate/Pipeline/Pipeline::carry():194}:195}(Object(Illuminate/Http/Request))
#31 C:/Users/0909W/OneDrive/Documenten/GitHub/Educom-Trainee-Dashboard/front-end/vendor/laravel/framework/src/Illuminate/Pipeline/Pipeline.php(219): Illuminate/Cookie/Middleware/AddQueuedCookiesToResponse->handle(Object(Illuminate/Http/Request), Object(Closure))
#32 C:/Users/0909W/OneDrive/Documenten/GitHub/Educom-Trainee-Dashboard/front-end/vendor/laravel/framework/src/Illuminate/Cookie/Middleware/EncryptCookies.php(74): Illuminate/Pipeline/Pipeline->{closure:{closure:Illuminate/Pipeline/Pipeline::carry():194}:195}(Object(Illuminate/Http/Request))
#33 C:/Users/0909W/OneDrive/Documenten/GitHub/Educom-Trainee-Dashboard/front-end/vendor/laravel/framework/src/Illuminate/Pipeline/Pipeline.php(219): Illuminate/Cookie/Middleware/EncryptCookies->handle(Object(Illuminate/Http/Request), Object(Closure))
#34 C:/Users/0909W/OneDrive/Documenten/GitHub/Educom-Trainee-Dashboard/front-end/vendor/laravel/framework/src/Illuminate/Pipeline/Pipeline.php(137): Illuminate/Pipeline/Pipeline->{closure:{closure:Illuminate/Pipeline/Pipeline::carry():194}:195}(Object(Illuminate/Http/Request))
#35 C:/Users/0909W/OneDrive/Documenten/GitHub/Educom-Trainee-Dashboard/front-end/vendor/laravel/framework/src/Illuminate/Routing/Router.php(821): Illuminate/Pipeline/Pipeline->then(Object(Closure))
#36 C:/Users/0909W/OneDrive/Documenten/GitHub/Educom-Trainee-Dashboard/front-end/vendor/laravel/framework/src/Illuminate/Routing/Router.php(800): Illuminate/Routing/Router->runRouteWithinStack(Object(Illuminate/Routing/Route), Object(Illuminate/Http/Request))
#37 C:/Users/0909W/OneDrive/Documenten/GitHub/Educom-Trainee-Dashboard/front-end/vendor/laravel/framework/src/Illuminate/Routing/Router.php(764): Illuminate/Routing/Router->runRoute(Object(Illuminate/Http/Request), Object(Illuminate/Routing/Route))
#38 C:/Users/0909W/OneDrive/Documenten/GitHub/Educom-Trainee-Dashboard/front-end/vendor/laravel/framework/src/Illuminate/Routing/Router.php(753): Illuminate/Routing/Router->dispatchToRoute(Object(Illuminate/Http/Request))
#39 C:/Users/0909W/OneDrive/Documenten/GitHub/Educom-Trainee-Dashboard/front-end/vendor/laravel/framework/src/Illuminate/Foundation/Http/Kernel.php(200): Illuminate/Routing/Router->dispatch(Object(Illuminate/Http/Request))
#40 C:/Users/0909W/OneDrive/Documenten/GitHub/Educom-Trainee-Dashboard/front-end/vendor/laravel/framework/src/Illuminate/Pipeline/Pipeline.php(180): Illuminate/Foundation/Http/Kernel->{closure:Illuminate/Foundation/Http/Kernel::dispatchToRouter():197}(Object(Illuminate/Http/Request))
#41 C:/Users/0909W/OneDrive/Documenten/GitHub/Educom-Trainee-Dashboard/front-end/vendor/inertiajs/inertia-laravel/src/Middleware/EnsureGetOnRedirect.php(19): Illuminate/Pipeline/Pipeline->{closure:Illuminate/Pipeline/Pipeline::prepareDestination():178}(Object(Illuminate/Http/Request))
#42 C:/Users/0909W/OneDrive/Documenten/GitHub/Educom-Trainee-Dashboard/front-end/vendor/laravel/framework/src/Illuminate/Pipeline/Pipeline.php(219): Inertia/Middleware/EnsureGetOnRedirect->handle(Object(Illuminate/Http/Request), Object(Closure))
#43 C:/Users/0909W/OneDrive/Documenten/GitHub/Educom-Trainee-Dashboard/front-end/vendor/laravel/framework/src/Illuminate/Foundation/Http/Middleware/TransformsRequest.php(21): Illuminate/Pipeline/Pipeline->{closure:{closure:Illuminate/Pipeline/Pipeline::carry():194}:195}(Object(Illuminate/Http/Request))
#44 C:/Users/0909W/OneDrive/Documenten/GitHub/Educom-Trainee-Dashboard/front-end/vendor/laravel/framework/src/Illuminate/Foundation/Http/Middleware/ConvertEmptyStringsToNull.php(31): Illuminate/Foundation/Http/Middleware/TransformsRequest->handle(Object(Illuminate/Http/Request), Object(Closure))
#45 C:/Users/0909W/OneDrive/Documenten/GitHub/Educom-Trainee-Dashboard/front-end/vendor/laravel/framework/src/Illuminate/Pipeline/Pipeline.php(219): Illuminate/Foundation/Http/Middleware/ConvertEmptyStringsToNull->handle(Object(Illuminate/Http/Request), Object(Closure))
#46 C:/Users/0909W/OneDrive/Documenten/GitHub/Educom-Trainee-Dashboard/front-end/vendor/laravel/framework/src/Illuminate/Foundation/Http/Middleware/TransformsRequest.php(21): Illuminate/Pipeline/Pipeline->{closure:{closure:Illuminate/Pipeline/Pipeline::carry():194}:195}(Object(Illuminate/Http/Request))
#47 C:/Users/0909W/OneDrive/Documenten/GitHub/Educom-Trainee-Dashboard/front-end/vendor/laravel/framework/src/Illuminate/Foundation/Http/Middleware/TrimStrings.php(51): Illuminate/Foundation/Http/Middleware/TransformsRequest->handle(Object(Illuminate/Http/Request), Object(Closure))
#48 C:/Users/0909W/OneDrive/Documenten/GitHub/Educom-Trainee-Dashboard/front-end/vendor/laravel/framework/src/Illuminate/Pipeline/Pipeline.php(219): Illuminate/Foundation/Http/Middleware/TrimStrings->handle(Object(Illuminate/Http/Request), Object(Closure))
#49 C:/Users/0909W/OneDrive/Documenten/GitHub/Educom-Trainee-Dashboard/front-end/vendor/laravel/framework/src/Illuminate/Http/Middleware/ValidatePostSize.php(27): Illuminate/Pipeline/Pipeline->{closure:{closure:Illuminate/Pipeline/Pipeline::carry():194}:195}(Object(Illuminate/Http/Request))
#50 C:/Users/0909W/OneDrive/Documenten/GitHub/Educom-Trainee-Dashboard/front-end/vendor/laravel/framework/src/Illuminate/Pipeline/Pipeline.php(219): Illuminate/Http/Middleware/ValidatePostSize->handle(Object(Illuminate/Http/Request), Object(Closure))
#51 C:/Users/0909W/OneDrive/Documenten/GitHub/Educom-Trainee-Dashboard/front-end/vendor/laravel/framework/src/Illuminate/Foundation/Http/Middleware/PreventRequestsDuringMaintenance.php(109): Illuminate/Pipeline/Pipeline->{closure:{closure:Illuminate/Pipeline/Pipeline::carry():194}:195}(Object(Illuminate/Http/Request))
#52 C:/Users/0909W/OneDrive/Documenten/GitHub/Educom-Trainee-Dashboard/front-end/vendor/laravel/framework/src/Illuminate/Pipeline/Pipeline.php(219): Illuminate/Foundation/Http/Middleware/PreventRequestsDuringMaintenance->handle(Object(Illuminate/Http/Request), Object(Closure))
#53 C:/Users/0909W/OneDrive/Documenten/GitHub/Educom-Trainee-Dashboard/front-end/vendor/laravel/framework/src/Illuminate/Http/Middleware/HandleCors.php(61): Illuminate/Pipeline/Pipeline->{closure:{closure:Illuminate/Pipeline/Pipeline::carry():194}:195}(Object(Illuminate/Http/Request))
#54 C:/Users/0909W/OneDrive/Documenten/GitHub/Educom-Trainee-Dashboard/front-end/vendor/laravel/framework/src/Illuminate/Pipeline/Pipeline.php(219): Illuminate/Http/Middleware/HandleCors->handle(Object(Illuminate/Http/Request), Object(Closure))
#55 C:/Users/0909W/OneDrive/Documenten/GitHub/Educom-Trainee-Dashboard/front-end/vendor/laravel/framework/src/Illuminate/Http/Middleware/TrustProxies.php(58): Illuminate/Pipeline/Pipeline->{closure:{closure:Illuminate/Pipeline/Pipeline::carry():194}:195}(Object(Illuminate/Http/Request))
#56 C:/Users/0909W/OneDrive/Documenten/GitHub/Educom-Trainee-Dashboard/front-end/vendor/laravel/framework/src/Illuminate/Pipeline/Pipeline.php(219): Illuminate/Http/Middleware/TrustProxies->handle(Object(Illuminate/Http/Request), Object(Closure))
#57 C:/Users/0909W/OneDrive/Documenten/GitHub/Educom-Trainee-Dashboard/front-end/vendor/laravel/framework/src/Illuminate/Foundation/Http/Middleware/InvokeDeferredCallbacks.php(22): Illuminate/Pipeline/Pipeline->{closure:{closure:Illuminate/Pipeline/Pipeline::carry():194}:195}(Object(Illuminate/Http/Request))
#58 C:/Users/0909W/OneDrive/Documenten/GitHub/Educom-Trainee-Dashboard/front-end/vendor/laravel/framework/src/Illuminate/Pipeline/Pipeline.php(219): Illuminate/Foundation/Http/Middleware/InvokeDeferredCallbacks->handle(Object(Illuminate/Http/Request), Object(Closure))
#59 C:/Users/0909W/OneDrive/Documenten/GitHub/Educom-Trainee-Dashboard/front-end/vendor/laravel/framework/src/Illuminate/Http/Middleware/ValidatePathEncoding.php(28): Illuminate/Pipeline/Pipeline->{closure:{closure:Illuminate/Pipeline/Pipeline::carry():194}:195}(Object(Illuminate/Http/Request))
#60 C:/Users/0909W/OneDrive/Documenten/GitHub/Educom-Trainee-Dashboard/front-end/vendor/laravel/framework/src/Illuminate/Pipeline/Pipeline.php(219): Illuminate/Http/Middleware/ValidatePathEncoding->handle(Object(Illuminate/Http/Request), Object(Closure))
#61 C:/Users/0909W/OneDrive/Documenten/GitHub/Educom-Trainee-Dashboard/front-end/vendor/laravel/framework/src/Illuminate/Pipeline/Pipeline.php(137): Illuminate/Pipeline/Pipeline->{closure:{closure:Illuminate/Pipeline/Pipeline::carry():194}:195}(Object(Illuminate/Http/Request))
#62 C:/Users/0909W/OneDrive/Documenten/GitHub/Educom-Trainee-Dashboard/front-end/vendor/laravel/framework/src/Illuminate/Foundation/Http/Kernel.php(175): Illuminate/Pipeline/Pipeline->then(Object(Closure))
#63 C:/Users/0909W/OneDrive/Documenten/GitHub/Educom-Trainee-Dashboard/front-end/vendor/laravel/framework/src/Illuminate/Foundation/Http/Kernel.php(144): Illuminate/Foundation/Http/Kernel->sendRequestThroughRouter(Object(Illuminate/Http/Request))
#64 C:/Users/0909W/OneDrive/Documenten/GitHub/Educom-Trainee-Dashboard/front-end/vendor/laravel/framework/src/Illuminate/Foundation/Application.php(1220): Illuminate/Foundation/Http/Kernel->handle(Object(Illuminate/Http/Request))
#65 C:/Users/0909W/OneDrive/Documenten/GitHub/Educom-Trainee-Dashboard/front-end/public/index.php(20): Illuminate/Foundation/Application->handleRequest(Object(Illuminate/Http/Request))
#66 C:/Users/0909W/OneDrive/Documenten/GitHub/Educom-Trainee-Dashboard/front-end/vendor/laravel/framework/src/Illuminate/Foundation/resources/server.php(23): require_once('C://Users//0909W//...')
#67 {main}
"} 
[2026-07-14 14:24:41] local.ERROR: Vite manifest not found at: C:\Users\0909W\OneDrive\Documenten\GitHub\Educom-Trainee-Dashboard\front-end\public\build/manifest.json (View: C:\Users\0909W\OneDrive\Documenten\GitHub\Educom-Trainee-Dashboard\front-end\resources\views\app.blade.php) {"exception":"[object] (Illuminate\\View\\ViewException(code: 0): Vite manifest not found at: C:\\Users\\0909W\\OneDrive\\Documenten\\GitHub\\Educom-Trainee-Dashboard\\front-end\\public\\build/manifest.json (View: C:\\Users\\0909W\\OneDrive\\Documenten\\GitHub\\Educom-Trainee-Dashboard\\front-end\\resources\\views\\app.blade.php) at C:/Users/0909W/OneDrive/Documenten/GitHub/Educom-Trainee-Dashboard/front-end/vendor/laravel/framework/src/Illuminate/Foundation/Vite.php:960)
[stacktrace]
#0 C:/Users/0909W/OneDrive/Documenten/GitHub/Educom-Trainee-Dashboard/front-end/vendor/laravel/framework/src/Illuminate/View/Engines/PhpEngine.php(59): Illuminate/View/Engines/CompilerEngine->handleViewException(Object(Illuminate/Foundation/ViteManifestNotFoundException), 1)
#1 C:/Users/0909W/OneDrive/Documenten/GitHub/Educom-Trainee-Dashboard/front-end/vendor/laravel/framework/src/Illuminate/View/Engines/CompilerEngine.php(76): Illuminate/View/Engines/PhpEngine->evaluatePath('C://Users//0909W//...', Array)
#2 C:/Users/0909W/OneDrive/Documenten/GitHub/Educom-Trainee-Dashboard/front-end/vendor/laravel/framework/src/Illuminate/View/View.php(208): Illuminate/View/Engines/CompilerEngine->get('C://Users//0909W//...', Array)
#3 C:/Users/0909W/OneDrive/Documenten/GitHub/Educom-Trainee-Dashboard/front-end/vendor/laravel/framework/src/Illuminate/View/View.php(191): Illuminate/View/View->getContents()
#4 C:/Users/0909W/OneDrive/Documenten/GitHub/Educom-Trainee-Dashboard/front-end/vendor/laravel/framework/src/Illuminate/View/View.php(160): Illuminate/View/View->renderContents()
#5 C:/Users/0909W/OneDrive/Documenten/GitHub/Educom-Trainee-Dashboard/front-end/vendor/laravel/framework/src/Illuminate/Http/Response.php(82): Illuminate/View/View->render()
#6 C:/Users/0909W/OneDrive/Documenten/GitHub/Educom-Trainee-Dashboard/front-end/vendor/laravel/framework/src/Illuminate/Http/Response.php(40): Illuminate/Http/Response->setContent(Object(Illuminate/View/View))
#7 C:/Users/0909W/OneDrive/Documenten/GitHub/Educom-Trainee-Dashboard/front-end/vendor/laravel/framework/src/Illuminate/Routing/ResponseFactory.php(61): Illuminate/Http/Response->__construct(Object(Illuminate/View/View), 200, Array)
#8 C:/Users/0909W/OneDrive/Documenten/GitHub/Educom-Trainee-Dashboard/front-end/vendor/laravel/framework/src/Illuminate/Routing/ResponseFactory.php(91): Illuminate/Routing/ResponseFactory->make(Object(Illuminate/View/View), 200, Array)
#9 C:/Users/0909W/OneDrive/Documenten/GitHub/Educom-Trainee-Dashboard/front-end/vendor/laravel/framework/src/Illuminate/Support/Facades/Facade.php(363): Illuminate/Routing/ResponseFactory->view('app', Array)
#10 C:/Users/0909W/OneDrive/Documenten/GitHub/Educom-Trainee-Dashboard/front-end/vendor/inertiajs/inertia-laravel/src/Response.php(211): Illuminate/Support/Facades/Facade::__callStatic('view', Array)
#11 C:/Users/0909W/OneDrive/Documenten/GitHub/Educom-Trainee-Dashboard/front-end/vendor/laravel/framework/src/Illuminate/Routing/Router.php(921): Inertia/Response->toResponse(Object(Illuminate/Http/Request))
#12 C:/Users/0909W/OneDrive/Documenten/GitHub/Educom-Trainee-Dashboard/front-end/vendor/laravel/framework/src/Illuminate/Routing/Router.php(906): Illuminate/Routing/Router::toResponse(Object(Illuminate/Http/Request), Object(Inertia/Response))
#13 C:/Users/0909W/OneDrive/Documenten/GitHub/Educom-Trainee-Dashboard/front-end/vendor/laravel/framework/src/Illuminate/Routing/Router.php(821): Illuminate/Routing/Router->prepareResponse(Object(Illuminate/Http/Request), Object(Inertia/Response))
#14 C:/Users/0909W/OneDrive/Documenten/GitHub/Educom-Trainee-Dashboard/front-end/vendor/laravel/framework/src/Illuminate/Pipeline/Pipeline.php(180): Illuminate/Routing/Router->{closure:Illuminate/Routing/Router::runRouteWithinStack():821}(Object(Illuminate/Http/Request))
#15 C:/Users/0909W/OneDrive/Documenten/GitHub/Educom-Trainee-Dashboard/front-end/vendor/inertiajs/inertia-laravel/src/Middleware.php(138): Illuminate/Pipeline/Pipeline->{closure:Illuminate/Pipeline/Pipeline::prepareDestination():178}(Object(Illuminate/Http/Request))
#16 C:/Users/0909W/OneDrive/Documenten/GitHub/Educom-Trainee-Dashboard/front-end/vendor/laravel/framework/src/Illuminate/Pipeline/Pipeline.php(219): Inertia/Middleware->handle(Object(Illuminate/Http/Request), Object(Closure))
#17 C:/Users/0909W/OneDrive/Documenten/GitHub/Educom-Trainee-Dashboard/front-end/vendor/laravel/framework/src/Illuminate/Routing/Middleware/SubstituteBindings.php(52): Illuminate/Pipeline/Pipeline->{closure:{closure:Illuminate/Pipeline/Pipeline::carry():194}:195}(Object(Illuminate/Http/Request))
#18 C:/Users/0909W/OneDrive/Documenten/GitHub/Educom-Trainee-Dashboard/front-end/vendor/laravel/framework/src/Illuminate/Pipeline/Pipeline.php(219): Illuminate/Routing/Middleware/SubstituteBindings->handle(Object(Illuminate/Http/Request), Object(Closure))
#19 C:/Users/0909W/OneDrive/Documenten/GitHub/Educom-Trainee-Dashboard/front-end/vendor/laravel/framework/src/Illuminate/Foundation/Http/Middleware/PreventRequestForgery.php(104): Illuminate/Pipeline/Pipeline->{closure:{closure:Illuminate/Pipeline/Pipeline::carry():194}:195}(Object(Illuminate/Http/Request))
#20 C:/Users/0909W/OneDrive/Documenten/GitHub/Educom-Trainee-Dashboard/front-end/vendor/laravel/framework/src/Illuminate/Pipeline/Pipeline.php(219): Illuminate/Foundation/Http/Middleware/PreventRequestForgery->handle(Object(Illuminate/Http/Request), Object(Closure))
#21 C:/Users/0909W/OneDrive/Documenten/GitHub/Educom-Trainee-Dashboard/front-end/vendor/laravel/framework/src/Illuminate/View/Middleware/ShareErrorsFromSession.php(48): Illuminate/Pipeline/Pipeline->{closure:{closure:Illuminate/Pipeline/Pipeline::carry():194}:195}(Object(Illuminate/Http/Request))
#22 C:/Users/0909W/OneDrive/Documenten/GitHub/Educom-Trainee-Dashboard/front-end/vendor/laravel/framework/src/Illuminate/Pipeline/Pipeline.php(219): Illuminate/View/Middleware/ShareErrorsFromSession->handle(Object(Illuminate/Http/Request), Object(Closure))
#23 C:/Users/0909W/OneDrive/Documenten/GitHub/Educom-Trainee-Dashboard/front-end/vendor/laravel/framework/src/Illuminate/Session/Middleware/StartSession.php(120): Illuminate/Pipeline/Pipeline->{closure:{closure:Illuminate/Pipeline/Pipeline::carry():194}:195}(Object(Illuminate/Http/Request))
#24 C:/Users/0909W/OneDrive/Documenten/GitHub/Educom-Trainee-Dashboard/front-end/vendor/laravel/framework/src/Illuminate/Session/Middleware/StartSession.php(63): Illuminate/Session/Middleware/StartSession->handleStatefulRequest(Object(Illuminate/Http/Request), Object(Illuminate/Session/Store), Object(Closure))
#25 C:/Users/0909W/OneDrive/Documenten/GitHub/Educom-Trainee-Dashboard/front-end/vendor/laravel/framework/src/Illuminate/Pipeline/Pipeline.php(219): Illuminate/Session/Middleware/StartSession->handle(Object(Illuminate/Http/Request), Object(Closure))
#26 C:/Users/0909W/OneDrive/Documenten/GitHub/Educom-Trainee-Dashboard/front-end/vendor/laravel/framework/src/Illuminate/Cookie/Middleware/AddQueuedCookiesToResponse.php(36): Illuminate/Pipeline/Pipeline->{closure:{closure:Illuminate/Pipeline/Pipeline::carry():194}:195}(Object(Illuminate/Http/Request))
#27 C:/Users/0909W/OneDrive/Documenten/GitHub/Educom-Trainee-Dashboard/front-end/vendor/laravel/framework/src/Illuminate/Pipeline/Pipeline.php(219): Illuminate/Cookie/Middleware/AddQueuedCookiesToResponse->handle(Object(Illuminate/Http/Request), Object(Closure))
#28 C:/Users/0909W/OneDrive/Documenten/GitHub/Educom-Trainee-Dashboard/front-end/vendor/laravel/framework/src/Illuminate/Cookie/Middleware/EncryptCookies.php(74): Illuminate/Pipeline/Pipeline->{closure:{closure:Illuminate/Pipeline/Pipeline::carry():194}:195}(Object(Illuminate/Http/Request))
#29 C:/Users/0909W/OneDrive/Documenten/GitHub/Educom-Trainee-Dashboard/front-end/vendor/laravel/framework/src/Illuminate/Pipeline/Pipeline.php(219): Illuminate/Cookie/Middleware/EncryptCookies->handle(Object(Illuminate/Http/Request), Object(Closure))
#30 C:/Users/0909W/OneDrive/Documenten/GitHub/Educom-Trainee-Dashboard/front-end/vendor/laravel/framework/src/Illuminate/Pipeline/Pipeline.php(137): Illuminate/Pipeline/Pipeline->{closure:{closure:Illuminate/Pipeline/Pipeline::carry():194}:195}(Object(Illuminate/Http/Request))
#31 C:/Users/0909W/OneDrive/Documenten/GitHub/Educom-Trainee-Dashboard/front-end/vendor/laravel/framework/src/Illuminate/Routing/Router.php(821): Illuminate/Pipeline/Pipeline->then(Object(Closure))
#32 C:/Users/0909W/OneDrive/Documenten/GitHub/Educom-Trainee-Dashboard/front-end/vendor/laravel/framework/src/Illuminate/Routing/Router.php(800): Illuminate/Routing/Router->runRouteWithinStack(Object(Illuminate/Routing/Route), Object(Illuminate/Http/Request))
#33 C:/Users/0909W/OneDrive/Documenten/GitHub/Educom-Trainee-Dashboard/front-end/vendor/laravel/framework/src/Illuminate/Routing/Router.php(764): Illuminate/Routing/Router->runRoute(Object(Illuminate/Http/Request), Object(Illuminate/Routing/Route))
#34 C:/Users/0909W/OneDrive/Documenten/GitHub/Educom-Trainee-Dashboard/front-end/vendor/laravel/framework/src/Illuminate/Routing/Router.php(753): Illuminate/Routing/Router->dispatchToRoute(Object(Illuminate/Http/Request))
#35 C:/Users/0909W/OneDrive/Documenten/GitHub/Educom-Trainee-Dashboard/front-end/vendor/laravel/framework/src/Illuminate/Foundation/Http/Kernel.php(200): Illuminate/Routing/Router->dispatch(Object(Illuminate/Http/Request))
#36 C:/Users/0909W/OneDrive/Documenten/GitHub/Educom-Trainee-Dashboard/front-end/vendor/laravel/framework/src/Illuminate/Pipeline/Pipeline.php(180): Illuminate/Foundation/Http/Kernel->{closure:Illuminate/Foundation/Http/Kernel::dispatchToRouter():197}(Object(Illuminate/Http/Request))
#37 C:/Users/0909W/OneDrive/Documenten/GitHub/Educom-Trainee-Dashboard/front-end/vendor/inertiajs/inertia-laravel/src/Middleware/EnsureGetOnRedirect.php(19): Illuminate/Pipeline/Pipeline->{closure:Illuminate/Pipeline/Pipeline::prepareDestination():178}(Object(Illuminate/Http/Request))
#38 C:/Users/0909W/OneDrive/Documenten/GitHub/Educom-Trainee-Dashboard/front-end/vendor/laravel/framework/src/Illuminate/Pipeline/Pipeline.php(219): Inertia/Middleware/EnsureGetOnRedirect->handle(Object(Illuminate/Http/Request), Object(Closure))
#39 C:/Users/0909W/OneDrive/Documenten/GitHub/Educom-Trainee-Dashboard/front-end/vendor/laravel/framework/src/Illuminate/Foundation/Http/Middleware/TransformsRequest.php(21): Illuminate/Pipeline/Pipeline->{closure:{closure:Illuminate/Pipeline/Pipeline::carry():194}:195}(Object(Illuminate/Http/Request))
#40 C:/Users/0909W/OneDrive/Documenten/GitHub/Educom-Trainee-Dashboard/front-end/vendor/laravel/framework/src/Illuminate/Foundation/Http/Middleware/ConvertEmptyStringsToNull.php(31): Illuminate/Foundation/Http/Middleware/TransformsRequest->handle(Object(Illuminate/Http/Request), Object(Closure))
#41 C:/Users/0909W/OneDrive/Documenten/GitHub/Educom-Trainee-Dashboard/front-end/vendor/laravel/framework/src/Illuminate/Pipeline/Pipeline.php(219): Illuminate/Foundation/Http/Middleware/ConvertEmptyStringsToNull->handle(Object(Illuminate/Http/Request), Object(Closure))
#42 C:/Users/0909W/OneDrive/Documenten/GitHub/Educom-Trainee-Dashboard/front-end/vendor/laravel/framework/src/Illuminate/Foundation/Http/Middleware/TransformsRequest.php(21): Illuminate/Pipeline/Pipeline->{closure:{closure:Illuminate/Pipeline/Pipeline::carry():194}:195}(Object(Illuminate/Http/Request))
#43 C:/Users/0909W/OneDrive/Documenten/GitHub/Educom-Trainee-Dashboard/front-end/vendor/laravel/framework/src/Illuminate/Foundation/Http/Middleware/TrimStrings.php(51): Illuminate/Foundation/Http/Middleware/TransformsRequest->handle(Object(Illuminate/Http/Request), Object(Closure))
#44 C:/Users/0909W/OneDrive/Documenten/GitHub/Educom-Trainee-Dashboard/front-end/vendor/laravel/framework/src/Illuminate/Pipeline/Pipeline.php(219): Illuminate/Foundation/Http/Middleware/TrimStrings->handle(Object(Illuminate/Http/Request), Object(Closure))
#45 C:/Users/0909W/OneDrive/Documenten/GitHub/Educom-Trainee-Dashboard/front-end/vendor/laravel/framework/src/Illuminate/Http/Middleware/ValidatePostSize.php(27): Illuminate/Pipeline/Pipeline->{closure:{closure:Illuminate/Pipeline/Pipeline::carry():194}:195}(Object(Illuminate/Http/Request))
#46 C:/Users/0909W/OneDrive/Documenten/GitHub/Educom-Trainee-Dashboard/front-end/vendor/laravel/framework/src/Illuminate/Pipeline/Pipeline.php(219): Illuminate/Http/Middleware/ValidatePostSize->handle(Object(Illuminate/Http/Request), Object(Closure))
#47 C:/Users/0909W/OneDrive/Documenten/GitHub/Educom-Trainee-Dashboard/front-end/vendor/laravel/framework/src/Illuminate/Foundation/Http/Middleware/PreventRequestsDuringMaintenance.php(109): Illuminate/Pipeline/Pipeline->{closure:{closure:Illuminate/Pipeline/Pipeline::carry():194}:195}(Object(Illuminate/Http/Request))
#48 C:/Users/0909W/OneDrive/Documenten/GitHub/Educom-Trainee-Dashboard/front-end/vendor/laravel/framework/src/Illuminate/Pipeline/Pipeline.php(219): Illuminate/Foundation/Http/Middleware/PreventRequestsDuringMaintenance->handle(Object(Illuminate/Http/Request), Object(Closure))
#49 C:/Users/0909W/OneDrive/Documenten/GitHub/Educom-Trainee-Dashboard/front-end/vendor/laravel/framework/src/Illuminate/Http/Middleware/HandleCors.php(61): Illuminate/Pipeline/Pipeline->{closure:{closure:Illuminate/Pipeline/Pipeline::carry():194}:195}(Object(Illuminate/Http/Request))
#50 C:/Users/0909W/OneDrive/Documenten/GitHub/Educom-Trainee-Dashboard/front-end/vendor/laravel/framework/src/Illuminate/Pipeline/Pipeline.php(219): Illuminate/Http/Middleware/HandleCors->handle(Object(Illuminate/Http/Request), Object(Closure))
#51 C:/Users/0909W/OneDrive/Documenten/GitHub/Educom-Trainee-Dashboard/front-end/vendor/laravel/framework/src/Illuminate/Http/Middleware/TrustProxies.php(58): Illuminate/Pipeline/Pipeline->{closure:{closure:Illuminate/Pipeline/Pipeline::carry():194}:195}(Object(Illuminate/Http/Request))
#52 C:/Users/0909W/OneDrive/Documenten/GitHub/Educom-Trainee-Dashboard/front-end/vendor/laravel/framework/src/Illuminate/Pipeline/Pipeline.php(219): Illuminate/Http/Middleware/TrustProxies->handle(Object(Illuminate/Http/Request), Object(Closure))
#53 C:/Users/0909W/OneDrive/Documenten/GitHub/Educom-Trainee-Dashboard/front-end/vendor/laravel/framework/src/Illuminate/Foundation/Http/Middleware/InvokeDeferredCallbacks.php(22): Illuminate/Pipeline/Pipeline->{closure:{closure:Illuminate/Pipeline/Pipeline::carry():194}:195}(Object(Illuminate/Http/Request))
#54 C:/Users/0909W/OneDrive/Documenten/GitHub/Educom-Trainee-Dashboard/front-end/vendor/laravel/framework/src/Illuminate/Pipeline/Pipeline.php(219): Illuminate/Foundation/Http/Middleware/InvokeDeferredCallbacks->handle(Object(Illuminate/Http/Request), Object(Closure))
#55 C:/Users/0909W/OneDrive/Documenten/GitHub/Educom-Trainee-Dashboard/front-end/vendor/laravel/framework/src/Illuminate/Http/Middleware/ValidatePathEncoding.php(28): Illuminate/Pipeline/Pipeline->{closure:{closure:Illuminate/Pipeline/Pipeline::carry():194}:195}(Object(Illuminate/Http/Request))
#56 C:/Users/0909W/OneDrive/Documenten/GitHub/Educom-Trainee-Dashboard/front-end/vendor/laravel/framework/src/Illuminate/Pipeline/Pipeline.php(219): Illuminate/Http/Middleware/ValidatePathEncoding->handle(Object(Illuminate/Http/Request), Object(Closure))
#57 C:/Users/0909W/OneDrive/Documenten/GitHub/Educom-Trainee-Dashboard/front-end/vendor/laravel/framework/src/Illuminate/Pipeline/Pipeline.php(137): Illuminate/Pipeline/Pipeline->{closure:{closure:Illuminate/Pipeline/Pipeline::carry():194}:195}(Object(Illuminate/Http/Request))
#58 C:/Users/0909W/OneDrive/Documenten/GitHub/Educom-Trainee-Dashboard/front-end/vendor/laravel/framework/src/Illuminate/Foundation/Http/Kernel.php(175): Illuminate/Pipeline/Pipeline->then(Object(Closure))
#59 C:/Users/0909W/OneDrive/Documenten/GitHub/Educom-Trainee-Dashboard/front-end/vendor/laravel/framework/src/Illuminate/Foundation/Http/Kernel.php(144): Illuminate/Foundation/Http/Kernel->sendRequestThroughRouter(Object(Illuminate/Http/Request))
#60 C:/Users/0909W/OneDrive/Documenten/GitHub/Educom-Trainee-Dashboard/front-end/vendor/laravel/framework/src/Illuminate/Foundation/Application.php(1220): Illuminate/Foundation/Http/Kernel->handle(Object(Illuminate/Http/Request))
#61 C:/Users/0909W/OneDrive/Documenten/GitHub/Educom-Trainee-Dashboard/front-end/public/index.php(20): Illuminate/Foundation/Application->handleRequest(Object(Illuminate/Http/Request))
#62 C:/Users/0909W/OneDrive/Documenten/GitHub/Educom-Trainee-Dashboard/front-end/vendor/laravel/framework/src/Illuminate/Foundation/resources/server.php(23): require_once('C://Users//0909W//...')
#63 {main}

[previous exception] [object] (Illuminate\\Foundation\\ViteManifestNotFoundException(code: 0): Vite manifest not found at: C:\\Users\\0909W\\OneDrive\\Documenten\\GitHub\\Educom-Trainee-Dashboard\\front-end\\public\\build/manifest.json at C:/Users/0909W/OneDrive/Documenten/GitHub/Educom-Trainee-Dashboard/front-end/vendor/laravel/framework/src/Illuminate/Foundation/Vite.php:960)
[stacktrace]
#0 C:/Users/0909W/OneDrive/Documenten/GitHub/Educom-Trainee-Dashboard/front-end/vendor/laravel/framework/src/Illuminate/Foundation/Vite.php(398): Illuminate/Foundation/Vite->manifest('build')
#1 C:/Users/0909W/OneDrive/Documenten/GitHub/Educom-Trainee-Dashboard/front-end/storage/framework/views/de6914bfa8422daacc897d33596fc171.php(7): Illuminate/Foundation/Vite->__invoke(Object(Illuminate/Support/Collection))
#2 C:/Users/0909W/OneDrive/Documenten/GitHub/Educom-Trainee-Dashboard/front-end/vendor/laravel/framework/src/Illuminate/Filesystem/Filesystem.php(123): require('C://Users//0909W//...')
#3 C:/Users/0909W/OneDrive/Documenten/GitHub/Educom-Trainee-Dashboard/front-end/vendor/laravel/framework/src/Illuminate/Filesystem/Filesystem.php(124): Illuminate/Filesystem/Filesystem::{closure:Illuminate/Filesystem/Filesystem::getRequire():120}()
#4 C:/Users/0909W/OneDrive/Documenten/GitHub/Educom-Trainee-Dashboard/front-end/vendor/laravel/framework/src/Illuminate/View/Engines/PhpEngine.php(57): Illuminate/Filesystem/Filesystem->getRequire('C://Users//0909W//...', Array)
#5 C:/Users/0909W/OneDrive/Documenten/GitHub/Educom-Trainee-Dashboard/front-end/vendor/laravel/framework/src/Illuminate/View/Engines/CompilerEngine.php(76): Illuminate/View/Engines/PhpEngine->evaluatePath('C://Users//0909W//...', Array)
#6 C:/Users/0909W/OneDrive/Documenten/GitHub/Educom-Trainee-Dashboard/front-end/vendor/laravel/framework/src/Illuminate/View/View.php(208): Illuminate/View/Engines/CompilerEngine->get('C://Users//0909W//...', Array)
#7 C:/Users/0909W/OneDrive/Documenten/GitHub/Educom-Trainee-Dashboard/front-end/vendor/laravel/framework/src/Illuminate/View/View.php(191): Illuminate/View/View->getContents()
#8 C:/Users/0909W/OneDrive/Documenten/GitHub/Educom-Trainee-Dashboard/front-end/vendor/laravel/framework/src/Illuminate/View/View.php(160): Illuminate/View/View->renderContents()
#9 C:/Users/0909W/OneDrive/Documenten/GitHub/Educom-Trainee-Dashboard/front-end/vendor/laravel/framework/src/Illuminate/Http/Response.php(82): Illuminate/View/View->render()
#10 C:/Users/0909W/OneDrive/Documenten/GitHub/Educom-Trainee-Dashboard/front-end/vendor/laravel/framework/src/Illuminate/Http/Response.php(40): Illuminate/Http/Response->setContent(Object(Illuminate/View/View))
#11 C:/Users/0909W/OneDrive/Documenten/GitHub/Educom-Trainee-Dashboard/front-end/vendor/laravel/framework/src/Illuminate/Routing/ResponseFactory.php(61): Illuminate/Http/Response->__construct(Object(Illuminate/View/View), 200, Array)
#12 C:/Users/0909W/OneDrive/Documenten/GitHub/Educom-Trainee-Dashboard/front-end/vendor/laravel/framework/src/Illuminate/Routing/ResponseFactory.php(91): Illuminate/Routing/ResponseFactory->make(Object(Illuminate/View/View), 200, Array)
#13 C:/Users/0909W/OneDrive/Documenten/GitHub/Educom-Trainee-Dashboard/front-end/vendor/laravel/framework/src/Illuminate/Support/Facades/Facade.php(363): Illuminate/Routing/ResponseFactory->view('app', Array)
#14 C:/Users/0909W/OneDrive/Documenten/GitHub/Educom-Trainee-Dashboard/front-end/vendor/inertiajs/inertia-laravel/src/Response.php(211): Illuminate/Support/Facades/Facade::__callStatic('view', Array)
#15 C:/Users/0909W/OneDrive/Documenten/GitHub/Educom-Trainee-Dashboard/front-end/vendor/laravel/framework/src/Illuminate/Routing/Router.php(921): Inertia/Response->toResponse(Object(Illuminate/Http/Request))
#16 C:/Users/0909W/OneDrive/Documenten/GitHub/Educom-Trainee-Dashboard/front-end/vendor/laravel/framework/src/Illuminate/Routing/Router.php(906): Illuminate/Routing/Router::toResponse(Object(Illuminate/Http/Request), Object(Inertia/Response))
#17 C:/Users/0909W/OneDrive/Documenten/GitHub/Educom-Trainee-Dashboard/front-end/vendor/laravel/framework/src/Illuminate/Routing/Router.php(821): Illuminate/Routing/Router->prepareResponse(Object(Illuminate/Http/Request), Object(Inertia/Response))
#18 C:/Users/0909W/OneDrive/Documenten/GitHub/Educom-Trainee-Dashboard/front-end/vendor/laravel/framework/src/Illuminate/Pipeline/Pipeline.php(180): Illuminate/Routing/Router->{closure:Illuminate/Routing/Router::runRouteWithinStack():821}(Object(Illuminate/Http/Request))
#19 C:/Users/0909W/OneDrive/Documenten/GitHub/Educom-Trainee-Dashboard/front-end/vendor/inertiajs/inertia-laravel/src/Middleware.php(138): Illuminate/Pipeline/Pipeline->{closure:Illuminate/Pipeline/Pipeline::prepareDestination():178}(Object(Illuminate/Http/Request))
#20 C:/Users/0909W/OneDrive/Documenten/GitHub/Educom-Trainee-Dashboard/front-end/vendor/laravel/framework/src/Illuminate/Pipeline/Pipeline.php(219): Inertia/Middleware->handle(Object(Illuminate/Http/Request), Object(Closure))
#21 C:/Users/0909W/OneDrive/Documenten/GitHub/Educom-Trainee-Dashboard/front-end/vendor/laravel/framework/src/Illuminate/Routing/Middleware/SubstituteBindings.php(52): Illuminate/Pipeline/Pipeline->{closure:{closure:Illuminate/Pipeline/Pipeline::carry():194}:195}(Object(Illuminate/Http/Request))
#22 C:/Users/0909W/OneDrive/Documenten/GitHub/Educom-Trainee-Dashboard/front-end/vendor/laravel/framework/src/Illuminate/Pipeline/Pipeline.php(219): Illuminate/Routing/Middleware/SubstituteBindings->handle(Object(Illuminate/Http/Request), Object(Closure))
#23 C:/Users/0909W/OneDrive/Documenten/GitHub/Educom-Trainee-Dashboard/front-end/vendor/laravel/framework/src/Illuminate/Foundation/Http/Middleware/PreventRequestForgery.php(104): Illuminate/Pipeline/Pipeline->{closure:{closure:Illuminate/Pipeline/Pipeline::carry():194}:195}(Object(Illuminate/Http/Request))
#24 C:/Users/0909W/OneDrive/Documenten/GitHub/Educom-Trainee-Dashboard/front-end/vendor/laravel/framework/src/Illuminate/Pipeline/Pipeline.php(219): Illuminate/Foundation/Http/Middleware/PreventRequestForgery->handle(Object(Illuminate/Http/Request), Object(Closure))
#25 C:/Users/0909W/OneDrive/Documenten/GitHub/Educom-Trainee-Dashboard/front-end/vendor/laravel/framework/src/Illuminate/View/Middleware/ShareErrorsFromSession.php(48): Illuminate/Pipeline/Pipeline->{closure:{closure:Illuminate/Pipeline/Pipeline::carry():194}:195}(Object(Illuminate/Http/Request))
#26 C:/Users/0909W/OneDrive/Documenten/GitHub/Educom-Trainee-Dashboard/front-end/vendor/laravel/framework/src/Illuminate/Pipeline/Pipeline.php(219): Illuminate/View/Middleware/ShareErrorsFromSession->handle(Object(Illuminate/Http/Request), Object(Closure))
#27 C:/Users/0909W/OneDrive/Documenten/GitHub/Educom-Trainee-Dashboard/front-end/vendor/laravel/framework/src/Illuminate/Session/Middleware/StartSession.php(120): Illuminate/Pipeline/Pipeline->{closure:{closure:Illuminate/Pipeline/Pipeline::carry():194}:195}(Object(Illuminate/Http/Request))
#28 C:/Users/0909W/OneDrive/Documenten/GitHub/Educom-Trainee-Dashboard/front-end/vendor/laravel/framework/src/Illuminate/Session/Middleware/StartSession.php(63): Illuminate/Session/Middleware/StartSession->handleStatefulRequest(Object(Illuminate/Http/Request), Object(Illuminate/Session/Store), Object(Closure))
#29 C:/Users/0909W/OneDrive/Documenten/GitHub/Educom-Trainee-Dashboard/front-end/vendor/laravel/framework/src/Illuminate/Pipeline/Pipeline.php(219): Illuminate/Session/Middleware/StartSession->handle(Object(Illuminate/Http/Request), Object(Closure))
#30 C:/Users/0909W/OneDrive/Documenten/GitHub/Educom-Trainee-Dashboard/front-end/vendor/laravel/framework/src/Illuminate/Cookie/Middleware/AddQueuedCookiesToResponse.php(36): Illuminate/Pipeline/Pipeline->{closure:{closure:Illuminate/Pipeline/Pipeline::carry():194}:195}(Object(Illuminate/Http/Request))
#31 C:/Users/0909W/OneDrive/Documenten/GitHub/Educom-Trainee-Dashboard/front-end/vendor/laravel/framework/src/Illuminate/Pipeline/Pipeline.php(219): Illuminate/Cookie/Middleware/AddQueuedCookiesToResponse->handle(Object(Illuminate/Http/Request), Object(Closure))
#32 C:/Users/0909W/OneDrive/Documenten/GitHub/Educom-Trainee-Dashboard/front-end/vendor/laravel/framework/src/Illuminate/Cookie/Middleware/EncryptCookies.php(74): Illuminate/Pipeline/Pipeline->{closure:{closure:Illuminate/Pipeline/Pipeline::carry():194}:195}(Object(Illuminate/Http/Request))
#33 C:/Users/0909W/OneDrive/Documenten/GitHub/Educom-Trainee-Dashboard/front-end/vendor/laravel/framework/src/Illuminate/Pipeline/Pipeline.php(219): Illuminate/Cookie/Middleware/EncryptCookies->handle(Object(Illuminate/Http/Request), Object(Closure))
#34 C:/Users/0909W/OneDrive/Documenten/GitHub/Educom-Trainee-Dashboard/front-end/vendor/laravel/framework/src/Illuminate/Pipeline/Pipeline.php(137): Illuminate/Pipeline/Pipeline->{closure:{closure:Illuminate/Pipeline/Pipeline::carry():194}:195}(Object(Illuminate/Http/Request))
#35 C:/Users/0909W/OneDrive/Documenten/GitHub/Educom-Trainee-Dashboard/front-end/vendor/laravel/framework/src/Illuminate/Routing/Router.php(821): Illuminate/Pipeline/Pipeline->then(Object(Closure))
#36 C:/Users/0909W/OneDrive/Documenten/GitHub/Educom-Trainee-Dashboard/front-end/vendor/laravel/framework/src/Illuminate/Routing/Router.php(800): Illuminate/Routing/Router->runRouteWithinStack(Object(Illuminate/Routing/Route), Object(Illuminate/Http/Request))
#37 C:/Users/0909W/OneDrive/Documenten/GitHub/Educom-Trainee-Dashboard/front-end/vendor/laravel/framework/src/Illuminate/Routing/Router.php(764): Illuminate/Routing/Router->runRoute(Object(Illuminate/Http/Request), Object(Illuminate/Routing/Route))
#38 C:/Users/0909W/OneDrive/Documenten/GitHub/Educom-Trainee-Dashboard/front-end/vendor/laravel/framework/src/Illuminate/Routing/Router.php(753): Illuminate/Routing/Router->dispatchToRoute(Object(Illuminate/Http/Request))
#39 C:/Users/0909W/OneDrive/Documenten/GitHub/Educom-Trainee-Dashboard/front-end/vendor/laravel/framework/src/Illuminate/Foundation/Http/Kernel.php(200): Illuminate/Routing/Router->dispatch(Object(Illuminate/Http/Request))
#40 C:/Users/0909W/OneDrive/Documenten/GitHub/Educom-Trainee-Dashboard/front-end/vendor/laravel/framework/src/Illuminate/Pipeline/Pipeline.php(180): Illuminate/Foundation/Http/Kernel->{closure:Illuminate/Foundation/Http/Kernel::dispatchToRouter():197}(Object(Illuminate/Http/Request))
#41 C:/Users/0909W/OneDrive/Documenten/GitHub/Educom-Trainee-Dashboard/front-end/vendor/inertiajs/inertia-laravel/src/Middleware/EnsureGetOnRedirect.php(19): Illuminate/Pipeline/Pipeline->{closure:Illuminate/Pipeline/Pipeline::prepareDestination():178}(Object(Illuminate/Http/Request))
#42 C:/Users/0909W/OneDrive/Documenten/GitHub/Educom-Trainee-Dashboard/front-end/vendor/laravel/framework/src/Illuminate/Pipeline/Pipeline.php(219): Inertia/Middleware/EnsureGetOnRedirect->handle(Object(Illuminate/Http/Request), Object(Closure))
#43 C:/Users/0909W/OneDrive/Documenten/GitHub/Educom-Trainee-Dashboard/front-end/vendor/laravel/framework/src/Illuminate/Foundation/Http/Middleware/TransformsRequest.php(21): Illuminate/Pipeline/Pipeline->{closure:{closure:Illuminate/Pipeline/Pipeline::carry():194}:195}(Object(Illuminate/Http/Request))
#44 C:/Users/0909W/OneDrive/Documenten/GitHub/Educom-Trainee-Dashboard/front-end/vendor/laravel/framework/src/Illuminate/Foundation/Http/Middleware/ConvertEmptyStringsToNull.php(31): Illuminate/Foundation/Http/Middleware/TransformsRequest->handle(Object(Illuminate/Http/Request), Object(Closure))
#45 C:/Users/0909W/OneDrive/Documenten/GitHub/Educom-Trainee-Dashboard/front-end/vendor/laravel/framework/src/Illuminate/Pipeline/Pipeline.php(219): Illuminate/Foundation/Http/Middleware/ConvertEmptyStringsToNull->handle(Object(Illuminate/Http/Request), Object(Closure))
#46 C:/Users/0909W/OneDrive/Documenten/GitHub/Educom-Trainee-Dashboard/front-end/vendor/laravel/framework/src/Illuminate/Foundation/Http/Middleware/TransformsRequest.php(21): Illuminate/Pipeline/Pipeline->{closure:{closure:Illuminate/Pipeline/Pipeline::carry():194}:195}(Object(Illuminate/Http/Request))
#47 C:/Users/0909W/OneDrive/Documenten/GitHub/Educom-Trainee-Dashboard/front-end/vendor/laravel/framework/src/Illuminate/Foundation/Http/Middleware/TrimStrings.php(51): Illuminate/Foundation/Http/Middleware/TransformsRequest->handle(Object(Illuminate/Http/Request), Object(Closure))
#48 C:/Users/0909W/OneDrive/Documenten/GitHub/Educom-Trainee-Dashboard/front-end/vendor/laravel/framework/src/Illuminate/Pipeline/Pipeline.php(219): Illuminate/Foundation/Http/Middleware/TrimStrings->handle(Object(Illuminate/Http/Request), Object(Closure))
#49 C:/Users/0909W/OneDrive/Documenten/GitHub/Educom-Trainee-Dashboard/front-end/vendor/laravel/framework/src/Illuminate/Http/Middleware/ValidatePostSize.php(27): Illuminate/Pipeline/Pipeline->{closure:{closure:Illuminate/Pipeline/Pipeline::carry():194}:195}(Object(Illuminate/Http/Request))
#50 C:/Users/0909W/OneDrive/Documenten/GitHub/Educom-Trainee-Dashboard/front-end/vendor/laravel/framework/src/Illuminate/Pipeline/Pipeline.php(219): Illuminate/Http/Middleware/ValidatePostSize->handle(Object(Illuminate/Http/Request), Object(Closure))
#51 C:/Users/0909W/OneDrive/Documenten/GitHub/Educom-Trainee-Dashboard/front-end/vendor/laravel/framework/src/Illuminate/Foundation/Http/Middleware/PreventRequestsDuringMaintenance.php(109): Illuminate/Pipeline/Pipeline->{closure:{closure:Illuminate/Pipeline/Pipeline::carry():194}:195}(Object(Illuminate/Http/Request))
#52 C:/Users/0909W/OneDrive/Documenten/GitHub/Educom-Trainee-Dashboard/front-end/vendor/laravel/framework/src/Illuminate/Pipeline/Pipeline.php(219): Illuminate/Foundation/Http/Middleware/PreventRequestsDuringMaintenance->handle(Object(Illuminate/Http/Request), Object(Closure))
#53 C:/Users/0909W/OneDrive/Documenten/GitHub/Educom-Trainee-Dashboard/front-end/vendor/laravel/framework/src/Illuminate/Http/Middleware/HandleCors.php(61): Illuminate/Pipeline/Pipeline->{closure:{closure:Illuminate/Pipeline/Pipeline::carry():194}:195}(Object(Illuminate/Http/Request))
#54 C:/Users/0909W/OneDrive/Documenten/GitHub/Educom-Trainee-Dashboard/front-end/vendor/laravel/framework/src/Illuminate/Pipeline/Pipeline.php(219): Illuminate/Http/Middleware/HandleCors->handle(Object(Illuminate/Http/Request), Object(Closure))
#55 C:/Users/0909W/OneDrive/Documenten/GitHub/Educom-Trainee-Dashboard/front-end/vendor/laravel/framework/src/Illuminate/Http/Middleware/TrustProxies.php(58): Illuminate/Pipeline/Pipeline->{closure:{closure:Illuminate/Pipeline/Pipeline::carry():194}:195}(Object(Illuminate/Http/Request))
#56 C:/Users/0909W/OneDrive/Documenten/GitHub/Educom-Trainee-Dashboard/front-end/vendor/laravel/framework/src/Illuminate/Pipeline/Pipeline.php(219): Illuminate/Http/Middleware/TrustProxies->handle(Object(Illuminate/Http/Request), Object(Closure))
#57 C:/Users/0909W/OneDrive/Documenten/GitHub/Educom-Trainee-Dashboard/front-end/vendor/laravel/framework/src/Illuminate/Foundation/Http/Middleware/InvokeDeferredCallbacks.php(22): Illuminate/Pipeline/Pipeline->{closure:{closure:Illuminate/Pipeline/Pipeline::carry():194}:195}(Object(Illuminate/Http/Request))
#58 C:/Users/0909W/OneDrive/Documenten/GitHub/Educom-Trainee-Dashboard/front-end/vendor/laravel/framework/src/Illuminate/Pipeline/Pipeline.php(219): Illuminate/Foundation/Http/Middleware/InvokeDeferredCallbacks->handle(Object(Illuminate/Http/Request), Object(Closure))
#59 C:/Users/0909W/OneDrive/Documenten/GitHub/Educom-Trainee-Dashboard/front-end/vendor/laravel/framework/src/Illuminate/Http/Middleware/ValidatePathEncoding.php(28): Illuminate/Pipeline/Pipeline->{closure:{closure:Illuminate/Pipeline/Pipeline::carry():194}:195}(Object(Illuminate/Http/Request))
#60 C:/Users/0909W/OneDrive/Documenten/GitHub/Educom-Trainee-Dashboard/front-end/vendor/laravel/framework/src/Illuminate/Pipeline/Pipeline.php(219): Illuminate/Http/Middleware/ValidatePathEncoding->handle(Object(Illuminate/Http/Request), Object(Closure))
#61 C:/Users/0909W/OneDrive/Documenten/GitHub/Educom-Trainee-Dashboard/front-end/vendor/laravel/framework/src/Illuminate/Pipeline/Pipeline.php(137): Illuminate/Pipeline/Pipeline->{closure:{closure:Illuminate/Pipeline/Pipeline::carry():194}:195}(Object(Illuminate/Http/Request))
#62 C:/Users/0909W/OneDrive/Documenten/GitHub/Educom-Trainee-Dashboard/front-end/vendor/laravel/framework/src/Illuminate/Foundation/Http/Kernel.php(175): Illuminate/Pipeline/Pipeline->then(Object(Closure))
#63 C:/Users/0909W/OneDrive/Documenten/GitHub/Educom-Trainee-Dashboard/front-end/vendor/laravel/framework/src/Illuminate/Foundation/Http/Kernel.php(144): Illuminate/Foundation/Http/Kernel->sendRequestThroughRouter(Object(Illuminate/Http/Request))
#64 C:/Users/0909W/OneDrive/Documenten/GitHub/Educom-Trainee-Dashboard/front-end/vendor/laravel/framework/src/Illuminate/Foundation/Application.php(1220): Illuminate/Foundation/Http/Kernel->handle(Object(Illuminate/Http/Request))
#65 C:/Users/0909W/OneDrive/Documenten/GitHub/Educom-Trainee-Dashboard/front-end/public/index.php(20): Illuminate/Foundation/Application->handleRequest(Object(Illuminate/Http/Request))
#66 C:/Users/0909W/OneDrive/Documenten/GitHub/Educom-Trainee-Dashboard/front-end/vendor/laravel/framework/src/Illuminate/Foundation/resources/server.php(23): require_once('C://Users//0909W//...')
#67 {main}
"} 
[2026-07-14 14:30:14] local.ERROR: Vite manifest not found at: C:\Users\0909W\OneDrive\Documenten\GitHub\Educom-Trainee-Dashboard\front-end\public\build/manifest.json (View: C:\Users\0909W\OneDrive\Documenten\GitHub\Educom-Trainee-Dashboard\front-end\resources\views\app.blade.php) {"exception":"[object] (Illuminate\\View\\ViewException(code: 0): Vite manifest not found at: C:\\Users\\0909W\\OneDrive\\Documenten\\GitHub\\Educom-Trainee-Dashboard\\front-end\\public\\build/manifest.json (View: C:\\Users\\0909W\\OneDrive\\Documenten\\GitHub\\Educom-Trainee-Dashboard\\front-end\\resources\\views\\app.blade.php) at C:/Users/0909W/OneDrive/Documenten/GitHub/Educom-Trainee-Dashboard/front-end/vendor/laravel/framework/src/Illuminate/Foundation/Vite.php:960)
[stacktrace]
#0 C:/Users/0909W/OneDrive/Documenten/GitHub/Educom-Trainee-Dashboard/front-end/vendor/laravel/framework/src/Illuminate/View/Engines/PhpEngine.php(59): Illuminate/View/Engines/CompilerEngine->handleViewException(Object(Illuminate/Foundation/ViteManifestNotFoundException), 1)
#1 C:/Users/0909W/OneDrive/Documenten/GitHub/Educom-Trainee-Dashboard/front-end/vendor/laravel/framework/src/Illuminate/View/Engines/CompilerEngine.php(76): Illuminate/View/Engines/PhpEngine->evaluatePath('C://Users//0909W//...', Array)
#2 C:/Users/0909W/OneDrive/Documenten/GitHub/Educom-Trainee-Dashboard/front-end/vendor/laravel/framework/src/Illuminate/View/View.php(208): Illuminate/View/Engines/CompilerEngine->get('C://Users//0909W//...', Array)
#3 C:/Users/0909W/OneDrive/Documenten/GitHub/Educom-Trainee-Dashboard/front-end/vendor/laravel/framework/src/Illuminate/View/View.php(191): Illuminate/View/View->getContents()
#4 C:/Users/0909W/OneDrive/Documenten/GitHub/Educom-Trainee-Dashboard/front-end/vendor/laravel/framework/src/Illuminate/View/View.php(160): Illuminate/View/View->renderContents()
#5 C:/Users/0909W/OneDrive/Documenten/GitHub/Educom-Trainee-Dashboard/front-end/vendor/laravel/framework/src/Illuminate/Http/Response.php(82): Illuminate/View/View->render()
#6 C:/Users/0909W/OneDrive/Documenten/GitHub/Educom-Trainee-Dashboard/front-end/vendor/laravel/framework/src/Illuminate/Http/Response.php(40): Illuminate/Http/Response->setContent(Object(Illuminate/View/View))
#7 C:/Users/0909W/OneDrive/Documenten/GitHub/Educom-Trainee-Dashboard/front-end/vendor/laravel/framework/src/Illuminate/Routing/ResponseFactory.php(61): Illuminate/Http/Response->__construct(Object(Illuminate/View/View), 200, Array)
#8 C:/Users/0909W/OneDrive/Documenten/GitHub/Educom-Trainee-Dashboard/front-end/vendor/laravel/framework/src/Illuminate/Routing/ResponseFactory.php(91): Illuminate/Routing/ResponseFactory->make(Object(Illuminate/View/View), 200, Array)
#9 C:/Users/0909W/OneDrive/Documenten/GitHub/Educom-Trainee-Dashboard/front-end/vendor/laravel/framework/src/Illuminate/Support/Facades/Facade.php(363): Illuminate/Routing/ResponseFactory->view('app', Array)
#10 C:/Users/0909W/OneDrive/Documenten/GitHub/Educom-Trainee-Dashboard/front-end/vendor/inertiajs/inertia-laravel/src/Response.php(211): Illuminate/Support/Facades/Facade::__callStatic('view', Array)
#11 C:/Users/0909W/OneDrive/Documenten/GitHub/Educom-Trainee-Dashboard/front-end/vendor/laravel/framework/src/Illuminate/Routing/Router.php(921): Inertia/Response->toResponse(Object(Illuminate/Http/Request))
#12 C:/Users/0909W/OneDrive/Documenten/GitHub/Educom-Trainee-Dashboard/front-end/vendor/laravel/framework/src/Illuminate/Routing/Router.php(906): Illuminate/Routing/Router::toResponse(Object(Illuminate/Http/Request), Object(Inertia/Response))
#13 C:/Users/0909W/OneDrive/Documenten/GitHub/Educom-Trainee-Dashboard/front-end/vendor/laravel/framework/src/Illuminate/Routing/Router.php(821): Illuminate/Routing/Router->prepareResponse(Object(Illuminate/Http/Request), Object(Inertia/Response))
#14 C:/Users/0909W/OneDrive/Documenten/GitHub/Educom-Trainee-Dashboard/front-end/vendor/laravel/framework/src/Illuminate/Pipeline/Pipeline.php(180): Illuminate/Routing/Router->{closure:Illuminate/Routing/Router::runRouteWithinStack():821}(Object(Illuminate/Http/Request))
#15 C:/Users/0909W/OneDrive/Documenten/GitHub/Educom-Trainee-Dashboard/front-end/vendor/inertiajs/inertia-laravel/src/Middleware.php(138): Illuminate/Pipeline/Pipeline->{closure:Illuminate/Pipeline/Pipeline::prepareDestination():178}(Object(Illuminate/Http/Request))
#16 C:/Users/0909W/OneDrive/Documenten/GitHub/Educom-Trainee-Dashboard/front-end/vendor/laravel/framework/src/Illuminate/Pipeline/Pipeline.php(219): Inertia/Middleware->handle(Object(Illuminate/Http/Request), Object(Closure))
#17 C:/Users/0909W/OneDrive/Documenten/GitHub/Educom-Trainee-Dashboard/front-end/vendor/laravel/framework/src/Illuminate/Routing/Middleware/SubstituteBindings.php(52): Illuminate/Pipeline/Pipeline->{closure:{closure:Illuminate/Pipeline/Pipeline::carry():194}:195}(Object(Illuminate/Http/Request))
#18 C:/Users/0909W/OneDrive/Documenten/GitHub/Educom-Trainee-Dashboard/front-end/vendor/laravel/framework/src/Illuminate/Pipeline/Pipeline.php(219): Illuminate/Routing/Middleware/SubstituteBindings->handle(Object(Illuminate/Http/Request), Object(Closure))
#19 C:/Users/0909W/OneDrive/Documenten/GitHub/Educom-Trainee-Dashboard/front-end/vendor/laravel/framework/src/Illuminate/Foundation/Http/Middleware/PreventRequestForgery.php(104): Illuminate/Pipeline/Pipeline->{closure:{closure:Illuminate/Pipeline/Pipeline::carry():194}:195}(Object(Illuminate/Http/Request))
#20 C:/Users/0909W/OneDrive/Documenten/GitHub/Educom-Trainee-Dashboard/front-end/vendor/laravel/framework/src/Illuminate/Pipeline/Pipeline.php(219): Illuminate/Foundation/Http/Middleware/PreventRequestForgery->handle(Object(Illuminate/Http/Request), Object(Closure))
#21 C:/Users/0909W/OneDrive/Documenten/GitHub/Educom-Trainee-Dashboard/front-end/vendor/laravel/framework/src/Illuminate/View/Middleware/ShareErrorsFromSession.php(48): Illuminate/Pipeline/Pipeline->{closure:{closure:Illuminate/Pipeline/Pipeline::carry():194}:195}(Object(Illuminate/Http/Request))
#22 C:/Users/0909W/OneDrive/Documenten/GitHub/Educom-Trainee-Dashboard/front-end/vendor/laravel/framework/src/Illuminate/Pipeline/Pipeline.php(219): Illuminate/View/Middleware/ShareErrorsFromSession->handle(Object(Illuminate/Http/Request), Object(Closure))
#23 C:/Users/0909W/OneDrive/Documenten/GitHub/Educom-Trainee-Dashboard/front-end/vendor/laravel/framework/src/Illuminate/Session/Middleware/StartSession.php(120): Illuminate/Pipeline/Pipeline->{closure:{closure:Illuminate/Pipeline/Pipeline::carry():194}:195}(Object(Illuminate/Http/Request))
#24 C:/Users/0909W/OneDrive/Documenten/GitHub/Educom-Trainee-Dashboard/front-end/vendor/laravel/framework/src/Illuminate/Session/Middleware/StartSession.php(63): Illuminate/Session/Middleware/StartSession->handleStatefulRequest(Object(Illuminate/Http/Request), Object(Illuminate/Session/Store), Object(Closure))
#25 C:/Users/0909W/OneDrive/Documenten/GitHub/Educom-Trainee-Dashboard/front-end/vendor/laravel/framework/src/Illuminate/Pipeline/Pipeline.php(219): Illuminate/Session/Middleware/StartSession->handle(Object(Illuminate/Http/Request), Object(Closure))
#26 C:/Users/0909W/OneDrive/Documenten/GitHub/Educom-Trainee-Dashboard/front-end/vendor/laravel/framework/src/Illuminate/Cookie/Middleware/AddQueuedCookiesToResponse.php(36): Illuminate/Pipeline/Pipeline->{closure:{closure:Illuminate/Pipeline/Pipeline::carry():194}:195}(Object(Illuminate/Http/Request))
#27 C:/Users/0909W/OneDrive/Documenten/GitHub/Educom-Trainee-Dashboard/front-end/vendor/laravel/framework/src/Illuminate/Pipeline/Pipeline.php(219): Illuminate/Cookie/Middleware/AddQueuedCookiesToResponse->handle(Object(Illuminate/Http/Request), Object(Closure))
#28 C:/Users/0909W/OneDrive/Documenten/GitHub/Educom-Trainee-Dashboard/front-end/vendor/laravel/framework/src/Illuminate/Cookie/Middleware/EncryptCookies.php(74): Illuminate/Pipeline/Pipeline->{closure:{closure:Illuminate/Pipeline/Pipeline::carry():194}:195}(Object(Illuminate/Http/Request))
#29 C:/Users/0909W/OneDrive/Documenten/GitHub/Educom-Trainee-Dashboard/front-end/vendor/laravel/framework/src/Illuminate/Pipeline/Pipeline.php(219): Illuminate/Cookie/Middleware/EncryptCookies->handle(Object(Illuminate/Http/Request), Object(Closure))
#30 C:/Users/0909W/OneDrive/Documenten/GitHub/Educom-Trainee-Dashboard/front-end/vendor/laravel/framework/src/Illuminate/Pipeline/Pipeline.php(137): Illuminate/Pipeline/Pipeline->{closure:{closure:Illuminate/Pipeline/Pipeline::carry():194}:195}(Object(Illuminate/Http/Request))
#31 C:/Users/0909W/OneDrive/Documenten/GitHub/Educom-Trainee-Dashboard/front-end/vendor/laravel/framework/src/Illuminate/Routing/Router.php(821): Illuminate/Pipeline/Pipeline->then(Object(Closure))
#32 C:/Users/0909W/OneDrive/Documenten/GitHub/Educom-Trainee-Dashboard/front-end/vendor/laravel/framework/src/Illuminate/Routing/Router.php(800): Illuminate/Routing/Router->runRouteWithinStack(Object(Illuminate/Routing/Route), Object(Illuminate/Http/Request))
#33 C:/Users/0909W/OneDrive/Documenten/GitHub/Educom-Trainee-Dashboard/front-end/vendor/laravel/framework/src/Illuminate/Routing/Router.php(764): Illuminate/Routing/Router->runRoute(Object(Illuminate/Http/Request), Object(Illuminate/Routing/Route))
#34 C:/Users/0909W/OneDrive/Documenten/GitHub/Educom-Trainee-Dashboard/front-end/vendor/laravel/framework/src/Illuminate/Routing/Router.php(753): Illuminate/Routing/Router->dispatchToRoute(Object(Illuminate/Http/Request))
#35 C:/Users/0909W/OneDrive/Documenten/GitHub/Educom-Trainee-Dashboard/front-end/vendor/laravel/framework/src/Illuminate/Foundation/Http/Kernel.php(200): Illuminate/Routing/Router->dispatch(Object(Illuminate/Http/Request))
#36 C:/Users/0909W/OneDrive/Documenten/GitHub/Educom-Trainee-Dashboard/front-end/vendor/laravel/framework/src/Illuminate/Pipeline/Pipeline.php(180): Illuminate/Foundation/Http/Kernel->{closure:Illuminate/Foundation/Http/Kernel::dispatchToRouter():197}(Object(Illuminate/Http/Request))
#37 C:/Users/0909W/OneDrive/Documenten/GitHub/Educom-Trainee-Dashboard/front-end/vendor/inertiajs/inertia-laravel/src/Middleware/EnsureGetOnRedirect.php(19): Illuminate/Pipeline/Pipeline->{closure:Illuminate/Pipeline/Pipeline::prepareDestination():178}(Object(Illuminate/Http/Request))
#38 C:/Users/0909W/OneDrive/Documenten/GitHub/Educom-Trainee-Dashboard/front-end/vendor/laravel/framework/src/Illuminate/Pipeline/Pipeline.php(219): Inertia/Middleware/EnsureGetOnRedirect->handle(Object(Illuminate/Http/Request), Object(Closure))
#39 C:/Users/0909W/OneDrive/Documenten/GitHub/Educom-Trainee-Dashboard/front-end/vendor/laravel/framework/src/Illuminate/Foundation/Http/Middleware/TransformsRequest.php(21): Illuminate/Pipeline/Pipeline->{closure:{closure:Illuminate/Pipeline/Pipeline::carry():194}:195}(Object(Illuminate/Http/Request))
#40 C:/Users/0909W/OneDrive/Documenten/GitHub/Educom-Trainee-Dashboard/front-end/vendor/laravel/framework/src/Illuminate/Foundation/Http/Middleware/ConvertEmptyStringsToNull.php(31): Illuminate/Foundation/Http/Middleware/TransformsRequest->handle(Object(Illuminate/Http/Request), Object(Closure))
#41 C:/Users/0909W/OneDrive/Documenten/GitHub/Educom-Trainee-Dashboard/front-end/vendor/laravel/framework/src/Illuminate/Pipeline/Pipeline.php(219): Illuminate/Foundation/Http/Middleware/ConvertEmptyStringsToNull->handle(Object(Illuminate/Http/Request), Object(Closure))
#42 C:/Users/0909W/OneDrive/Documenten/GitHub/Educom-Trainee-Dashboard/front-end/vendor/laravel/framework/src/Illuminate/Foundation/Http/Middleware/TransformsRequest.php(21): Illuminate/Pipeline/Pipeline->{closure:{closure:Illuminate/Pipeline/Pipeline::carry():194}:195}(Object(Illuminate/Http/Request))
#43 C:/Users/0909W/OneDrive/Documenten/GitHub/Educom-Trainee-Dashboard/front-end/vendor/laravel/framework/src/Illuminate/Foundation/Http/Middleware/TrimStrings.php(51): Illuminate/Foundation/Http/Middleware/TransformsRequest->handle(Object(Illuminate/Http/Request), Object(Closure))
#44 C:/Users/0909W/OneDrive/Documenten/GitHub/Educom-Trainee-Dashboard/front-end/vendor/laravel/framework/src/Illuminate/Pipeline/Pipeline.php(219): Illuminate/Foundation/Http/Middleware/TrimStrings->handle(Object(Illuminate/Http/Request), Object(Closure))
#45 C:/Users/0909W/OneDrive/Documenten/GitHub/Educom-Trainee-Dashboard/front-end/vendor/laravel/framework/src/Illuminate/Http/Middleware/ValidatePostSize.php(27): Illuminate/Pipeline/Pipeline->{closure:{closure:Illuminate/Pipeline/Pipeline::carry():194}:195}(Object(Illuminate/Http/Request))
#46 C:/Users/0909W/OneDrive/Documenten/GitHub/Educom-Trainee-Dashboard/front-end/vendor/laravel/framework/src/Illuminate/Pipeline/Pipeline.php(219): Illuminate/Http/Middleware/ValidatePostSize->handle(Object(Illuminate/Http/Request), Object(Closure))
#47 C:/Users/0909W/OneDrive/Documenten/GitHub/Educom-Trainee-Dashboard/front-end/vendor/laravel/framework/src/Illuminate/Foundation/Http/Middleware/PreventRequestsDuringMaintenance.php(109): Illuminate/Pipeline/Pipeline->{closure:{closure:Illuminate/Pipeline/Pipeline::carry():194}:195}(Object(Illuminate/Http/Request))
#48 C:/Users/0909W/OneDrive/Documenten/GitHub/Educom-Trainee-Dashboard/front-end/vendor/laravel/framework/src/Illuminate/Pipeline/Pipeline.php(219): Illuminate/Foundation/Http/Middleware/PreventRequestsDuringMaintenance->handle(Object(Illuminate/Http/Request), Object(Closure))
#49 C:/Users/0909W/OneDrive/Documenten/GitHub/Educom-Trainee-Dashboard/front-end/vendor/laravel/framework/src/Illuminate/Http/Middleware/HandleCors.php(61): Illuminate/Pipeline/Pipeline->{closure:{closure:Illuminate/Pipeline/Pipeline::carry():194}:195}(Object(Illuminate/Http/Request))
#50 C:/Users/0909W/OneDrive/Documenten/GitHub/Educom-Trainee-Dashboard/front-end/vendor/laravel/framework/src/Illuminate/Pipeline/Pipeline.php(219): Illuminate/Http/Middleware/HandleCors->handle(Object(Illuminate/Http/Request), Object(Closure))
#51 C:/Users/0909W/OneDrive/Documenten/GitHub/Educom-Trainee-Dashboard/front-end/vendor/laravel/framework/src/Illuminate/Http/Middleware/TrustProxies.php(58): Illuminate/Pipeline/Pipeline->{closure:{closure:Illuminate/Pipeline/Pipeline::carry():194}:195}(Object(Illuminate/Http/Request))
#52 C:/Users/0909W/OneDrive/Documenten/GitHub/Educom-Trainee-Dashboard/front-end/vendor/laravel/framework/src/Illuminate/Pipeline/Pipeline.php(219): Illuminate/Http/Middleware/TrustProxies->handle(Object(Illuminate/Http/Request), Object(Closure))
#53 C:/Users/0909W/OneDrive/Documenten/GitHub/Educom-Trainee-Dashboard/front-end/vendor/laravel/framework/src/Illuminate/Foundation/Http/Middleware/InvokeDeferredCallbacks.php(22): Illuminate/Pipeline/Pipeline->{closure:{closure:Illuminate/Pipeline/Pipeline::carry():194}:195}(Object(Illuminate/Http/Request))
#54 C:/Users/0909W/OneDrive/Documenten/GitHub/Educom-Trainee-Dashboard/front-end/vendor/laravel/framework/src/Illuminate/Pipeline/Pipeline.php(219): Illuminate/Foundation/Http/Middleware/InvokeDeferredCallbacks->handle(Object(Illuminate/Http/Request), Object(Closure))
#55 C:/Users/0909W/OneDrive/Documenten/GitHub/Educom-Trainee-Dashboard/front-end/vendor/laravel/framework/src/Illuminate/Http/Middleware/ValidatePathEncoding.php(28): Illuminate/Pipeline/Pipeline->{closure:{closure:Illuminate/Pipeline/Pipeline::carry():194}:195}(Object(Illuminate/Http/Request))
#56 C:/Users/0909W/OneDrive/Documenten/GitHub/Educom-Trainee-Dashboard/front-end/vendor/laravel/framework/src/Illuminate/Pipeline/Pipeline.php(219): Illuminate/Http/Middleware/ValidatePathEncoding->handle(Object(Illuminate/Http/Request), Object(Closure))
#57 C:/Users/0909W/OneDrive/Documenten/GitHub/Educom-Trainee-Dashboard/front-end/vendor/laravel/framework/src/Illuminate/Pipeline/Pipeline.php(137): Illuminate/Pipeline/Pipeline->{closure:{closure:Illuminate/Pipeline/Pipeline::carry():194}:195}(Object(Illuminate/Http/Request))
#58 C:/Users/0909W/OneDrive/Documenten/GitHub/Educom-Trainee-Dashboard/front-end/vendor/laravel/framework/src/Illuminate/Foundation/Http/Kernel.php(175): Illuminate/Pipeline/Pipeline->then(Object(Closure))
#59 C:/Users/0909W/OneDrive/Documenten/GitHub/Educom-Trainee-Dashboard/front-end/vendor/laravel/framework/src/Illuminate/Foundation/Http/Kernel.php(144): Illuminate/Foundation/Http/Kernel->sendRequestThroughRouter(Object(Illuminate/Http/Request))
#60 C:/Users/0909W/OneDrive/Documenten/GitHub/Educom-Trainee-Dashboard/front-end/vendor/laravel/framework/src/Illuminate/Foundation/Application.php(1220): Illuminate/Foundation/Http/Kernel->handle(Object(Illuminate/Http/Request))
#61 C:/Users/0909W/OneDrive/Documenten/GitHub/Educom-Trainee-Dashboard/front-end/public/index.php(20): Illuminate/Foundation/Application->handleRequest(Object(Illuminate/Http/Request))
#62 C:/Users/0909W/OneDrive/Documenten/GitHub/Educom-Trainee-Dashboard/front-end/vendor/laravel/framework/src/Illuminate/Foundation/resources/server.php(23): require_once('C://Users//0909W//...')
#63 {main}

[previous exception] [object] (Illuminate\\Foundation\\ViteManifestNotFoundException(code: 0): Vite manifest not found at: C:\\Users\\0909W\\OneDrive\\Documenten\\GitHub\\Educom-Trainee-Dashboard\\front-end\\public\\build/manifest.json at C:/Users/0909W/OneDrive/Documenten/GitHub/Educom-Trainee-Dashboard/front-end/vendor/laravel/framework/src/Illuminate/Foundation/Vite.php:960)
[stacktrace]
#0 C:/Users/0909W/OneDrive/Documenten/GitHub/Educom-Trainee-Dashboard/front-end/vendor/laravel/framework/src/Illuminate/Foundation/Vite.php(398): Illuminate/Foundation/Vite->manifest('build')
#1 C:/Users/0909W/OneDrive/Documenten/GitHub/Educom-Trainee-Dashboard/front-end/storage/framework/views/de6914bfa8422daacc897d33596fc171.php(7): Illuminate/Foundation/Vite->__invoke(Object(Illuminate/Support/Collection))
#2 C:/Users/0909W/OneDrive/Documenten/GitHub/Educom-Trainee-Dashboard/front-end/vendor/laravel/framework/src/Illuminate/Filesystem/Filesystem.php(123): require('C://Users//0909W//...')
#3 C:/Users/0909W/OneDrive/Documenten/GitHub/Educom-Trainee-Dashboard/front-end/vendor/laravel/framework/src/Illuminate/Filesystem/Filesystem.php(124): Illuminate/Filesystem/Filesystem::{closure:Illuminate/Filesystem/Filesystem::getRequire():120}()
#4 C:/Users/0909W/OneDrive/Documenten/GitHub/Educom-Trainee-Dashboard/front-end/vendor/laravel/framework/src/Illuminate/View/Engines/PhpEngine.php(57): Illuminate/Filesystem/Filesystem->getRequire('C://Users//0909W//...', Array)
#5 C:/Users/0909W/OneDrive/Documenten/GitHub/Educom-Trainee-Dashboard/front-end/vendor/laravel/framework/src/Illuminate/View/Engines/CompilerEngine.php(76): Illuminate/View/Engines/PhpEngine->evaluatePath('C://Users//0909W//...', Array)
#6 C:/Users/0909W/OneDrive/Documenten/GitHub/Educom-Trainee-Dashboard/front-end/vendor/laravel/framework/src/Illuminate/View/View.php(208): Illuminate/View/Engines/CompilerEngine->get('C://Users//0909W//...', Array)
#7 C:/Users/0909W/OneDrive/Documenten/GitHub/Educom-Trainee-Dashboard/front-end/vendor/laravel/framework/src/Illuminate/View/View.php(191): Illuminate/View/View->getContents()
#8 C:/Users/0909W/OneDrive/Documenten/GitHub/Educom-Trainee-Dashboard/front-end/vendor/laravel/framework/src/Illuminate/View/View.php(160): Illuminate/View/View->renderContents()
#9 C:/Users/0909W/OneDrive/Documenten/GitHub/Educom-Trainee-Dashboard/front-end/vendor/laravel/framework/src/Illuminate/Http/Response.php(82): Illuminate/View/View->render()
#10 C:/Users/0909W/OneDrive/Documenten/GitHub/Educom-Trainee-Dashboard/front-end/vendor/laravel/framework/src/Illuminate/Http/Response.php(40): Illuminate/Http/Response->setContent(Object(Illuminate/View/View))
#11 C:/Users/0909W/OneDrive/Documenten/GitHub/Educom-Trainee-Dashboard/front-end/vendor/laravel/framework/src/Illuminate/Routing/ResponseFactory.php(61): Illuminate/Http/Response->__construct(Object(Illuminate/View/View), 200, Array)
#12 C:/Users/0909W/OneDrive/Documenten/GitHub/Educom-Trainee-Dashboard/front-end/vendor/laravel/framework/src/Illuminate/Routing/ResponseFactory.php(91): Illuminate/Routing/ResponseFactory->make(Object(Illuminate/View/View), 200, Array)
#13 C:/Users/0909W/OneDrive/Documenten/GitHub/Educom-Trainee-Dashboard/front-end/vendor/laravel/framework/src/Illuminate/Support/Facades/Facade.php(363): Illuminate/Routing/ResponseFactory->view('app', Array)
#14 C:/Users/0909W/OneDrive/Documenten/GitHub/Educom-Trainee-Dashboard/front-end/vendor/inertiajs/inertia-laravel/src/Response.php(211): Illuminate/Support/Facades/Facade::__callStatic('view', Array)
#15 C:/Users/0909W/OneDrive/Documenten/GitHub/Educom-Trainee-Dashboard/front-end/vendor/laravel/framework/src/Illuminate/Routing/Router.php(921): Inertia/Response->toResponse(Object(Illuminate/Http/Request))
#16 C:/Users/0909W/OneDrive/Documenten/GitHub/Educom-Trainee-Dashboard/front-end/vendor/laravel/framework/src/Illuminate/Routing/Router.php(906): Illuminate/Routing/Router::toResponse(Object(Illuminate/Http/Request), Object(Inertia/Response))
#17 C:/Users/0909W/OneDrive/Documenten/GitHub/Educom-Trainee-Dashboard/front-end/vendor/laravel/framework/src/Illuminate/Routing/Router.php(821): Illuminate/Routing/Router->prepareResponse(Object(Illuminate/Http/Request), Object(Inertia/Response))
#18 C:/Users/0909W/OneDrive/Documenten/GitHub/Educom-Trainee-Dashboard/front-end/vendor/laravel/framework/src/Illuminate/Pipeline/Pipeline.php(180): Illuminate/Routing/Router->{closure:Illuminate/Routing/Router::runRouteWithinStack():821}(Object(Illuminate/Http/Request))
#19 C:/Users/0909W/OneDrive/Documenten/GitHub/Educom-Trainee-Dashboard/front-end/vendor/inertiajs/inertia-laravel/src/Middleware.php(138): Illuminate/Pipeline/Pipeline->{closure:Illuminate/Pipeline/Pipeline::prepareDestination():178}(Object(Illuminate/Http/Request))
#20 C:/Users/0909W/OneDrive/Documenten/GitHub/Educom-Trainee-Dashboard/front-end/vendor/laravel/framework/src/Illuminate/Pipeline/Pipeline.php(219): Inertia/Middleware->handle(Object(Illuminate/Http/Request), Object(Closure))
#21 C:/Users/0909W/OneDrive/Documenten/GitHub/Educom-Trainee-Dashboard/front-end/vendor/laravel/framework/src/Illuminate/Routing/Middleware/SubstituteBindings.php(52): Illuminate/Pipeline/Pipeline->{closure:{closure:Illuminate/Pipeline/Pipeline::carry():194}:195}(Object(Illuminate/Http/Request))
#22 C:/Users/0909W/OneDrive/Documenten/GitHub/Educom-Trainee-Dashboard/front-end/vendor/laravel/framework/src/Illuminate/Pipeline/Pipeline.php(219): Illuminate/Routing/Middleware/SubstituteBindings->handle(Object(Illuminate/Http/Request), Object(Closure))
#23 C:/Users/0909W/OneDrive/Documenten/GitHub/Educom-Trainee-Dashboard/front-end/vendor/laravel/framework/src/Illuminate/Foundation/Http/Middleware/PreventRequestForgery.php(104): Illuminate/Pipeline/Pipeline->{closure:{closure:Illuminate/Pipeline/Pipeline::carry():194}:195}(Object(Illuminate/Http/Request))
#24 C:/Users/0909W/OneDrive/Documenten/GitHub/Educom-Trainee-Dashboard/front-end/vendor/laravel/framework/src/Illuminate/Pipeline/Pipeline.php(219): Illuminate/Foundation/Http/Middleware/PreventRequestForgery->handle(Object(Illuminate/Http/Request), Object(Closure))
#25 C:/Users/0909W/OneDrive/Documenten/GitHub/Educom-Trainee-Dashboard/front-end/vendor/laravel/framework/src/Illuminate/View/Middleware/ShareErrorsFromSession.php(48): Illuminate/Pipeline/Pipeline->{closure:{closure:Illuminate/Pipeline/Pipeline::carry():194}:195}(Object(Illuminate/Http/Request))
#26 C:/Users/0909W/OneDrive/Documenten/GitHub/Educom-Trainee-Dashboard/front-end/vendor/laravel/framework/src/Illuminate/Pipeline/Pipeline.php(219): Illuminate/View/Middleware/ShareErrorsFromSession->handle(Object(Illuminate/Http/Request), Object(Closure))
#27 C:/Users/0909W/OneDrive/Documenten/GitHub/Educom-Trainee-Dashboard/front-end/vendor/laravel/framework/src/Illuminate/Session/Middleware/StartSession.php(120): Illuminate/Pipeline/Pipeline->{closure:{closure:Illuminate/Pipeline/Pipeline::carry():194}:195}(Object(Illuminate/Http/Request))
#28 C:/Users/0909W/OneDrive/Documenten/GitHub/Educom-Trainee-Dashboard/front-end/vendor/laravel/framework/src/Illuminate/Session/Middleware/StartSession.php(63): Illuminate/Session/Middleware/StartSession->handleStatefulRequest(Object(Illuminate/Http/Request), Object(Illuminate/Session/Store), Object(Closure))
#29 C:/Users/0909W/OneDrive/Documenten/GitHub/Educom-Trainee-Dashboard/front-end/vendor/laravel/framework/src/Illuminate/Pipeline/Pipeline.php(219): Illuminate/Session/Middleware/StartSession->handle(Object(Illuminate/Http/Request), Object(Closure))
#30 C:/Users/0909W/OneDrive/Documenten/GitHub/Educom-Trainee-Dashboard/front-end/vendor/laravel/framework/src/Illuminate/Cookie/Middleware/AddQueuedCookiesToResponse.php(36): Illuminate/Pipeline/Pipeline->{closure:{closure:Illuminate/Pipeline/Pipeline::carry():194}:195}(Object(Illuminate/Http/Request))
#31 C:/Users/0909W/OneDrive/Documenten/GitHub/Educom-Trainee-Dashboard/front-end/vendor/laravel/framework/src/Illuminate/Pipeline/Pipeline.php(219): Illuminate/Cookie/Middleware/AddQueuedCookiesToResponse->handle(Object(Illuminate/Http/Request), Object(Closure))
#32 C:/Users/0909W/OneDrive/Documenten/GitHub/Educom-Trainee-Dashboard/front-end/vendor/laravel/framework/src/Illuminate/Cookie/Middleware/EncryptCookies.php(74): Illuminate/Pipeline/Pipeline->{closure:{closure:Illuminate/Pipeline/Pipeline::carry():194}:195}(Object(Illuminate/Http/Request))
#33 C:/Users/0909W/OneDrive/Documenten/GitHub/Educom-Trainee-Dashboard/front-end/vendor/laravel/framework/src/Illuminate/Pipeline/Pipeline.php(219): Illuminate/Cookie/Middleware/EncryptCookies->handle(Object(Illuminate/Http/Request), Object(Closure))
#34 C:/Users/0909W/OneDrive/Documenten/GitHub/Educom-Trainee-Dashboard/front-end/vendor/laravel/framework/src/Illuminate/Pipeline/Pipeline.php(137): Illuminate/Pipeline/Pipeline->{closure:{closure:Illuminate/Pipeline/Pipeline::carry():194}:195}(Object(Illuminate/Http/Request))
#35 C:/Users/0909W/OneDrive/Documenten/GitHub/Educom-Trainee-Dashboard/front-end/vendor/laravel/framework/src/Illuminate/Routing/Router.php(821): Illuminate/Pipeline/Pipeline->then(Object(Closure))
#36 C:/Users/0909W/OneDrive/Documenten/GitHub/Educom-Trainee-Dashboard/front-end/vendor/laravel/framework/src/Illuminate/Routing/Router.php(800): Illuminate/Routing/Router->runRouteWithinStack(Object(Illuminate/Routing/Route), Object(Illuminate/Http/Request))
#37 C:/Users/0909W/OneDrive/Documenten/GitHub/Educom-Trainee-Dashboard/front-end/vendor/laravel/framework/src/Illuminate/Routing/Router.php(764): Illuminate/Routing/Router->runRoute(Object(Illuminate/Http/Request), Object(Illuminate/Routing/Route))
#38 C:/Users/0909W/OneDrive/Documenten/GitHub/Educom-Trainee-Dashboard/front-end/vendor/laravel/framework/src/Illuminate/Routing/Router.php(753): Illuminate/Routing/Router->dispatchToRoute(Object(Illuminate/Http/Request))
#39 C:/Users/0909W/OneDrive/Documenten/GitHub/Educom-Trainee-Dashboard/front-end/vendor/laravel/framework/src/Illuminate/Foundation/Http/Kernel.php(200): Illuminate/Routing/Router->dispatch(Object(Illuminate/Http/Request))
#40 C:/Users/0909W/OneDrive/Documenten/GitHub/Educom-Trainee-Dashboard/front-end/vendor/laravel/framework/src/Illuminate/Pipeline/Pipeline.php(180): Illuminate/Foundation/Http/Kernel->{closure:Illuminate/Foundation/Http/Kernel::dispatchToRouter():197}(Object(Illuminate/Http/Request))
#41 C:/Users/0909W/OneDrive/Documenten/GitHub/Educom-Trainee-Dashboard/front-end/vendor/inertiajs/inertia-laravel/src/Middleware/EnsureGetOnRedirect.php(19): Illuminate/Pipeline/Pipeline->{closure:Illuminate/Pipeline/Pipeline::prepareDestination():178}(Object(Illuminate/Http/Request))
#42 C:/Users/0909W/OneDrive/Documenten/GitHub/Educom-Trainee-Dashboard/front-end/vendor/laravel/framework/src/Illuminate/Pipeline/Pipeline.php(219): Inertia/Middleware/EnsureGetOnRedirect->handle(Object(Illuminate/Http/Request), Object(Closure))
#43 C:/Users/0909W/OneDrive/Documenten/GitHub/Educom-Trainee-Dashboard/front-end/vendor/laravel/framework/src/Illuminate/Foundation/Http/Middleware/TransformsRequest.php(21): Illuminate/Pipeline/Pipeline->{closure:{closure:Illuminate/Pipeline/Pipeline::carry():194}:195}(Object(Illuminate/Http/Request))
#44 C:/Users/0909W/OneDrive/Documenten/GitHub/Educom-Trainee-Dashboard/front-end/vendor/laravel/framework/src/Illuminate/Foundation/Http/Middleware/ConvertEmptyStringsToNull.php(31): Illuminate/Foundation/Http/Middleware/TransformsRequest->handle(Object(Illuminate/Http/Request), Object(Closure))
#45 C:/Users/0909W/OneDrive/Documenten/GitHub/Educom-Trainee-Dashboard/front-end/vendor/laravel/framework/src/Illuminate/Pipeline/Pipeline.php(219): Illuminate/Foundation/Http/Middleware/ConvertEmptyStringsToNull->handle(Object(Illuminate/Http/Request), Object(Closure))
#46 C:/Users/0909W/OneDrive/Documenten/GitHub/Educom-Trainee-Dashboard/front-end/vendor/laravel/framework/src/Illuminate/Foundation/Http/Middleware/TransformsRequest.php(21): Illuminate/Pipeline/Pipeline->{closure:{closure:Illuminate/Pipeline/Pipeline::carry():194}:195}(Object(Illuminate/Http/Request))
#47 C:/Users/0909W/OneDrive/Documenten/GitHub/Educom-Trainee-Dashboard/front-end/vendor/laravel/framework/src/Illuminate/Foundation/Http/Middleware/TrimStrings.php(51): Illuminate/Foundation/Http/Middleware/TransformsRequest->handle(Object(Illuminate/Http/Request), Object(Closure))
#48 C:/Users/0909W/OneDrive/Documenten/GitHub/Educom-Trainee-Dashboard/front-end/vendor/laravel/framework/src/Illuminate/Pipeline/Pipeline.php(219): Illuminate/Foundation/Http/Middleware/TrimStrings->handle(Object(Illuminate/Http/Request), Object(Closure))
#49 C:/Users/0909W/OneDrive/Documenten/GitHub/Educom-Trainee-Dashboard/front-end/vendor/laravel/framework/src/Illuminate/Http/Middleware/ValidatePostSize.php(27): Illuminate/Pipeline/Pipeline->{closure:{closure:Illuminate/Pipeline/Pipeline::carry():194}:195}(Object(Illuminate/Http/Request))
#50 C:/Users/0909W/OneDrive/Documenten/GitHub/Educom-Trainee-Dashboard/front-end/vendor/laravel/framework/src/Illuminate/Pipeline/Pipeline.php(219): Illuminate/Http/Middleware/ValidatePostSize->handle(Object(Illuminate/Http/Request), Object(Closure))
#51 C:/Users/0909W/OneDrive/Documenten/GitHub/Educom-Trainee-Dashboard/front-end/vendor/laravel/framework/src/Illuminate/Foundation/Http/Middleware/PreventRequestsDuringMaintenance.php(109): Illuminate/Pipeline/Pipeline->{closure:{closure:Illuminate/Pipeline/Pipeline::carry():194}:195}(Object(Illuminate/Http/Request))
#52 C:/Users/0909W/OneDrive/Documenten/GitHub/Educom-Trainee-Dashboard/front-end/vendor/laravel/framework/src/Illuminate/Pipeline/Pipeline.php(219): Illuminate/Foundation/Http/Middleware/PreventRequestsDuringMaintenance->handle(Object(Illuminate/Http/Request), Object(Closure))
#53 C:/Users/0909W/OneDrive/Documenten/GitHub/Educom-Trainee-Dashboard/front-end/vendor/laravel/framework/src/Illuminate/Http/Middleware/HandleCors.php(61): Illuminate/Pipeline/Pipeline->{closure:{closure:Illuminate/Pipeline/Pipeline::carry():194}:195}(Object(Illuminate/Http/Request))
#54 C:/Users/0909W/OneDrive/Documenten/GitHub/Educom-Trainee-Dashboard/front-end/vendor/laravel/framework/src/Illuminate/Pipeline/Pipeline.php(219): Illuminate/Http/Middleware/HandleCors->handle(Object(Illuminate/Http/Request), Object(Closure))
#55 C:/Users/0909W/OneDrive/Documenten/GitHub/Educom-Trainee-Dashboard/front-end/vendor/laravel/framework/src/Illuminate/Http/Middleware/TrustProxies.php(58): Illuminate/Pipeline/Pipeline->{closure:{closure:Illuminate/Pipeline/Pipeline::carry():194}:195}(Object(Illuminate/Http/Request))
#56 C:/Users/0909W/OneDrive/Documenten/GitHub/Educom-Trainee-Dashboard/front-end/vendor/laravel/framework/src/Illuminate/Pipeline/Pipeline.php(219): Illuminate/Http/Middleware/TrustProxies->handle(Object(Illuminate/Http/Request), Object(Closure))
#57 C:/Users/0909W/OneDrive/Documenten/GitHub/Educom-Trainee-Dashboard/front-end/vendor/laravel/framework/src/Illuminate/Foundation/Http/Middleware/InvokeDeferredCallbacks.php(22): Illuminate/Pipeline/Pipeline->{closure:{closure:Illuminate/Pipeline/Pipeline::carry():194}:195}(Object(Illuminate/Http/Request))
#58 C:/Users/0909W/OneDrive/Documenten/GitHub/Educom-Trainee-Dashboard/front-end/vendor/laravel/framework/src/Illuminate/Pipeline/Pipeline.php(219): Illuminate/Foundation/Http/Middleware/InvokeDeferredCallbacks->handle(Object(Illuminate/Http/Request), Object(Closure))
#59 C:/Users/0909W/OneDrive/Documenten/GitHub/Educom-Trainee-Dashboard/front-end/vendor/laravel/framework/src/Illuminate/Http/Middleware/ValidatePathEncoding.php(28): Illuminate/Pipeline/Pipeline->{closure:{closure:Illuminate/Pipeline/Pipeline::carry():194}:195}(Object(Illuminate/Http/Request))
#60 C:/Users/0909W/OneDrive/Documenten/GitHub/Educom-Trainee-Dashboard/front-end/vendor/laravel/framework/src/Illuminate/Pipeline/Pipeline.php(219): Illuminate/Http/Middleware/ValidatePathEncoding->handle(Object(Illuminate/Http/Request), Object(Closure))
#61 C:/Users/0909W/OneDrive/Documenten/GitHub/Educom-Trainee-Dashboard/front-end/vendor/laravel/framework/src/Illuminate/Pipeline/Pipeline.php(137): Illuminate/Pipeline/Pipeline->{closure:{closure:Illuminate/Pipeline/Pipeline::carry():194}:195}(Object(Illuminate/Http/Request))
#62 C:/Users/0909W/OneDrive/Documenten/GitHub/Educom-Trainee-Dashboard/front-end/vendor/laravel/framework/src/Illuminate/Foundation/Http/Kernel.php(175): Illuminate/Pipeline/Pipeline->then(Object(Closure))
#63 C:/Users/0909W/OneDrive/Documenten/GitHub/Educom-Trainee-Dashboard/front-end/vendor/laravel/framework/src/Illuminate/Foundation/Http/Kernel.php(144): Illuminate/Foundation/Http/Kernel->sendRequestThroughRouter(Object(Illuminate/Http/Request))
#64 C:/Users/0909W/OneDrive/Documenten/GitHub/Educom-Trainee-Dashboard/front-end/vendor/laravel/framework/src/Illuminate/Foundation/Application.php(1220): Illuminate/Foundation/Http/Kernel->handle(Object(Illuminate/Http/Request))
#65 C:/Users/0909W/OneDrive/Documenten/GitHub/Educom-Trainee-Dashboard/front-end/public/index.php(20): Illuminate/Foundation/Application->handleRequest(Object(Illuminate/Http/Request))
#66 C:/Users/0909W/OneDrive/Documenten/GitHub/Educom-Trainee-Dashboard/front-end/vendor/laravel/framework/src/Illuminate/Foundation/resources/server.php(23): require_once('C://Users//0909W//...')
#67 {main}
"} 
[2026-07-15 07:26:46] local.ERROR: Maximum execution time of 30 seconds exceeded {"exception":"[object] (Symfony\\Component\\ErrorHandler\\Error\\FatalError(code: 0): Maximum execution time of 30 seconds exceeded at C:/Users/0909W/OneDrive/Documenten/GitHub/Educom-Trainee-Dashboard/front-end/vendor/composer/ClassLoader.php:429)
[stacktrace]
#0 {main}
"} 
[2026-07-15 08:10:08] local.ERROR: Maximum execution time of 30 seconds exceeded {"exception":"[object] (Symfony\\Component\\ErrorHandler\\Error\\FatalError(code: 0): Maximum execution time of 30 seconds exceeded at C:/Users/0909W/OneDrive/Documenten/GitHub/Educom-Trainee-Dashboard/front-end/vendor/composer/ClassLoader.php:429)
[stacktrace]
#0 {main}
"} 
[2026-07-15 08:10:11] local.ERROR: Class "Illuminate\View\Factory" not found {"exception":"[object] (Error(code: 0): Class \"Illuminate\\View\\Factory\" not found at C:/Users/0909W/OneDrive/Documenten/GitHub/Educom-Trainee-Dashboard/front-end/vendor/laravel/framework/src/Illuminate/View/ViewServiceProvider.php:74)
[stacktrace]
#0 C:/Users/0909W/OneDrive/Documenten/GitHub/Educom-Trainee-Dashboard/front-end/vendor/laravel/framework/src/Illuminate/View/ViewServiceProvider.php(47): Illuminate/View/ViewServiceProvider->createFactory(Object(Illuminate/View/Engines/EngineResolver), Object(Illuminate/View/FileViewFinder), Object(Illuminate/Events/Dispatcher))
#1 C:/Users/0909W/OneDrive/Documenten/GitHub/Educom-Trainee-Dashboard/front-end/vendor/laravel/framework/src/Illuminate/Container/Container.php(1118): Illuminate/View/ViewServiceProvider->{closure:Illuminate/View/ViewServiceProvider::registerFactory():39}(Object(Illuminate/Foundation/Application), Array)
#2 C:/Users/0909W/OneDrive/Documenten/GitHub/Educom-Trainee-Dashboard/front-end/vendor/laravel/framework/src/Illuminate/Container/Container.php(936): Illuminate/Container/Container->build(Object(Closure))
#3 C:/Users/0909W/OneDrive/Documenten/GitHub/Educom-Trainee-Dashboard/front-end/vendor/laravel/framework/src/Illuminate/Foundation/Application.php(1078): Illuminate/Container/Container->resolve('view', Array, true)
#4 C:/Users/0909W/OneDrive/Documenten/GitHub/Educom-Trainee-Dashboard/front-end/vendor/laravel/framework/src/Illuminate/Container/Container.php(864): Illuminate/Foundation/Application->resolve('view', Array)
#5 C:/Users/0909W/OneDrive/Documenten/GitHub/Educom-Trainee-Dashboard/front-end/vendor/laravel/framework/src/Illuminate/Foundation/Application.php(1058): Illuminate/Container/Container->make('view', Array)
#6 C:/Users/0909W/OneDrive/Documenten/GitHub/Educom-Trainee-Dashboard/front-end/vendor/laravel/framework/src/Illuminate/Container/Container.php(1810): Illuminate/Foundation/Application->make('view')
#7 C:/Users/0909W/OneDrive/Documenten/GitHub/Educom-Trainee-Dashboard/front-end/vendor/laravel/framework/src/Illuminate/Routing/RoutingServiceProvider.php(181): Illuminate/Container/Container->offsetGet('Illuminate//Cont...')
#8 C:/Users/0909W/OneDrive/Documenten/GitHub/Educom-Trainee-Dashboard/front-end/vendor/laravel/framework/src/Illuminate/Container/Container.php(1118): Illuminate/Routing/RoutingServiceProvider->{closure:Illuminate/Routing/RoutingServiceProvider::registerResponseFactory():180}(Object(Illuminate/Foundation/Application), Array)
#9 C:/Users/0909W/OneDrive/Documenten/GitHub/Educom-Trainee-Dashboard/front-end/vendor/laravel/framework/src/Illuminate/Container/Container.php(936): Illuminate/Container/Container->build(Object(Closure))
#10 C:/Users/0909W/OneDrive/Documenten/GitHub/Educom-Trainee-Dashboard/front-end/vendor/laravel/framework/src/Illuminate/Foundation/Application.php(1078): Illuminate/Container/Container->resolve('Illuminate//Cont...', Array, true)
#11 C:/Users/0909W/OneDrive/Documenten/GitHub/Educom-Trainee-Dashboard/front-end/vendor/laravel/framework/src/Illuminate/Container/Container.php(864): Illuminate/Foundation/Application->resolve('Illuminate//Cont...', Array)
#12 C:/Users/0909W/OneDrive/Documenten/GitHub/Educom-Trainee-Dashboard/front-end/vendor/laravel/framework/src/Illuminate/Foundation/Application.php(1058): Illuminate/Container/Container->make('Illuminate//Cont...', Array)
#13 C:/Users/0909W/OneDrive/Documenten/GitHub/Educom-Trainee-Dashboard/front-end/vendor/laravel/framework/src/Illuminate/Foundation/helpers.php(138): Illuminate/Foundation/Application->make('Illuminate//Cont...', Array)
#14 C:/Users/0909W/OneDrive/Documenten/GitHub/Educom-Trainee-Dashboard/front-end/vendor/laravel/framework/src/Illuminate/Foundation/helpers.php(850): app('Illuminate//Cont...')
#15 C:/Users/0909W/OneDrive/Documenten/GitHub/Educom-Trainee-Dashboard/front-end/vendor/laravel/framework/src/Illuminate/Foundation/Exceptions/Handler.php(1098): response('<!-- Class &quo...', 500, Array)
#16 C:/Users/0909W/OneDrive/Documenten/GitHub/Educom-Trainee-Dashboard/front-end/vendor/laravel/framework/src/Illuminate/Foundation/Exceptions/Handler.php(948): Illuminate/Foundation/Exceptions/Handler->toIlluminateResponse(Object(Symfony/Component/HttpFoundation/Response), Object(Symfony/Component/ErrorHandler/Error/FatalError))
#17 C:/Users/0909W/OneDrive/Documenten/GitHub/Educom-Trainee-Dashboard/front-end/vendor/laravel/framework/src/Illuminate/Foundation/Exceptions/Handler.php(839): Illuminate/Foundation/Exceptions/Handler->prepareResponse(Object(Illuminate/Http/Request), Object(Symfony/Component/ErrorHandler/Error/FatalError))
#18 C:/Users/0909W/OneDrive/Documenten/GitHub/Educom-Trainee-Dashboard/front-end/vendor/laravel/framework/src/Illuminate/Foundation/Exceptions/Handler.php(726): Illuminate/Foundation/Exceptions/Handler->renderExceptionResponse(Object(Illuminate/Http/Request), Object(Symfony/Component/ErrorHandler/Error/FatalError))
#19 C:/Users/0909W/OneDrive/Documenten/GitHub/Educom-Trainee-Dashboard/front-end/vendor/laravel/framework/src/Illuminate/Foundation/Bootstrap/HandleExceptions.php(226): Illuminate/Foundation/Exceptions/Handler->render(Object(Illuminate/Http/Request), Object(Symfony/Component/ErrorHandler/Error/FatalError))
#20 C:/Users/0909W/OneDrive/Documenten/GitHub/Educom-Trainee-Dashboard/front-end/vendor/laravel/framework/src/Illuminate/Foundation/Bootstrap/HandleExceptions.php(203): Illuminate/Foundation/Bootstrap/HandleExceptions->renderHttpResponse(Object(Symfony/Component/ErrorHandler/Error/FatalError))
#21 C:/Users/0909W/OneDrive/Documenten/GitHub/Educom-Trainee-Dashboard/front-end/vendor/laravel/framework/src/Illuminate/Foundation/Bootstrap/HandleExceptions.php(239): Illuminate/Foundation/Bootstrap/HandleExceptions->handleException(Object(Symfony/Component/ErrorHandler/Error/FatalError))
#22 C:/Users/0909W/OneDrive/Documenten/GitHub/Educom-Trainee-Dashboard/front-end/vendor/laravel/framework/src/Illuminate/Foundation/Bootstrap/HandleExceptions.php(263): Illuminate/Foundation/Bootstrap/HandleExceptions->handleShutdown()
#23 [internal function]: Illuminate/Foundation/Bootstrap/HandleExceptions->{closure:Illuminate/Foundation/Bootstrap/HandleExceptions::forwardsTo():262}()
#24 {main}
"} 
[2026-07-16 08:57:04] local.ERROR: Maximum execution time of 30 seconds exceeded {"exception":"[object] (Symfony\\Component\\ErrorHandler\\Error\\FatalError(code: 0): Maximum execution time of 30 seconds exceeded at C:/Users/0909W/OneDrive/Documenten/GitHub/Educom-Trainee-Dashboard/front-end/vendor/laravel/framework/src/Illuminate/Testing/TestResponse.php:37)
[stacktrace]
#0 {main}
"} 
