[2026-07-14 12:26:17] local.ERROR: Target class [UserController] does not exist. {"exception":"[object] (Illuminate\\Contracts\\Container\\BindingResolutionException(code: 0): Target class [UserController] does not exist. at C:/Users/paulb/Documents/GitHub/Educom-Trainee-Dashboard/DashboardAPI/vendor/laravel/framework/src/Illuminate/Container/Container.php:1127)
[stacktrace]
#0 C:/Users/paulb/Documents/GitHub/Educom-Trainee-Dashboard/DashboardAPI/vendor/laravel/framework/src/Illuminate/Container/Container.php(936): Illuminate/Container/Container->build('UserController')
#1 C:/Users/paulb/Documents/GitHub/Educom-Trainee-Dashboard/DashboardAPI/vendor/laravel/framework/src/Illuminate/Foundation/Application.php(1078): Illuminate/Container/Container->resolve('UserController', Array, true)
#2 C:/Users/paulb/Documents/GitHub/Educom-Trainee-Dashboard/DashboardAPI/vendor/laravel/framework/src/Illuminate/Container/Container.php(864): Illuminate/Foundation/Application->resolve('UserController', Array)
#3 C:/Users/paulb/Documents/GitHub/Educom-Trainee-Dashboard/DashboardAPI/vendor/laravel/framework/src/Illuminate/Foundation/Application.php(1058): Illuminate/Container/Container->make('UserController', Array)
#4 C:/Users/paulb/Documents/GitHub/Educom-Trainee-Dashboard/DashboardAPI/vendor/laravel/framework/src/Illuminate/Routing/Route.php(296): Illuminate/Foundation/Application->make('UserController')
#5 C:/Users/paulb/Documents/GitHub/Educom-Trainee-Dashboard/DashboardAPI/vendor/laravel/framework/src/Illuminate/Routing/Route.php(276): Illuminate/Routing/Route->getController()
#6 C:/Users/paulb/Documents/GitHub/Educom-Trainee-Dashboard/DashboardAPI/vendor/laravel/framework/src/Illuminate/Routing/Route.php(215): Illuminate/Routing/Route->runController()
#7 C:/Users/paulb/Documents/GitHub/Educom-Trainee-Dashboard/DashboardAPI/vendor/laravel/framework/src/Illuminate/Routing/Router.php(822): Illuminate/Routing/Route->run()
#8 C:/Users/paulb/Documents/GitHub/Educom-Trainee-Dashboard/DashboardAPI/vendor/laravel/framework/src/Illuminate/Pipeline/Pipeline.php(180): Illuminate/Routing/Router->{closure:Illuminate/Routing/Router::runRouteWithinStack():821}(Object(Illuminate/Http/Request))
#9 C:/Users/paulb/Documents/GitHub/Educom-Trainee-Dashboard/DashboardAPI/vendor/laravel/framework/src/Illuminate/Routing/Middleware/SubstituteBindings.php(52): Illuminate/Pipeline/Pipeline->{closure:Illuminate/Pipeline/Pipeline::prepareDestination():178}(Object(Illuminate/Http/Request))
#10 C:/Users/paulb/Documents/GitHub/Educom-Trainee-Dashboard/DashboardAPI/vendor/laravel/framework/src/Illuminate/Pipeline/Pipeline.php(219): Illuminate/Routing/Middleware/SubstituteBindings->handle(Object(Illuminate/Http/Request), Object(Closure))
#11 C:/Users/paulb/Documents/GitHub/Educom-Trainee-Dashboard/DashboardAPI/vendor/laravel/framework/src/Illuminate/Pipeline/Pipeline.php(137): Illuminate/Pipeline/Pipeline->{closure:{closure:Illuminate/Pipeline/Pipeline::carry():194}:195}(Object(Illuminate/Http/Request))
#12 C:/Users/paulb/Documents/GitHub/Educom-Trainee-Dashboard/DashboardAPI/vendor/laravel/framework/src/Illuminate/Routing/Router.php(821): Illuminate/Pipeline/Pipeline->then(Object(Closure))
#13 C:/Users/paulb/Documents/GitHub/Educom-Trainee-Dashboard/DashboardAPI/vendor/laravel/framework/src/Illuminate/Routing/Router.php(800): Illuminate/Routing/Router->runRouteWithinStack(Object(Illuminate/Routing/Route), Object(Illuminate/Http/Request))
#14 C:/Users/paulb/Documents/GitHub/Educom-Trainee-Dashboard/DashboardAPI/vendor/laravel/framework/src/Illuminate/Routing/Router.php(764): Illuminate/Routing/Router->runRoute(Object(Illuminate/Http/Request), Object(Illuminate/Routing/Route))
#15 C:/Users/paulb/Documents/GitHub/Educom-Trainee-Dashboard/DashboardAPI/vendor/laravel/framework/src/Illuminate/Routing/Router.php(753): Illuminate/Routing/Router->dispatchToRoute(Object(Illuminate/Http/Request))
#16 C:/Users/paulb/Documents/GitHub/Educom-Trainee-Dashboard/DashboardAPI/vendor/laravel/framework/src/Illuminate/Foundation/Http/Kernel.php(200): Illuminate/Routing/Router->dispatch(Object(Illuminate/Http/Request))
#17 C:/Users/paulb/Documents/GitHub/Educom-Trainee-Dashboard/DashboardAPI/vendor/laravel/framework/src/Illuminate/Pipeline/Pipeline.php(180): Illuminate/Foundation/Http/Kernel->{closure:Illuminate/Foundation/Http/Kernel::dispatchToRouter():197}(Object(Illuminate/Http/Request))
#18 C:/Users/paulb/Documents/GitHub/Educom-Trainee-Dashboard/DashboardAPI/vendor/laravel/framework/src/Illuminate/Foundation/Http/Middleware/TransformsRequest.php(21): Illuminate/Pipeline/Pipeline->{closure:Illuminate/Pipeline/Pipeline::prepareDestination():178}(Object(Illuminate/Http/Request))
#19 C:/Users/paulb/Documents/GitHub/Educom-Trainee-Dashboard/DashboardAPI/vendor/laravel/framework/src/Illuminate/Foundation/Http/Middleware/ConvertEmptyStringsToNull.php(31): Illuminate/Foundation/Http/Middleware/TransformsRequest->handle(Object(Illuminate/Http/Request), Object(Closure))
#20 C:/Users/paulb/Documents/GitHub/Educom-Trainee-Dashboard/DashboardAPI/vendor/laravel/framework/src/Illuminate/Pipeline/Pipeline.php(219): Illuminate/Foundation/Http/Middleware/ConvertEmptyStringsToNull->handle(Object(Illuminate/Http/Request), Object(Closure))
#21 C:/Users/paulb/Documents/GitHub/Educom-Trainee-Dashboard/DashboardAPI/vendor/laravel/framework/src/Illuminate/Foundation/Http/Middleware/TransformsRequest.php(21): Illuminate/Pipeline/Pipeline->{closure:{closure:Illuminate/Pipeline/Pipeline::carry():194}:195}(Object(Illuminate/Http/Request))
#22 C:/Users/paulb/Documents/GitHub/Educom-Trainee-Dashboard/DashboardAPI/vendor/laravel/framework/src/Illuminate/Foundation/Http/Middleware/TrimStrings.php(51): Illuminate/Foundation/Http/Middleware/TransformsRequest->handle(Object(Illuminate/Http/Request), Object(Closure))
#23 C:/Users/paulb/Documents/GitHub/Educom-Trainee-Dashboard/DashboardAPI/vendor/laravel/framework/src/Illuminate/Pipeline/Pipeline.php(219): Illuminate/Foundation/Http/Middleware/TrimStrings->handle(Object(Illuminate/Http/Request), Object(Closure))
#24 C:/Users/paulb/Documents/GitHub/Educom-Trainee-Dashboard/DashboardAPI/vendor/laravel/framework/src/Illuminate/Http/Middleware/ValidatePostSize.php(27): Illuminate/Pipeline/Pipeline->{closure:{closure:Illuminate/Pipeline/Pipeline::carry():194}:195}(Object(Illuminate/Http/Request))
#25 C:/Users/paulb/Documents/GitHub/Educom-Trainee-Dashboard/DashboardAPI/vendor/laravel/framework/src/Illuminate/Pipeline/Pipeline.php(219): Illuminate/Http/Middleware/ValidatePostSize->handle(Object(Illuminate/Http/Request), Object(Closure))
#26 C:/Users/paulb/Documents/GitHub/Educom-Trainee-Dashboard/DashboardAPI/vendor/laravel/framework/src/Illuminate/Foundation/Http/Middleware/PreventRequestsDuringMaintenance.php(109): Illuminate/Pipeline/Pipeline->{closure:{closure:Illuminate/Pipeline/Pipeline::carry():194}:195}(Object(Illuminate/Http/Request))
#27 C:/Users/paulb/Documents/GitHub/Educom-Trainee-Dashboard/DashboardAPI/vendor/laravel/framework/src/Illuminate/Pipeline/Pipeline.php(219): Illuminate/Foundation/Http/Middleware/PreventRequestsDuringMaintenance->handle(Object(Illuminate/Http/Request), Object(Closure))
#28 C:/Users/paulb/Documents/GitHub/Educom-Trainee-Dashboard/DashboardAPI/vendor/laravel/framework/src/Illuminate/Http/Middleware/HandleCors.php(74): Illuminate/Pipeline/Pipeline->{closure:{closure:Illuminate/Pipeline/Pipeline::carry():194}:195}(Object(Illuminate/Http/Request))
#29 C:/Users/paulb/Documents/GitHub/Educom-Trainee-Dashboard/DashboardAPI/vendor/laravel/framework/src/Illuminate/Pipeline/Pipeline.php(219): Illuminate/Http/Middleware/HandleCors->handle(Object(Illuminate/Http/Request), Object(Closure))
#30 C:/Users/paulb/Documents/GitHub/Educom-Trainee-Dashboard/DashboardAPI/vendor/laravel/framework/src/Illuminate/Http/Middleware/TrustProxies.php(58): Illuminate/Pipeline/Pipeline->{closure:{closure:Illuminate/Pipeline/Pipeline::carry():194}:195}(Object(Illuminate/Http/Request))
#31 C:/Users/paulb/Documents/GitHub/Educom-Trainee-Dashboard/DashboardAPI/vendor/laravel/framework/src/Illuminate/Pipeline/Pipeline.php(219): Illuminate/Http/Middleware/TrustProxies->handle(Object(Illuminate/Http/Request), Object(Closure))
#32 C:/Users/paulb/Documents/GitHub/Educom-Trainee-Dashboard/DashboardAPI/vendor/laravel/framework/src/Illuminate/Foundation/Http/Middleware/InvokeDeferredCallbacks.php(22): Illuminate/Pipeline/Pipeline->{closure:{closure:Illuminate/Pipeline/Pipeline::carry():194}:195}(Object(Illuminate/Http/Request))
#33 C:/Users/paulb/Documents/GitHub/Educom-Trainee-Dashboard/DashboardAPI/vendor/laravel/framework/src/Illuminate/Pipeline/Pipeline.php(219): Illuminate/Foundation/Http/Middleware/InvokeDeferredCallbacks->handle(Object(Illuminate/Http/Request), Object(Closure))
#34 C:/Users/paulb/Documents/GitHub/Educom-Trainee-Dashboard/DashboardAPI/vendor/laravel/framework/src/Illuminate/Http/Middleware/ValidatePathEncoding.php(28): Illuminate/Pipeline/Pipeline->{closure:{closure:Illuminate/Pipeline/Pipeline::carry():194}:195}(Object(Illuminate/Http/Request))
#35 C:/Users/paulb/Documents/GitHub/Educom-Trainee-Dashboard/DashboardAPI/vendor/laravel/framework/src/Illuminate/Pipeline/Pipeline.php(219): Illuminate/Http/Middleware/ValidatePathEncoding->handle(Object(Illuminate/Http/Request), Object(Closure))
#36 C:/Users/paulb/Documents/GitHub/Educom-Trainee-Dashboard/DashboardAPI/vendor/laravel/framework/src/Illuminate/Pipeline/Pipeline.php(137): Illuminate/Pipeline/Pipeline->{closure:{closure:Illuminate/Pipeline/Pipeline::carry():194}:195}(Object(Illuminate/Http/Request))
#37 C:/Users/paulb/Documents/GitHub/Educom-Trainee-Dashboard/DashboardAPI/vendor/laravel/framework/src/Illuminate/Foundation/Http/Kernel.php(175): Illuminate/Pipeline/Pipeline->then(Object(Closure))
#38 C:/Users/paulb/Documents/GitHub/Educom-Trainee-Dashboard/DashboardAPI/vendor/laravel/framework/src/Illuminate/Foundation/Http/Kernel.php(144): Illuminate/Foundation/Http/Kernel->sendRequestThroughRouter(Object(Illuminate/Http/Request))
#39 C:/Users/paulb/Documents/GitHub/Educom-Trainee-Dashboard/DashboardAPI/vendor/laravel/framework/src/Illuminate/Foundation/Application.php(1220): Illuminate/Foundation/Http/Kernel->handle(Object(Illuminate/Http/Request))
#40 C:/Users/paulb/Documents/GitHub/Educom-Trainee-Dashboard/DashboardAPI/public/index.php(20): Illuminate/Foundation/Application->handleRequest(Object(Illuminate/Http/Request))
#41 C:/Users/paulb/Documents/GitHub/Educom-Trainee-Dashboard/DashboardAPI/vendor/laravel/framework/src/Illuminate/Foundation/resources/server.php(23): require_once('C://Users//paulb//...')
#42 {main}

[previous exception] [object] (ReflectionException(code: -1): Class \"UserController\" does not exist at C:/Users/paulb/Documents/GitHub/Educom-Trainee-Dashboard/DashboardAPI/vendor/laravel/framework/src/Illuminate/Container/Container.php:1125)
[stacktrace]
#0 C:/Users/paulb/Documents/GitHub/Educom-Trainee-Dashboard/DashboardAPI/vendor/laravel/framework/src/Illuminate/Container/Container.php(1125): ReflectionClass->__construct('UserController')
#1 C:/Users/paulb/Documents/GitHub/Educom-Trainee-Dashboard/DashboardAPI/vendor/laravel/framework/src/Illuminate/Container/Container.php(936): Illuminate/Container/Container->build('UserController')
#2 C:/Users/paulb/Documents/GitHub/Educom-Trainee-Dashboard/DashboardAPI/vendor/laravel/framework/src/Illuminate/Foundation/Application.php(1078): Illuminate/Container/Container->resolve('UserController', Array, true)
#3 C:/Users/paulb/Documents/GitHub/Educom-Trainee-Dashboard/DashboardAPI/vendor/laravel/framework/src/Illuminate/Container/Container.php(864): Illuminate/Foundation/Application->resolve('UserController', Array)
#4 C:/Users/paulb/Documents/GitHub/Educom-Trainee-Dashboard/DashboardAPI/vendor/laravel/framework/src/Illuminate/Foundation/Application.php(1058): Illuminate/Container/Container->make('UserController', Array)
#5 C:/Users/paulb/Documents/GitHub/Educom-Trainee-Dashboard/DashboardAPI/vendor/laravel/framework/src/Illuminate/Routing/Route.php(296): Illuminate/Foundation/Application->make('UserController')
#6 C:/Users/paulb/Documents/GitHub/Educom-Trainee-Dashboard/DashboardAPI/vendor/laravel/framework/src/Illuminate/Routing/Route.php(276): Illuminate/Routing/Route->getController()
#7 C:/Users/paulb/Documents/GitHub/Educom-Trainee-Dashboard/DashboardAPI/vendor/laravel/framework/src/Illuminate/Routing/Route.php(215): Illuminate/Routing/Route->runController()
#8 C:/Users/paulb/Documents/GitHub/Educom-Trainee-Dashboard/DashboardAPI/vendor/laravel/framework/src/Illuminate/Routing/Router.php(822): Illuminate/Routing/Route->run()
#9 C:/Users/paulb/Documents/GitHub/Educom-Trainee-Dashboard/DashboardAPI/vendor/laravel/framework/src/Illuminate/Pipeline/Pipeline.php(180): Illuminate/Routing/Router->{closure:Illuminate/Routing/Router::runRouteWithinStack():821}(Object(Illuminate/Http/Request))
#10 C:/Users/paulb/Documents/GitHub/Educom-Trainee-Dashboard/DashboardAPI/vendor/laravel/framework/src/Illuminate/Routing/Middleware/SubstituteBindings.php(52): Illuminate/Pipeline/Pipeline->{closure:Illuminate/Pipeline/Pipeline::prepareDestination():178}(Object(Illuminate/Http/Request))
#11 C:/Users/paulb/Documents/GitHub/Educom-Trainee-Dashboard/DashboardAPI/vendor/laravel/framework/src/Illuminate/Pipeline/Pipeline.php(219): Illuminate/Routing/Middleware/SubstituteBindings->handle(Object(Illuminate/Http/Request), Object(Closure))
#12 C:/Users/paulb/Documents/GitHub/Educom-Trainee-Dashboard/DashboardAPI/vendor/laravel/framework/src/Illuminate/Pipeline/Pipeline.php(137): Illuminate/Pipeline/Pipeline->{closure:{closure:Illuminate/Pipeline/Pipeline::carry():194}:195}(Object(Illuminate/Http/Request))
#13 C:/Users/paulb/Documents/GitHub/Educom-Trainee-Dashboard/DashboardAPI/vendor/laravel/framework/src/Illuminate/Routing/Router.php(821): Illuminate/Pipeline/Pipeline->then(Object(Closure))
#14 C:/Users/paulb/Documents/GitHub/Educom-Trainee-Dashboard/DashboardAPI/vendor/laravel/framework/src/Illuminate/Routing/Router.php(800): Illuminate/Routing/Router->runRouteWithinStack(Object(Illuminate/Routing/Route), Object(Illuminate/Http/Request))
#15 C:/Users/paulb/Documents/GitHub/Educom-Trainee-Dashboard/DashboardAPI/vendor/laravel/framework/src/Illuminate/Routing/Router.php(764): Illuminate/Routing/Router->runRoute(Object(Illuminate/Http/Request), Object(Illuminate/Routing/Route))
#16 C:/Users/paulb/Documents/GitHub/Educom-Trainee-Dashboard/DashboardAPI/vendor/laravel/framework/src/Illuminate/Routing/Router.php(753): Illuminate/Routing/Router->dispatchToRoute(Object(Illuminate/Http/Request))
#17 C:/Users/paulb/Documents/GitHub/Educom-Trainee-Dashboard/DashboardAPI/vendor/laravel/framework/src/Illuminate/Foundation/Http/Kernel.php(200): Illuminate/Routing/Router->dispatch(Object(Illuminate/Http/Request))
#18 C:/Users/paulb/Documents/GitHub/Educom-Trainee-Dashboard/DashboardAPI/vendor/laravel/framework/src/Illuminate/Pipeline/Pipeline.php(180): Illuminate/Foundation/Http/Kernel->{closure:Illuminate/Foundation/Http/Kernel::dispatchToRouter():197}(Object(Illuminate/Http/Request))
#19 C:/Users/paulb/Documents/GitHub/Educom-Trainee-Dashboard/DashboardAPI/vendor/laravel/framework/src/Illuminate/Foundation/Http/Middleware/TransformsRequest.php(21): Illuminate/Pipeline/Pipeline->{closure:Illuminate/Pipeline/Pipeline::prepareDestination():178}(Object(Illuminate/Http/Request))
#20 C:/Users/paulb/Documents/GitHub/Educom-Trainee-Dashboard/DashboardAPI/vendor/laravel/framework/src/Illuminate/Foundation/Http/Middleware/ConvertEmptyStringsToNull.php(31): Illuminate/Foundation/Http/Middleware/TransformsRequest->handle(Object(Illuminate/Http/Request), Object(Closure))
#21 C:/Users/paulb/Documents/GitHub/Educom-Trainee-Dashboard/DashboardAPI/vendor/laravel/framework/src/Illuminate/Pipeline/Pipeline.php(219): Illuminate/Foundation/Http/Middleware/ConvertEmptyStringsToNull->handle(Object(Illuminate/Http/Request), Object(Closure))
#22 C:/Users/paulb/Documents/GitHub/Educom-Trainee-Dashboard/DashboardAPI/vendor/laravel/framework/src/Illuminate/Foundation/Http/Middleware/TransformsRequest.php(21): Illuminate/Pipeline/Pipeline->{closure:{closure:Illuminate/Pipeline/Pipeline::carry():194}:195}(Object(Illuminate/Http/Request))
#23 C:/Users/paulb/Documents/GitHub/Educom-Trainee-Dashboard/DashboardAPI/vendor/laravel/framework/src/Illuminate/Foundation/Http/Middleware/TrimStrings.php(51): Illuminate/Foundation/Http/Middleware/TransformsRequest->handle(Object(Illuminate/Http/Request), Object(Closure))
#24 C:/Users/paulb/Documents/GitHub/Educom-Trainee-Dashboard/DashboardAPI/vendor/laravel/framework/src/Illuminate/Pipeline/Pipeline.php(219): Illuminate/Foundation/Http/Middleware/TrimStrings->handle(Object(Illuminate/Http/Request), Object(Closure))
#25 C:/Users/paulb/Documents/GitHub/Educom-Trainee-Dashboard/DashboardAPI/vendor/laravel/framework/src/Illuminate/Http/Middleware/ValidatePostSize.php(27): Illuminate/Pipeline/Pipeline->{closure:{closure:Illuminate/Pipeline/Pipeline::carry():194}:195}(Object(Illuminate/Http/Request))
#26 C:/Users/paulb/Documents/GitHub/Educom-Trainee-Dashboard/DashboardAPI/vendor/laravel/framework/src/Illuminate/Pipeline/Pipeline.php(219): Illuminate/Http/Middleware/ValidatePostSize->handle(Object(Illuminate/Http/Request), Object(Closure))
#27 C:/Users/paulb/Documents/GitHub/Educom-Trainee-Dashboard/DashboardAPI/vendor/laravel/framework/src/Illuminate/Foundation/Http/Middleware/PreventRequestsDuringMaintenance.php(109): Illuminate/Pipeline/Pipeline->{closure:{closure:Illuminate/Pipeline/Pipeline::carry():194}:195}(Object(Illuminate/Http/Request))
#28 C:/Users/paulb/Documents/GitHub/Educom-Trainee-Dashboard/DashboardAPI/vendor/laravel/framework/src/Illuminate/Pipeline/Pipeline.php(219): Illuminate/Foundation/Http/Middleware/PreventRequestsDuringMaintenance->handle(Object(Illuminate/Http/Request), Object(Closure))
#29 C:/Users/paulb/Documents/GitHub/Educom-Trainee-Dashboard/DashboardAPI/vendor/laravel/framework/src/Illuminate/Http/Middleware/HandleCors.php(74): Illuminate/Pipeline/Pipeline->{closure:{closure:Illuminate/Pipeline/Pipeline::carry():194}:195}(Object(Illuminate/Http/Request))
#30 C:/Users/paulb/Documents/GitHub/Educom-Trainee-Dashboard/DashboardAPI/vendor/laravel/framework/src/Illuminate/Pipeline/Pipeline.php(219): Illuminate/Http/Middleware/HandleCors->handle(Object(Illuminate/Http/Request), Object(Closure))
#31 C:/Users/paulb/Documents/GitHub/Educom-Trainee-Dashboard/DashboardAPI/vendor/laravel/framework/src/Illuminate/Http/Middleware/TrustProxies.php(58): Illuminate/Pipeline/Pipeline->{closure:{closure:Illuminate/Pipeline/Pipeline::carry():194}:195}(Object(Illuminate/Http/Request))
#32 C:/Users/paulb/Documents/GitHub/Educom-Trainee-Dashboard/DashboardAPI/vendor/laravel/framework/src/Illuminate/Pipeline/Pipeline.php(219): Illuminate/Http/Middleware/TrustProxies->handle(Object(Illuminate/Http/Request), Object(Closure))
#33 C:/Users/paulb/Documents/GitHub/Educom-Trainee-Dashboard/DashboardAPI/vendor/laravel/framework/src/Illuminate/Foundation/Http/Middleware/InvokeDeferredCallbacks.php(22): Illuminate/Pipeline/Pipeline->{closure:{closure:Illuminate/Pipeline/Pipeline::carry():194}:195}(Object(Illuminate/Http/Request))
#34 C:/Users/paulb/Documents/GitHub/Educom-Trainee-Dashboard/DashboardAPI/vendor/laravel/framework/src/Illuminate/Pipeline/Pipeline.php(219): Illuminate/Foundation/Http/Middleware/InvokeDeferredCallbacks->handle(Object(Illuminate/Http/Request), Object(Closure))
#35 C:/Users/paulb/Documents/GitHub/Educom-Trainee-Dashboard/DashboardAPI/vendor/laravel/framework/src/Illuminate/Http/Middleware/ValidatePathEncoding.php(28): Illuminate/Pipeline/Pipeline->{closure:{closure:Illuminate/Pipeline/Pipeline::carry():194}:195}(Object(Illuminate/Http/Request))
#36 C:/Users/paulb/Documents/GitHub/Educom-Trainee-Dashboard/DashboardAPI/vendor/laravel/framework/src/Illuminate/Pipeline/Pipeline.php(219): Illuminate/Http/Middleware/ValidatePathEncoding->handle(Object(Illuminate/Http/Request), Object(Closure))
#37 C:/Users/paulb/Documents/GitHub/Educom-Trainee-Dashboard/DashboardAPI/vendor/laravel/framework/src/Illuminate/Pipeline/Pipeline.php(137): Illuminate/Pipeline/Pipeline->{closure:{closure:Illuminate/Pipeline/Pipeline::carry():194}:195}(Object(Illuminate/Http/Request))
#38 C:/Users/paulb/Documents/GitHub/Educom-Trainee-Dashboard/DashboardAPI/vendor/laravel/framework/src/Illuminate/Foundation/Http/Kernel.php(175): Illuminate/Pipeline/Pipeline->then(Object(Closure))
#39 C:/Users/paulb/Documents/GitHub/Educom-Trainee-Dashboard/DashboardAPI/vendor/laravel/framework/src/Illuminate/Foundation/Http/Kernel.php(144): Illuminate/Foundation/Http/Kernel->sendRequestThroughRouter(Object(Illuminate/Http/Request))
#40 C:/Users/paulb/Documents/GitHub/Educom-Trainee-Dashboard/DashboardAPI/vendor/laravel/framework/src/Illuminate/Foundation/Application.php(1220): Illuminate/Foundation/Http/Kernel->handle(Object(Illuminate/Http/Request))
#41 C:/Users/paulb/Documents/GitHub/Educom-Trainee-Dashboard/DashboardAPI/public/index.php(20): Illuminate/Foundation/Application->handleRequest(Object(Illuminate/Http/Request))
#42 C:/Users/paulb/Documents/GitHub/Educom-Trainee-Dashboard/DashboardAPI/vendor/laravel/framework/src/Illuminate/Foundation/resources/server.php(23): require_once('C://Users//paulb//...')
#43 {main}
"} 
[2026-07-16 13:18:43] local.ERROR: Target class [FaqController] does not exist. {"exception":"[object] (Illuminate\\Contracts\\Container\\BindingResolutionException(code: 0): Target class [FaqController] does not exist. at C:/Users/paulb/Documents/GitHub/Educom-Trainee-Dashboard/DashboardAPI/vendor/laravel/framework/src/Illuminate/Container/Container.php:1127)
[stacktrace]
#0 C:/Users/paulb/Documents/GitHub/Educom-Trainee-Dashboard/DashboardAPI/vendor/laravel/framework/src/Illuminate/Container/Container.php(936): Illuminate/Container/Container->build('FaqController')
#1 C:/Users/paulb/Documents/GitHub/Educom-Trainee-Dashboard/DashboardAPI/vendor/laravel/framework/src/Illuminate/Foundation/Application.php(1078): Illuminate/Container/Container->resolve('FaqController', Array, true)
#2 C:/Users/paulb/Documents/GitHub/Educom-Trainee-Dashboard/DashboardAPI/vendor/laravel/framework/src/Illuminate/Container/Container.php(864): Illuminate/Foundation/Application->resolve('FaqController', Array)
#3 C:/Users/paulb/Documents/GitHub/Educom-Trainee-Dashboard/DashboardAPI/vendor/laravel/framework/src/Illuminate/Foundation/Application.php(1058): Illuminate/Container/Container->make('FaqController', Array)
#4 C:/Users/paulb/Documents/GitHub/Educom-Trainee-Dashboard/DashboardAPI/vendor/laravel/framework/src/Illuminate/Routing/Route.php(296): Illuminate/Foundation/Application->make('FaqController')
#5 C:/Users/paulb/Documents/GitHub/Educom-Trainee-Dashboard/DashboardAPI/vendor/laravel/framework/src/Illuminate/Routing/Route.php(276): Illuminate/Routing/Route->getController()
#6 C:/Users/paulb/Documents/GitHub/Educom-Trainee-Dashboard/DashboardAPI/vendor/laravel/framework/src/Illuminate/Routing/Route.php(215): Illuminate/Routing/Route->runController()
#7 C:/Users/paulb/Documents/GitHub/Educom-Trainee-Dashboard/DashboardAPI/vendor/laravel/framework/src/Illuminate/Routing/Router.php(822): Illuminate/Routing/Route->run()
#8 C:/Users/paulb/Documents/GitHub/Educom-Trainee-Dashboard/DashboardAPI/vendor/laravel/framework/src/Illuminate/Pipeline/Pipeline.php(180): Illuminate/Routing/Router->{closure:Illuminate/Routing/Router::runRouteWithinStack():821}(Object(Illuminate/Http/Request))
#9 C:/Users/paulb/Documents/GitHub/Educom-Trainee-Dashboard/DashboardAPI/vendor/laravel/framework/src/Illuminate/Routing/Middleware/SubstituteBindings.php(52): Illuminate/Pipeline/Pipeline->{closure:Illuminate/Pipeline/Pipeline::prepareDestination():178}(Object(Illuminate/Http/Request))
#10 C:/Users/paulb/Documents/GitHub/Educom-Trainee-Dashboard/DashboardAPI/vendor/laravel/framework/src/Illuminate/Pipeline/Pipeline.php(219): Illuminate/Routing/Middleware/SubstituteBindings->handle(Object(Illuminate/Http/Request), Object(Closure))
#11 C:/Users/paulb/Documents/GitHub/Educom-Trainee-Dashboard/DashboardAPI/vendor/laravel/framework/src/Illuminate/Pipeline/Pipeline.php(137): Illuminate/Pipeline/Pipeline->{closure:{closure:Illuminate/Pipeline/Pipeline::carry():194}:195}(Object(Illuminate/Http/Request))
#12 C:/Users/paulb/Documents/GitHub/Educom-Trainee-Dashboard/DashboardAPI/vendor/laravel/framework/src/Illuminate/Routing/Router.php(821): Illuminate/Pipeline/Pipeline->then(Object(Closure))
#13 C:/Users/paulb/Documents/GitHub/Educom-Trainee-Dashboard/DashboardAPI/vendor/laravel/framework/src/Illuminate/Routing/Router.php(800): Illuminate/Routing/Router->runRouteWithinStack(Object(Illuminate/Routing/Route), Object(Illuminate/Http/Request))
#14 C:/Users/paulb/Documents/GitHub/Educom-Trainee-Dashboard/DashboardAPI/vendor/laravel/framework/src/Illuminate/Routing/Router.php(764): Illuminate/Routing/Router->runRoute(Object(Illuminate/Http/Request), Object(Illuminate/Routing/Route))
#15 C:/Users/paulb/Documents/GitHub/Educom-Trainee-Dashboard/DashboardAPI/vendor/laravel/framework/src/Illuminate/Routing/Router.php(753): Illuminate/Routing/Router->dispatchToRoute(Object(Illuminate/Http/Request))
#16 C:/Users/paulb/Documents/GitHub/Educom-Trainee-Dashboard/DashboardAPI/vendor/laravel/framework/src/Illuminate/Foundation/Http/Kernel.php(200): Illuminate/Routing/Router->dispatch(Object(Illuminate/Http/Request))
#17 C:/Users/paulb/Documents/GitHub/Educom-Trainee-Dashboard/DashboardAPI/vendor/laravel/framework/src/Illuminate/Pipeline/Pipeline.php(180): Illuminate/Foundation/Http/Kernel->{closure:Illuminate/Foundation/Http/Kernel::dispatchToRouter():197}(Object(Illuminate/Http/Request))
#18 C:/Users/paulb/Documents/GitHub/Educom-Trainee-Dashboard/DashboardAPI/vendor/laravel/framework/src/Illuminate/Foundation/Http/Middleware/TransformsRequest.php(21): Illuminate/Pipeline/Pipeline->{closure:Illuminate/Pipeline/Pipeline::prepareDestination():178}(Object(Illuminate/Http/Request))
#19 C:/Users/paulb/Documents/GitHub/Educom-Trainee-Dashboard/DashboardAPI/vendor/laravel/framework/src/Illuminate/Foundation/Http/Middleware/ConvertEmptyStringsToNull.php(31): Illuminate/Foundation/Http/Middleware/TransformsRequest->handle(Object(Illuminate/Http/Request), Object(Closure))
#20 C:/Users/paulb/Documents/GitHub/Educom-Trainee-Dashboard/DashboardAPI/vendor/laravel/framework/src/Illuminate/Pipeline/Pipeline.php(219): Illuminate/Foundation/Http/Middleware/ConvertEmptyStringsToNull->handle(Object(Illuminate/Http/Request), Object(Closure))
#21 C:/Users/paulb/Documents/GitHub/Educom-Trainee-Dashboard/DashboardAPI/vendor/laravel/framework/src/Illuminate/Foundation/Http/Middleware/TransformsRequest.php(21): Illuminate/Pipeline/Pipeline->{closure:{closure:Illuminate/Pipeline/Pipeline::carry():194}:195}(Object(Illuminate/Http/Request))
#22 C:/Users/paulb/Documents/GitHub/Educom-Trainee-Dashboard/DashboardAPI/vendor/laravel/framework/src/Illuminate/Foundation/Http/Middleware/TrimStrings.php(51): Illuminate/Foundation/Http/Middleware/TransformsRequest->handle(Object(Illuminate/Http/Request), Object(Closure))
#23 C:/Users/paulb/Documents/GitHub/Educom-Trainee-Dashboard/DashboardAPI/vendor/laravel/framework/src/Illuminate/Pipeline/Pipeline.php(219): Illuminate/Foundation/Http/Middleware/TrimStrings->handle(Object(Illuminate/Http/Request), Object(Closure))
#24 C:/Users/paulb/Documents/GitHub/Educom-Trainee-Dashboard/DashboardAPI/vendor/laravel/framework/src/Illuminate/Http/Middleware/ValidatePostSize.php(27): Illuminate/Pipeline/Pipeline->{closure:{closure:Illuminate/Pipeline/Pipeline::carry():194}:195}(Object(Illuminate/Http/Request))
#25 C:/Users/paulb/Documents/GitHub/Educom-Trainee-Dashboard/DashboardAPI/vendor/laravel/framework/src/Illuminate/Pipeline/Pipeline.php(219): Illuminate/Http/Middleware/ValidatePostSize->handle(Object(Illuminate/Http/Request), Object(Closure))
#26 C:/Users/paulb/Documents/GitHub/Educom-Trainee-Dashboard/DashboardAPI/vendor/laravel/framework/src/Illuminate/Foundation/Http/Middleware/PreventRequestsDuringMaintenance.php(109): Illuminate/Pipeline/Pipeline->{closure:{closure:Illuminate/Pipeline/Pipeline::carry():194}:195}(Object(Illuminate/Http/Request))
#27 C:/Users/paulb/Documents/GitHub/Educom-Trainee-Dashboard/DashboardAPI/vendor/laravel/framework/src/Illuminate/Pipeline/Pipeline.php(219): Illuminate/Foundation/Http/Middleware/PreventRequestsDuringMaintenance->handle(Object(Illuminate/Http/Request), Object(Closure))
#28 C:/Users/paulb/Documents/GitHub/Educom-Trainee-Dashboard/DashboardAPI/vendor/laravel/framework/src/Illuminate/Http/Middleware/HandleCors.php(74): Illuminate/Pipeline/Pipeline->{closure:{closure:Illuminate/Pipeline/Pipeline::carry():194}:195}(Object(Illuminate/Http/Request))
#29 C:/Users/paulb/Documents/GitHub/Educom-Trainee-Dashboard/DashboardAPI/vendor/laravel/framework/src/Illuminate/Pipeline/Pipeline.php(219): Illuminate/Http/Middleware/HandleCors->handle(Object(Illuminate/Http/Request), Object(Closure))
#30 C:/Users/paulb/Documents/GitHub/Educom-Trainee-Dashboard/DashboardAPI/vendor/laravel/framework/src/Illuminate/Http/Middleware/TrustProxies.php(58): Illuminate/Pipeline/Pipeline->{closure:{closure:Illuminate/Pipeline/Pipeline::carry():194}:195}(Object(Illuminate/Http/Request))
#31 C:/Users/paulb/Documents/GitHub/Educom-Trainee-Dashboard/DashboardAPI/vendor/laravel/framework/src/Illuminate/Pipeline/Pipeline.php(219): Illuminate/Http/Middleware/TrustProxies->handle(Object(Illuminate/Http/Request), Object(Closure))
#32 C:/Users/paulb/Documents/GitHub/Educom-Trainee-Dashboard/DashboardAPI/vendor/laravel/framework/src/Illuminate/Foundation/Http/Middleware/InvokeDeferredCallbacks.php(22): Illuminate/Pipeline/Pipeline->{closure:{closure:Illuminate/Pipeline/Pipeline::carry():194}:195}(Object(Illuminate/Http/Request))
#33 C:/Users/paulb/Documents/GitHub/Educom-Trainee-Dashboard/DashboardAPI/vendor/laravel/framework/src/Illuminate/Pipeline/Pipeline.php(219): Illuminate/Foundation/Http/Middleware/InvokeDeferredCallbacks->handle(Object(Illuminate/Http/Request), Object(Closure))
#34 C:/Users/paulb/Documents/GitHub/Educom-Trainee-Dashboard/DashboardAPI/vendor/laravel/framework/src/Illuminate/Http/Middleware/ValidatePathEncoding.php(28): Illuminate/Pipeline/Pipeline->{closure:{closure:Illuminate/Pipeline/Pipeline::carry():194}:195}(Object(Illuminate/Http/Request))
#35 C:/Users/paulb/Documents/GitHub/Educom-Trainee-Dashboard/DashboardAPI/vendor/laravel/framework/src/Illuminate/Pipeline/Pipeline.php(219): Illuminate/Http/Middleware/ValidatePathEncoding->handle(Object(Illuminate/Http/Request), Object(Closure))
#36 C:/Users/paulb/Documents/GitHub/Educom-Trainee-Dashboard/DashboardAPI/vendor/laravel/framework/src/Illuminate/Pipeline/Pipeline.php(137): Illuminate/Pipeline/Pipeline->{closure:{closure:Illuminate/Pipeline/Pipeline::carry():194}:195}(Object(Illuminate/Http/Request))
#37 C:/Users/paulb/Documents/GitHub/Educom-Trainee-Dashboard/DashboardAPI/vendor/laravel/framework/src/Illuminate/Foundation/Http/Kernel.php(175): Illuminate/Pipeline/Pipeline->then(Object(Closure))
#38 C:/Users/paulb/Documents/GitHub/Educom-Trainee-Dashboard/DashboardAPI/vendor/laravel/framework/src/Illuminate/Foundation/Http/Kernel.php(144): Illuminate/Foundation/Http/Kernel->sendRequestThroughRouter(Object(Illuminate/Http/Request))
#39 C:/Users/paulb/Documents/GitHub/Educom-Trainee-Dashboard/DashboardAPI/vendor/laravel/framework/src/Illuminate/Foundation/Application.php(1220): Illuminate/Foundation/Http/Kernel->handle(Object(Illuminate/Http/Request))
#40 C:/Users/paulb/Documents/GitHub/Educom-Trainee-Dashboard/DashboardAPI/public/index.php(20): Illuminate/Foundation/Application->handleRequest(Object(Illuminate/Http/Request))
#41 C:/Users/paulb/Documents/GitHub/Educom-Trainee-Dashboard/DashboardAPI/vendor/laravel/framework/src/Illuminate/Foundation/resources/server.php(23): require_once('C://Users//paulb//...')
#42 {main}

[previous exception] [object] (ReflectionException(code: -1): Class \"FaqController\" does not exist at C:/Users/paulb/Documents/GitHub/Educom-Trainee-Dashboard/DashboardAPI/vendor/laravel/framework/src/Illuminate/Container/Container.php:1125)
[stacktrace]
#0 C:/Users/paulb/Documents/GitHub/Educom-Trainee-Dashboard/DashboardAPI/vendor/laravel/framework/src/Illuminate/Container/Container.php(1125): ReflectionClass->__construct('FaqController')
#1 C:/Users/paulb/Documents/GitHub/Educom-Trainee-Dashboard/DashboardAPI/vendor/laravel/framework/src/Illuminate/Container/Container.php(936): Illuminate/Container/Container->build('FaqController')
#2 C:/Users/paulb/Documents/GitHub/Educom-Trainee-Dashboard/DashboardAPI/vendor/laravel/framework/src/Illuminate/Foundation/Application.php(1078): Illuminate/Container/Container->resolve('FaqController', Array, true)
#3 C:/Users/paulb/Documents/GitHub/Educom-Trainee-Dashboard/DashboardAPI/vendor/laravel/framework/src/Illuminate/Container/Container.php(864): Illuminate/Foundation/Application->resolve('FaqController', Array)
#4 C:/Users/paulb/Documents/GitHub/Educom-Trainee-Dashboard/DashboardAPI/vendor/laravel/framework/src/Illuminate/Foundation/Application.php(1058): Illuminate/Container/Container->make('FaqController', Array)
#5 C:/Users/paulb/Documents/GitHub/Educom-Trainee-Dashboard/DashboardAPI/vendor/laravel/framework/src/Illuminate/Routing/Route.php(296): Illuminate/Foundation/Application->make('FaqController')
#6 C:/Users/paulb/Documents/GitHub/Educom-Trainee-Dashboard/DashboardAPI/vendor/laravel/framework/src/Illuminate/Routing/Route.php(276): Illuminate/Routing/Route->getController()
#7 C:/Users/paulb/Documents/GitHub/Educom-Trainee-Dashboard/DashboardAPI/vendor/laravel/framework/src/Illuminate/Routing/Route.php(215): Illuminate/Routing/Route->runController()
#8 C:/Users/paulb/Documents/GitHub/Educom-Trainee-Dashboard/DashboardAPI/vendor/laravel/framework/src/Illuminate/Routing/Router.php(822): Illuminate/Routing/Route->run()
#9 C:/Users/paulb/Documents/GitHub/Educom-Trainee-Dashboard/DashboardAPI/vendor/laravel/framework/src/Illuminate/Pipeline/Pipeline.php(180): Illuminate/Routing/Router->{closure:Illuminate/Routing/Router::runRouteWithinStack():821}(Object(Illuminate/Http/Request))
#10 C:/Users/paulb/Documents/GitHub/Educom-Trainee-Dashboard/DashboardAPI/vendor/laravel/framework/src/Illuminate/Routing/Middleware/SubstituteBindings.php(52): Illuminate/Pipeline/Pipeline->{closure:Illuminate/Pipeline/Pipeline::prepareDestination():178}(Object(Illuminate/Http/Request))
#11 C:/Users/paulb/Documents/GitHub/Educom-Trainee-Dashboard/DashboardAPI/vendor/laravel/framework/src/Illuminate/Pipeline/Pipeline.php(219): Illuminate/Routing/Middleware/SubstituteBindings->handle(Object(Illuminate/Http/Request), Object(Closure))
#12 C:/Users/paulb/Documents/GitHub/Educom-Trainee-Dashboard/DashboardAPI/vendor/laravel/framework/src/Illuminate/Pipeline/Pipeline.php(137): Illuminate/Pipeline/Pipeline->{closure:{closure:Illuminate/Pipeline/Pipeline::carry():194}:195}(Object(Illuminate/Http/Request))
#13 C:/Users/paulb/Documents/GitHub/Educom-Trainee-Dashboard/DashboardAPI/vendor/laravel/framework/src/Illuminate/Routing/Router.php(821): Illuminate/Pipeline/Pipeline->then(Object(Closure))
#14 C:/Users/paulb/Documents/GitHub/Educom-Trainee-Dashboard/DashboardAPI/vendor/laravel/framework/src/Illuminate/Routing/Router.php(800): Illuminate/Routing/Router->runRouteWithinStack(Object(Illuminate/Routing/Route), Object(Illuminate/Http/Request))
#15 C:/Users/paulb/Documents/GitHub/Educom-Trainee-Dashboard/DashboardAPI/vendor/laravel/framework/src/Illuminate/Routing/Router.php(764): Illuminate/Routing/Router->runRoute(Object(Illuminate/Http/Request), Object(Illuminate/Routing/Route))
#16 C:/Users/paulb/Documents/GitHub/Educom-Trainee-Dashboard/DashboardAPI/vendor/laravel/framework/src/Illuminate/Routing/Router.php(753): Illuminate/Routing/Router->dispatchToRoute(Object(Illuminate/Http/Request))
#17 C:/Users/paulb/Documents/GitHub/Educom-Trainee-Dashboard/DashboardAPI/vendor/laravel/framework/src/Illuminate/Foundation/Http/Kernel.php(200): Illuminate/Routing/Router->dispatch(Object(Illuminate/Http/Request))
#18 C:/Users/paulb/Documents/GitHub/Educom-Trainee-Dashboard/DashboardAPI/vendor/laravel/framework/src/Illuminate/Pipeline/Pipeline.php(180): Illuminate/Foundation/Http/Kernel->{closure:Illuminate/Foundation/Http/Kernel::dispatchToRouter():197}(Object(Illuminate/Http/Request))
#19 C:/Users/paulb/Documents/GitHub/Educom-Trainee-Dashboard/DashboardAPI/vendor/laravel/framework/src/Illuminate/Foundation/Http/Middleware/TransformsRequest.php(21): Illuminate/Pipeline/Pipeline->{closure:Illuminate/Pipeline/Pipeline::prepareDestination():178}(Object(Illuminate/Http/Request))
#20 C:/Users/paulb/Documents/GitHub/Educom-Trainee-Dashboard/DashboardAPI/vendor/laravel/framework/src/Illuminate/Foundation/Http/Middleware/ConvertEmptyStringsToNull.php(31): Illuminate/Foundation/Http/Middleware/TransformsRequest->handle(Object(Illuminate/Http/Request), Object(Closure))
#21 C:/Users/paulb/Documents/GitHub/Educom-Trainee-Dashboard/DashboardAPI/vendor/laravel/framework/src/Illuminate/Pipeline/Pipeline.php(219): Illuminate/Foundation/Http/Middleware/ConvertEmptyStringsToNull->handle(Object(Illuminate/Http/Request), Object(Closure))
#22 C:/Users/paulb/Documents/GitHub/Educom-Trainee-Dashboard/DashboardAPI/vendor/laravel/framework/src/Illuminate/Foundation/Http/Middleware/TransformsRequest.php(21): Illuminate/Pipeline/Pipeline->{closure:{closure:Illuminate/Pipeline/Pipeline::carry():194}:195}(Object(Illuminate/Http/Request))
#23 C:/Users/paulb/Documents/GitHub/Educom-Trainee-Dashboard/DashboardAPI/vendor/laravel/framework/src/Illuminate/Foundation/Http/Middleware/TrimStrings.php(51): Illuminate/Foundation/Http/Middleware/TransformsRequest->handle(Object(Illuminate/Http/Request), Object(Closure))
#24 C:/Users/paulb/Documents/GitHub/Educom-Trainee-Dashboard/DashboardAPI/vendor/laravel/framework/src/Illuminate/Pipeline/Pipeline.php(219): Illuminate/Foundation/Http/Middleware/TrimStrings->handle(Object(Illuminate/Http/Request), Object(Closure))
#25 C:/Users/paulb/Documents/GitHub/Educom-Trainee-Dashboard/DashboardAPI/vendor/laravel/framework/src/Illuminate/Http/Middleware/ValidatePostSize.php(27): Illuminate/Pipeline/Pipeline->{closure:{closure:Illuminate/Pipeline/Pipeline::carry():194}:195}(Object(Illuminate/Http/Request))
#26 C:/Users/paulb/Documents/GitHub/Educom-Trainee-Dashboard/DashboardAPI/vendor/laravel/framework/src/Illuminate/Pipeline/Pipeline.php(219): Illuminate/Http/Middleware/ValidatePostSize->handle(Object(Illuminate/Http/Request), Object(Closure))
#27 C:/Users/paulb/Documents/GitHub/Educom-Trainee-Dashboard/DashboardAPI/vendor/laravel/framework/src/Illuminate/Foundation/Http/Middleware/PreventRequestsDuringMaintenance.php(109): Illuminate/Pipeline/Pipeline->{closure:{closure:Illuminate/Pipeline/Pipeline::carry():194}:195}(Object(Illuminate/Http/Request))
#28 C:/Users/paulb/Documents/GitHub/Educom-Trainee-Dashboard/DashboardAPI/vendor/laravel/framework/src/Illuminate/Pipeline/Pipeline.php(219): Illuminate/Foundation/Http/Middleware/PreventRequestsDuringMaintenance->handle(Object(Illuminate/Http/Request), Object(Closure))
#29 C:/Users/paulb/Documents/GitHub/Educom-Trainee-Dashboard/DashboardAPI/vendor/laravel/framework/src/Illuminate/Http/Middleware/HandleCors.php(74): Illuminate/Pipeline/Pipeline->{closure:{closure:Illuminate/Pipeline/Pipeline::carry():194}:195}(Object(Illuminate/Http/Request))
#30 C:/Users/paulb/Documents/GitHub/Educom-Trainee-Dashboard/DashboardAPI/vendor/laravel/framework/src/Illuminate/Pipeline/Pipeline.php(219): Illuminate/Http/Middleware/HandleCors->handle(Object(Illuminate/Http/Request), Object(Closure))
#31 C:/Users/paulb/Documents/GitHub/Educom-Trainee-Dashboard/DashboardAPI/vendor/laravel/framework/src/Illuminate/Http/Middleware/TrustProxies.php(58): Illuminate/Pipeline/Pipeline->{closure:{closure:Illuminate/Pipeline/Pipeline::carry():194}:195}(Object(Illuminate/Http/Request))
#32 C:/Users/paulb/Documents/GitHub/Educom-Trainee-Dashboard/DashboardAPI/vendor/laravel/framework/src/Illuminate/Pipeline/Pipeline.php(219): Illuminate/Http/Middleware/TrustProxies->handle(Object(Illuminate/Http/Request), Object(Closure))
#33 C:/Users/paulb/Documents/GitHub/Educom-Trainee-Dashboard/DashboardAPI/vendor/laravel/framework/src/Illuminate/Foundation/Http/Middleware/InvokeDeferredCallbacks.php(22): Illuminate/Pipeline/Pipeline->{closure:{closure:Illuminate/Pipeline/Pipeline::carry():194}:195}(Object(Illuminate/Http/Request))
#34 C:/Users/paulb/Documents/GitHub/Educom-Trainee-Dashboard/DashboardAPI/vendor/laravel/framework/src/Illuminate/Pipeline/Pipeline.php(219): Illuminate/Foundation/Http/Middleware/InvokeDeferredCallbacks->handle(Object(Illuminate/Http/Request), Object(Closure))
#35 C:/Users/paulb/Documents/GitHub/Educom-Trainee-Dashboard/DashboardAPI/vendor/laravel/framework/src/Illuminate/Http/Middleware/ValidatePathEncoding.php(28): Illuminate/Pipeline/Pipeline->{closure:{closure:Illuminate/Pipeline/Pipeline::carry():194}:195}(Object(Illuminate/Http/Request))
#36 C:/Users/paulb/Documents/GitHub/Educom-Trainee-Dashboard/DashboardAPI/vendor/laravel/framework/src/Illuminate/Pipeline/Pipeline.php(219): Illuminate/Http/Middleware/ValidatePathEncoding->handle(Object(Illuminate/Http/Request), Object(Closure))
#37 C:/Users/paulb/Documents/GitHub/Educom-Trainee-Dashboard/DashboardAPI/vendor/laravel/framework/src/Illuminate/Pipeline/Pipeline.php(137): Illuminate/Pipeline/Pipeline->{closure:{closure:Illuminate/Pipeline/Pipeline::carry():194}:195}(Object(Illuminate/Http/Request))
#38 C:/Users/paulb/Documents/GitHub/Educom-Trainee-Dashboard/DashboardAPI/vendor/laravel/framework/src/Illuminate/Foundation/Http/Kernel.php(175): Illuminate/Pipeline/Pipeline->then(Object(Closure))
#39 C:/Users/paulb/Documents/GitHub/Educom-Trainee-Dashboard/DashboardAPI/vendor/laravel/framework/src/Illuminate/Foundation/Http/Kernel.php(144): Illuminate/Foundation/Http/Kernel->sendRequestThroughRouter(Object(Illuminate/Http/Request))
#40 C:/Users/paulb/Documents/GitHub/Educom-Trainee-Dashboard/DashboardAPI/vendor/laravel/framework/src/Illuminate/Foundation/Application.php(1220): Illuminate/Foundation/Http/Kernel->handle(Object(Illuminate/Http/Request))
#41 C:/Users/paulb/Documents/GitHub/Educom-Trainee-Dashboard/DashboardAPI/public/index.php(20): Illuminate/Foundation/Application->handleRequest(Object(Illuminate/Http/Request))
#42 C:/Users/paulb/Documents/GitHub/Educom-Trainee-Dashboard/DashboardAPI/vendor/laravel/framework/src/Illuminate/Foundation/resources/server.php(23): require_once('C://Users//paulb//...')
#43 {main}
"} 
[2026-07-16 13:20:19] local.ERROR: Class "App\Http\Controllers\Faq" not found {"exception":"[object] (Error(code: 0): Class \"App\\Http\\Controllers\\Faq\" not found at C:/Users/paulb/Documents/GitHub/Educom-Trainee-Dashboard/DashboardAPI/app/Http/Controllers/FaqController.php:18)
[stacktrace]
#0 C:/Users/paulb/Documents/GitHub/Educom-Trainee-Dashboard/DashboardAPI/vendor/laravel/framework/src/Illuminate/Routing/ControllerDispatcher.php(46): App/Http/Controllers/FaqController->create(Object(Illuminate/Http/Request))
#1 C:/Users/paulb/Documents/GitHub/Educom-Trainee-Dashboard/DashboardAPI/vendor/laravel/framework/src/Illuminate/Routing/Route.php(275): Illuminate/Routing/ControllerDispatcher->dispatch(Object(Illuminate/Routing/Route), Object(App/Http/Controllers/FaqController), 'create')
#2 C:/Users/paulb/Documents/GitHub/Educom-Trainee-Dashboard/DashboardAPI/vendor/laravel/framework/src/Illuminate/Routing/Route.php(215): Illuminate/Routing/Route->runController()
#3 C:/Users/paulb/Documents/GitHub/Educom-Trainee-Dashboard/DashboardAPI/vendor/laravel/framework/src/Illuminate/Routing/Router.php(822): Illuminate/Routing/Route->run()
#4 C:/Users/paulb/Documents/GitHub/Educom-Trainee-Dashboard/DashboardAPI/vendor/laravel/framework/src/Illuminate/Pipeline/Pipeline.php(180): Illuminate/Routing/Router->{closure:Illuminate/Routing/Router::runRouteWithinStack():821}(Object(Illuminate/Http/Request))
#5 C:/Users/paulb/Documents/GitHub/Educom-Trainee-Dashboard/DashboardAPI/vendor/laravel/framework/src/Illuminate/Routing/Middleware/SubstituteBindings.php(52): Illuminate/Pipeline/Pipeline->{closure:Illuminate/Pipeline/Pipeline::prepareDestination():178}(Object(Illuminate/Http/Request))
#6 C:/Users/paulb/Documents/GitHub/Educom-Trainee-Dashboard/DashboardAPI/vendor/laravel/framework/src/Illuminate/Pipeline/Pipeline.php(219): Illuminate/Routing/Middleware/SubstituteBindings->handle(Object(Illuminate/Http/Request), Object(Closure))
#7 C:/Users/paulb/Documents/GitHub/Educom-Trainee-Dashboard/DashboardAPI/vendor/laravel/framework/src/Illuminate/Pipeline/Pipeline.php(137): Illuminate/Pipeline/Pipeline->{closure:{closure:Illuminate/Pipeline/Pipeline::carry():194}:195}(Object(Illuminate/Http/Request))
#8 C:/Users/paulb/Documents/GitHub/Educom-Trainee-Dashboard/DashboardAPI/vendor/laravel/framework/src/Illuminate/Routing/Router.php(821): Illuminate/Pipeline/Pipeline->then(Object(Closure))
#9 C:/Users/paulb/Documents/GitHub/Educom-Trainee-Dashboard/DashboardAPI/vendor/laravel/framework/src/Illuminate/Routing/Router.php(800): Illuminate/Routing/Router->runRouteWithinStack(Object(Illuminate/Routing/Route), Object(Illuminate/Http/Request))
#10 C:/Users/paulb/Documents/GitHub/Educom-Trainee-Dashboard/DashboardAPI/vendor/laravel/framework/src/Illuminate/Routing/Router.php(764): Illuminate/Routing/Router->runRoute(Object(Illuminate/Http/Request), Object(Illuminate/Routing/Route))
#11 C:/Users/paulb/Documents/GitHub/Educom-Trainee-Dashboard/DashboardAPI/vendor/laravel/framework/src/Illuminate/Routing/Router.php(753): Illuminate/Routing/Router->dispatchToRoute(Object(Illuminate/Http/Request))
#12 C:/Users/paulb/Documents/GitHub/Educom-Trainee-Dashboard/DashboardAPI/vendor/laravel/framework/src/Illuminate/Foundation/Http/Kernel.php(200): Illuminate/Routing/Router->dispatch(Object(Illuminate/Http/Request))
#13 C:/Users/paulb/Documents/GitHub/Educom-Trainee-Dashboard/DashboardAPI/vendor/laravel/framework/src/Illuminate/Pipeline/Pipeline.php(180): Illuminate/Foundation/Http/Kernel->{closure:Illuminate/Foundation/Http/Kernel::dispatchToRouter():197}(Object(Illuminate/Http/Request))
#14 C:/Users/paulb/Documents/GitHub/Educom-Trainee-Dashboard/DashboardAPI/vendor/laravel/framework/src/Illuminate/Foundation/Http/Middleware/TransformsRequest.php(21): Illuminate/Pipeline/Pipeline->{closure:Illuminate/Pipeline/Pipeline::prepareDestination():178}(Object(Illuminate/Http/Request))
#15 C:/Users/paulb/Documents/GitHub/Educom-Trainee-Dashboard/DashboardAPI/vendor/laravel/framework/src/Illuminate/Foundation/Http/Middleware/ConvertEmptyStringsToNull.php(31): Illuminate/Foundation/Http/Middleware/TransformsRequest->handle(Object(Illuminate/Http/Request), Object(Closure))
#16 C:/Users/paulb/Documents/GitHub/Educom-Trainee-Dashboard/DashboardAPI/vendor/laravel/framework/src/Illuminate/Pipeline/Pipeline.php(219): Illuminate/Foundation/Http/Middleware/ConvertEmptyStringsToNull->handle(Object(Illuminate/Http/Request), Object(Closure))
#17 C:/Users/paulb/Documents/GitHub/Educom-Trainee-Dashboard/DashboardAPI/vendor/laravel/framework/src/Illuminate/Foundation/Http/Middleware/TransformsRequest.php(21): Illuminate/Pipeline/Pipeline->{closure:{closure:Illuminate/Pipeline/Pipeline::carry():194}:195}(Object(Illuminate/Http/Request))
#18 C:/Users/paulb/Documents/GitHub/Educom-Trainee-Dashboard/DashboardAPI/vendor/laravel/framework/src/Illuminate/Foundation/Http/Middleware/TrimStrings.php(51): Illuminate/Foundation/Http/Middleware/TransformsRequest->handle(Object(Illuminate/Http/Request), Object(Closure))
#19 C:/Users/paulb/Documents/GitHub/Educom-Trainee-Dashboard/DashboardAPI/vendor/laravel/framework/src/Illuminate/Pipeline/Pipeline.php(219): Illuminate/Foundation/Http/Middleware/TrimStrings->handle(Object(Illuminate/Http/Request), Object(Closure))
#20 C:/Users/paulb/Documents/GitHub/Educom-Trainee-Dashboard/DashboardAPI/vendor/laravel/framework/src/Illuminate/Http/Middleware/ValidatePostSize.php(27): Illuminate/Pipeline/Pipeline->{closure:{closure:Illuminate/Pipeline/Pipeline::carry():194}:195}(Object(Illuminate/Http/Request))
#21 C:/Users/paulb/Documents/GitHub/Educom-Trainee-Dashboard/DashboardAPI/vendor/laravel/framework/src/Illuminate/Pipeline/Pipeline.php(219): Illuminate/Http/Middleware/ValidatePostSize->handle(Object(Illuminate/Http/Request), Object(Closure))
#22 C:/Users/paulb/Documents/GitHub/Educom-Trainee-Dashboard/DashboardAPI/vendor/laravel/framework/src/Illuminate/Foundation/Http/Middleware/PreventRequestsDuringMaintenance.php(109): Illuminate/Pipeline/Pipeline->{closure:{closure:Illuminate/Pipeline/Pipeline::carry():194}:195}(Object(Illuminate/Http/Request))
#23 C:/Users/paulb/Documents/GitHub/Educom-Trainee-Dashboard/DashboardAPI/vendor/laravel/framework/src/Illuminate/Pipeline/Pipeline.php(219): Illuminate/Foundation/Http/Middleware/PreventRequestsDuringMaintenance->handle(Object(Illuminate/Http/Request), Object(Closure))
#24 C:/Users/paulb/Documents/GitHub/Educom-Trainee-Dashboard/DashboardAPI/vendor/laravel/framework/src/Illuminate/Http/Middleware/HandleCors.php(74): Illuminate/Pipeline/Pipeline->{closure:{closure:Illuminate/Pipeline/Pipeline::carry():194}:195}(Object(Illuminate/Http/Request))
#25 C:/Users/paulb/Documents/GitHub/Educom-Trainee-Dashboard/DashboardAPI/vendor/laravel/framework/src/Illuminate/Pipeline/Pipeline.php(219): Illuminate/Http/Middleware/HandleCors->handle(Object(Illuminate/Http/Request), Object(Closure))
#26 C:/Users/paulb/Documents/GitHub/Educom-Trainee-Dashboard/DashboardAPI/vendor/laravel/framework/src/Illuminate/Http/Middleware/TrustProxies.php(58): Illuminate/Pipeline/Pipeline->{closure:{closure:Illuminate/Pipeline/Pipeline::carry():194}:195}(Object(Illuminate/Http/Request))
#27 C:/Users/paulb/Documents/GitHub/Educom-Trainee-Dashboard/DashboardAPI/vendor/laravel/framework/src/Illuminate/Pipeline/Pipeline.php(219): Illuminate/Http/Middleware/TrustProxies->handle(Object(Illuminate/Http/Request), Object(Closure))
#28 C:/Users/paulb/Documents/GitHub/Educom-Trainee-Dashboard/DashboardAPI/vendor/laravel/framework/src/Illuminate/Foundation/Http/Middleware/InvokeDeferredCallbacks.php(22): Illuminate/Pipeline/Pipeline->{closure:{closure:Illuminate/Pipeline/Pipeline::carry():194}:195}(Object(Illuminate/Http/Request))
#29 C:/Users/paulb/Documents/GitHub/Educom-Trainee-Dashboard/DashboardAPI/vendor/laravel/framework/src/Illuminate/Pipeline/Pipeline.php(219): Illuminate/Foundation/Http/Middleware/InvokeDeferredCallbacks->handle(Object(Illuminate/Http/Request), Object(Closure))
#30 C:/Users/paulb/Documents/GitHub/Educom-Trainee-Dashboard/DashboardAPI/vendor/laravel/framework/src/Illuminate/Http/Middleware/ValidatePathEncoding.php(28): Illuminate/Pipeline/Pipeline->{closure:{closure:Illuminate/Pipeline/Pipeline::carry():194}:195}(Object(Illuminate/Http/Request))
#31 C:/Users/paulb/Documents/GitHub/Educom-Trainee-Dashboard/DashboardAPI/vendor/laravel/framework/src/Illuminate/Pipeline/Pipeline.php(219): Illuminate/Http/Middleware/ValidatePathEncoding->handle(Object(Illuminate/Http/Request), Object(Closure))
#32 C:/Users/paulb/Documents/GitHub/Educom-Trainee-Dashboard/DashboardAPI/vendor/laravel/framework/src/Illuminate/Pipeline/Pipeline.php(137): Illuminate/Pipeline/Pipeline->{closure:{closure:Illuminate/Pipeline/Pipeline::carry():194}:195}(Object(Illuminate/Http/Request))
#33 C:/Users/paulb/Documents/GitHub/Educom-Trainee-Dashboard/DashboardAPI/vendor/laravel/framework/src/Illuminate/Foundation/Http/Kernel.php(175): Illuminate/Pipeline/Pipeline->then(Object(Closure))
#34 C:/Users/paulb/Documents/GitHub/Educom-Trainee-Dashboard/DashboardAPI/vendor/laravel/framework/src/Illuminate/Foundation/Http/Kernel.php(144): Illuminate/Foundation/Http/Kernel->sendRequestThroughRouter(Object(Illuminate/Http/Request))
#35 C:/Users/paulb/Documents/GitHub/Educom-Trainee-Dashboard/DashboardAPI/vendor/laravel/framework/src/Illuminate/Foundation/Application.php(1220): Illuminate/Foundation/Http/Kernel->handle(Object(Illuminate/Http/Request))
#36 C:/Users/paulb/Documents/GitHub/Educom-Trainee-Dashboard/DashboardAPI/public/index.php(20): Illuminate/Foundation/Application->handleRequest(Object(Illuminate/Http/Request))
#37 C:/Users/paulb/Documents/GitHub/Educom-Trainee-Dashboard/DashboardAPI/vendor/laravel/framework/src/Illuminate/Foundation/resources/server.php(23): require_once('C://Users//paulb//...')
#38 {main}
"} 
[2026-07-16 13:40:49] local.ERROR: Target class [App\Http\Controllers\ApiController] does not exist. {"exception":"[object] (Illuminate\\Contracts\\Container\\BindingResolutionException(code: 0): Target class [App\\Http\\Controllers\\ApiController] does not exist. at C:/Users/paulb/Documents/GitHub/Educom-Trainee-Dashboard/DashboardAPI/vendor/laravel/framework/src/Illuminate/Container/Container.php:1127)
[stacktrace]
#0 C:/Users/paulb/Documents/GitHub/Educom-Trainee-Dashboard/DashboardAPI/vendor/laravel/framework/src/Illuminate/Container/Container.php(936): Illuminate/Container/Container->build('App//Http//Contro...')
#1 C:/Users/paulb/Documents/GitHub/Educom-Trainee-Dashboard/DashboardAPI/vendor/laravel/framework/src/Illuminate/Foundation/Application.php(1078): Illuminate/Container/Container->resolve('App//Http//Contro...', Array, true)
#2 C:/Users/paulb/Documents/GitHub/Educom-Trainee-Dashboard/DashboardAPI/vendor/laravel/framework/src/Illuminate/Container/Container.php(864): Illuminate/Foundation/Application->resolve('App//Http//Contro...', Array)
#3 C:/Users/paulb/Documents/GitHub/Educom-Trainee-Dashboard/DashboardAPI/vendor/laravel/framework/src/Illuminate/Foundation/Application.php(1058): Illuminate/Container/Container->make('App//Http//Contro...', Array)
#4 C:/Users/paulb/Documents/GitHub/Educom-Trainee-Dashboard/DashboardAPI/vendor/laravel/framework/src/Illuminate/Routing/Route.php(296): Illuminate/Foundation/Application->make('App//Http//Contro...')
#5 C:/Users/paulb/Documents/GitHub/Educom-Trainee-Dashboard/DashboardAPI/vendor/laravel/framework/src/Illuminate/Routing/Route.php(276): Illuminate/Routing/Route->getController()
#6 C:/Users/paulb/Documents/GitHub/Educom-Trainee-Dashboard/DashboardAPI/vendor/laravel/framework/src/Illuminate/Routing/Route.php(215): Illuminate/Routing/Route->runController()
#7 C:/Users/paulb/Documents/GitHub/Educom-Trainee-Dashboard/DashboardAPI/vendor/laravel/framework/src/Illuminate/Routing/Router.php(822): Illuminate/Routing/Route->run()
#8 C:/Users/paulb/Documents/GitHub/Educom-Trainee-Dashboard/DashboardAPI/vendor/laravel/framework/src/Illuminate/Pipeline/Pipeline.php(180): Illuminate/Routing/Router->{closure:Illuminate/Routing/Router::runRouteWithinStack():821}(Object(Illuminate/Http/Request))
#9 C:/Users/paulb/Documents/GitHub/Educom-Trainee-Dashboard/DashboardAPI/vendor/laravel/framework/src/Illuminate/Routing/Middleware/SubstituteBindings.php(52): Illuminate/Pipeline/Pipeline->{closure:Illuminate/Pipeline/Pipeline::prepareDestination():178}(Object(Illuminate/Http/Request))
#10 C:/Users/paulb/Documents/GitHub/Educom-Trainee-Dashboard/DashboardAPI/vendor/laravel/framework/src/Illuminate/Pipeline/Pipeline.php(219): Illuminate/Routing/Middleware/SubstituteBindings->handle(Object(Illuminate/Http/Request), Object(Closure))
#11 C:/Users/paulb/Documents/GitHub/Educom-Trainee-Dashboard/DashboardAPI/vendor/laravel/framework/src/Illuminate/Pipeline/Pipeline.php(137): Illuminate/Pipeline/Pipeline->{closure:{closure:Illuminate/Pipeline/Pipeline::carry():194}:195}(Object(Illuminate/Http/Request))
#12 C:/Users/paulb/Documents/GitHub/Educom-Trainee-Dashboard/DashboardAPI/vendor/laravel/framework/src/Illuminate/Routing/Router.php(821): Illuminate/Pipeline/Pipeline->then(Object(Closure))
#13 C:/Users/paulb/Documents/GitHub/Educom-Trainee-Dashboard/DashboardAPI/vendor/laravel/framework/src/Illuminate/Routing/Router.php(800): Illuminate/Routing/Router->runRouteWithinStack(Object(Illuminate/Routing/Route), Object(Illuminate/Http/Request))
#14 C:/Users/paulb/Documents/GitHub/Educom-Trainee-Dashboard/DashboardAPI/vendor/laravel/framework/src/Illuminate/Routing/Router.php(764): Illuminate/Routing/Router->runRoute(Object(Illuminate/Http/Request), Object(Illuminate/Routing/Route))
#15 C:/Users/paulb/Documents/GitHub/Educom-Trainee-Dashboard/DashboardAPI/vendor/laravel/framework/src/Illuminate/Routing/Router.php(753): Illuminate/Routing/Router->dispatchToRoute(Object(Illuminate/Http/Request))
#16 C:/Users/paulb/Documents/GitHub/Educom-Trainee-Dashboard/DashboardAPI/vendor/laravel/framework/src/Illuminate/Foundation/Http/Kernel.php(200): Illuminate/Routing/Router->dispatch(Object(Illuminate/Http/Request))
#17 C:/Users/paulb/Documents/GitHub/Educom-Trainee-Dashboard/DashboardAPI/vendor/laravel/framework/src/Illuminate/Pipeline/Pipeline.php(180): Illuminate/Foundation/Http/Kernel->{closure:Illuminate/Foundation/Http/Kernel::dispatchToRouter():197}(Object(Illuminate/Http/Request))
#18 C:/Users/paulb/Documents/GitHub/Educom-Trainee-Dashboard/DashboardAPI/vendor/laravel/framework/src/Illuminate/Foundation/Http/Middleware/TransformsRequest.php(21): Illuminate/Pipeline/Pipeline->{closure:Illuminate/Pipeline/Pipeline::prepareDestination():178}(Object(Illuminate/Http/Request))
#19 C:/Users/paulb/Documents/GitHub/Educom-Trainee-Dashboard/DashboardAPI/vendor/laravel/framework/src/Illuminate/Foundation/Http/Middleware/ConvertEmptyStringsToNull.php(31): Illuminate/Foundation/Http/Middleware/TransformsRequest->handle(Object(Illuminate/Http/Request), Object(Closure))
#20 C:/Users/paulb/Documents/GitHub/Educom-Trainee-Dashboard/DashboardAPI/vendor/laravel/framework/src/Illuminate/Pipeline/Pipeline.php(219): Illuminate/Foundation/Http/Middleware/ConvertEmptyStringsToNull->handle(Object(Illuminate/Http/Request), Object(Closure))
#21 C:/Users/paulb/Documents/GitHub/Educom-Trainee-Dashboard/DashboardAPI/vendor/laravel/framework/src/Illuminate/Foundation/Http/Middleware/TransformsRequest.php(21): Illuminate/Pipeline/Pipeline->{closure:{closure:Illuminate/Pipeline/Pipeline::carry():194}:195}(Object(Illuminate/Http/Request))
#22 C:/Users/paulb/Documents/GitHub/Educom-Trainee-Dashboard/DashboardAPI/vendor/laravel/framework/src/Illuminate/Foundation/Http/Middleware/TrimStrings.php(51): Illuminate/Foundation/Http/Middleware/TransformsRequest->handle(Object(Illuminate/Http/Request), Object(Closure))
#23 C:/Users/paulb/Documents/GitHub/Educom-Trainee-Dashboard/DashboardAPI/vendor/laravel/framework/src/Illuminate/Pipeline/Pipeline.php(219): Illuminate/Foundation/Http/Middleware/TrimStrings->handle(Object(Illuminate/Http/Request), Object(Closure))
#24 C:/Users/paulb/Documents/GitHub/Educom-Trainee-Dashboard/DashboardAPI/vendor/laravel/framework/src/Illuminate/Http/Middleware/ValidatePostSize.php(27): Illuminate/Pipeline/Pipeline->{closure:{closure:Illuminate/Pipeline/Pipeline::carry():194}:195}(Object(Illuminate/Http/Request))
#25 C:/Users/paulb/Documents/GitHub/Educom-Trainee-Dashboard/DashboardAPI/vendor/laravel/framework/src/Illuminate/Pipeline/Pipeline.php(219): Illuminate/Http/Middleware/ValidatePostSize->handle(Object(Illuminate/Http/Request), Object(Closure))
#26 C:/Users/paulb/Documents/GitHub/Educom-Trainee-Dashboard/DashboardAPI/vendor/laravel/framework/src/Illuminate/Foundation/Http/Middleware/PreventRequestsDuringMaintenance.php(109): Illuminate/Pipeline/Pipeline->{closure:{closure:Illuminate/Pipeline/Pipeline::carry():194}:195}(Object(Illuminate/Http/Request))
#27 C:/Users/paulb/Documents/GitHub/Educom-Trainee-Dashboard/DashboardAPI/vendor/laravel/framework/src/Illuminate/Pipeline/Pipeline.php(219): Illuminate/Foundation/Http/Middleware/PreventRequestsDuringMaintenance->handle(Object(Illuminate/Http/Request), Object(Closure))
#28 C:/Users/paulb/Documents/GitHub/Educom-Trainee-Dashboard/DashboardAPI/vendor/laravel/framework/src/Illuminate/Http/Middleware/HandleCors.php(74): Illuminate/Pipeline/Pipeline->{closure:{closure:Illuminate/Pipeline/Pipeline::carry():194}:195}(Object(Illuminate/Http/Request))
#29 C:/Users/paulb/Documents/GitHub/Educom-Trainee-Dashboard/DashboardAPI/vendor/laravel/framework/src/Illuminate/Pipeline/Pipeline.php(219): Illuminate/Http/Middleware/HandleCors->handle(Object(Illuminate/Http/Request), Object(Closure))
#30 C:/Users/paulb/Documents/GitHub/Educom-Trainee-Dashboard/DashboardAPI/vendor/laravel/framework/src/Illuminate/Http/Middleware/TrustProxies.php(58): Illuminate/Pipeline/Pipeline->{closure:{closure:Illuminate/Pipeline/Pipeline::carry():194}:195}(Object(Illuminate/Http/Request))
#31 C:/Users/paulb/Documents/GitHub/Educom-Trainee-Dashboard/DashboardAPI/vendor/laravel/framework/src/Illuminate/Pipeline/Pipeline.php(219): Illuminate/Http/Middleware/TrustProxies->handle(Object(Illuminate/Http/Request), Object(Closure))
#32 C:/Users/paulb/Documents/GitHub/Educom-Trainee-Dashboard/DashboardAPI/vendor/laravel/framework/src/Illuminate/Foundation/Http/Middleware/InvokeDeferredCallbacks.php(22): Illuminate/Pipeline/Pipeline->{closure:{closure:Illuminate/Pipeline/Pipeline::carry():194}:195}(Object(Illuminate/Http/Request))
#33 C:/Users/paulb/Documents/GitHub/Educom-Trainee-Dashboard/DashboardAPI/vendor/laravel/framework/src/Illuminate/Pipeline/Pipeline.php(219): Illuminate/Foundation/Http/Middleware/InvokeDeferredCallbacks->handle(Object(Illuminate/Http/Request), Object(Closure))
#34 C:/Users/paulb/Documents/GitHub/Educom-Trainee-Dashboard/DashboardAPI/vendor/laravel/framework/src/Illuminate/Http/Middleware/ValidatePathEncoding.php(28): Illuminate/Pipeline/Pipeline->{closure:{closure:Illuminate/Pipeline/Pipeline::carry():194}:195}(Object(Illuminate/Http/Request))
#35 C:/Users/paulb/Documents/GitHub/Educom-Trainee-Dashboard/DashboardAPI/vendor/laravel/framework/src/Illuminate/Pipeline/Pipeline.php(219): Illuminate/Http/Middleware/ValidatePathEncoding->handle(Object(Illuminate/Http/Request), Object(Closure))
#36 C:/Users/paulb/Documents/GitHub/Educom-Trainee-Dashboard/DashboardAPI/vendor/laravel/framework/src/Illuminate/Pipeline/Pipeline.php(137): Illuminate/Pipeline/Pipeline->{closure:{closure:Illuminate/Pipeline/Pipeline::carry():194}:195}(Object(Illuminate/Http/Request))
#37 C:/Users/paulb/Documents/GitHub/Educom-Trainee-Dashboard/DashboardAPI/vendor/laravel/framework/src/Illuminate/Foundation/Http/Kernel.php(175): Illuminate/Pipeline/Pipeline->then(Object(Closure))
#38 C:/Users/paulb/Documents/GitHub/Educom-Trainee-Dashboard/DashboardAPI/vendor/laravel/framework/src/Illuminate/Foundation/Http/Kernel.php(144): Illuminate/Foundation/Http/Kernel->sendRequestThroughRouter(Object(Illuminate/Http/Request))
#39 C:/Users/paulb/Documents/GitHub/Educom-Trainee-Dashboard/DashboardAPI/vendor/laravel/framework/src/Illuminate/Foundation/Application.php(1220): Illuminate/Foundation/Http/Kernel->handle(Object(Illuminate/Http/Request))
#40 C:/Users/paulb/Documents/GitHub/Educom-Trainee-Dashboard/DashboardAPI/public/index.php(20): Illuminate/Foundation/Application->handleRequest(Object(Illuminate/Http/Request))
#41 C:/Users/paulb/Documents/GitHub/Educom-Trainee-Dashboard/DashboardAPI/vendor/laravel/framework/src/Illuminate/Foundation/resources/server.php(23): require_once('C://Users//paulb//...')
#42 {main}

[previous exception] [object] (ReflectionException(code: -1): Class \"App\\Http\\Controllers\\ApiController\" does not exist at C:/Users/paulb/Documents/GitHub/Educom-Trainee-Dashboard/DashboardAPI/vendor/laravel/framework/src/Illuminate/Container/Container.php:1125)
[stacktrace]
#0 C:/Users/paulb/Documents/GitHub/Educom-Trainee-Dashboard/DashboardAPI/vendor/laravel/framework/src/Illuminate/Container/Container.php(1125): ReflectionClass->__construct('App//Http//Contro...')
#1 C:/Users/paulb/Documents/GitHub/Educom-Trainee-Dashboard/DashboardAPI/vendor/laravel/framework/src/Illuminate/Container/Container.php(936): Illuminate/Container/Container->build('App//Http//Contro...')
#2 C:/Users/paulb/Documents/GitHub/Educom-Trainee-Dashboard/DashboardAPI/vendor/laravel/framework/src/Illuminate/Foundation/Application.php(1078): Illuminate/Container/Container->resolve('App//Http//Contro...', Array, true)
#3 C:/Users/paulb/Documents/GitHub/Educom-Trainee-Dashboard/DashboardAPI/vendor/laravel/framework/src/Illuminate/Container/Container.php(864): Illuminate/Foundation/Application->resolve('App//Http//Contro...', Array)
#4 C:/Users/paulb/Documents/GitHub/Educom-Trainee-Dashboard/DashboardAPI/vendor/laravel/framework/src/Illuminate/Foundation/Application.php(1058): Illuminate/Container/Container->make('App//Http//Contro...', Array)
#5 C:/Users/paulb/Documents/GitHub/Educom-Trainee-Dashboard/DashboardAPI/vendor/laravel/framework/src/Illuminate/Routing/Route.php(296): Illuminate/Foundation/Application->make('App//Http//Contro...')
#6 C:/Users/paulb/Documents/GitHub/Educom-Trainee-Dashboard/DashboardAPI/vendor/laravel/framework/src/Illuminate/Routing/Route.php(276): Illuminate/Routing/Route->getController()
#7 C:/Users/paulb/Documents/GitHub/Educom-Trainee-Dashboard/DashboardAPI/vendor/laravel/framework/src/Illuminate/Routing/Route.php(215): Illuminate/Routing/Route->runController()
#8 C:/Users/paulb/Documents/GitHub/Educom-Trainee-Dashboard/DashboardAPI/vendor/laravel/framework/src/Illuminate/Routing/Router.php(822): Illuminate/Routing/Route->run()
#9 C:/Users/paulb/Documents/GitHub/Educom-Trainee-Dashboard/DashboardAPI/vendor/laravel/framework/src/Illuminate/Pipeline/Pipeline.php(180): Illuminate/Routing/Router->{closure:Illuminate/Routing/Router::runRouteWithinStack():821}(Object(Illuminate/Http/Request))
#10 C:/Users/paulb/Documents/GitHub/Educom-Trainee-Dashboard/DashboardAPI/vendor/laravel/framework/src/Illuminate/Routing/Middleware/SubstituteBindings.php(52): Illuminate/Pipeline/Pipeline->{closure:Illuminate/Pipeline/Pipeline::prepareDestination():178}(Object(Illuminate/Http/Request))
#11 C:/Users/paulb/Documents/GitHub/Educom-Trainee-Dashboard/DashboardAPI/vendor/laravel/framework/src/Illuminate/Pipeline/Pipeline.php(219): Illuminate/Routing/Middleware/SubstituteBindings->handle(Object(Illuminate/Http/Request), Object(Closure))
#12 C:/Users/paulb/Documents/GitHub/Educom-Trainee-Dashboard/DashboardAPI/vendor/laravel/framework/src/Illuminate/Pipeline/Pipeline.php(137): Illuminate/Pipeline/Pipeline->{closure:{closure:Illuminate/Pipeline/Pipeline::carry():194}:195}(Object(Illuminate/Http/Request))
#13 C:/Users/paulb/Documents/GitHub/Educom-Trainee-Dashboard/DashboardAPI/vendor/laravel/framework/src/Illuminate/Routing/Router.php(821): Illuminate/Pipeline/Pipeline->then(Object(Closure))
#14 C:/Users/paulb/Documents/GitHub/Educom-Trainee-Dashboard/DashboardAPI/vendor/laravel/framework/src/Illuminate/Routing/Router.php(800): Illuminate/Routing/Router->runRouteWithinStack(Object(Illuminate/Routing/Route), Object(Illuminate/Http/Request))
#15 C:/Users/paulb/Documents/GitHub/Educom-Trainee-Dashboard/DashboardAPI/vendor/laravel/framework/src/Illuminate/Routing/Router.php(764): Illuminate/Routing/Router->runRoute(Object(Illuminate/Http/Request), Object(Illuminate/Routing/Route))
#16 C:/Users/paulb/Documents/GitHub/Educom-Trainee-Dashboard/DashboardAPI/vendor/laravel/framework/src/Illuminate/Routing/Router.php(753): Illuminate/Routing/Router->dispatchToRoute(Object(Illuminate/Http/Request))
#17 C:/Users/paulb/Documents/GitHub/Educom-Trainee-Dashboard/DashboardAPI/vendor/laravel/framework/src/Illuminate/Foundation/Http/Kernel.php(200): Illuminate/Routing/Router->dispatch(Object(Illuminate/Http/Request))
#18 C:/Users/paulb/Documents/GitHub/Educom-Trainee-Dashboard/DashboardAPI/vendor/laravel/framework/src/Illuminate/Pipeline/Pipeline.php(180): Illuminate/Foundation/Http/Kernel->{closure:Illuminate/Foundation/Http/Kernel::dispatchToRouter():197}(Object(Illuminate/Http/Request))
#19 C:/Users/paulb/Documents/GitHub/Educom-Trainee-Dashboard/DashboardAPI/vendor/laravel/framework/src/Illuminate/Foundation/Http/Middleware/TransformsRequest.php(21): Illuminate/Pipeline/Pipeline->{closure:Illuminate/Pipeline/Pipeline::prepareDestination():178}(Object(Illuminate/Http/Request))
#20 C:/Users/paulb/Documents/GitHub/Educom-Trainee-Dashboard/DashboardAPI/vendor/laravel/framework/src/Illuminate/Foundation/Http/Middleware/ConvertEmptyStringsToNull.php(31): Illuminate/Foundation/Http/Middleware/TransformsRequest->handle(Object(Illuminate/Http/Request), Object(Closure))
#21 C:/Users/paulb/Documents/GitHub/Educom-Trainee-Dashboard/DashboardAPI/vendor/laravel/framework/src/Illuminate/Pipeline/Pipeline.php(219): Illuminate/Foundation/Http/Middleware/ConvertEmptyStringsToNull->handle(Object(Illuminate/Http/Request), Object(Closure))
#22 C:/Users/paulb/Documents/GitHub/Educom-Trainee-Dashboard/DashboardAPI/vendor/laravel/framework/src/Illuminate/Foundation/Http/Middleware/TransformsRequest.php(21): Illuminate/Pipeline/Pipeline->{closure:{closure:Illuminate/Pipeline/Pipeline::carry():194}:195}(Object(Illuminate/Http/Request))
#23 C:/Users/paulb/Documents/GitHub/Educom-Trainee-Dashboard/DashboardAPI/vendor/laravel/framework/src/Illuminate/Foundation/Http/Middleware/TrimStrings.php(51): Illuminate/Foundation/Http/Middleware/TransformsRequest->handle(Object(Illuminate/Http/Request), Object(Closure))
#24 C:/Users/paulb/Documents/GitHub/Educom-Trainee-Dashboard/DashboardAPI/vendor/laravel/framework/src/Illuminate/Pipeline/Pipeline.php(219): Illuminate/Foundation/Http/Middleware/TrimStrings->handle(Object(Illuminate/Http/Request), Object(Closure))
#25 C:/Users/paulb/Documents/GitHub/Educom-Trainee-Dashboard/DashboardAPI/vendor/laravel/framework/src/Illuminate/Http/Middleware/ValidatePostSize.php(27): Illuminate/Pipeline/Pipeline->{closure:{closure:Illuminate/Pipeline/Pipeline::carry():194}:195}(Object(Illuminate/Http/Request))
#26 C:/Users/paulb/Documents/GitHub/Educom-Trainee-Dashboard/DashboardAPI/vendor/laravel/framework/src/Illuminate/Pipeline/Pipeline.php(219): Illuminate/Http/Middleware/ValidatePostSize->handle(Object(Illuminate/Http/Request), Object(Closure))
#27 C:/Users/paulb/Documents/GitHub/Educom-Trainee-Dashboard/DashboardAPI/vendor/laravel/framework/src/Illuminate/Foundation/Http/Middleware/PreventRequestsDuringMaintenance.php(109): Illuminate/Pipeline/Pipeline->{closure:{closure:Illuminate/Pipeline/Pipeline::carry():194}:195}(Object(Illuminate/Http/Request))
#28 C:/Users/paulb/Documents/GitHub/Educom-Trainee-Dashboard/DashboardAPI/vendor/laravel/framework/src/Illuminate/Pipeline/Pipeline.php(219): Illuminate/Foundation/Http/Middleware/PreventRequestsDuringMaintenance->handle(Object(Illuminate/Http/Request), Object(Closure))
#29 C:/Users/paulb/Documents/GitHub/Educom-Trainee-Dashboard/DashboardAPI/vendor/laravel/framework/src/Illuminate/Http/Middleware/HandleCors.php(74): Illuminate/Pipeline/Pipeline->{closure:{closure:Illuminate/Pipeline/Pipeline::carry():194}:195}(Object(Illuminate/Http/Request))
#30 C:/Users/paulb/Documents/GitHub/Educom-Trainee-Dashboard/DashboardAPI/vendor/laravel/framework/src/Illuminate/Pipeline/Pipeline.php(219): Illuminate/Http/Middleware/HandleCors->handle(Object(Illuminate/Http/Request), Object(Closure))
#31 C:/Users/paulb/Documents/GitHub/Educom-Trainee-Dashboard/DashboardAPI/vendor/laravel/framework/src/Illuminate/Http/Middleware/TrustProxies.php(58): Illuminate/Pipeline/Pipeline->{closure:{closure:Illuminate/Pipeline/Pipeline::carry():194}:195}(Object(Illuminate/Http/Request))
#32 C:/Users/paulb/Documents/GitHub/Educom-Trainee-Dashboard/DashboardAPI/vendor/laravel/framework/src/Illuminate/Pipeline/Pipeline.php(219): Illuminate/Http/Middleware/TrustProxies->handle(Object(Illuminate/Http/Request), Object(Closure))
#33 C:/Users/paulb/Documents/GitHub/Educom-Trainee-Dashboard/DashboardAPI/vendor/laravel/framework/src/Illuminate/Foundation/Http/Middleware/InvokeDeferredCallbacks.php(22): Illuminate/Pipeline/Pipeline->{closure:{closure:Illuminate/Pipeline/Pipeline::carry():194}:195}(Object(Illuminate/Http/Request))
#34 C:/Users/paulb/Documents/GitHub/Educom-Trainee-Dashboard/DashboardAPI/vendor/laravel/framework/src/Illuminate/Pipeline/Pipeline.php(219): Illuminate/Foundation/Http/Middleware/InvokeDeferredCallbacks->handle(Object(Illuminate/Http/Request), Object(Closure))
#35 C:/Users/paulb/Documents/GitHub/Educom-Trainee-Dashboard/DashboardAPI/vendor/laravel/framework/src/Illuminate/Http/Middleware/ValidatePathEncoding.php(28): Illuminate/Pipeline/Pipeline->{closure:{closure:Illuminate/Pipeline/Pipeline::carry():194}:195}(Object(Illuminate/Http/Request))
#36 C:/Users/paulb/Documents/GitHub/Educom-Trainee-Dashboard/DashboardAPI/vendor/laravel/framework/src/Illuminate/Pipeline/Pipeline.php(219): Illuminate/Http/Middleware/ValidatePathEncoding->handle(Object(Illuminate/Http/Request), Object(Closure))
#37 C:/Users/paulb/Documents/GitHub/Educom-Trainee-Dashboard/DashboardAPI/vendor/laravel/framework/src/Illuminate/Pipeline/Pipeline.php(137): Illuminate/Pipeline/Pipeline->{closure:{closure:Illuminate/Pipeline/Pipeline::carry():194}:195}(Object(Illuminate/Http/Request))
#38 C:/Users/paulb/Documents/GitHub/Educom-Trainee-Dashboard/DashboardAPI/vendor/laravel/framework/src/Illuminate/Foundation/Http/Kernel.php(175): Illuminate/Pipeline/Pipeline->then(Object(Closure))
#39 C:/Users/paulb/Documents/GitHub/Educom-Trainee-Dashboard/DashboardAPI/vendor/laravel/framework/src/Illuminate/Foundation/Http/Kernel.php(144): Illuminate/Foundation/Http/Kernel->sendRequestThroughRouter(Object(Illuminate/Http/Request))
#40 C:/Users/paulb/Documents/GitHub/Educom-Trainee-Dashboard/DashboardAPI/vendor/laravel/framework/src/Illuminate/Foundation/Application.php(1220): Illuminate/Foundation/Http/Kernel->handle(Object(Illuminate/Http/Request))
#41 C:/Users/paulb/Documents/GitHub/Educom-Trainee-Dashboard/DashboardAPI/public/index.php(20): Illuminate/Foundation/Application->handleRequest(Object(Illuminate/Http/Request))
#42 C:/Users/paulb/Documents/GitHub/Educom-Trainee-Dashboard/DashboardAPI/vendor/laravel/framework/src/Illuminate/Foundation/resources/server.php(23): require_once('C://Users//paulb//...')
#43 {main}
"} 
[2026-07-16 13:41:01] local.ERROR: Cannot redeclare class App\Http\Controllers\ApiController (previously declared in C:\Users\paulb\Documents\GitHub\Educom-Trainee-Dashboard\DashboardAPI\app\Http\Controllers\UsageController.php:8) {"exception":"[object] (Symfony\\Component\\ErrorHandler\\Error\\FatalError(code: 0): Cannot redeclare class App\\Http\\Controllers\\ApiController (previously declared in C:\\Users\\paulb\\Documents\\GitHub\\Educom-Trainee-Dashboard\\DashboardAPI\\app\\Http\\Controllers\\UsageController.php:8) at C:/Users/paulb/Documents/GitHub/Educom-Trainee-Dashboard/DashboardAPI/app/Http/Controllers/UsageController.php:8)
[stacktrace]
#0 {main}
"} 
[2026-07-16 13:41:24] local.ERROR: Cannot redeclare class App\Http\Controllers\ApiController (previously declared in C:\Users\paulb\Documents\GitHub\Educom-Trainee-Dashboard\DashboardAPI\app\Http\Controllers\UsageController.php:8) {"exception":"[object] (Symfony\\Component\\ErrorHandler\\Error\\FatalError(code: 0): Cannot redeclare class App\\Http\\Controllers\\ApiController (previously declared in C:\\Users\\paulb\\Documents\\GitHub\\Educom-Trainee-Dashboard\\DashboardAPI\\app\\Http\\Controllers\\UsageController.php:8) at C:/Users/paulb/Documents/GitHub/Educom-Trainee-Dashboard/DashboardAPI/app/Http/Controllers/UsageController.php:8)
[stacktrace]
#0 {main}
"} 
[2026-07-20 09:28:55] testing.ERROR: could not find driver (Connection: sqlite, Database: :memory:, SQL: select * from "AiUsage" order by "created_at" desc) {"exception":"[object] (Illuminate\\Database\\QueryException(code: 0): could not find driver (Connection: sqlite, Database: :memory:, SQL: select * from \"AiUsage\" order by \"created_at\" desc) at C:/Users/paulb/Documents/GitHub/Educom-Trainee-Dashboard/DashboardAPI/vendor/laravel/framework/src/Illuminate/Database/Connection.php:857)
[stacktrace]
#0 C:/Users/paulb/Documents/GitHub/Educom-Trainee-Dashboard/DashboardAPI/vendor/laravel/framework/src/Illuminate/Database/Connection.php(813): Illuminate/Database/Connection->runQueryCallback('select * from \"...', Array, Object(Closure))
#1 C:/Users/paulb/Documents/GitHub/Educom-Trainee-Dashboard/DashboardAPI/vendor/laravel/framework/src/Illuminate/Database/Connection.php(426): Illuminate/Database/Connection->run('select * from \"...', Array, Object(Closure))
#2 C:/Users/paulb/Documents/GitHub/Educom-Trainee-Dashboard/DashboardAPI/vendor/laravel/framework/src/Illuminate/Database/Query/Builder.php(3573): Illuminate/Database/Connection->select('select * from \"...', Array, true, Array)
#3 C:/Users/paulb/Documents/GitHub/Educom-Trainee-Dashboard/DashboardAPI/vendor/laravel/framework/src/Illuminate/Database/Query/Builder.php(3557): Illuminate/Database/Query/Builder->runSelect()
#4 C:/Users/paulb/Documents/GitHub/Educom-Trainee-Dashboard/DashboardAPI/vendor/laravel/framework/src/Illuminate/Database/Eloquent/Builder.php(908): Illuminate/Database/Query/Builder->get(Array)
#5 C:/Users/paulb/Documents/GitHub/Educom-Trainee-Dashboard/DashboardAPI/vendor/laravel/framework/src/Illuminate/Database/Eloquent/Builder.php(890): Illuminate/Database/Eloquent/Builder->getModels(Array)
#6 C:/Users/paulb/Documents/GitHub/Educom-Trainee-Dashboard/DashboardAPI/app/Http/Controllers/UsageController.php(81): Illuminate/Database/Eloquent/Builder->get()
#7 C:/Users/paulb/Documents/GitHub/Educom-Trainee-Dashboard/DashboardAPI/vendor/laravel/framework/src/Illuminate/Routing/ControllerDispatcher.php(46): App/Http/Controllers/UsageController->getUsage()
#8 C:/Users/paulb/Documents/GitHub/Educom-Trainee-Dashboard/DashboardAPI/vendor/laravel/framework/src/Illuminate/Routing/Route.php(275): Illuminate/Routing/ControllerDispatcher->dispatch(Object(Illuminate/Routing/Route), Object(App/Http/Controllers/UsageController), 'getUsage')
#9 C:/Users/paulb/Documents/GitHub/Educom-Trainee-Dashboard/DashboardAPI/vendor/laravel/framework/src/Illuminate/Routing/Route.php(215): Illuminate/Routing/Route->runController()
#10 C:/Users/paulb/Documents/GitHub/Educom-Trainee-Dashboard/DashboardAPI/vendor/laravel/framework/src/Illuminate/Routing/Router.php(822): Illuminate/Routing/Route->run()
#11 C:/Users/paulb/Documents/GitHub/Educom-Trainee-Dashboard/DashboardAPI/vendor/laravel/framework/src/Illuminate/Pipeline/Pipeline.php(180): Illuminate/Routing/Router->{closure:Illuminate/Routing/Router::runRouteWithinStack():821}(Object(Illuminate/Http/Request))
#12 C:/Users/paulb/Documents/GitHub/Educom-Trainee-Dashboard/DashboardAPI/vendor/laravel/framework/src/Illuminate/Routing/Middleware/SubstituteBindings.php(52): Illuminate/Pipeline/Pipeline->{closure:Illuminate/Pipeline/Pipeline::prepareDestination():178}(Object(Illuminate/Http/Request))
#13 C:/Users/paulb/Documents/GitHub/Educom-Trainee-Dashboard/DashboardAPI/vendor/laravel/framework/src/Illuminate/Pipeline/Pipeline.php(219): Illuminate/Routing/Middleware/SubstituteBindings->handle(Object(Illuminate/Http/Request), Object(Closure))
#14 C:/Users/paulb/Documents/GitHub/Educom-Trainee-Dashboard/DashboardAPI/vendor/laravel/framework/src/Illuminate/Pipeline/Pipeline.php(137): Illuminate/Pipeline/Pipeline->{closure:{closure:Illuminate/Pipeline/Pipeline::carry():194}:195}(Object(Illuminate/Http/Request))
#15 C:/Users/paulb/Documents/GitHub/Educom-Trainee-Dashboard/DashboardAPI/vendor/laravel/framework/src/Illuminate/Routing/Router.php(821): Illuminate/Pipeline/Pipeline->then(Object(Closure))
#16 C:/Users/paulb/Documents/GitHub/Educom-Trainee-Dashboard/DashboardAPI/vendor/laravel/framework/src/Illuminate/Routing/Router.php(800): Illuminate/Routing/Router->runRouteWithinStack(Object(Illuminate/Routing/Route), Object(Illuminate/Http/Request))
#17 C:/Users/paulb/Documents/GitHub/Educom-Trainee-Dashboard/DashboardAPI/vendor/laravel/framework/src/Illuminate/Routing/Router.php(764): Illuminate/Routing/Router->runRoute(Object(Illuminate/Http/Request), Object(Illuminate/Routing/Route))
#18 C:/Users/paulb/Documents/GitHub/Educom-Trainee-Dashboard/DashboardAPI/vendor/laravel/framework/src/Illuminate/Routing/Router.php(753): Illuminate/Routing/Router->dispatchToRoute(Object(Illuminate/Http/Request))
#19 C:/Users/paulb/Documents/GitHub/Educom-Trainee-Dashboard/DashboardAPI/vendor/laravel/framework/src/Illuminate/Foundation/Http/Kernel.php(200): Illuminate/Routing/Router->dispatch(Object(Illuminate/Http/Request))
#20 C:/Users/paulb/Documents/GitHub/Educom-Trainee-Dashboard/DashboardAPI/vendor/laravel/framework/src/Illuminate/Pipeline/Pipeline.php(180): Illuminate/Foundation/Http/Kernel->{closure:Illuminate/Foundation/Http/Kernel::dispatchToRouter():197}(Object(Illuminate/Http/Request))
#21 C:/Users/paulb/Documents/GitHub/Educom-Trainee-Dashboard/DashboardAPI/vendor/laravel/framework/src/Illuminate/Foundation/Http/Middleware/TransformsRequest.php(21): Illuminate/Pipeline/Pipeline->{closure:Illuminate/Pipeline/Pipeline::prepareDestination():178}(Object(Illuminate/Http/Request))
#22 C:/Users/paulb/Documents/GitHub/Educom-Trainee-Dashboard/DashboardAPI/vendor/laravel/framework/src/Illuminate/Foundation/Http/Middleware/ConvertEmptyStringsToNull.php(31): Illuminate/Foundation/Http/Middleware/TransformsRequest->handle(Object(Illuminate/Http/Request), Object(Closure))
#23 C:/Users/paulb/Documents/GitHub/Educom-Trainee-Dashboard/DashboardAPI/vendor/laravel/framework/src/Illuminate/Pipeline/Pipeline.php(219): Illuminate/Foundation/Http/Middleware/ConvertEmptyStringsToNull->handle(Object(Illuminate/Http/Request), Object(Closure))
#24 C:/Users/paulb/Documents/GitHub/Educom-Trainee-Dashboard/DashboardAPI/vendor/laravel/framework/src/Illuminate/Foundation/Http/Middleware/TransformsRequest.php(21): Illuminate/Pipeline/Pipeline->{closure:{closure:Illuminate/Pipeline/Pipeline::carry():194}:195}(Object(Illuminate/Http/Request))
#25 C:/Users/paulb/Documents/GitHub/Educom-Trainee-Dashboard/DashboardAPI/vendor/laravel/framework/src/Illuminate/Foundation/Http/Middleware/TrimStrings.php(51): Illuminate/Foundation/Http/Middleware/TransformsRequest->handle(Object(Illuminate/Http/Request), Object(Closure))
#26 C:/Users/paulb/Documents/GitHub/Educom-Trainee-Dashboard/DashboardAPI/vendor/laravel/framework/src/Illuminate/Pipeline/Pipeline.php(219): Illuminate/Foundation/Http/Middleware/TrimStrings->handle(Object(Illuminate/Http/Request), Object(Closure))
#27 C:/Users/paulb/Documents/GitHub/Educom-Trainee-Dashboard/DashboardAPI/vendor/laravel/framework/src/Illuminate/Http/Middleware/ValidatePostSize.php(27): Illuminate/Pipeline/Pipeline->{closure:{closure:Illuminate/Pipeline/Pipeline::carry():194}:195}(Object(Illuminate/Http/Request))
#28 C:/Users/paulb/Documents/GitHub/Educom-Trainee-Dashboard/DashboardAPI/vendor/laravel/framework/src/Illuminate/Pipeline/Pipeline.php(219): Illuminate/Http/Middleware/ValidatePostSize->handle(Object(Illuminate/Http/Request), Object(Closure))
#29 C:/Users/paulb/Documents/GitHub/Educom-Trainee-Dashboard/DashboardAPI/vendor/laravel/framework/src/Illuminate/Foundation/Http/Middleware/PreventRequestsDuringMaintenance.php(109): Illuminate/Pipeline/Pipeline->{closure:{closure:Illuminate/Pipeline/Pipeline::carry():194}:195}(Object(Illuminate/Http/Request))
#30 C:/Users/paulb/Documents/GitHub/Educom-Trainee-Dashboard/DashboardAPI/vendor/laravel/framework/src/Illuminate/Pipeline/Pipeline.php(219): Illuminate/Foundation/Http/Middleware/PreventRequestsDuringMaintenance->handle(Object(Illuminate/Http/Request), Object(Closure))
#31 C:/Users/paulb/Documents/GitHub/Educom-Trainee-Dashboard/DashboardAPI/vendor/laravel/framework/src/Illuminate/Http/Middleware/HandleCors.php(74): Illuminate/Pipeline/Pipeline->{closure:{closure:Illuminate/Pipeline/Pipeline::carry():194}:195}(Object(Illuminate/Http/Request))
#32 C:/Users/paulb/Documents/GitHub/Educom-Trainee-Dashboard/DashboardAPI/vendor/laravel/framework/src/Illuminate/Pipeline/Pipeline.php(219): Illuminate/Http/Middleware/HandleCors->handle(Object(Illuminate/Http/Request), Object(Closure))
#33 C:/Users/paulb/Documents/GitHub/Educom-Trainee-Dashboard/DashboardAPI/vendor/laravel/framework/src/Illuminate/Http/Middleware/TrustProxies.php(58): Illuminate/Pipeline/Pipeline->{closure:{closure:Illuminate/Pipeline/Pipeline::carry():194}:195}(Object(Illuminate/Http/Request))
#34 C:/Users/paulb/Documents/GitHub/Educom-Trainee-Dashboard/DashboardAPI/vendor/laravel/framework/src/Illuminate/Pipeline/Pipeline.php(219): Illuminate/Http/Middleware/TrustProxies->handle(Object(Illuminate/Http/Request), Object(Closure))
#35 C:/Users/paulb/Documents/GitHub/Educom-Trainee-Dashboard/DashboardAPI/vendor/laravel/framework/src/Illuminate/Foundation/Http/Middleware/InvokeDeferredCallbacks.php(22): Illuminate/Pipeline/Pipeline->{closure:{closure:Illuminate/Pipeline/Pipeline::carry():194}:195}(Object(Illuminate/Http/Request))
#36 C:/Users/paulb/Documents/GitHub/Educom-Trainee-Dashboard/DashboardAPI/vendor/laravel/framework/src/Illuminate/Pipeline/Pipeline.php(219): Illuminate/Foundation/Http/Middleware/InvokeDeferredCallbacks->handle(Object(Illuminate/Http/Request), Object(Closure))
#37 C:/Users/paulb/Documents/GitHub/Educom-Trainee-Dashboard/DashboardAPI/vendor/laravel/framework/src/Illuminate/Http/Middleware/ValidatePathEncoding.php(28): Illuminate/Pipeline/Pipeline->{closure:{closure:Illuminate/Pipeline/Pipeline::carry():194}:195}(Object(Illuminate/Http/Request))
#38 C:/Users/paulb/Documents/GitHub/Educom-Trainee-Dashboard/DashboardAPI/vendor/laravel/framework/src/Illuminate/Pipeline/Pipeline.php(219): Illuminate/Http/Middleware/ValidatePathEncoding->handle(Object(Illuminate/Http/Request), Object(Closure))
#39 C:/Users/paulb/Documents/GitHub/Educom-Trainee-Dashboard/DashboardAPI/vendor/laravel/framework/src/Illuminate/Pipeline/Pipeline.php(137): Illuminate/Pipeline/Pipeline->{closure:{closure:Illuminate/Pipeline/Pipeline::carry():194}:195}(Object(Illuminate/Http/Request))
#40 C:/Users/paulb/Documents/GitHub/Educom-Trainee-Dashboard/DashboardAPI/vendor/laravel/framework/src/Illuminate/Foundation/Http/Kernel.php(175): Illuminate/Pipeline/Pipeline->then(Object(Closure))
#41 C:/Users/paulb/Documents/GitHub/Educom-Trainee-Dashboard/DashboardAPI/vendor/laravel/framework/src/Illuminate/Foundation/Http/Kernel.php(144): Illuminate/Foundation/Http/Kernel->sendRequestThroughRouter(Object(Illuminate/Http/Request))
#42 C:/Users/paulb/Documents/GitHub/Educom-Trainee-Dashboard/DashboardAPI/vendor/laravel/framework/src/Illuminate/Foundation/Testing/Concerns/MakesHttpRequests.php(607): Illuminate/Foundation/Http/Kernel->handle(Object(Illuminate/Http/Request))
#43 C:/Users/paulb/Documents/GitHub/Educom-Trainee-Dashboard/DashboardAPI/vendor/laravel/framework/src/Illuminate/Foundation/Testing/Concerns/MakesHttpRequests.php(368): Illuminate/Foundation/Testing/TestCase->call('GET', '/api/ai/', Array, Array, Array, Array)
#44 C:/Users/paulb/Documents/GitHub/Educom-Trainee-Dashboard/DashboardAPI/tests/Feature/UsageTest.php(4): Illuminate/Foundation/Testing/TestCase->get('/api/ai/')
#45 C:/Users/paulb/Documents/GitHub/Educom-Trainee-Dashboard/DashboardAPI/vendor/pestphp/pest/src/Factories/TestCaseMethodFactory.php(177): P/Tests/Feature/UsageTest->{closure:C:/Users/paulb/Documents/GitHub/Educom-Trainee-Dashboard/DashboardAPI/tests/Feature/UsageTest.php:3}()
#46 [internal function]: P/Tests/Feature/UsageTest->{closure:Pest/Factories/TestCaseMethodFactory::getClosure():167}()
#47 C:/Users/paulb/Documents/GitHub/Educom-Trainee-Dashboard/DashboardAPI/vendor/pestphp/pest/src/Concerns/Testable.php(581): call_user_func_array(Object(Closure), Array)
#48 C:/Users/paulb/Documents/GitHub/Educom-Trainee-Dashboard/DashboardAPI/vendor/pestphp/pest/src/Support/ExceptionTrace.php(26): P/Tests/Feature/UsageTest->{closure:Pest/Concerns/Testable::__callClosure():581}()
#49 C:/Users/paulb/Documents/GitHub/Educom-Trainee-Dashboard/DashboardAPI/vendor/pestphp/pest/src/Concerns/Testable.php(581): Pest/Support/ExceptionTrace::ensure(Object(Closure))
#50 C:/Users/paulb/Documents/GitHub/Educom-Trainee-Dashboard/DashboardAPI/vendor/pestphp/pest/src/Concerns/Testable.php(403): P/Tests/Feature/UsageTest->__callClosure(Object(Closure), Array)
#51 C:/Users/paulb/Documents/GitHub/Educom-Trainee-Dashboard/DashboardAPI/vendor/pestphp/pest/src/Factories/TestCaseFactory.php(175) : eval()'d code(17): P/Tests/Feature/UsageTest->__runTest(Object(Closure))
#52 C:/Users/paulb/Documents/GitHub/Educom-Trainee-Dashboard/DashboardAPI/vendor/phpunit/phpunit/src/Framework/TestCase.php(1318): P/Tests/Feature/UsageTest->__pest_evaluable_example()
#53 C:/Users/paulb/Documents/GitHub/Educom-Trainee-Dashboard/DashboardAPI/vendor/phpunit/phpunit/src/Framework/TestCase.php(1355): PHPUnit/Framework/TestCase->invokeTestMethod('__pest_evaluabl...', Array)
#54 C:/Users/paulb/Documents/GitHub/Educom-Trainee-Dashboard/DashboardAPI/vendor/phpunit/phpunit/src/Framework/TestCase.php(521): PHPUnit/Framework/TestCase->runTest()
#55 C:/Users/paulb/Documents/GitHub/Educom-Trainee-Dashboard/DashboardAPI/vendor/phpunit/phpunit/src/Framework/TestRunner/TestRunner.php(99): PHPUnit/Framework/TestCase->runBare()
#56 C:/Users/paulb/Documents/GitHub/Educom-Trainee-Dashboard/DashboardAPI/vendor/phpunit/phpunit/src/Framework/TestCase.php(361): PHPUnit/Framework/TestRunner->run(Object(P/Tests/Feature/UsageTest))
#57 C:/Users/paulb/Documents/GitHub/Educom-Trainee-Dashboard/DashboardAPI/vendor/phpunit/phpunit/src/Framework/TestSuite.php(374): PHPUnit/Framework/TestCase->run()
#58 C:/Users/paulb/Documents/GitHub/Educom-Trainee-Dashboard/DashboardAPI/vendor/phpunit/phpunit/src/Framework/TestSuite.php(374): PHPUnit/Framework/TestSuite->run()
#59 C:/Users/paulb/Documents/GitHub/Educom-Trainee-Dashboard/DashboardAPI/vendor/phpunit/phpunit/src/Framework/TestSuite.php(374): PHPUnit/Framework/TestSuite->run()
#60 C:/Users/paulb/Documents/GitHub/Educom-Trainee-Dashboard/DashboardAPI/vendor/phpunit/phpunit/src/TextUI/TestRunner.php(64): PHPUnit/Framework/TestSuite->run()
#61 C:/Users/paulb/Documents/GitHub/Educom-Trainee-Dashboard/DashboardAPI/vendor/phpunit/phpunit/src/TextUI/Application.php(229): PHPUnit/TextUI/TestRunner->run(Object(PHPUnit/TextUI/Configuration/Configuration), Object(PHPUnit/Runner/ResultCache/DefaultResultCache), Object(PHPUnit/Framework/TestSuite))
#62 C:/Users/paulb/Documents/GitHub/Educom-Trainee-Dashboard/DashboardAPI/vendor/pestphp/pest/src/Kernel.php(117): PHPUnit/TextUI/Application->run(Array)
#63 C:/Users/paulb/Documents/GitHub/Educom-Trainee-Dashboard/DashboardAPI/vendor/pestphp/pest/bin/pest(207): Pest/Kernel->handle(Array, Array)
#64 C:/Users/paulb/Documents/GitHub/Educom-Trainee-Dashboard/DashboardAPI/vendor/pestphp/pest/bin/pest(215): {closure:C:/Users/paulb/Documents/GitHub/Educom-Trainee-Dashboard/DashboardAPI/vendor/pestphp/pest/bin/pest:21}()
#65 {main}

[previous exception] [object] (PDOException(code: 0): could not find driver at C:/Users/paulb/Documents/GitHub/Educom-Trainee-Dashboard/DashboardAPI/vendor/laravel/framework/src/Illuminate/Database/Connectors/Connector.php:67)
[stacktrace]
#0 C:/Users/paulb/Documents/GitHub/Educom-Trainee-Dashboard/DashboardAPI/vendor/laravel/framework/src/Illuminate/Database/Connectors/Connector.php(67): PDO::connect('sqlite::memory:', NULL, Object(SensitiveParameterValue), Array)
#1 C:/Users/paulb/Documents/GitHub/Educom-Trainee-Dashboard/DashboardAPI/vendor/laravel/framework/src/Illuminate/Database/Connectors/Connector.php(44): Illuminate/Database/Connectors/Connector->createPdoConnection('sqlite::memory:', NULL, Object(SensitiveParameterValue), Array)
#2 C:/Users/paulb/Documents/GitHub/Educom-Trainee-Dashboard/DashboardAPI/vendor/laravel/framework/src/Illuminate/Database/Connectors/SQLiteConnector.php(21): Illuminate/Database/Connectors/Connector->createConnection('sqlite::memory:', Array, Array)
#3 C:/Users/paulb/Documents/GitHub/Educom-Trainee-Dashboard/DashboardAPI/vendor/laravel/framework/src/Illuminate/Database/Connectors/ConnectionFactory.php(259): Illuminate/Database/Connectors/SQLiteConnector->connect(Array)
#4 [internal function]: Illuminate/Database/Connectors/ConnectionFactory->{closure:Illuminate/Database/Connectors/ConnectionFactory::createPdoResolverWithoutHosts():259}()
#5 C:/Users/paulb/Documents/GitHub/Educom-Trainee-Dashboard/DashboardAPI/vendor/laravel/framework/src/Illuminate/Database/Connection.php(1297): call_user_func(Object(Closure))
#6 C:/Users/paulb/Documents/GitHub/Educom-Trainee-Dashboard/DashboardAPI/vendor/laravel/framework/src/Illuminate/Database/Connection.php(1335): Illuminate/Database/Connection->getPdo()
#7 C:/Users/paulb/Documents/GitHub/Educom-Trainee-Dashboard/DashboardAPI/vendor/laravel/framework/src/Illuminate/Database/Connection.php(542): Illuminate/Database/Connection->getReadPdo()
#8 C:/Users/paulb/Documents/GitHub/Educom-Trainee-Dashboard/DashboardAPI/vendor/laravel/framework/src/Illuminate/Database/Connection.php(435): Illuminate/Database/Connection->getPdoForSelect(true)
#9 C:/Users/paulb/Documents/GitHub/Educom-Trainee-Dashboard/DashboardAPI/vendor/laravel/framework/src/Illuminate/Database/Connection.php(846): Illuminate/Database/Connection->{closure:Illuminate/Database/Connection::select():426}('select * from \"...', Array)
#10 C:/Users/paulb/Documents/GitHub/Educom-Trainee-Dashboard/DashboardAPI/vendor/laravel/framework/src/Illuminate/Database/Connection.php(813): Illuminate/Database/Connection->runQueryCallback('select * from \"...', Array, Object(Closure))
#11 C:/Users/paulb/Documents/GitHub/Educom-Trainee-Dashboard/DashboardAPI/vendor/laravel/framework/src/Illuminate/Database/Connection.php(426): Illuminate/Database/Connection->run('select * from \"...', Array, Object(Closure))
#12 C:/Users/paulb/Documents/GitHub/Educom-Trainee-Dashboard/DashboardAPI/vendor/laravel/framework/src/Illuminate/Database/Query/Builder.php(3573): Illuminate/Database/Connection->select('select * from \"...', Array, true, Array)
#13 C:/Users/paulb/Documents/GitHub/Educom-Trainee-Dashboard/DashboardAPI/vendor/laravel/framework/src/Illuminate/Database/Query/Builder.php(3557): Illuminate/Database/Query/Builder->runSelect()
#14 C:/Users/paulb/Documents/GitHub/Educom-Trainee-Dashboard/DashboardAPI/vendor/laravel/framework/src/Illuminate/Database/Eloquent/Builder.php(908): Illuminate/Database/Query/Builder->get(Array)
#15 C:/Users/paulb/Documents/GitHub/Educom-Trainee-Dashboard/DashboardAPI/vendor/laravel/framework/src/Illuminate/Database/Eloquent/Builder.php(890): Illuminate/Database/Eloquent/Builder->getModels(Array)
#16 C:/Users/paulb/Documents/GitHub/Educom-Trainee-Dashboard/DashboardAPI/app/Http/Controllers/UsageController.php(81): Illuminate/Database/Eloquent/Builder->get()
#17 C:/Users/paulb/Documents/GitHub/Educom-Trainee-Dashboard/DashboardAPI/vendor/laravel/framework/src/Illuminate/Routing/ControllerDispatcher.php(46): App/Http/Controllers/UsageController->getUsage()
#18 C:/Users/paulb/Documents/GitHub/Educom-Trainee-Dashboard/DashboardAPI/vendor/laravel/framework/src/Illuminate/Routing/Route.php(275): Illuminate/Routing/ControllerDispatcher->dispatch(Object(Illuminate/Routing/Route), Object(App/Http/Controllers/UsageController), 'getUsage')
#19 C:/Users/paulb/Documents/GitHub/Educom-Trainee-Dashboard/DashboardAPI/vendor/laravel/framework/src/Illuminate/Routing/Route.php(215): Illuminate/Routing/Route->runController()
#20 C:/Users/paulb/Documents/GitHub/Educom-Trainee-Dashboard/DashboardAPI/vendor/laravel/framework/src/Illuminate/Routing/Router.php(822): Illuminate/Routing/Route->run()
#21 C:/Users/paulb/Documents/GitHub/Educom-Trainee-Dashboard/DashboardAPI/vendor/laravel/framework/src/Illuminate/Pipeline/Pipeline.php(180): Illuminate/Routing/Router->{closure:Illuminate/Routing/Router::runRouteWithinStack():821}(Object(Illuminate/Http/Request))
#22 C:/Users/paulb/Documents/GitHub/Educom-Trainee-Dashboard/DashboardAPI/vendor/laravel/framework/src/Illuminate/Routing/Middleware/SubstituteBindings.php(52): Illuminate/Pipeline/Pipeline->{closure:Illuminate/Pipeline/Pipeline::prepareDestination():178}(Object(Illuminate/Http/Request))
#23 C:/Users/paulb/Documents/GitHub/Educom-Trainee-Dashboard/DashboardAPI/vendor/laravel/framework/src/Illuminate/Pipeline/Pipeline.php(219): Illuminate/Routing/Middleware/SubstituteBindings->handle(Object(Illuminate/Http/Request), Object(Closure))
#24 C:/Users/paulb/Documents/GitHub/Educom-Trainee-Dashboard/DashboardAPI/vendor/laravel/framework/src/Illuminate/Pipeline/Pipeline.php(137): Illuminate/Pipeline/Pipeline->{closure:{closure:Illuminate/Pipeline/Pipeline::carry():194}:195}(Object(Illuminate/Http/Request))
#25 C:/Users/paulb/Documents/GitHub/Educom-Trainee-Dashboard/DashboardAPI/vendor/laravel/framework/src/Illuminate/Routing/Router.php(821): Illuminate/Pipeline/Pipeline->then(Object(Closure))
#26 C:/Users/paulb/Documents/GitHub/Educom-Trainee-Dashboard/DashboardAPI/vendor/laravel/framework/src/Illuminate/Routing/Router.php(800): Illuminate/Routing/Router->runRouteWithinStack(Object(Illuminate/Routing/Route), Object(Illuminate/Http/Request))
#27 C:/Users/paulb/Documents/GitHub/Educom-Trainee-Dashboard/DashboardAPI/vendor/laravel/framework/src/Illuminate/Routing/Router.php(764): Illuminate/Routing/Router->runRoute(Object(Illuminate/Http/Request), Object(Illuminate/Routing/Route))
#28 C:/Users/paulb/Documents/GitHub/Educom-Trainee-Dashboard/DashboardAPI/vendor/laravel/framework/src/Illuminate/Routing/Router.php(753): Illuminate/Routing/Router->dispatchToRoute(Object(Illuminate/Http/Request))
#29 C:/Users/paulb/Documents/GitHub/Educom-Trainee-Dashboard/DashboardAPI/vendor/laravel/framework/src/Illuminate/Foundation/Http/Kernel.php(200): Illuminate/Routing/Router->dispatch(Object(Illuminate/Http/Request))
#30 C:/Users/paulb/Documents/GitHub/Educom-Trainee-Dashboard/DashboardAPI/vendor/laravel/framework/src/Illuminate/Pipeline/Pipeline.php(180): Illuminate/Foundation/Http/Kernel->{closure:Illuminate/Foundation/Http/Kernel::dispatchToRouter():197}(Object(Illuminate/Http/Request))
#31 C:/Users/paulb/Documents/GitHub/Educom-Trainee-Dashboard/DashboardAPI/vendor/laravel/framework/src/Illuminate/Foundation/Http/Middleware/TransformsRequest.php(21): Illuminate/Pipeline/Pipeline->{closure:Illuminate/Pipeline/Pipeline::prepareDestination():178}(Object(Illuminate/Http/Request))
#32 C:/Users/paulb/Documents/GitHub/Educom-Trainee-Dashboard/DashboardAPI/vendor/laravel/framework/src/Illuminate/Foundation/Http/Middleware/ConvertEmptyStringsToNull.php(31): Illuminate/Foundation/Http/Middleware/TransformsRequest->handle(Object(Illuminate/Http/Request), Object(Closure))
#33 C:/Users/paulb/Documents/GitHub/Educom-Trainee-Dashboard/DashboardAPI/vendor/laravel/framework/src/Illuminate/Pipeline/Pipeline.php(219): Illuminate/Foundation/Http/Middleware/ConvertEmptyStringsToNull->handle(Object(Illuminate/Http/Request), Object(Closure))
#34 C:/Users/paulb/Documents/GitHub/Educom-Trainee-Dashboard/DashboardAPI/vendor/laravel/framework/src/Illuminate/Foundation/Http/Middleware/TransformsRequest.php(21): Illuminate/Pipeline/Pipeline->{closure:{closure:Illuminate/Pipeline/Pipeline::carry():194}:195}(Object(Illuminate/Http/Request))
#35 C:/Users/paulb/Documents/GitHub/Educom-Trainee-Dashboard/DashboardAPI/vendor/laravel/framework/src/Illuminate/Foundation/Http/Middleware/TrimStrings.php(51): Illuminate/Foundation/Http/Middleware/TransformsRequest->handle(Object(Illuminate/Http/Request), Object(Closure))
#36 C:/Users/paulb/Documents/GitHub/Educom-Trainee-Dashboard/DashboardAPI/vendor/laravel/framework/src/Illuminate/Pipeline/Pipeline.php(219): Illuminate/Foundation/Http/Middleware/TrimStrings->handle(Object(Illuminate/Http/Request), Object(Closure))
#37 C:/Users/paulb/Documents/GitHub/Educom-Trainee-Dashboard/DashboardAPI/vendor/laravel/framework/src/Illuminate/Http/Middleware/ValidatePostSize.php(27): Illuminate/Pipeline/Pipeline->{closure:{closure:Illuminate/Pipeline/Pipeline::carry():194}:195}(Object(Illuminate/Http/Request))
#38 C:/Users/paulb/Documents/GitHub/Educom-Trainee-Dashboard/DashboardAPI/vendor/laravel/framework/src/Illuminate/Pipeline/Pipeline.php(219): Illuminate/Http/Middleware/ValidatePostSize->handle(Object(Illuminate/Http/Request), Object(Closure))
#39 C:/Users/paulb/Documents/GitHub/Educom-Trainee-Dashboard/DashboardAPI/vendor/laravel/framework/src/Illuminate/Foundation/Http/Middleware/PreventRequestsDuringMaintenance.php(109): Illuminate/Pipeline/Pipeline->{closure:{closure:Illuminate/Pipeline/Pipeline::carry():194}:195}(Object(Illuminate/Http/Request))
#40 C:/Users/paulb/Documents/GitHub/Educom-Trainee-Dashboard/DashboardAPI/vendor/laravel/framework/src/Illuminate/Pipeline/Pipeline.php(219): Illuminate/Foundation/Http/Middleware/PreventRequestsDuringMaintenance->handle(Object(Illuminate/Http/Request), Object(Closure))
#41 C:/Users/paulb/Documents/GitHub/Educom-Trainee-Dashboard/DashboardAPI/vendor/laravel/framework/src/Illuminate/Http/Middleware/HandleCors.php(74): Illuminate/Pipeline/Pipeline->{closure:{closure:Illuminate/Pipeline/Pipeline::carry():194}:195}(Object(Illuminate/Http/Request))
#42 C:/Users/paulb/Documents/GitHub/Educom-Trainee-Dashboard/DashboardAPI/vendor/laravel/framework/src/Illuminate/Pipeline/Pipeline.php(219): Illuminate/Http/Middleware/HandleCors->handle(Object(Illuminate/Http/Request), Object(Closure))
#43 C:/Users/paulb/Documents/GitHub/Educom-Trainee-Dashboard/DashboardAPI/vendor/laravel/framework/src/Illuminate/Http/Middleware/TrustProxies.php(58): Illuminate/Pipeline/Pipeline->{closure:{closure:Illuminate/Pipeline/Pipeline::carry():194}:195}(Object(Illuminate/Http/Request))
#44 C:/Users/paulb/Documents/GitHub/Educom-Trainee-Dashboard/DashboardAPI/vendor/laravel/framework/src/Illuminate/Pipeline/Pipeline.php(219): Illuminate/Http/Middleware/TrustProxies->handle(Object(Illuminate/Http/Request), Object(Closure))
#45 C:/Users/paulb/Documents/GitHub/Educom-Trainee-Dashboard/DashboardAPI/vendor/laravel/framework/src/Illuminate/Foundation/Http/Middleware/InvokeDeferredCallbacks.php(22): Illuminate/Pipeline/Pipeline->{closure:{closure:Illuminate/Pipeline/Pipeline::carry():194}:195}(Object(Illuminate/Http/Request))
#46 C:/Users/paulb/Documents/GitHub/Educom-Trainee-Dashboard/DashboardAPI/vendor/laravel/framework/src/Illuminate/Pipeline/Pipeline.php(219): Illuminate/Foundation/Http/Middleware/InvokeDeferredCallbacks->handle(Object(Illuminate/Http/Request), Object(Closure))
#47 C:/Users/paulb/Documents/GitHub/Educom-Trainee-Dashboard/DashboardAPI/vendor/laravel/framework/src/Illuminate/Http/Middleware/ValidatePathEncoding.php(28): Illuminate/Pipeline/Pipeline->{closure:{closure:Illuminate/Pipeline/Pipeline::carry():194}:195}(Object(Illuminate/Http/Request))
#48 C:/Users/paulb/Documents/GitHub/Educom-Trainee-Dashboard/DashboardAPI/vendor/laravel/framework/src/Illuminate/Pipeline/Pipeline.php(219): Illuminate/Http/Middleware/ValidatePathEncoding->handle(Object(Illuminate/Http/Request), Object(Closure))
#49 C:/Users/paulb/Documents/GitHub/Educom-Trainee-Dashboard/DashboardAPI/vendor/laravel/framework/src/Illuminate/Pipeline/Pipeline.php(137): Illuminate/Pipeline/Pipeline->{closure:{closure:Illuminate/Pipeline/Pipeline::carry():194}:195}(Object(Illuminate/Http/Request))
#50 C:/Users/paulb/Documents/GitHub/Educom-Trainee-Dashboard/DashboardAPI/vendor/laravel/framework/src/Illuminate/Foundation/Http/Kernel.php(175): Illuminate/Pipeline/Pipeline->then(Object(Closure))
#51 C:/Users/paulb/Documents/GitHub/Educom-Trainee-Dashboard/DashboardAPI/vendor/laravel/framework/src/Illuminate/Foundation/Http/Kernel.php(144): Illuminate/Foundation/Http/Kernel->sendRequestThroughRouter(Object(Illuminate/Http/Request))
#52 C:/Users/paulb/Documents/GitHub/Educom-Trainee-Dashboard/DashboardAPI/vendor/laravel/framework/src/Illuminate/Foundation/Testing/Concerns/MakesHttpRequests.php(607): Illuminate/Foundation/Http/Kernel->handle(Object(Illuminate/Http/Request))
#53 C:/Users/paulb/Documents/GitHub/Educom-Trainee-Dashboard/DashboardAPI/vendor/laravel/framework/src/Illuminate/Foundation/Testing/Concerns/MakesHttpRequests.php(368): Illuminate/Foundation/Testing/TestCase->call('GET', '/api/ai/', Array, Array, Array, Array)
#54 C:/Users/paulb/Documents/GitHub/Educom-Trainee-Dashboard/DashboardAPI/tests/Feature/UsageTest.php(4): Illuminate/Foundation/Testing/TestCase->get('/api/ai/')
#55 C:/Users/paulb/Documents/GitHub/Educom-Trainee-Dashboard/DashboardAPI/vendor/pestphp/pest/src/Factories/TestCaseMethodFactory.php(177): P/Tests/Feature/UsageTest->{closure:C:/Users/paulb/Documents/GitHub/Educom-Trainee-Dashboard/DashboardAPI/tests/Feature/UsageTest.php:3}()
#56 [internal function]: P/Tests/Feature/UsageTest->{closure:Pest/Factories/TestCaseMethodFactory::getClosure():167}()
#57 C:/Users/paulb/Documents/GitHub/Educom-Trainee-Dashboard/DashboardAPI/vendor/pestphp/pest/src/Concerns/Testable.php(581): call_user_func_array(Object(Closure), Array)
#58 C:/Users/paulb/Documents/GitHub/Educom-Trainee-Dashboard/DashboardAPI/vendor/pestphp/pest/src/Support/ExceptionTrace.php(26): P/Tests/Feature/UsageTest->{closure:Pest/Concerns/Testable::__callClosure():581}()
#59 C:/Users/paulb/Documents/GitHub/Educom-Trainee-Dashboard/DashboardAPI/vendor/pestphp/pest/src/Concerns/Testable.php(581): Pest/Support/ExceptionTrace::ensure(Object(Closure))
#60 C:/Users/paulb/Documents/GitHub/Educom-Trainee-Dashboard/DashboardAPI/vendor/pestphp/pest/src/Concerns/Testable.php(403): P/Tests/Feature/UsageTest->__callClosure(Object(Closure), Array)
#61 C:/Users/paulb/Documents/GitHub/Educom-Trainee-Dashboard/DashboardAPI/vendor/pestphp/pest/src/Factories/TestCaseFactory.php(175) : eval()'d code(17): P/Tests/Feature/UsageTest->__runTest(Object(Closure))
#62 C:/Users/paulb/Documents/GitHub/Educom-Trainee-Dashboard/DashboardAPI/vendor/phpunit/phpunit/src/Framework/TestCase.php(1318): P/Tests/Feature/UsageTest->__pest_evaluable_example()
#63 C:/Users/paulb/Documents/GitHub/Educom-Trainee-Dashboard/DashboardAPI/vendor/phpunit/phpunit/src/Framework/TestCase.php(1355): PHPUnit/Framework/TestCase->invokeTestMethod('__pest_evaluabl...', Array)
#64 C:/Users/paulb/Documents/GitHub/Educom-Trainee-Dashboard/DashboardAPI/vendor/phpunit/phpunit/src/Framework/TestCase.php(521): PHPUnit/Framework/TestCase->runTest()
#65 C:/Users/paulb/Documents/GitHub/Educom-Trainee-Dashboard/DashboardAPI/vendor/phpunit/phpunit/src/Framework/TestRunner/TestRunner.php(99): PHPUnit/Framework/TestCase->runBare()
#66 C:/Users/paulb/Documents/GitHub/Educom-Trainee-Dashboard/DashboardAPI/vendor/phpunit/phpunit/src/Framework/TestCase.php(361): PHPUnit/Framework/TestRunner->run(Object(P/Tests/Feature/UsageTest))
#67 C:/Users/paulb/Documents/GitHub/Educom-Trainee-Dashboard/DashboardAPI/vendor/phpunit/phpunit/src/Framework/TestSuite.php(374): PHPUnit/Framework/TestCase->run()
#68 C:/Users/paulb/Documents/GitHub/Educom-Trainee-Dashboard/DashboardAPI/vendor/phpunit/phpunit/src/Framework/TestSuite.php(374): PHPUnit/Framework/TestSuite->run()
#69 C:/Users/paulb/Documents/GitHub/Educom-Trainee-Dashboard/DashboardAPI/vendor/phpunit/phpunit/src/Framework/TestSuite.php(374): PHPUnit/Framework/TestSuite->run()
#70 C:/Users/paulb/Documents/GitHub/Educom-Trainee-Dashboard/DashboardAPI/vendor/phpunit/phpunit/src/TextUI/TestRunner.php(64): PHPUnit/Framework/TestSuite->run()
#71 C:/Users/paulb/Documents/GitHub/Educom-Trainee-Dashboard/DashboardAPI/vendor/phpunit/phpunit/src/TextUI/Application.php(229): PHPUnit/TextUI/TestRunner->run(Object(PHPUnit/TextUI/Configuration/Configuration), Object(PHPUnit/Runner/ResultCache/DefaultResultCache), Object(PHPUnit/Framework/TestSuite))
#72 C:/Users/paulb/Documents/GitHub/Educom-Trainee-Dashboard/DashboardAPI/vendor/pestphp/pest/src/Kernel.php(117): PHPUnit/TextUI/Application->run(Array)
#73 C:/Users/paulb/Documents/GitHub/Educom-Trainee-Dashboard/DashboardAPI/vendor/pestphp/pest/bin/pest(207): Pest/Kernel->handle(Array, Array)
#74 C:/Users/paulb/Documents/GitHub/Educom-Trainee-Dashboard/DashboardAPI/vendor/pestphp/pest/bin/pest(215): {closure:C:/Users/paulb/Documents/GitHub/Educom-Trainee-Dashboard/DashboardAPI/vendor/pestphp/pest/bin/pest:21}()
#75 {main}
"} 
[2026-07-20 09:29:23] testing.ERROR: could not find driver (Connection: sqlite, Database: :memory:, SQL: select * from "AiUsage" order by "created_at" desc) {"exception":"[object] (Illuminate\\Database\\QueryException(code: 0): could not find driver (Connection: sqlite, Database: :memory:, SQL: select * from \"AiUsage\" order by \"created_at\" desc) at C:/Users/paulb/Documents/GitHub/Educom-Trainee-Dashboard/DashboardAPI/vendor/laravel/framework/src/Illuminate/Database/Connection.php:857)
[stacktrace]
#0 C:/Users/paulb/Documents/GitHub/Educom-Trainee-Dashboard/DashboardAPI/vendor/laravel/framework/src/Illuminate/Database/Connection.php(813): Illuminate/Database/Connection->runQueryCallback('select * from \"...', Array, Object(Closure))
#1 C:/Users/paulb/Documents/GitHub/Educom-Trainee-Dashboard/DashboardAPI/vendor/laravel/framework/src/Illuminate/Database/Connection.php(426): Illuminate/Database/Connection->run('select * from \"...', Array, Object(Closure))
#2 C:/Users/paulb/Documents/GitHub/Educom-Trainee-Dashboard/DashboardAPI/vendor/laravel/framework/src/Illuminate/Database/Query/Builder.php(3573): Illuminate/Database/Connection->select('select * from \"...', Array, true, Array)
#3 C:/Users/paulb/Documents/GitHub/Educom-Trainee-Dashboard/DashboardAPI/vendor/laravel/framework/src/Illuminate/Database/Query/Builder.php(3557): Illuminate/Database/Query/Builder->runSelect()
#4 C:/Users/paulb/Documents/GitHub/Educom-Trainee-Dashboard/DashboardAPI/vendor/laravel/framework/src/Illuminate/Database/Eloquent/Builder.php(908): Illuminate/Database/Query/Builder->get(Array)
#5 C:/Users/paulb/Documents/GitHub/Educom-Trainee-Dashboard/DashboardAPI/vendor/laravel/framework/src/Illuminate/Database/Eloquent/Builder.php(890): Illuminate/Database/Eloquent/Builder->getModels(Array)
#6 C:/Users/paulb/Documents/GitHub/Educom-Trainee-Dashboard/DashboardAPI/app/Http/Controllers/UsageController.php(81): Illuminate/Database/Eloquent/Builder->get()
#7 C:/Users/paulb/Documents/GitHub/Educom-Trainee-Dashboard/DashboardAPI/vendor/laravel/framework/src/Illuminate/Routing/ControllerDispatcher.php(46): App/Http/Controllers/UsageController->getUsage()
#8 C:/Users/paulb/Documents/GitHub/Educom-Trainee-Dashboard/DashboardAPI/vendor/laravel/framework/src/Illuminate/Routing/Route.php(275): Illuminate/Routing/ControllerDispatcher->dispatch(Object(Illuminate/Routing/Route), Object(App/Http/Controllers/UsageController), 'getUsage')
#9 C:/Users/paulb/Documents/GitHub/Educom-Trainee-Dashboard/DashboardAPI/vendor/laravel/framework/src/Illuminate/Routing/Route.php(215): Illuminate/Routing/Route->runController()
#10 C:/Users/paulb/Documents/GitHub/Educom-Trainee-Dashboard/DashboardAPI/vendor/laravel/framework/src/Illuminate/Routing/Router.php(822): Illuminate/Routing/Route->run()
#11 C:/Users/paulb/Documents/GitHub/Educom-Trainee-Dashboard/DashboardAPI/vendor/laravel/framework/src/Illuminate/Pipeline/Pipeline.php(180): Illuminate/Routing/Router->{closure:Illuminate/Routing/Router::runRouteWithinStack():821}(Object(Illuminate/Http/Request))
#12 C:/Users/paulb/Documents/GitHub/Educom-Trainee-Dashboard/DashboardAPI/vendor/laravel/framework/src/Illuminate/Routing/Middleware/SubstituteBindings.php(52): Illuminate/Pipeline/Pipeline->{closure:Illuminate/Pipeline/Pipeline::prepareDestination():178}(Object(Illuminate/Http/Request))
#13 C:/Users/paulb/Documents/GitHub/Educom-Trainee-Dashboard/DashboardAPI/vendor/laravel/framework/src/Illuminate/Pipeline/Pipeline.php(219): Illuminate/Routing/Middleware/SubstituteBindings->handle(Object(Illuminate/Http/Request), Object(Closure))
#14 C:/Users/paulb/Documents/GitHub/Educom-Trainee-Dashboard/DashboardAPI/vendor/laravel/framework/src/Illuminate/Pipeline/Pipeline.php(137): Illuminate/Pipeline/Pipeline->{closure:{closure:Illuminate/Pipeline/Pipeline::carry():194}:195}(Object(Illuminate/Http/Request))
#15 C:/Users/paulb/Documents/GitHub/Educom-Trainee-Dashboard/DashboardAPI/vendor/laravel/framework/src/Illuminate/Routing/Router.php(821): Illuminate/Pipeline/Pipeline->then(Object(Closure))
#16 C:/Users/paulb/Documents/GitHub/Educom-Trainee-Dashboard/DashboardAPI/vendor/laravel/framework/src/Illuminate/Routing/Router.php(800): Illuminate/Routing/Router->runRouteWithinStack(Object(Illuminate/Routing/Route), Object(Illuminate/Http/Request))
#17 C:/Users/paulb/Documents/GitHub/Educom-Trainee-Dashboard/DashboardAPI/vendor/laravel/framework/src/Illuminate/Routing/Router.php(764): Illuminate/Routing/Router->runRoute(Object(Illuminate/Http/Request), Object(Illuminate/Routing/Route))
#18 C:/Users/paulb/Documents/GitHub/Educom-Trainee-Dashboard/DashboardAPI/vendor/laravel/framework/src/Illuminate/Routing/Router.php(753): Illuminate/Routing/Router->dispatchToRoute(Object(Illuminate/Http/Request))
#19 C:/Users/paulb/Documents/GitHub/Educom-Trainee-Dashboard/DashboardAPI/vendor/laravel/framework/src/Illuminate/Foundation/Http/Kernel.php(200): Illuminate/Routing/Router->dispatch(Object(Illuminate/Http/Request))
#20 C:/Users/paulb/Documents/GitHub/Educom-Trainee-Dashboard/DashboardAPI/vendor/laravel/framework/src/Illuminate/Pipeline/Pipeline.php(180): Illuminate/Foundation/Http/Kernel->{closure:Illuminate/Foundation/Http/Kernel::dispatchToRouter():197}(Object(Illuminate/Http/Request))
#21 C:/Users/paulb/Documents/GitHub/Educom-Trainee-Dashboard/DashboardAPI/vendor/laravel/framework/src/Illuminate/Foundation/Http/Middleware/TransformsRequest.php(21): Illuminate/Pipeline/Pipeline->{closure:Illuminate/Pipeline/Pipeline::prepareDestination():178}(Object(Illuminate/Http/Request))
#22 C:/Users/paulb/Documents/GitHub/Educom-Trainee-Dashboard/DashboardAPI/vendor/laravel/framework/src/Illuminate/Foundation/Http/Middleware/ConvertEmptyStringsToNull.php(31): Illuminate/Foundation/Http/Middleware/TransformsRequest->handle(Object(Illuminate/Http/Request), Object(Closure))
#23 C:/Users/paulb/Documents/GitHub/Educom-Trainee-Dashboard/DashboardAPI/vendor/laravel/framework/src/Illuminate/Pipeline/Pipeline.php(219): Illuminate/Foundation/Http/Middleware/ConvertEmptyStringsToNull->handle(Object(Illuminate/Http/Request), Object(Closure))
#24 C:/Users/paulb/Documents/GitHub/Educom-Trainee-Dashboard/DashboardAPI/vendor/laravel/framework/src/Illuminate/Foundation/Http/Middleware/TransformsRequest.php(21): Illuminate/Pipeline/Pipeline->{closure:{closure:Illuminate/Pipeline/Pipeline::carry():194}:195}(Object(Illuminate/Http/Request))
#25 C:/Users/paulb/Documents/GitHub/Educom-Trainee-Dashboard/DashboardAPI/vendor/laravel/framework/src/Illuminate/Foundation/Http/Middleware/TrimStrings.php(51): Illuminate/Foundation/Http/Middleware/TransformsRequest->handle(Object(Illuminate/Http/Request), Object(Closure))
#26 C:/Users/paulb/Documents/GitHub/Educom-Trainee-Dashboard/DashboardAPI/vendor/laravel/framework/src/Illuminate/Pipeline/Pipeline.php(219): Illuminate/Foundation/Http/Middleware/TrimStrings->handle(Object(Illuminate/Http/Request), Object(Closure))
#27 C:/Users/paulb/Documents/GitHub/Educom-Trainee-Dashboard/DashboardAPI/vendor/laravel/framework/src/Illuminate/Http/Middleware/ValidatePostSize.php(27): Illuminate/Pipeline/Pipeline->{closure:{closure:Illuminate/Pipeline/Pipeline::carry():194}:195}(Object(Illuminate/Http/Request))
#28 C:/Users/paulb/Documents/GitHub/Educom-Trainee-Dashboard/DashboardAPI/vendor/laravel/framework/src/Illuminate/Pipeline/Pipeline.php(219): Illuminate/Http/Middleware/ValidatePostSize->handle(Object(Illuminate/Http/Request), Object(Closure))
#29 C:/Users/paulb/Documents/GitHub/Educom-Trainee-Dashboard/DashboardAPI/vendor/laravel/framework/src/Illuminate/Foundation/Http/Middleware/PreventRequestsDuringMaintenance.php(109): Illuminate/Pipeline/Pipeline->{closure:{closure:Illuminate/Pipeline/Pipeline::carry():194}:195}(Object(Illuminate/Http/Request))
#30 C:/Users/paulb/Documents/GitHub/Educom-Trainee-Dashboard/DashboardAPI/vendor/laravel/framework/src/Illuminate/Pipeline/Pipeline.php(219): Illuminate/Foundation/Http/Middleware/PreventRequestsDuringMaintenance->handle(Object(Illuminate/Http/Request), Object(Closure))
#31 C:/Users/paulb/Documents/GitHub/Educom-Trainee-Dashboard/DashboardAPI/vendor/laravel/framework/src/Illuminate/Http/Middleware/HandleCors.php(74): Illuminate/Pipeline/Pipeline->{closure:{closure:Illuminate/Pipeline/Pipeline::carry():194}:195}(Object(Illuminate/Http/Request))
#32 C:/Users/paulb/Documents/GitHub/Educom-Trainee-Dashboard/DashboardAPI/vendor/laravel/framework/src/Illuminate/Pipeline/Pipeline.php(219): Illuminate/Http/Middleware/HandleCors->handle(Object(Illuminate/Http/Request), Object(Closure))
#33 C:/Users/paulb/Documents/GitHub/Educom-Trainee-Dashboard/DashboardAPI/vendor/laravel/framework/src/Illuminate/Http/Middleware/TrustProxies.php(58): Illuminate/Pipeline/Pipeline->{closure:{closure:Illuminate/Pipeline/Pipeline::carry():194}:195}(Object(Illuminate/Http/Request))
#34 C:/Users/paulb/Documents/GitHub/Educom-Trainee-Dashboard/DashboardAPI/vendor/laravel/framework/src/Illuminate/Pipeline/Pipeline.php(219): Illuminate/Http/Middleware/TrustProxies->handle(Object(Illuminate/Http/Request), Object(Closure))
#35 C:/Users/paulb/Documents/GitHub/Educom-Trainee-Dashboard/DashboardAPI/vendor/laravel/framework/src/Illuminate/Foundation/Http/Middleware/InvokeDeferredCallbacks.php(22): Illuminate/Pipeline/Pipeline->{closure:{closure:Illuminate/Pipeline/Pipeline::carry():194}:195}(Object(Illuminate/Http/Request))
#36 C:/Users/paulb/Documents/GitHub/Educom-Trainee-Dashboard/DashboardAPI/vendor/laravel/framework/src/Illuminate/Pipeline/Pipeline.php(219): Illuminate/Foundation/Http/Middleware/InvokeDeferredCallbacks->handle(Object(Illuminate/Http/Request), Object(Closure))
#37 C:/Users/paulb/Documents/GitHub/Educom-Trainee-Dashboard/DashboardAPI/vendor/laravel/framework/src/Illuminate/Http/Middleware/ValidatePathEncoding.php(28): Illuminate/Pipeline/Pipeline->{closure:{closure:Illuminate/Pipeline/Pipeline::carry():194}:195}(Object(Illuminate/Http/Request))
#38 C:/Users/paulb/Documents/GitHub/Educom-Trainee-Dashboard/DashboardAPI/vendor/laravel/framework/src/Illuminate/Pipeline/Pipeline.php(219): Illuminate/Http/Middleware/ValidatePathEncoding->handle(Object(Illuminate/Http/Request), Object(Closure))
#39 C:/Users/paulb/Documents/GitHub/Educom-Trainee-Dashboard/DashboardAPI/vendor/laravel/framework/src/Illuminate/Pipeline/Pipeline.php(137): Illuminate/Pipeline/Pipeline->{closure:{closure:Illuminate/Pipeline/Pipeline::carry():194}:195}(Object(Illuminate/Http/Request))
#40 C:/Users/paulb/Documents/GitHub/Educom-Trainee-Dashboard/DashboardAPI/vendor/laravel/framework/src/Illuminate/Foundation/Http/Kernel.php(175): Illuminate/Pipeline/Pipeline->then(Object(Closure))
#41 C:/Users/paulb/Documents/GitHub/Educom-Trainee-Dashboard/DashboardAPI/vendor/laravel/framework/src/Illuminate/Foundation/Http/Kernel.php(144): Illuminate/Foundation/Http/Kernel->sendRequestThroughRouter(Object(Illuminate/Http/Request))
#42 C:/Users/paulb/Documents/GitHub/Educom-Trainee-Dashboard/DashboardAPI/vendor/laravel/framework/src/Illuminate/Foundation/Testing/Concerns/MakesHttpRequests.php(607): Illuminate/Foundation/Http/Kernel->handle(Object(Illuminate/Http/Request))
#43 C:/Users/paulb/Documents/GitHub/Educom-Trainee-Dashboard/DashboardAPI/vendor/laravel/framework/src/Illuminate/Foundation/Testing/Concerns/MakesHttpRequests.php(368): Illuminate/Foundation/Testing/TestCase->call('GET', '/api/ai/', Array, Array, Array, Array)
#44 C:/Users/paulb/Documents/GitHub/Educom-Trainee-Dashboard/DashboardAPI/tests/Feature/UsageTest.php(4): Illuminate/Foundation/Testing/TestCase->get('/api/ai/')
#45 C:/Users/paulb/Documents/GitHub/Educom-Trainee-Dashboard/DashboardAPI/vendor/pestphp/pest/src/Factories/TestCaseMethodFactory.php(177): P/Tests/Feature/UsageTest->{closure:C:/Users/paulb/Documents/GitHub/Educom-Trainee-Dashboard/DashboardAPI/tests/Feature/UsageTest.php:3}()
#46 [internal function]: P/Tests/Feature/UsageTest->{closure:Pest/Factories/TestCaseMethodFactory::getClosure():167}()
#47 C:/Users/paulb/Documents/GitHub/Educom-Trainee-Dashboard/DashboardAPI/vendor/pestphp/pest/src/Concerns/Testable.php(581): call_user_func_array(Object(Closure), Array)
#48 C:/Users/paulb/Documents/GitHub/Educom-Trainee-Dashboard/DashboardAPI/vendor/pestphp/pest/src/Support/ExceptionTrace.php(26): P/Tests/Feature/UsageTest->{closure:Pest/Concerns/Testable::__callClosure():581}()
#49 C:/Users/paulb/Documents/GitHub/Educom-Trainee-Dashboard/DashboardAPI/vendor/pestphp/pest/src/Concerns/Testable.php(581): Pest/Support/ExceptionTrace::ensure(Object(Closure))
#50 C:/Users/paulb/Documents/GitHub/Educom-Trainee-Dashboard/DashboardAPI/vendor/pestphp/pest/src/Concerns/Testable.php(403): P/Tests/Feature/UsageTest->__callClosure(Object(Closure), Array)
#51 C:/Users/paulb/Documents/GitHub/Educom-Trainee-Dashboard/DashboardAPI/vendor/pestphp/pest/src/Factories/TestCaseFactory.php(175) : eval()'d code(17): P/Tests/Feature/UsageTest->__runTest(Object(Closure))
#52 C:/Users/paulb/Documents/GitHub/Educom-Trainee-Dashboard/DashboardAPI/vendor/phpunit/phpunit/src/Framework/TestCase.php(1318): P/Tests/Feature/UsageTest->__pest_evaluable_example()
#53 C:/Users/paulb/Documents/GitHub/Educom-Trainee-Dashboard/DashboardAPI/vendor/phpunit/phpunit/src/Framework/TestCase.php(1355): PHPUnit/Framework/TestCase->invokeTestMethod('__pest_evaluabl...', Array)
#54 C:/Users/paulb/Documents/GitHub/Educom-Trainee-Dashboard/DashboardAPI/vendor/phpunit/phpunit/src/Framework/TestCase.php(521): PHPUnit/Framework/TestCase->runTest()
#55 C:/Users/paulb/Documents/GitHub/Educom-Trainee-Dashboard/DashboardAPI/vendor/phpunit/phpunit/src/Framework/TestRunner/TestRunner.php(99): PHPUnit/Framework/TestCase->runBare()
#56 C:/Users/paulb/Documents/GitHub/Educom-Trainee-Dashboard/DashboardAPI/vendor/phpunit/phpunit/src/Framework/TestCase.php(361): PHPUnit/Framework/TestRunner->run(Object(P/Tests/Feature/UsageTest))
#57 C:/Users/paulb/Documents/GitHub/Educom-Trainee-Dashboard/DashboardAPI/vendor/phpunit/phpunit/src/Framework/TestSuite.php(374): PHPUnit/Framework/TestCase->run()
#58 C:/Users/paulb/Documents/GitHub/Educom-Trainee-Dashboard/DashboardAPI/vendor/phpunit/phpunit/src/Framework/TestSuite.php(374): PHPUnit/Framework/TestSuite->run()
#59 C:/Users/paulb/Documents/GitHub/Educom-Trainee-Dashboard/DashboardAPI/vendor/phpunit/phpunit/src/Framework/TestSuite.php(374): PHPUnit/Framework/TestSuite->run()
#60 C:/Users/paulb/Documents/GitHub/Educom-Trainee-Dashboard/DashboardAPI/vendor/phpunit/phpunit/src/TextUI/TestRunner.php(64): PHPUnit/Framework/TestSuite->run()
#61 C:/Users/paulb/Documents/GitHub/Educom-Trainee-Dashboard/DashboardAPI/vendor/phpunit/phpunit/src/TextUI/Application.php(229): PHPUnit/TextUI/TestRunner->run(Object(PHPUnit/TextUI/Configuration/Configuration), Object(PHPUnit/Runner/ResultCache/DefaultResultCache), Object(PHPUnit/Framework/TestSuite))
#62 C:/Users/paulb/Documents/GitHub/Educom-Trainee-Dashboard/DashboardAPI/vendor/pestphp/pest/src/Kernel.php(117): PHPUnit/TextUI/Application->run(Array)
#63 C:/Users/paulb/Documents/GitHub/Educom-Trainee-Dashboard/DashboardAPI/vendor/pestphp/pest/bin/pest(207): Pest/Kernel->handle(Array, Array)
#64 C:/Users/paulb/Documents/GitHub/Educom-Trainee-Dashboard/DashboardAPI/vendor/pestphp/pest/bin/pest(215): {closure:C:/Users/paulb/Documents/GitHub/Educom-Trainee-Dashboard/DashboardAPI/vendor/pestphp/pest/bin/pest:21}()
#65 {main}

[previous exception] [object] (PDOException(code: 0): could not find driver at C:/Users/paulb/Documents/GitHub/Educom-Trainee-Dashboard/DashboardAPI/vendor/laravel/framework/src/Illuminate/Database/Connectors/Connector.php:67)
[stacktrace]
#0 C:/Users/paulb/Documents/GitHub/Educom-Trainee-Dashboard/DashboardAPI/vendor/laravel/framework/src/Illuminate/Database/Connectors/Connector.php(67): PDO::connect('sqlite::memory:', NULL, Object(SensitiveParameterValue), Array)
#1 C:/Users/paulb/Documents/GitHub/Educom-Trainee-Dashboard/DashboardAPI/vendor/laravel/framework/src/Illuminate/Database/Connectors/Connector.php(44): Illuminate/Database/Connectors/Connector->createPdoConnection('sqlite::memory:', NULL, Object(SensitiveParameterValue), Array)
#2 C:/Users/paulb/Documents/GitHub/Educom-Trainee-Dashboard/DashboardAPI/vendor/laravel/framework/src/Illuminate/Database/Connectors/SQLiteConnector.php(21): Illuminate/Database/Connectors/Connector->createConnection('sqlite::memory:', Array, Array)
#3 C:/Users/paulb/Documents/GitHub/Educom-Trainee-Dashboard/DashboardAPI/vendor/laravel/framework/src/Illuminate/Database/Connectors/ConnectionFactory.php(259): Illuminate/Database/Connectors/SQLiteConnector->connect(Array)
#4 [internal function]: Illuminate/Database/Connectors/ConnectionFactory->{closure:Illuminate/Database/Connectors/ConnectionFactory::createPdoResolverWithoutHosts():259}()
#5 C:/Users/paulb/Documents/GitHub/Educom-Trainee-Dashboard/DashboardAPI/vendor/laravel/framework/src/Illuminate/Database/Connection.php(1297): call_user_func(Object(Closure))
#6 C:/Users/paulb/Documents/GitHub/Educom-Trainee-Dashboard/DashboardAPI/vendor/laravel/framework/src/Illuminate/Database/Connection.php(1335): Illuminate/Database/Connection->getPdo()
#7 C:/Users/paulb/Documents/GitHub/Educom-Trainee-Dashboard/DashboardAPI/vendor/laravel/framework/src/Illuminate/Database/Connection.php(542): Illuminate/Database/Connection->getReadPdo()
#8 C:/Users/paulb/Documents/GitHub/Educom-Trainee-Dashboard/DashboardAPI/vendor/laravel/framework/src/Illuminate/Database/Connection.php(435): Illuminate/Database/Connection->getPdoForSelect(true)
#9 C:/Users/paulb/Documents/GitHub/Educom-Trainee-Dashboard/DashboardAPI/vendor/laravel/framework/src/Illuminate/Database/Connection.php(846): Illuminate/Database/Connection->{closure:Illuminate/Database/Connection::select():426}('select * from \"...', Array)
#10 C:/Users/paulb/Documents/GitHub/Educom-Trainee-Dashboard/DashboardAPI/vendor/laravel/framework/src/Illuminate/Database/Connection.php(813): Illuminate/Database/Connection->runQueryCallback('select * from \"...', Array, Object(Closure))
#11 C:/Users/paulb/Documents/GitHub/Educom-Trainee-Dashboard/DashboardAPI/vendor/laravel/framework/src/Illuminate/Database/Connection.php(426): Illuminate/Database/Connection->run('select * from \"...', Array, Object(Closure))
#12 C:/Users/paulb/Documents/GitHub/Educom-Trainee-Dashboard/DashboardAPI/vendor/laravel/framework/src/Illuminate/Database/Query/Builder.php(3573): Illuminate/Database/Connection->select('select * from \"...', Array, true, Array)
#13 C:/Users/paulb/Documents/GitHub/Educom-Trainee-Dashboard/DashboardAPI/vendor/laravel/framework/src/Illuminate/Database/Query/Builder.php(3557): Illuminate/Database/Query/Builder->runSelect()
#14 C:/Users/paulb/Documents/GitHub/Educom-Trainee-Dashboard/DashboardAPI/vendor/laravel/framework/src/Illuminate/Database/Eloquent/Builder.php(908): Illuminate/Database/Query/Builder->get(Array)
#15 C:/Users/paulb/Documents/GitHub/Educom-Trainee-Dashboard/DashboardAPI/vendor/laravel/framework/src/Illuminate/Database/Eloquent/Builder.php(890): Illuminate/Database/Eloquent/Builder->getModels(Array)
#16 C:/Users/paulb/Documents/GitHub/Educom-Trainee-Dashboard/DashboardAPI/app/Http/Controllers/UsageController.php(81): Illuminate/Database/Eloquent/Builder->get()
#17 C:/Users/paulb/Documents/GitHub/Educom-Trainee-Dashboard/DashboardAPI/vendor/laravel/framework/src/Illuminate/Routing/ControllerDispatcher.php(46): App/Http/Controllers/UsageController->getUsage()
#18 C:/Users/paulb/Documents/GitHub/Educom-Trainee-Dashboard/DashboardAPI/vendor/laravel/framework/src/Illuminate/Routing/Route.php(275): Illuminate/Routing/ControllerDispatcher->dispatch(Object(Illuminate/Routing/Route), Object(App/Http/Controllers/UsageController), 'getUsage')
#19 C:/Users/paulb/Documents/GitHub/Educom-Trainee-Dashboard/DashboardAPI/vendor/laravel/framework/src/Illuminate/Routing/Route.php(215): Illuminate/Routing/Route->runController()
#20 C:/Users/paulb/Documents/GitHub/Educom-Trainee-Dashboard/DashboardAPI/vendor/laravel/framework/src/Illuminate/Routing/Router.php(822): Illuminate/Routing/Route->run()
#21 C:/Users/paulb/Documents/GitHub/Educom-Trainee-Dashboard/DashboardAPI/vendor/laravel/framework/src/Illuminate/Pipeline/Pipeline.php(180): Illuminate/Routing/Router->{closure:Illuminate/Routing/Router::runRouteWithinStack():821}(Object(Illuminate/Http/Request))
#22 C:/Users/paulb/Documents/GitHub/Educom-Trainee-Dashboard/DashboardAPI/vendor/laravel/framework/src/Illuminate/Routing/Middleware/SubstituteBindings.php(52): Illuminate/Pipeline/Pipeline->{closure:Illuminate/Pipeline/Pipeline::prepareDestination():178}(Object(Illuminate/Http/Request))
#23 C:/Users/paulb/Documents/GitHub/Educom-Trainee-Dashboard/DashboardAPI/vendor/laravel/framework/src/Illuminate/Pipeline/Pipeline.php(219): Illuminate/Routing/Middleware/SubstituteBindings->handle(Object(Illuminate/Http/Request), Object(Closure))
#24 C:/Users/paulb/Documents/GitHub/Educom-Trainee-Dashboard/DashboardAPI/vendor/laravel/framework/src/Illuminate/Pipeline/Pipeline.php(137): Illuminate/Pipeline/Pipeline->{closure:{closure:Illuminate/Pipeline/Pipeline::carry():194}:195}(Object(Illuminate/Http/Request))
#25 C:/Users/paulb/Documents/GitHub/Educom-Trainee-Dashboard/DashboardAPI/vendor/laravel/framework/src/Illuminate/Routing/Router.php(821): Illuminate/Pipeline/Pipeline->then(Object(Closure))
#26 C:/Users/paulb/Documents/GitHub/Educom-Trainee-Dashboard/DashboardAPI/vendor/laravel/framework/src/Illuminate/Routing/Router.php(800): Illuminate/Routing/Router->runRouteWithinStack(Object(Illuminate/Routing/Route), Object(Illuminate/Http/Request))
#27 C:/Users/paulb/Documents/GitHub/Educom-Trainee-Dashboard/DashboardAPI/vendor/laravel/framework/src/Illuminate/Routing/Router.php(764): Illuminate/Routing/Router->runRoute(Object(Illuminate/Http/Request), Object(Illuminate/Routing/Route))
#28 C:/Users/paulb/Documents/GitHub/Educom-Trainee-Dashboard/DashboardAPI/vendor/laravel/framework/src/Illuminate/Routing/Router.php(753): Illuminate/Routing/Router->dispatchToRoute(Object(Illuminate/Http/Request))
#29 C:/Users/paulb/Documents/GitHub/Educom-Trainee-Dashboard/DashboardAPI/vendor/laravel/framework/src/Illuminate/Foundation/Http/Kernel.php(200): Illuminate/Routing/Router->dispatch(Object(Illuminate/Http/Request))
#30 C:/Users/paulb/Documents/GitHub/Educom-Trainee-Dashboard/DashboardAPI/vendor/laravel/framework/src/Illuminate/Pipeline/Pipeline.php(180): Illuminate/Foundation/Http/Kernel->{closure:Illuminate/Foundation/Http/Kernel::dispatchToRouter():197}(Object(Illuminate/Http/Request))
#31 C:/Users/paulb/Documents/GitHub/Educom-Trainee-Dashboard/DashboardAPI/vendor/laravel/framework/src/Illuminate/Foundation/Http/Middleware/TransformsRequest.php(21): Illuminate/Pipeline/Pipeline->{closure:Illuminate/Pipeline/Pipeline::prepareDestination():178}(Object(Illuminate/Http/Request))
#32 C:/Users/paulb/Documents/GitHub/Educom-Trainee-Dashboard/DashboardAPI/vendor/laravel/framework/src/Illuminate/Foundation/Http/Middleware/ConvertEmptyStringsToNull.php(31): Illuminate/Foundation/Http/Middleware/TransformsRequest->handle(Object(Illuminate/Http/Request), Object(Closure))
#33 C:/Users/paulb/Documents/GitHub/Educom-Trainee-Dashboard/DashboardAPI/vendor/laravel/framework/src/Illuminate/Pipeline/Pipeline.php(219): Illuminate/Foundation/Http/Middleware/ConvertEmptyStringsToNull->handle(Object(Illuminate/Http/Request), Object(Closure))
#34 C:/Users/paulb/Documents/GitHub/Educom-Trainee-Dashboard/DashboardAPI/vendor/laravel/framework/src/Illuminate/Foundation/Http/Middleware/TransformsRequest.php(21): Illuminate/Pipeline/Pipeline->{closure:{closure:Illuminate/Pipeline/Pipeline::carry():194}:195}(Object(Illuminate/Http/Request))
#35 C:/Users/paulb/Documents/GitHub/Educom-Trainee-Dashboard/DashboardAPI/vendor/laravel/framework/src/Illuminate/Foundation/Http/Middleware/TrimStrings.php(51): Illuminate/Foundation/Http/Middleware/TransformsRequest->handle(Object(Illuminate/Http/Request), Object(Closure))
#36 C:/Users/paulb/Documents/GitHub/Educom-Trainee-Dashboard/DashboardAPI/vendor/laravel/framework/src/Illuminate/Pipeline/Pipeline.php(219): Illuminate/Foundation/Http/Middleware/TrimStrings->handle(Object(Illuminate/Http/Request), Object(Closure))
#37 C:/Users/paulb/Documents/GitHub/Educom-Trainee-Dashboard/DashboardAPI/vendor/laravel/framework/src/Illuminate/Http/Middleware/ValidatePostSize.php(27): Illuminate/Pipeline/Pipeline->{closure:{closure:Illuminate/Pipeline/Pipeline::carry():194}:195}(Object(Illuminate/Http/Request))
#38 C:/Users/paulb/Documents/GitHub/Educom-Trainee-Dashboard/DashboardAPI/vendor/laravel/framework/src/Illuminate/Pipeline/Pipeline.php(219): Illuminate/Http/Middleware/ValidatePostSize->handle(Object(Illuminate/Http/Request), Object(Closure))
#39 C:/Users/paulb/Documents/GitHub/Educom-Trainee-Dashboard/DashboardAPI/vendor/laravel/framework/src/Illuminate/Foundation/Http/Middleware/PreventRequestsDuringMaintenance.php(109): Illuminate/Pipeline/Pipeline->{closure:{closure:Illuminate/Pipeline/Pipeline::carry():194}:195}(Object(Illuminate/Http/Request))
#40 C:/Users/paulb/Documents/GitHub/Educom-Trainee-Dashboard/DashboardAPI/vendor/laravel/framework/src/Illuminate/Pipeline/Pipeline.php(219): Illuminate/Foundation/Http/Middleware/PreventRequestsDuringMaintenance->handle(Object(Illuminate/Http/Request), Object(Closure))
#41 C:/Users/paulb/Documents/GitHub/Educom-Trainee-Dashboard/DashboardAPI/vendor/laravel/framework/src/Illuminate/Http/Middleware/HandleCors.php(74): Illuminate/Pipeline/Pipeline->{closure:{closure:Illuminate/Pipeline/Pipeline::carry():194}:195}(Object(Illuminate/Http/Request))
#42 C:/Users/paulb/Documents/GitHub/Educom-Trainee-Dashboard/DashboardAPI/vendor/laravel/framework/src/Illuminate/Pipeline/Pipeline.php(219): Illuminate/Http/Middleware/HandleCors->handle(Object(Illuminate/Http/Request), Object(Closure))
#43 C:/Users/paulb/Documents/GitHub/Educom-Trainee-Dashboard/DashboardAPI/vendor/laravel/framework/src/Illuminate/Http/Middleware/TrustProxies.php(58): Illuminate/Pipeline/Pipeline->{closure:{closure:Illuminate/Pipeline/Pipeline::carry():194}:195}(Object(Illuminate/Http/Request))
#44 C:/Users/paulb/Documents/GitHub/Educom-Trainee-Dashboard/DashboardAPI/vendor/laravel/framework/src/Illuminate/Pipeline/Pipeline.php(219): Illuminate/Http/Middleware/TrustProxies->handle(Object(Illuminate/Http/Request), Object(Closure))
#45 C:/Users/paulb/Documents/GitHub/Educom-Trainee-Dashboard/DashboardAPI/vendor/laravel/framework/src/Illuminate/Foundation/Http/Middleware/InvokeDeferredCallbacks.php(22): Illuminate/Pipeline/Pipeline->{closure:{closure:Illuminate/Pipeline/Pipeline::carry():194}:195}(Object(Illuminate/Http/Request))
#46 C:/Users/paulb/Documents/GitHub/Educom-Trainee-Dashboard/DashboardAPI/vendor/laravel/framework/src/Illuminate/Pipeline/Pipeline.php(219): Illuminate/Foundation/Http/Middleware/InvokeDeferredCallbacks->handle(Object(Illuminate/Http/Request), Object(Closure))
#47 C:/Users/paulb/Documents/GitHub/Educom-Trainee-Dashboard/DashboardAPI/vendor/laravel/framework/src/Illuminate/Http/Middleware/ValidatePathEncoding.php(28): Illuminate/Pipeline/Pipeline->{closure:{closure:Illuminate/Pipeline/Pipeline::carry():194}:195}(Object(Illuminate/Http/Request))
#48 C:/Users/paulb/Documents/GitHub/Educom-Trainee-Dashboard/DashboardAPI/vendor/laravel/framework/src/Illuminate/Pipeline/Pipeline.php(219): Illuminate/Http/Middleware/ValidatePathEncoding->handle(Object(Illuminate/Http/Request), Object(Closure))
#49 C:/Users/paulb/Documents/GitHub/Educom-Trainee-Dashboard/DashboardAPI/vendor/laravel/framework/src/Illuminate/Pipeline/Pipeline.php(137): Illuminate/Pipeline/Pipeline->{closure:{closure:Illuminate/Pipeline/Pipeline::carry():194}:195}(Object(Illuminate/Http/Request))
#50 C:/Users/paulb/Documents/GitHub/Educom-Trainee-Dashboard/DashboardAPI/vendor/laravel/framework/src/Illuminate/Foundation/Http/Kernel.php(175): Illuminate/Pipeline/Pipeline->then(Object(Closure))
#51 C:/Users/paulb/Documents/GitHub/Educom-Trainee-Dashboard/DashboardAPI/vendor/laravel/framework/src/Illuminate/Foundation/Http/Kernel.php(144): Illuminate/Foundation/Http/Kernel->sendRequestThroughRouter(Object(Illuminate/Http/Request))
#52 C:/Users/paulb/Documents/GitHub/Educom-Trainee-Dashboard/DashboardAPI/vendor/laravel/framework/src/Illuminate/Foundation/Testing/Concerns/MakesHttpRequests.php(607): Illuminate/Foundation/Http/Kernel->handle(Object(Illuminate/Http/Request))
#53 C:/Users/paulb/Documents/GitHub/Educom-Trainee-Dashboard/DashboardAPI/vendor/laravel/framework/src/Illuminate/Foundation/Testing/Concerns/MakesHttpRequests.php(368): Illuminate/Foundation/Testing/TestCase->call('GET', '/api/ai/', Array, Array, Array, Array)
#54 C:/Users/paulb/Documents/GitHub/Educom-Trainee-Dashboard/DashboardAPI/tests/Feature/UsageTest.php(4): Illuminate/Foundation/Testing/TestCase->get('/api/ai/')
#55 C:/Users/paulb/Documents/GitHub/Educom-Trainee-Dashboard/DashboardAPI/vendor/pestphp/pest/src/Factories/TestCaseMethodFactory.php(177): P/Tests/Feature/UsageTest->{closure:C:/Users/paulb/Documents/GitHub/Educom-Trainee-Dashboard/DashboardAPI/tests/Feature/UsageTest.php:3}()
#56 [internal function]: P/Tests/Feature/UsageTest->{closure:Pest/Factories/TestCaseMethodFactory::getClosure():167}()
#57 C:/Users/paulb/Documents/GitHub/Educom-Trainee-Dashboard/DashboardAPI/vendor/pestphp/pest/src/Concerns/Testable.php(581): call_user_func_array(Object(Closure), Array)
#58 C:/Users/paulb/Documents/GitHub/Educom-Trainee-Dashboard/DashboardAPI/vendor/pestphp/pest/src/Support/ExceptionTrace.php(26): P/Tests/Feature/UsageTest->{closure:Pest/Concerns/Testable::__callClosure():581}()
#59 C:/Users/paulb/Documents/GitHub/Educom-Trainee-Dashboard/DashboardAPI/vendor/pestphp/pest/src/Concerns/Testable.php(581): Pest/Support/ExceptionTrace::ensure(Object(Closure))
#60 C:/Users/paulb/Documents/GitHub/Educom-Trainee-Dashboard/DashboardAPI/vendor/pestphp/pest/src/Concerns/Testable.php(403): P/Tests/Feature/UsageTest->__callClosure(Object(Closure), Array)
#61 C:/Users/paulb/Documents/GitHub/Educom-Trainee-Dashboard/DashboardAPI/vendor/pestphp/pest/src/Factories/TestCaseFactory.php(175) : eval()'d code(17): P/Tests/Feature/UsageTest->__runTest(Object(Closure))
#62 C:/Users/paulb/Documents/GitHub/Educom-Trainee-Dashboard/DashboardAPI/vendor/phpunit/phpunit/src/Framework/TestCase.php(1318): P/Tests/Feature/UsageTest->__pest_evaluable_example()
#63 C:/Users/paulb/Documents/GitHub/Educom-Trainee-Dashboard/DashboardAPI/vendor/phpunit/phpunit/src/Framework/TestCase.php(1355): PHPUnit/Framework/TestCase->invokeTestMethod('__pest_evaluabl...', Array)
#64 C:/Users/paulb/Documents/GitHub/Educom-Trainee-Dashboard/DashboardAPI/vendor/phpunit/phpunit/src/Framework/TestCase.php(521): PHPUnit/Framework/TestCase->runTest()
#65 C:/Users/paulb/Documents/GitHub/Educom-Trainee-Dashboard/DashboardAPI/vendor/phpunit/phpunit/src/Framework/TestRunner/TestRunner.php(99): PHPUnit/Framework/TestCase->runBare()
#66 C:/Users/paulb/Documents/GitHub/Educom-Trainee-Dashboard/DashboardAPI/vendor/phpunit/phpunit/src/Framework/TestCase.php(361): PHPUnit/Framework/TestRunner->run(Object(P/Tests/Feature/UsageTest))
#67 C:/Users/paulb/Documents/GitHub/Educom-Trainee-Dashboard/DashboardAPI/vendor/phpunit/phpunit/src/Framework/TestSuite.php(374): PHPUnit/Framework/TestCase->run()
#68 C:/Users/paulb/Documents/GitHub/Educom-Trainee-Dashboard/DashboardAPI/vendor/phpunit/phpunit/src/Framework/TestSuite.php(374): PHPUnit/Framework/TestSuite->run()
#69 C:/Users/paulb/Documents/GitHub/Educom-Trainee-Dashboard/DashboardAPI/vendor/phpunit/phpunit/src/Framework/TestSuite.php(374): PHPUnit/Framework/TestSuite->run()
#70 C:/Users/paulb/Documents/GitHub/Educom-Trainee-Dashboard/DashboardAPI/vendor/phpunit/phpunit/src/TextUI/TestRunner.php(64): PHPUnit/Framework/TestSuite->run()
#71 C:/Users/paulb/Documents/GitHub/Educom-Trainee-Dashboard/DashboardAPI/vendor/phpunit/phpunit/src/TextUI/Application.php(229): PHPUnit/TextUI/TestRunner->run(Object(PHPUnit/TextUI/Configuration/Configuration), Object(PHPUnit/Runner/ResultCache/DefaultResultCache), Object(PHPUnit/Framework/TestSuite))
#72 C:/Users/paulb/Documents/GitHub/Educom-Trainee-Dashboard/DashboardAPI/vendor/pestphp/pest/src/Kernel.php(117): PHPUnit/TextUI/Application->run(Array)
#73 C:/Users/paulb/Documents/GitHub/Educom-Trainee-Dashboard/DashboardAPI/vendor/pestphp/pest/bin/pest(207): Pest/Kernel->handle(Array, Array)
#74 C:/Users/paulb/Documents/GitHub/Educom-Trainee-Dashboard/DashboardAPI/vendor/pestphp/pest/bin/pest(215): {closure:C:/Users/paulb/Documents/GitHub/Educom-Trainee-Dashboard/DashboardAPI/vendor/pestphp/pest/bin/pest:21}()
#75 {main}
"} 
[2026-07-20 09:32:09] testing.ERROR: could not find driver (Connection: sqlite, Database: :memory:, SQL: select * from "AiUsage" order by "created_at" desc) {"exception":"[object] (Illuminate\\Database\\QueryException(code: 0): could not find driver (Connection: sqlite, Database: :memory:, SQL: select * from \"AiUsage\" order by \"created_at\" desc) at C:/Users/paulb/Documents/GitHub/Educom-Trainee-Dashboard/DashboardAPI/vendor/laravel/framework/src/Illuminate/Database/Connection.php:857)
[stacktrace]
#0 C:/Users/paulb/Documents/GitHub/Educom-Trainee-Dashboard/DashboardAPI/vendor/laravel/framework/src/Illuminate/Database/Connection.php(813): Illuminate/Database/Connection->runQueryCallback('select * from \"...', Array, Object(Closure))
#1 C:/Users/paulb/Documents/GitHub/Educom-Trainee-Dashboard/DashboardAPI/vendor/laravel/framework/src/Illuminate/Database/Connection.php(426): Illuminate/Database/Connection->run('select * from \"...', Array, Object(Closure))
#2 C:/Users/paulb/Documents/GitHub/Educom-Trainee-Dashboard/DashboardAPI/vendor/laravel/framework/src/Illuminate/Database/Query/Builder.php(3573): Illuminate/Database/Connection->select('select * from \"...', Array, true, Array)
#3 C:/Users/paulb/Documents/GitHub/Educom-Trainee-Dashboard/DashboardAPI/vendor/laravel/framework/src/Illuminate/Database/Query/Builder.php(3557): Illuminate/Database/Query/Builder->runSelect()
#4 C:/Users/paulb/Documents/GitHub/Educom-Trainee-Dashboard/DashboardAPI/vendor/laravel/framework/src/Illuminate/Database/Eloquent/Builder.php(908): Illuminate/Database/Query/Builder->get(Array)
#5 C:/Users/paulb/Documents/GitHub/Educom-Trainee-Dashboard/DashboardAPI/vendor/laravel/framework/src/Illuminate/Database/Eloquent/Builder.php(890): Illuminate/Database/Eloquent/Builder->getModels(Array)
#6 C:/Users/paulb/Documents/GitHub/Educom-Trainee-Dashboard/DashboardAPI/app/Http/Controllers/UsageController.php(81): Illuminate/Database/Eloquent/Builder->get()
#7 C:/Users/paulb/Documents/GitHub/Educom-Trainee-Dashboard/DashboardAPI/vendor/laravel/framework/src/Illuminate/Routing/ControllerDispatcher.php(46): App/Http/Controllers/UsageController->getUsage()
#8 C:/Users/paulb/Documents/GitHub/Educom-Trainee-Dashboard/DashboardAPI/vendor/laravel/framework/src/Illuminate/Routing/Route.php(275): Illuminate/Routing/ControllerDispatcher->dispatch(Object(Illuminate/Routing/Route), Object(App/Http/Controllers/UsageController), 'getUsage')
#9 C:/Users/paulb/Documents/GitHub/Educom-Trainee-Dashboard/DashboardAPI/vendor/laravel/framework/src/Illuminate/Routing/Route.php(215): Illuminate/Routing/Route->runController()
#10 C:/Users/paulb/Documents/GitHub/Educom-Trainee-Dashboard/DashboardAPI/vendor/laravel/framework/src/Illuminate/Routing/Router.php(822): Illuminate/Routing/Route->run()
#11 C:/Users/paulb/Documents/GitHub/Educom-Trainee-Dashboard/DashboardAPI/vendor/laravel/framework/src/Illuminate/Pipeline/Pipeline.php(180): Illuminate/Routing/Router->{closure:Illuminate/Routing/Router::runRouteWithinStack():821}(Object(Illuminate/Http/Request))
#12 C:/Users/paulb/Documents/GitHub/Educom-Trainee-Dashboard/DashboardAPI/vendor/laravel/framework/src/Illuminate/Routing/Middleware/SubstituteBindings.php(52): Illuminate/Pipeline/Pipeline->{closure:Illuminate/Pipeline/Pipeline::prepareDestination():178}(Object(Illuminate/Http/Request))
#13 C:/Users/paulb/Documents/GitHub/Educom-Trainee-Dashboard/DashboardAPI/vendor/laravel/framework/src/Illuminate/Pipeline/Pipeline.php(219): Illuminate/Routing/Middleware/SubstituteBindings->handle(Object(Illuminate/Http/Request), Object(Closure))
#14 C:/Users/paulb/Documents/GitHub/Educom-Trainee-Dashboard/DashboardAPI/vendor/laravel/framework/src/Illuminate/Pipeline/Pipeline.php(137): Illuminate/Pipeline/Pipeline->{closure:{closure:Illuminate/Pipeline/Pipeline::carry():194}:195}(Object(Illuminate/Http/Request))
#15 C:/Users/paulb/Documents/GitHub/Educom-Trainee-Dashboard/DashboardAPI/vendor/laravel/framework/src/Illuminate/Routing/Router.php(821): Illuminate/Pipeline/Pipeline->then(Object(Closure))
#16 C:/Users/paulb/Documents/GitHub/Educom-Trainee-Dashboard/DashboardAPI/vendor/laravel/framework/src/Illuminate/Routing/Router.php(800): Illuminate/Routing/Router->runRouteWithinStack(Object(Illuminate/Routing/Route), Object(Illuminate/Http/Request))
#17 C:/Users/paulb/Documents/GitHub/Educom-Trainee-Dashboard/DashboardAPI/vendor/laravel/framework/src/Illuminate/Routing/Router.php(764): Illuminate/Routing/Router->runRoute(Object(Illuminate/Http/Request), Object(Illuminate/Routing/Route))
#18 C:/Users/paulb/Documents/GitHub/Educom-Trainee-Dashboard/DashboardAPI/vendor/laravel/framework/src/Illuminate/Routing/Router.php(753): Illuminate/Routing/Router->dispatchToRoute(Object(Illuminate/Http/Request))
#19 C:/Users/paulb/Documents/GitHub/Educom-Trainee-Dashboard/DashboardAPI/vendor/laravel/framework/src/Illuminate/Foundation/Http/Kernel.php(200): Illuminate/Routing/Router->dispatch(Object(Illuminate/Http/Request))
#20 C:/Users/paulb/Documents/GitHub/Educom-Trainee-Dashboard/DashboardAPI/vendor/laravel/framework/src/Illuminate/Pipeline/Pipeline.php(180): Illuminate/Foundation/Http/Kernel->{closure:Illuminate/Foundation/Http/Kernel::dispatchToRouter():197}(Object(Illuminate/Http/Request))
#21 C:/Users/paulb/Documents/GitHub/Educom-Trainee-Dashboard/DashboardAPI/vendor/laravel/framework/src/Illuminate/Foundation/Http/Middleware/TransformsRequest.php(21): Illuminate/Pipeline/Pipeline->{closure:Illuminate/Pipeline/Pipeline::prepareDestination():178}(Object(Illuminate/Http/Request))
#22 C:/Users/paulb/Documents/GitHub/Educom-Trainee-Dashboard/DashboardAPI/vendor/laravel/framework/src/Illuminate/Foundation/Http/Middleware/ConvertEmptyStringsToNull.php(31): Illuminate/Foundation/Http/Middleware/TransformsRequest->handle(Object(Illuminate/Http/Request), Object(Closure))
#23 C:/Users/paulb/Documents/GitHub/Educom-Trainee-Dashboard/DashboardAPI/vendor/laravel/framework/src/Illuminate/Pipeline/Pipeline.php(219): Illuminate/Foundation/Http/Middleware/ConvertEmptyStringsToNull->handle(Object(Illuminate/Http/Request), Object(Closure))
#24 C:/Users/paulb/Documents/GitHub/Educom-Trainee-Dashboard/DashboardAPI/vendor/laravel/framework/src/Illuminate/Foundation/Http/Middleware/TransformsRequest.php(21): Illuminate/Pipeline/Pipeline->{closure:{closure:Illuminate/Pipeline/Pipeline::carry():194}:195}(Object(Illuminate/Http/Request))
#25 C:/Users/paulb/Documents/GitHub/Educom-Trainee-Dashboard/DashboardAPI/vendor/laravel/framework/src/Illuminate/Foundation/Http/Middleware/TrimStrings.php(51): Illuminate/Foundation/Http/Middleware/TransformsRequest->handle(Object(Illuminate/Http/Request), Object(Closure))
#26 C:/Users/paulb/Documents/GitHub/Educom-Trainee-Dashboard/DashboardAPI/vendor/laravel/framework/src/Illuminate/Pipeline/Pipeline.php(219): Illuminate/Foundation/Http/Middleware/TrimStrings->handle(Object(Illuminate/Http/Request), Object(Closure))
#27 C:/Users/paulb/Documents/GitHub/Educom-Trainee-Dashboard/DashboardAPI/vendor/laravel/framework/src/Illuminate/Http/Middleware/ValidatePostSize.php(27): Illuminate/Pipeline/Pipeline->{closure:{closure:Illuminate/Pipeline/Pipeline::carry():194}:195}(Object(Illuminate/Http/Request))
#28 C:/Users/paulb/Documents/GitHub/Educom-Trainee-Dashboard/DashboardAPI/vendor/laravel/framework/src/Illuminate/Pipeline/Pipeline.php(219): Illuminate/Http/Middleware/ValidatePostSize->handle(Object(Illuminate/Http/Request), Object(Closure))
#29 C:/Users/paulb/Documents/GitHub/Educom-Trainee-Dashboard/DashboardAPI/vendor/laravel/framework/src/Illuminate/Foundation/Http/Middleware/PreventRequestsDuringMaintenance.php(109): Illuminate/Pipeline/Pipeline->{closure:{closure:Illuminate/Pipeline/Pipeline::carry():194}:195}(Object(Illuminate/Http/Request))
#30 C:/Users/paulb/Documents/GitHub/Educom-Trainee-Dashboard/DashboardAPI/vendor/laravel/framework/src/Illuminate/Pipeline/Pipeline.php(219): Illuminate/Foundation/Http/Middleware/PreventRequestsDuringMaintenance->handle(Object(Illuminate/Http/Request), Object(Closure))
#31 C:/Users/paulb/Documents/GitHub/Educom-Trainee-Dashboard/DashboardAPI/vendor/laravel/framework/src/Illuminate/Http/Middleware/HandleCors.php(74): Illuminate/Pipeline/Pipeline->{closure:{closure:Illuminate/Pipeline/Pipeline::carry():194}:195}(Object(Illuminate/Http/Request))
#32 C:/Users/paulb/Documents/GitHub/Educom-Trainee-Dashboard/DashboardAPI/vendor/laravel/framework/src/Illuminate/Pipeline/Pipeline.php(219): Illuminate/Http/Middleware/HandleCors->handle(Object(Illuminate/Http/Request), Object(Closure))
#33 C:/Users/paulb/Documents/GitHub/Educom-Trainee-Dashboard/DashboardAPI/vendor/laravel/framework/src/Illuminate/Http/Middleware/TrustProxies.php(58): Illuminate/Pipeline/Pipeline->{closure:{closure:Illuminate/Pipeline/Pipeline::carry():194}:195}(Object(Illuminate/Http/Request))
#34 C:/Users/paulb/Documents/GitHub/Educom-Trainee-Dashboard/DashboardAPI/vendor/laravel/framework/src/Illuminate/Pipeline/Pipeline.php(219): Illuminate/Http/Middleware/TrustProxies->handle(Object(Illuminate/Http/Request), Object(Closure))
#35 C:/Users/paulb/Documents/GitHub/Educom-Trainee-Dashboard/DashboardAPI/vendor/laravel/framework/src/Illuminate/Foundation/Http/Middleware/InvokeDeferredCallbacks.php(22): Illuminate/Pipeline/Pipeline->{closure:{closure:Illuminate/Pipeline/Pipeline::carry():194}:195}(Object(Illuminate/Http/Request))
#36 C:/Users/paulb/Documents/GitHub/Educom-Trainee-Dashboard/DashboardAPI/vendor/laravel/framework/src/Illuminate/Pipeline/Pipeline.php(219): Illuminate/Foundation/Http/Middleware/InvokeDeferredCallbacks->handle(Object(Illuminate/Http/Request), Object(Closure))
#37 C:/Users/paulb/Documents/GitHub/Educom-Trainee-Dashboard/DashboardAPI/vendor/laravel/framework/src/Illuminate/Http/Middleware/ValidatePathEncoding.php(28): Illuminate/Pipeline/Pipeline->{closure:{closure:Illuminate/Pipeline/Pipeline::carry():194}:195}(Object(Illuminate/Http/Request))
#38 C:/Users/paulb/Documents/GitHub/Educom-Trainee-Dashboard/DashboardAPI/vendor/laravel/framework/src/Illuminate/Pipeline/Pipeline.php(219): Illuminate/Http/Middleware/ValidatePathEncoding->handle(Object(Illuminate/Http/Request), Object(Closure))
#39 C:/Users/paulb/Documents/GitHub/Educom-Trainee-Dashboard/DashboardAPI/vendor/laravel/framework/src/Illuminate/Pipeline/Pipeline.php(137): Illuminate/Pipeline/Pipeline->{closure:{closure:Illuminate/Pipeline/Pipeline::carry():194}:195}(Object(Illuminate/Http/Request))
#40 C:/Users/paulb/Documents/GitHub/Educom-Trainee-Dashboard/DashboardAPI/vendor/laravel/framework/src/Illuminate/Foundation/Http/Kernel.php(175): Illuminate/Pipeline/Pipeline->then(Object(Closure))
#41 C:/Users/paulb/Documents/GitHub/Educom-Trainee-Dashboard/DashboardAPI/vendor/laravel/framework/src/Illuminate/Foundation/Http/Kernel.php(144): Illuminate/Foundation/Http/Kernel->sendRequestThroughRouter(Object(Illuminate/Http/Request))
#42 C:/Users/paulb/Documents/GitHub/Educom-Trainee-Dashboard/DashboardAPI/vendor/laravel/framework/src/Illuminate/Foundation/Testing/Concerns/MakesHttpRequests.php(607): Illuminate/Foundation/Http/Kernel->handle(Object(Illuminate/Http/Request))
#43 C:/Users/paulb/Documents/GitHub/Educom-Trainee-Dashboard/DashboardAPI/vendor/laravel/framework/src/Illuminate/Foundation/Testing/Concerns/MakesHttpRequests.php(368): Illuminate/Foundation/Testing/TestCase->call('GET', '/api/ai/', Array, Array, Array, Array)
#44 C:/Users/paulb/Documents/GitHub/Educom-Trainee-Dashboard/DashboardAPI/tests/Feature/UsageTest.php(4): Illuminate/Foundation/Testing/TestCase->get('/api/ai/')
#45 C:/Users/paulb/Documents/GitHub/Educom-Trainee-Dashboard/DashboardAPI/vendor/pestphp/pest/src/Factories/TestCaseMethodFactory.php(177): P/Tests/Feature/UsageTest->{closure:C:/Users/paulb/Documents/GitHub/Educom-Trainee-Dashboard/DashboardAPI/tests/Feature/UsageTest.php:3}()
#46 [internal function]: P/Tests/Feature/UsageTest->{closure:Pest/Factories/TestCaseMethodFactory::getClosure():167}()
#47 C:/Users/paulb/Documents/GitHub/Educom-Trainee-Dashboard/DashboardAPI/vendor/pestphp/pest/src/Concerns/Testable.php(581): call_user_func_array(Object(Closure), Array)
#48 C:/Users/paulb/Documents/GitHub/Educom-Trainee-Dashboard/DashboardAPI/vendor/pestphp/pest/src/Support/ExceptionTrace.php(26): P/Tests/Feature/UsageTest->{closure:Pest/Concerns/Testable::__callClosure():581}()
#49 C:/Users/paulb/Documents/GitHub/Educom-Trainee-Dashboard/DashboardAPI/vendor/pestphp/pest/src/Concerns/Testable.php(581): Pest/Support/ExceptionTrace::ensure(Object(Closure))
#50 C:/Users/paulb/Documents/GitHub/Educom-Trainee-Dashboard/DashboardAPI/vendor/pestphp/pest/src/Concerns/Testable.php(403): P/Tests/Feature/UsageTest->__callClosure(Object(Closure), Array)
#51 C:/Users/paulb/Documents/GitHub/Educom-Trainee-Dashboard/DashboardAPI/vendor/pestphp/pest/src/Factories/TestCaseFactory.php(175) : eval()'d code(17): P/Tests/Feature/UsageTest->__runTest(Object(Closure))
#52 C:/Users/paulb/Documents/GitHub/Educom-Trainee-Dashboard/DashboardAPI/vendor/phpunit/phpunit/src/Framework/TestCase.php(1318): P/Tests/Feature/UsageTest->__pest_evaluable_example()
#53 C:/Users/paulb/Documents/GitHub/Educom-Trainee-Dashboard/DashboardAPI/vendor/phpunit/phpunit/src/Framework/TestCase.php(1355): PHPUnit/Framework/TestCase->invokeTestMethod('__pest_evaluabl...', Array)
#54 C:/Users/paulb/Documents/GitHub/Educom-Trainee-Dashboard/DashboardAPI/vendor/phpunit/phpunit/src/Framework/TestCase.php(521): PHPUnit/Framework/TestCase->runTest()
#55 C:/Users/paulb/Documents/GitHub/Educom-Trainee-Dashboard/DashboardAPI/vendor/phpunit/phpunit/src/Framework/TestRunner/TestRunner.php(99): PHPUnit/Framework/TestCase->runBare()
#56 C:/Users/paulb/Documents/GitHub/Educom-Trainee-Dashboard/DashboardAPI/vendor/phpunit/phpunit/src/Framework/TestCase.php(361): PHPUnit/Framework/TestRunner->run(Object(P/Tests/Feature/UsageTest))
#57 C:/Users/paulb/Documents/GitHub/Educom-Trainee-Dashboard/DashboardAPI/vendor/phpunit/phpunit/src/Framework/TestSuite.php(374): PHPUnit/Framework/TestCase->run()
#58 C:/Users/paulb/Documents/GitHub/Educom-Trainee-Dashboard/DashboardAPI/vendor/phpunit/phpunit/src/Framework/TestSuite.php(374): PHPUnit/Framework/TestSuite->run()
#59 C:/Users/paulb/Documents/GitHub/Educom-Trainee-Dashboard/DashboardAPI/vendor/phpunit/phpunit/src/Framework/TestSuite.php(374): PHPUnit/Framework/TestSuite->run()
#60 C:/Users/paulb/Documents/GitHub/Educom-Trainee-Dashboard/DashboardAPI/vendor/phpunit/phpunit/src/TextUI/TestRunner.php(64): PHPUnit/Framework/TestSuite->run()
#61 C:/Users/paulb/Documents/GitHub/Educom-Trainee-Dashboard/DashboardAPI/vendor/phpunit/phpunit/src/TextUI/Application.php(229): PHPUnit/TextUI/TestRunner->run(Object(PHPUnit/TextUI/Configuration/Configuration), Object(PHPUnit/Runner/ResultCache/DefaultResultCache), Object(PHPUnit/Framework/TestSuite))
#62 C:/Users/paulb/Documents/GitHub/Educom-Trainee-Dashboard/DashboardAPI/vendor/pestphp/pest/src/Kernel.php(117): PHPUnit/TextUI/Application->run(Array)
#63 C:/Users/paulb/Documents/GitHub/Educom-Trainee-Dashboard/DashboardAPI/vendor/pestphp/pest/bin/pest(207): Pest/Kernel->handle(Array, Array)
#64 C:/Users/paulb/Documents/GitHub/Educom-Trainee-Dashboard/DashboardAPI/vendor/pestphp/pest/bin/pest(215): {closure:C:/Users/paulb/Documents/GitHub/Educom-Trainee-Dashboard/DashboardAPI/vendor/pestphp/pest/bin/pest:21}()
#65 {main}

[previous exception] [object] (PDOException(code: 0): could not find driver at C:/Users/paulb/Documents/GitHub/Educom-Trainee-Dashboard/DashboardAPI/vendor/laravel/framework/src/Illuminate/Database/Connectors/Connector.php:67)
[stacktrace]
#0 C:/Users/paulb/Documents/GitHub/Educom-Trainee-Dashboard/DashboardAPI/vendor/laravel/framework/src/Illuminate/Database/Connectors/Connector.php(67): PDO::connect('sqlite::memory:', NULL, Object(SensitiveParameterValue), Array)
#1 C:/Users/paulb/Documents/GitHub/Educom-Trainee-Dashboard/DashboardAPI/vendor/laravel/framework/src/Illuminate/Database/Connectors/Connector.php(44): Illuminate/Database/Connectors/Connector->createPdoConnection('sqlite::memory:', NULL, Object(SensitiveParameterValue), Array)
#2 C:/Users/paulb/Documents/GitHub/Educom-Trainee-Dashboard/DashboardAPI/vendor/laravel/framework/src/Illuminate/Database/Connectors/SQLiteConnector.php(21): Illuminate/Database/Connectors/Connector->createConnection('sqlite::memory:', Array, Array)
#3 C:/Users/paulb/Documents/GitHub/Educom-Trainee-Dashboard/DashboardAPI/vendor/laravel/framework/src/Illuminate/Database/Connectors/ConnectionFactory.php(259): Illuminate/Database/Connectors/SQLiteConnector->connect(Array)
#4 [internal function]: Illuminate/Database/Connectors/ConnectionFactory->{closure:Illuminate/Database/Connectors/ConnectionFactory::createPdoResolverWithoutHosts():259}()
#5 C:/Users/paulb/Documents/GitHub/Educom-Trainee-Dashboard/DashboardAPI/vendor/laravel/framework/src/Illuminate/Database/Connection.php(1297): call_user_func(Object(Closure))
#6 C:/Users/paulb/Documents/GitHub/Educom-Trainee-Dashboard/DashboardAPI/vendor/laravel/framework/src/Illuminate/Database/Connection.php(1335): Illuminate/Database/Connection->getPdo()
#7 C:/Users/paulb/Documents/GitHub/Educom-Trainee-Dashboard/DashboardAPI/vendor/laravel/framework/src/Illuminate/Database/Connection.php(542): Illuminate/Database/Connection->getReadPdo()
#8 C:/Users/paulb/Documents/GitHub/Educom-Trainee-Dashboard/DashboardAPI/vendor/laravel/framework/src/Illuminate/Database/Connection.php(435): Illuminate/Database/Connection->getPdoForSelect(true)
#9 C:/Users/paulb/Documents/GitHub/Educom-Trainee-Dashboard/DashboardAPI/vendor/laravel/framework/src/Illuminate/Database/Connection.php(846): Illuminate/Database/Connection->{closure:Illuminate/Database/Connection::select():426}('select * from \"...', Array)
#10 C:/Users/paulb/Documents/GitHub/Educom-Trainee-Dashboard/DashboardAPI/vendor/laravel/framework/src/Illuminate/Database/Connection.php(813): Illuminate/Database/Connection->runQueryCallback('select * from \"...', Array, Object(Closure))
#11 C:/Users/paulb/Documents/GitHub/Educom-Trainee-Dashboard/DashboardAPI/vendor/laravel/framework/src/Illuminate/Database/Connection.php(426): Illuminate/Database/Connection->run('select * from \"...', Array, Object(Closure))
#12 C:/Users/paulb/Documents/GitHub/Educom-Trainee-Dashboard/DashboardAPI/vendor/laravel/framework/src/Illuminate/Database/Query/Builder.php(3573): Illuminate/Database/Connection->select('select * from \"...', Array, true, Array)
#13 C:/Users/paulb/Documents/GitHub/Educom-Trainee-Dashboard/DashboardAPI/vendor/laravel/framework/src/Illuminate/Database/Query/Builder.php(3557): Illuminate/Database/Query/Builder->runSelect()
#14 C:/Users/paulb/Documents/GitHub/Educom-Trainee-Dashboard/DashboardAPI/vendor/laravel/framework/src/Illuminate/Database/Eloquent/Builder.php(908): Illuminate/Database/Query/Builder->get(Array)
#15 C:/Users/paulb/Documents/GitHub/Educom-Trainee-Dashboard/DashboardAPI/vendor/laravel/framework/src/Illuminate/Database/Eloquent/Builder.php(890): Illuminate/Database/Eloquent/Builder->getModels(Array)
#16 C:/Users/paulb/Documents/GitHub/Educom-Trainee-Dashboard/DashboardAPI/app/Http/Controllers/UsageController.php(81): Illuminate/Database/Eloquent/Builder->get()
#17 C:/Users/paulb/Documents/GitHub/Educom-Trainee-Dashboard/DashboardAPI/vendor/laravel/framework/src/Illuminate/Routing/ControllerDispatcher.php(46): App/Http/Controllers/UsageController->getUsage()
#18 C:/Users/paulb/Documents/GitHub/Educom-Trainee-Dashboard/DashboardAPI/vendor/laravel/framework/src/Illuminate/Routing/Route.php(275): Illuminate/Routing/ControllerDispatcher->dispatch(Object(Illuminate/Routing/Route), Object(App/Http/Controllers/UsageController), 'getUsage')
#19 C:/Users/paulb/Documents/GitHub/Educom-Trainee-Dashboard/DashboardAPI/vendor/laravel/framework/src/Illuminate/Routing/Route.php(215): Illuminate/Routing/Route->runController()
#20 C:/Users/paulb/Documents/GitHub/Educom-Trainee-Dashboard/DashboardAPI/vendor/laravel/framework/src/Illuminate/Routing/Router.php(822): Illuminate/Routing/Route->run()
#21 C:/Users/paulb/Documents/GitHub/Educom-Trainee-Dashboard/DashboardAPI/vendor/laravel/framework/src/Illuminate/Pipeline/Pipeline.php(180): Illuminate/Routing/Router->{closure:Illuminate/Routing/Router::runRouteWithinStack():821}(Object(Illuminate/Http/Request))
#22 C:/Users/paulb/Documents/GitHub/Educom-Trainee-Dashboard/DashboardAPI/vendor/laravel/framework/src/Illuminate/Routing/Middleware/SubstituteBindings.php(52): Illuminate/Pipeline/Pipeline->{closure:Illuminate/Pipeline/Pipeline::prepareDestination():178}(Object(Illuminate/Http/Request))
#23 C:/Users/paulb/Documents/GitHub/Educom-Trainee-Dashboard/DashboardAPI/vendor/laravel/framework/src/Illuminate/Pipeline/Pipeline.php(219): Illuminate/Routing/Middleware/SubstituteBindings->handle(Object(Illuminate/Http/Request), Object(Closure))
#24 C:/Users/paulb/Documents/GitHub/Educom-Trainee-Dashboard/DashboardAPI/vendor/laravel/framework/src/Illuminate/Pipeline/Pipeline.php(137): Illuminate/Pipeline/Pipeline->{closure:{closure:Illuminate/Pipeline/Pipeline::carry():194}:195}(Object(Illuminate/Http/Request))
#25 C:/Users/paulb/Documents/GitHub/Educom-Trainee-Dashboard/DashboardAPI/vendor/laravel/framework/src/Illuminate/Routing/Router.php(821): Illuminate/Pipeline/Pipeline->then(Object(Closure))
#26 C:/Users/paulb/Documents/GitHub/Educom-Trainee-Dashboard/DashboardAPI/vendor/laravel/framework/src/Illuminate/Routing/Router.php(800): Illuminate/Routing/Router->runRouteWithinStack(Object(Illuminate/Routing/Route), Object(Illuminate/Http/Request))
#27 C:/Users/paulb/Documents/GitHub/Educom-Trainee-Dashboard/DashboardAPI/vendor/laravel/framework/src/Illuminate/Routing/Router.php(764): Illuminate/Routing/Router->runRoute(Object(Illuminate/Http/Request), Object(Illuminate/Routing/Route))
#28 C:/Users/paulb/Documents/GitHub/Educom-Trainee-Dashboard/DashboardAPI/vendor/laravel/framework/src/Illuminate/Routing/Router.php(753): Illuminate/Routing/Router->dispatchToRoute(Object(Illuminate/Http/Request))
#29 C:/Users/paulb/Documents/GitHub/Educom-Trainee-Dashboard/DashboardAPI/vendor/laravel/framework/src/Illuminate/Foundation/Http/Kernel.php(200): Illuminate/Routing/Router->dispatch(Object(Illuminate/Http/Request))
#30 C:/Users/paulb/Documents/GitHub/Educom-Trainee-Dashboard/DashboardAPI/vendor/laravel/framework/src/Illuminate/Pipeline/Pipeline.php(180): Illuminate/Foundation/Http/Kernel->{closure:Illuminate/Foundation/Http/Kernel::dispatchToRouter():197}(Object(Illuminate/Http/Request))
#31 C:/Users/paulb/Documents/GitHub/Educom-Trainee-Dashboard/DashboardAPI/vendor/laravel/framework/src/Illuminate/Foundation/Http/Middleware/TransformsRequest.php(21): Illuminate/Pipeline/Pipeline->{closure:Illuminate/Pipeline/Pipeline::prepareDestination():178}(Object(Illuminate/Http/Request))
#32 C:/Users/paulb/Documents/GitHub/Educom-Trainee-Dashboard/DashboardAPI/vendor/laravel/framework/src/Illuminate/Foundation/Http/Middleware/ConvertEmptyStringsToNull.php(31): Illuminate/Foundation/Http/Middleware/TransformsRequest->handle(Object(Illuminate/Http/Request), Object(Closure))
#33 C:/Users/paulb/Documents/GitHub/Educom-Trainee-Dashboard/DashboardAPI/vendor/laravel/framework/src/Illuminate/Pipeline/Pipeline.php(219): Illuminate/Foundation/Http/Middleware/ConvertEmptyStringsToNull->handle(Object(Illuminate/Http/Request), Object(Closure))
#34 C:/Users/paulb/Documents/GitHub/Educom-Trainee-Dashboard/DashboardAPI/vendor/laravel/framework/src/Illuminate/Foundation/Http/Middleware/TransformsRequest.php(21): Illuminate/Pipeline/Pipeline->{closure:{closure:Illuminate/Pipeline/Pipeline::carry():194}:195}(Object(Illuminate/Http/Request))
#35 C:/Users/paulb/Documents/GitHub/Educom-Trainee-Dashboard/DashboardAPI/vendor/laravel/framework/src/Illuminate/Foundation/Http/Middleware/TrimStrings.php(51): Illuminate/Foundation/Http/Middleware/TransformsRequest->handle(Object(Illuminate/Http/Request), Object(Closure))
#36 C:/Users/paulb/Documents/GitHub/Educom-Trainee-Dashboard/DashboardAPI/vendor/laravel/framework/src/Illuminate/Pipeline/Pipeline.php(219): Illuminate/Foundation/Http/Middleware/TrimStrings->handle(Object(Illuminate/Http/Request), Object(Closure))
#37 C:/Users/paulb/Documents/GitHub/Educom-Trainee-Dashboard/DashboardAPI/vendor/laravel/framework/src/Illuminate/Http/Middleware/ValidatePostSize.php(27): Illuminate/Pipeline/Pipeline->{closure:{closure:Illuminate/Pipeline/Pipeline::carry():194}:195}(Object(Illuminate/Http/Request))
#38 C:/Users/paulb/Documents/GitHub/Educom-Trainee-Dashboard/DashboardAPI/vendor/laravel/framework/src/Illuminate/Pipeline/Pipeline.php(219): Illuminate/Http/Middleware/ValidatePostSize->handle(Object(Illuminate/Http/Request), Object(Closure))
#39 C:/Users/paulb/Documents/GitHub/Educom-Trainee-Dashboard/DashboardAPI/vendor/laravel/framework/src/Illuminate/Foundation/Http/Middleware/PreventRequestsDuringMaintenance.php(109): Illuminate/Pipeline/Pipeline->{closure:{closure:Illuminate/Pipeline/Pipeline::carry():194}:195}(Object(Illuminate/Http/Request))
#40 C:/Users/paulb/Documents/GitHub/Educom-Trainee-Dashboard/DashboardAPI/vendor/laravel/framework/src/Illuminate/Pipeline/Pipeline.php(219): Illuminate/Foundation/Http/Middleware/PreventRequestsDuringMaintenance->handle(Object(Illuminate/Http/Request), Object(Closure))
#41 C:/Users/paulb/Documents/GitHub/Educom-Trainee-Dashboard/DashboardAPI/vendor/laravel/framework/src/Illuminate/Http/Middleware/HandleCors.php(74): Illuminate/Pipeline/Pipeline->{closure:{closure:Illuminate/Pipeline/Pipeline::carry():194}:195}(Object(Illuminate/Http/Request))
#42 C:/Users/paulb/Documents/GitHub/Educom-Trainee-Dashboard/DashboardAPI/vendor/laravel/framework/src/Illuminate/Pipeline/Pipeline.php(219): Illuminate/Http/Middleware/HandleCors->handle(Object(Illuminate/Http/Request), Object(Closure))
#43 C:/Users/paulb/Documents/GitHub/Educom-Trainee-Dashboard/DashboardAPI/vendor/laravel/framework/src/Illuminate/Http/Middleware/TrustProxies.php(58): Illuminate/Pipeline/Pipeline->{closure:{closure:Illuminate/Pipeline/Pipeline::carry():194}:195}(Object(Illuminate/Http/Request))
#44 C:/Users/paulb/Documents/GitHub/Educom-Trainee-Dashboard/DashboardAPI/vendor/laravel/framework/src/Illuminate/Pipeline/Pipeline.php(219): Illuminate/Http/Middleware/TrustProxies->handle(Object(Illuminate/Http/Request), Object(Closure))
#45 C:/Users/paulb/Documents/GitHub/Educom-Trainee-Dashboard/DashboardAPI/vendor/laravel/framework/src/Illuminate/Foundation/Http/Middleware/InvokeDeferredCallbacks.php(22): Illuminate/Pipeline/Pipeline->{closure:{closure:Illuminate/Pipeline/Pipeline::carry():194}:195}(Object(Illuminate/Http/Request))
#46 C:/Users/paulb/Documents/GitHub/Educom-Trainee-Dashboard/DashboardAPI/vendor/laravel/framework/src/Illuminate/Pipeline/Pipeline.php(219): Illuminate/Foundation/Http/Middleware/InvokeDeferredCallbacks->handle(Object(Illuminate/Http/Request), Object(Closure))
#47 C:/Users/paulb/Documents/GitHub/Educom-Trainee-Dashboard/DashboardAPI/vendor/laravel/framework/src/Illuminate/Http/Middleware/ValidatePathEncoding.php(28): Illuminate/Pipeline/Pipeline->{closure:{closure:Illuminate/Pipeline/Pipeline::carry():194}:195}(Object(Illuminate/Http/Request))
#48 C:/Users/paulb/Documents/GitHub/Educom-Trainee-Dashboard/DashboardAPI/vendor/laravel/framework/src/Illuminate/Pipeline/Pipeline.php(219): Illuminate/Http/Middleware/ValidatePathEncoding->handle(Object(Illuminate/Http/Request), Object(Closure))
#49 C:/Users/paulb/Documents/GitHub/Educom-Trainee-Dashboard/DashboardAPI/vendor/laravel/framework/src/Illuminate/Pipeline/Pipeline.php(137): Illuminate/Pipeline/Pipeline->{closure:{closure:Illuminate/Pipeline/Pipeline::carry():194}:195}(Object(Illuminate/Http/Request))
#50 C:/Users/paulb/Documents/GitHub/Educom-Trainee-Dashboard/DashboardAPI/vendor/laravel/framework/src/Illuminate/Foundation/Http/Kernel.php(175): Illuminate/Pipeline/Pipeline->then(Object(Closure))
#51 C:/Users/paulb/Documents/GitHub/Educom-Trainee-Dashboard/DashboardAPI/vendor/laravel/framework/src/Illuminate/Foundation/Http/Kernel.php(144): Illuminate/Foundation/Http/Kernel->sendRequestThroughRouter(Object(Illuminate/Http/Request))
#52 C:/Users/paulb/Documents/GitHub/Educom-Trainee-Dashboard/DashboardAPI/vendor/laravel/framework/src/Illuminate/Foundation/Testing/Concerns/MakesHttpRequests.php(607): Illuminate/Foundation/Http/Kernel->handle(Object(Illuminate/Http/Request))
#53 C:/Users/paulb/Documents/GitHub/Educom-Trainee-Dashboard/DashboardAPI/vendor/laravel/framework/src/Illuminate/Foundation/Testing/Concerns/MakesHttpRequests.php(368): Illuminate/Foundation/Testing/TestCase->call('GET', '/api/ai/', Array, Array, Array, Array)
#54 C:/Users/paulb/Documents/GitHub/Educom-Trainee-Dashboard/DashboardAPI/tests/Feature/UsageTest.php(4): Illuminate/Foundation/Testing/TestCase->get('/api/ai/')
#55 C:/Users/paulb/Documents/GitHub/Educom-Trainee-Dashboard/DashboardAPI/vendor/pestphp/pest/src/Factories/TestCaseMethodFactory.php(177): P/Tests/Feature/UsageTest->{closure:C:/Users/paulb/Documents/GitHub/Educom-Trainee-Dashboard/DashboardAPI/tests/Feature/UsageTest.php:3}()
#56 [internal function]: P/Tests/Feature/UsageTest->{closure:Pest/Factories/TestCaseMethodFactory::getClosure():167}()
#57 C:/Users/paulb/Documents/GitHub/Educom-Trainee-Dashboard/DashboardAPI/vendor/pestphp/pest/src/Concerns/Testable.php(581): call_user_func_array(Object(Closure), Array)
#58 C:/Users/paulb/Documents/GitHub/Educom-Trainee-Dashboard/DashboardAPI/vendor/pestphp/pest/src/Support/ExceptionTrace.php(26): P/Tests/Feature/UsageTest->{closure:Pest/Concerns/Testable::__callClosure():581}()
#59 C:/Users/paulb/Documents/GitHub/Educom-Trainee-Dashboard/DashboardAPI/vendor/pestphp/pest/src/Concerns/Testable.php(581): Pest/Support/ExceptionTrace::ensure(Object(Closure))
#60 C:/Users/paulb/Documents/GitHub/Educom-Trainee-Dashboard/DashboardAPI/vendor/pestphp/pest/src/Concerns/Testable.php(403): P/Tests/Feature/UsageTest->__callClosure(Object(Closure), Array)
#61 C:/Users/paulb/Documents/GitHub/Educom-Trainee-Dashboard/DashboardAPI/vendor/pestphp/pest/src/Factories/TestCaseFactory.php(175) : eval()'d code(17): P/Tests/Feature/UsageTest->__runTest(Object(Closure))
#62 C:/Users/paulb/Documents/GitHub/Educom-Trainee-Dashboard/DashboardAPI/vendor/phpunit/phpunit/src/Framework/TestCase.php(1318): P/Tests/Feature/UsageTest->__pest_evaluable_example()
#63 C:/Users/paulb/Documents/GitHub/Educom-Trainee-Dashboard/DashboardAPI/vendor/phpunit/phpunit/src/Framework/TestCase.php(1355): PHPUnit/Framework/TestCase->invokeTestMethod('__pest_evaluabl...', Array)
#64 C:/Users/paulb/Documents/GitHub/Educom-Trainee-Dashboard/DashboardAPI/vendor/phpunit/phpunit/src/Framework/TestCase.php(521): PHPUnit/Framework/TestCase->runTest()
#65 C:/Users/paulb/Documents/GitHub/Educom-Trainee-Dashboard/DashboardAPI/vendor/phpunit/phpunit/src/Framework/TestRunner/TestRunner.php(99): PHPUnit/Framework/TestCase->runBare()
#66 C:/Users/paulb/Documents/GitHub/Educom-Trainee-Dashboard/DashboardAPI/vendor/phpunit/phpunit/src/Framework/TestCase.php(361): PHPUnit/Framework/TestRunner->run(Object(P/Tests/Feature/UsageTest))
#67 C:/Users/paulb/Documents/GitHub/Educom-Trainee-Dashboard/DashboardAPI/vendor/phpunit/phpunit/src/Framework/TestSuite.php(374): PHPUnit/Framework/TestCase->run()
#68 C:/Users/paulb/Documents/GitHub/Educom-Trainee-Dashboard/DashboardAPI/vendor/phpunit/phpunit/src/Framework/TestSuite.php(374): PHPUnit/Framework/TestSuite->run()
#69 C:/Users/paulb/Documents/GitHub/Educom-Trainee-Dashboard/DashboardAPI/vendor/phpunit/phpunit/src/Framework/TestSuite.php(374): PHPUnit/Framework/TestSuite->run()
#70 C:/Users/paulb/Documents/GitHub/Educom-Trainee-Dashboard/DashboardAPI/vendor/phpunit/phpunit/src/TextUI/TestRunner.php(64): PHPUnit/Framework/TestSuite->run()
#71 C:/Users/paulb/Documents/GitHub/Educom-Trainee-Dashboard/DashboardAPI/vendor/phpunit/phpunit/src/TextUI/Application.php(229): PHPUnit/TextUI/TestRunner->run(Object(PHPUnit/TextUI/Configuration/Configuration), Object(PHPUnit/Runner/ResultCache/DefaultResultCache), Object(PHPUnit/Framework/TestSuite))
#72 C:/Users/paulb/Documents/GitHub/Educom-Trainee-Dashboard/DashboardAPI/vendor/pestphp/pest/src/Kernel.php(117): PHPUnit/TextUI/Application->run(Array)
#73 C:/Users/paulb/Documents/GitHub/Educom-Trainee-Dashboard/DashboardAPI/vendor/pestphp/pest/bin/pest(207): Pest/Kernel->handle(Array, Array)
#74 C:/Users/paulb/Documents/GitHub/Educom-Trainee-Dashboard/DashboardAPI/vendor/pestphp/pest/bin/pest(215): {closure:C:/Users/paulb/Documents/GitHub/Educom-Trainee-Dashboard/DashboardAPI/vendor/pestphp/pest/bin/pest:21}()
#75 {main}
"} 
[2026-07-20 09:32:47] testing.ERROR: could not find driver (Connection: sqlite, Database: :memory:, SQL: select * from "AiUsage" order by "created_at" desc) {"exception":"[object] (Illuminate\\Database\\QueryException(code: 0): could not find driver (Connection: sqlite, Database: :memory:, SQL: select * from \"AiUsage\" order by \"created_at\" desc) at C:/Users/paulb/Documents/GitHub/Educom-Trainee-Dashboard/DashboardAPI/vendor/laravel/framework/src/Illuminate/Database/Connection.php:857)
[stacktrace]
#0 C:/Users/paulb/Documents/GitHub/Educom-Trainee-Dashboard/DashboardAPI/vendor/laravel/framework/src/Illuminate/Database/Connection.php(813): Illuminate/Database/Connection->runQueryCallback('select * from \"...', Array, Object(Closure))
#1 C:/Users/paulb/Documents/GitHub/Educom-Trainee-Dashboard/DashboardAPI/vendor/laravel/framework/src/Illuminate/Database/Connection.php(426): Illuminate/Database/Connection->run('select * from \"...', Array, Object(Closure))
#2 C:/Users/paulb/Documents/GitHub/Educom-Trainee-Dashboard/DashboardAPI/vendor/laravel/framework/src/Illuminate/Database/Query/Builder.php(3573): Illuminate/Database/Connection->select('select * from \"...', Array, true, Array)
#3 C:/Users/paulb/Documents/GitHub/Educom-Trainee-Dashboard/DashboardAPI/vendor/laravel/framework/src/Illuminate/Database/Query/Builder.php(3557): Illuminate/Database/Query/Builder->runSelect()
#4 C:/Users/paulb/Documents/GitHub/Educom-Trainee-Dashboard/DashboardAPI/vendor/laravel/framework/src/Illuminate/Database/Eloquent/Builder.php(908): Illuminate/Database/Query/Builder->get(Array)
#5 C:/Users/paulb/Documents/GitHub/Educom-Trainee-Dashboard/DashboardAPI/vendor/laravel/framework/src/Illuminate/Database/Eloquent/Builder.php(890): Illuminate/Database/Eloquent/Builder->getModels(Array)
#6 C:/Users/paulb/Documents/GitHub/Educom-Trainee-Dashboard/DashboardAPI/app/Http/Controllers/UsageController.php(81): Illuminate/Database/Eloquent/Builder->get()
#7 C:/Users/paulb/Documents/GitHub/Educom-Trainee-Dashboard/DashboardAPI/vendor/laravel/framework/src/Illuminate/Routing/ControllerDispatcher.php(46): App/Http/Controllers/UsageController->getUsage()
#8 C:/Users/paulb/Documents/GitHub/Educom-Trainee-Dashboard/DashboardAPI/vendor/laravel/framework/src/Illuminate/Routing/Route.php(275): Illuminate/Routing/ControllerDispatcher->dispatch(Object(Illuminate/Routing/Route), Object(App/Http/Controllers/UsageController), 'getUsage')
#9 C:/Users/paulb/Documents/GitHub/Educom-Trainee-Dashboard/DashboardAPI/vendor/laravel/framework/src/Illuminate/Routing/Route.php(215): Illuminate/Routing/Route->runController()
#10 C:/Users/paulb/Documents/GitHub/Educom-Trainee-Dashboard/DashboardAPI/vendor/laravel/framework/src/Illuminate/Routing/Router.php(822): Illuminate/Routing/Route->run()
#11 C:/Users/paulb/Documents/GitHub/Educom-Trainee-Dashboard/DashboardAPI/vendor/laravel/framework/src/Illuminate/Pipeline/Pipeline.php(180): Illuminate/Routing/Router->{closure:Illuminate/Routing/Router::runRouteWithinStack():821}(Object(Illuminate/Http/Request))
#12 C:/Users/paulb/Documents/GitHub/Educom-Trainee-Dashboard/DashboardAPI/vendor/laravel/framework/src/Illuminate/Routing/Middleware/SubstituteBindings.php(52): Illuminate/Pipeline/Pipeline->{closure:Illuminate/Pipeline/Pipeline::prepareDestination():178}(Object(Illuminate/Http/Request))
#13 C:/Users/paulb/Documents/GitHub/Educom-Trainee-Dashboard/DashboardAPI/vendor/laravel/framework/src/Illuminate/Pipeline/Pipeline.php(219): Illuminate/Routing/Middleware/SubstituteBindings->handle(Object(Illuminate/Http/Request), Object(Closure))
#14 C:/Users/paulb/Documents/GitHub/Educom-Trainee-Dashboard/DashboardAPI/vendor/laravel/framework/src/Illuminate/Pipeline/Pipeline.php(137): Illuminate/Pipeline/Pipeline->{closure:{closure:Illuminate/Pipeline/Pipeline::carry():194}:195}(Object(Illuminate/Http/Request))
#15 C:/Users/paulb/Documents/GitHub/Educom-Trainee-Dashboard/DashboardAPI/vendor/laravel/framework/src/Illuminate/Routing/Router.php(821): Illuminate/Pipeline/Pipeline->then(Object(Closure))
#16 C:/Users/paulb/Documents/GitHub/Educom-Trainee-Dashboard/DashboardAPI/vendor/laravel/framework/src/Illuminate/Routing/Router.php(800): Illuminate/Routing/Router->runRouteWithinStack(Object(Illuminate/Routing/Route), Object(Illuminate/Http/Request))
#17 C:/Users/paulb/Documents/GitHub/Educom-Trainee-Dashboard/DashboardAPI/vendor/laravel/framework/src/Illuminate/Routing/Router.php(764): Illuminate/Routing/Router->runRoute(Object(Illuminate/Http/Request), Object(Illuminate/Routing/Route))
#18 C:/Users/paulb/Documents/GitHub/Educom-Trainee-Dashboard/DashboardAPI/vendor/laravel/framework/src/Illuminate/Routing/Router.php(753): Illuminate/Routing/Router->dispatchToRoute(Object(Illuminate/Http/Request))
#19 C:/Users/paulb/Documents/GitHub/Educom-Trainee-Dashboard/DashboardAPI/vendor/laravel/framework/src/Illuminate/Foundation/Http/Kernel.php(200): Illuminate/Routing/Router->dispatch(Object(Illuminate/Http/Request))
#20 C:/Users/paulb/Documents/GitHub/Educom-Trainee-Dashboard/DashboardAPI/vendor/laravel/framework/src/Illuminate/Pipeline/Pipeline.php(180): Illuminate/Foundation/Http/Kernel->{closure:Illuminate/Foundation/Http/Kernel::dispatchToRouter():197}(Object(Illuminate/Http/Request))
#21 C:/Users/paulb/Documents/GitHub/Educom-Trainee-Dashboard/DashboardAPI/vendor/laravel/framework/src/Illuminate/Foundation/Http/Middleware/TransformsRequest.php(21): Illuminate/Pipeline/Pipeline->{closure:Illuminate/Pipeline/Pipeline::prepareDestination():178}(Object(Illuminate/Http/Request))
#22 C:/Users/paulb/Documents/GitHub/Educom-Trainee-Dashboard/DashboardAPI/vendor/laravel/framework/src/Illuminate/Foundation/Http/Middleware/ConvertEmptyStringsToNull.php(31): Illuminate/Foundation/Http/Middleware/TransformsRequest->handle(Object(Illuminate/Http/Request), Object(Closure))
#23 C:/Users/paulb/Documents/GitHub/Educom-Trainee-Dashboard/DashboardAPI/vendor/laravel/framework/src/Illuminate/Pipeline/Pipeline.php(219): Illuminate/Foundation/Http/Middleware/ConvertEmptyStringsToNull->handle(Object(Illuminate/Http/Request), Object(Closure))
#24 C:/Users/paulb/Documents/GitHub/Educom-Trainee-Dashboard/DashboardAPI/vendor/laravel/framework/src/Illuminate/Foundation/Http/Middleware/TransformsRequest.php(21): Illuminate/Pipeline/Pipeline->{closure:{closure:Illuminate/Pipeline/Pipeline::carry():194}:195}(Object(Illuminate/Http/Request))
#25 C:/Users/paulb/Documents/GitHub/Educom-Trainee-Dashboard/DashboardAPI/vendor/laravel/framework/src/Illuminate/Foundation/Http/Middleware/TrimStrings.php(51): Illuminate/Foundation/Http/Middleware/TransformsRequest->handle(Object(Illuminate/Http/Request), Object(Closure))
#26 C:/Users/paulb/Documents/GitHub/Educom-Trainee-Dashboard/DashboardAPI/vendor/laravel/framework/src/Illuminate/Pipeline/Pipeline.php(219): Illuminate/Foundation/Http/Middleware/TrimStrings->handle(Object(Illuminate/Http/Request), Object(Closure))
#27 C:/Users/paulb/Documents/GitHub/Educom-Trainee-Dashboard/DashboardAPI/vendor/laravel/framework/src/Illuminate/Http/Middleware/ValidatePostSize.php(27): Illuminate/Pipeline/Pipeline->{closure:{closure:Illuminate/Pipeline/Pipeline::carry():194}:195}(Object(Illuminate/Http/Request))
#28 C:/Users/paulb/Documents/GitHub/Educom-Trainee-Dashboard/DashboardAPI/vendor/laravel/framework/src/Illuminate/Pipeline/Pipeline.php(219): Illuminate/Http/Middleware/ValidatePostSize->handle(Object(Illuminate/Http/Request), Object(Closure))
#29 C:/Users/paulb/Documents/GitHub/Educom-Trainee-Dashboard/DashboardAPI/vendor/laravel/framework/src/Illuminate/Foundation/Http/Middleware/PreventRequestsDuringMaintenance.php(109): Illuminate/Pipeline/Pipeline->{closure:{closure:Illuminate/Pipeline/Pipeline::carry():194}:195}(Object(Illuminate/Http/Request))
#30 C:/Users/paulb/Documents/GitHub/Educom-Trainee-Dashboard/DashboardAPI/vendor/laravel/framework/src/Illuminate/Pipeline/Pipeline.php(219): Illuminate/Foundation/Http/Middleware/PreventRequestsDuringMaintenance->handle(Object(Illuminate/Http/Request), Object(Closure))
#31 C:/Users/paulb/Documents/GitHub/Educom-Trainee-Dashboard/DashboardAPI/vendor/laravel/framework/src/Illuminate/Http/Middleware/HandleCors.php(74): Illuminate/Pipeline/Pipeline->{closure:{closure:Illuminate/Pipeline/Pipeline::carry():194}:195}(Object(Illuminate/Http/Request))
#32 C:/Users/paulb/Documents/GitHub/Educom-Trainee-Dashboard/DashboardAPI/vendor/laravel/framework/src/Illuminate/Pipeline/Pipeline.php(219): Illuminate/Http/Middleware/HandleCors->handle(Object(Illuminate/Http/Request), Object(Closure))
#33 C:/Users/paulb/Documents/GitHub/Educom-Trainee-Dashboard/DashboardAPI/vendor/laravel/framework/src/Illuminate/Http/Middleware/TrustProxies.php(58): Illuminate/Pipeline/Pipeline->{closure:{closure:Illuminate/Pipeline/Pipeline::carry():194}:195}(Object(Illuminate/Http/Request))
#34 C:/Users/paulb/Documents/GitHub/Educom-Trainee-Dashboard/DashboardAPI/vendor/laravel/framework/src/Illuminate/Pipeline/Pipeline.php(219): Illuminate/Http/Middleware/TrustProxies->handle(Object(Illuminate/Http/Request), Object(Closure))
#35 C:/Users/paulb/Documents/GitHub/Educom-Trainee-Dashboard/DashboardAPI/vendor/laravel/framework/src/Illuminate/Foundation/Http/Middleware/InvokeDeferredCallbacks.php(22): Illuminate/Pipeline/Pipeline->{closure:{closure:Illuminate/Pipeline/Pipeline::carry():194}:195}(Object(Illuminate/Http/Request))
#36 C:/Users/paulb/Documents/GitHub/Educom-Trainee-Dashboard/DashboardAPI/vendor/laravel/framework/src/Illuminate/Pipeline/Pipeline.php(219): Illuminate/Foundation/Http/Middleware/InvokeDeferredCallbacks->handle(Object(Illuminate/Http/Request), Object(Closure))
#37 C:/Users/paulb/Documents/GitHub/Educom-Trainee-Dashboard/DashboardAPI/vendor/laravel/framework/src/Illuminate/Http/Middleware/ValidatePathEncoding.php(28): Illuminate/Pipeline/Pipeline->{closure:{closure:Illuminate/Pipeline/Pipeline::carry():194}:195}(Object(Illuminate/Http/Request))
#38 C:/Users/paulb/Documents/GitHub/Educom-Trainee-Dashboard/DashboardAPI/vendor/laravel/framework/src/Illuminate/Pipeline/Pipeline.php(219): Illuminate/Http/Middleware/ValidatePathEncoding->handle(Object(Illuminate/Http/Request), Object(Closure))
#39 C:/Users/paulb/Documents/GitHub/Educom-Trainee-Dashboard/DashboardAPI/vendor/laravel/framework/src/Illuminate/Pipeline/Pipeline.php(137): Illuminate/Pipeline/Pipeline->{closure:{closure:Illuminate/Pipeline/Pipeline::carry():194}:195}(Object(Illuminate/Http/Request))
#40 C:/Users/paulb/Documents/GitHub/Educom-Trainee-Dashboard/DashboardAPI/vendor/laravel/framework/src/Illuminate/Foundation/Http/Kernel.php(175): Illuminate/Pipeline/Pipeline->then(Object(Closure))
#41 C:/Users/paulb/Documents/GitHub/Educom-Trainee-Dashboard/DashboardAPI/vendor/laravel/framework/src/Illuminate/Foundation/Http/Kernel.php(144): Illuminate/Foundation/Http/Kernel->sendRequestThroughRouter(Object(Illuminate/Http/Request))
#42 C:/Users/paulb/Documents/GitHub/Educom-Trainee-Dashboard/DashboardAPI/vendor/laravel/framework/src/Illuminate/Foundation/Testing/Concerns/MakesHttpRequests.php(607): Illuminate/Foundation/Http/Kernel->handle(Object(Illuminate/Http/Request))
#43 C:/Users/paulb/Documents/GitHub/Educom-Trainee-Dashboard/DashboardAPI/vendor/laravel/framework/src/Illuminate/Foundation/Testing/Concerns/MakesHttpRequests.php(368): Illuminate/Foundation/Testing/TestCase->call('GET', '/api/ai/', Array, Array, Array, Array)
#44 C:/Users/paulb/Documents/GitHub/Educom-Trainee-Dashboard/DashboardAPI/tests/Feature/UsageTest.php(4): Illuminate/Foundation/Testing/TestCase->get('/api/ai/')
#45 C:/Users/paulb/Documents/GitHub/Educom-Trainee-Dashboard/DashboardAPI/vendor/pestphp/pest/src/Factories/TestCaseMethodFactory.php(177): P/Tests/Feature/UsageTest->{closure:C:/Users/paulb/Documents/GitHub/Educom-Trainee-Dashboard/DashboardAPI/tests/Feature/UsageTest.php:3}()
#46 [internal function]: P/Tests/Feature/UsageTest->{closure:Pest/Factories/TestCaseMethodFactory::getClosure():167}()
#47 C:/Users/paulb/Documents/GitHub/Educom-Trainee-Dashboard/DashboardAPI/vendor/pestphp/pest/src/Concerns/Testable.php(581): call_user_func_array(Object(Closure), Array)
#48 C:/Users/paulb/Documents/GitHub/Educom-Trainee-Dashboard/DashboardAPI/vendor/pestphp/pest/src/Support/ExceptionTrace.php(26): P/Tests/Feature/UsageTest->{closure:Pest/Concerns/Testable::__callClosure():581}()
#49 C:/Users/paulb/Documents/GitHub/Educom-Trainee-Dashboard/DashboardAPI/vendor/pestphp/pest/src/Concerns/Testable.php(581): Pest/Support/ExceptionTrace::ensure(Object(Closure))
#50 C:/Users/paulb/Documents/GitHub/Educom-Trainee-Dashboard/DashboardAPI/vendor/pestphp/pest/src/Concerns/Testable.php(403): P/Tests/Feature/UsageTest->__callClosure(Object(Closure), Array)
#51 C:/Users/paulb/Documents/GitHub/Educom-Trainee-Dashboard/DashboardAPI/vendor/pestphp/pest/src/Factories/TestCaseFactory.php(175) : eval()'d code(17): P/Tests/Feature/UsageTest->__runTest(Object(Closure))
#52 C:/Users/paulb/Documents/GitHub/Educom-Trainee-Dashboard/DashboardAPI/vendor/phpunit/phpunit/src/Framework/TestCase.php(1318): P/Tests/Feature/UsageTest->__pest_evaluable_example()
#53 C:/Users/paulb/Documents/GitHub/Educom-Trainee-Dashboard/DashboardAPI/vendor/phpunit/phpunit/src/Framework/TestCase.php(1355): PHPUnit/Framework/TestCase->invokeTestMethod('__pest_evaluabl...', Array)
#54 C:/Users/paulb/Documents/GitHub/Educom-Trainee-Dashboard/DashboardAPI/vendor/phpunit/phpunit/src/Framework/TestCase.php(521): PHPUnit/Framework/TestCase->runTest()
#55 C:/Users/paulb/Documents/GitHub/Educom-Trainee-Dashboard/DashboardAPI/vendor/phpunit/phpunit/src/Framework/TestRunner/TestRunner.php(99): PHPUnit/Framework/TestCase->runBare()
#56 C:/Users/paulb/Documents/GitHub/Educom-Trainee-Dashboard/DashboardAPI/vendor/phpunit/phpunit/src/Framework/TestCase.php(361): PHPUnit/Framework/TestRunner->run(Object(P/Tests/Feature/UsageTest))
#57 C:/Users/paulb/Documents/GitHub/Educom-Trainee-Dashboard/DashboardAPI/vendor/phpunit/phpunit/src/Framework/TestSuite.php(374): PHPUnit/Framework/TestCase->run()
#58 C:/Users/paulb/Documents/GitHub/Educom-Trainee-Dashboard/DashboardAPI/vendor/phpunit/phpunit/src/Framework/TestSuite.php(374): PHPUnit/Framework/TestSuite->run()
#59 C:/Users/paulb/Documents/GitHub/Educom-Trainee-Dashboard/DashboardAPI/vendor/phpunit/phpunit/src/Framework/TestSuite.php(374): PHPUnit/Framework/TestSuite->run()
#60 C:/Users/paulb/Documents/GitHub/Educom-Trainee-Dashboard/DashboardAPI/vendor/phpunit/phpunit/src/TextUI/TestRunner.php(64): PHPUnit/Framework/TestSuite->run()
#61 C:/Users/paulb/Documents/GitHub/Educom-Trainee-Dashboard/DashboardAPI/vendor/phpunit/phpunit/src/TextUI/Application.php(229): PHPUnit/TextUI/TestRunner->run(Object(PHPUnit/TextUI/Configuration/Configuration), Object(PHPUnit/Runner/ResultCache/DefaultResultCache), Object(PHPUnit/Framework/TestSuite))
#62 C:/Users/paulb/Documents/GitHub/Educom-Trainee-Dashboard/DashboardAPI/vendor/pestphp/pest/src/Kernel.php(117): PHPUnit/TextUI/Application->run(Array)
#63 C:/Users/paulb/Documents/GitHub/Educom-Trainee-Dashboard/DashboardAPI/vendor/pestphp/pest/bin/pest(207): Pest/Kernel->handle(Array, Array)
#64 C:/Users/paulb/Documents/GitHub/Educom-Trainee-Dashboard/DashboardAPI/vendor/pestphp/pest/bin/pest(215): {closure:C:/Users/paulb/Documents/GitHub/Educom-Trainee-Dashboard/DashboardAPI/vendor/pestphp/pest/bin/pest:21}()
#65 {main}

[previous exception] [object] (PDOException(code: 0): could not find driver at C:/Users/paulb/Documents/GitHub/Educom-Trainee-Dashboard/DashboardAPI/vendor/laravel/framework/src/Illuminate/Database/Connectors/Connector.php:67)
[stacktrace]
#0 C:/Users/paulb/Documents/GitHub/Educom-Trainee-Dashboard/DashboardAPI/vendor/laravel/framework/src/Illuminate/Database/Connectors/Connector.php(67): PDO::connect('sqlite::memory:', NULL, Object(SensitiveParameterValue), Array)
#1 C:/Users/paulb/Documents/GitHub/Educom-Trainee-Dashboard/DashboardAPI/vendor/laravel/framework/src/Illuminate/Database/Connectors/Connector.php(44): Illuminate/Database/Connectors/Connector->createPdoConnection('sqlite::memory:', NULL, Object(SensitiveParameterValue), Array)
#2 C:/Users/paulb/Documents/GitHub/Educom-Trainee-Dashboard/DashboardAPI/vendor/laravel/framework/src/Illuminate/Database/Connectors/SQLiteConnector.php(21): Illuminate/Database/Connectors/Connector->createConnection('sqlite::memory:', Array, Array)
#3 C:/Users/paulb/Documents/GitHub/Educom-Trainee-Dashboard/DashboardAPI/vendor/laravel/framework/src/Illuminate/Database/Connectors/ConnectionFactory.php(259): Illuminate/Database/Connectors/SQLiteConnector->connect(Array)
#4 [internal function]: Illuminate/Database/Connectors/ConnectionFactory->{closure:Illuminate/Database/Connectors/ConnectionFactory::createPdoResolverWithoutHosts():259}()
#5 C:/Users/paulb/Documents/GitHub/Educom-Trainee-Dashboard/DashboardAPI/vendor/laravel/framework/src/Illuminate/Database/Connection.php(1297): call_user_func(Object(Closure))
#6 C:/Users/paulb/Documents/GitHub/Educom-Trainee-Dashboard/DashboardAPI/vendor/laravel/framework/src/Illuminate/Database/Connection.php(1335): Illuminate/Database/Connection->getPdo()
#7 C:/Users/paulb/Documents/GitHub/Educom-Trainee-Dashboard/DashboardAPI/vendor/laravel/framework/src/Illuminate/Database/Connection.php(542): Illuminate/Database/Connection->getReadPdo()
#8 C:/Users/paulb/Documents/GitHub/Educom-Trainee-Dashboard/DashboardAPI/vendor/laravel/framework/src/Illuminate/Database/Connection.php(435): Illuminate/Database/Connection->getPdoForSelect(true)
#9 C:/Users/paulb/Documents/GitHub/Educom-Trainee-Dashboard/DashboardAPI/vendor/laravel/framework/src/Illuminate/Database/Connection.php(846): Illuminate/Database/Connection->{closure:Illuminate/Database/Connection::select():426}('select * from \"...', Array)
#10 C:/Users/paulb/Documents/GitHub/Educom-Trainee-Dashboard/DashboardAPI/vendor/laravel/framework/src/Illuminate/Database/Connection.php(813): Illuminate/Database/Connection->runQueryCallback('select * from \"...', Array, Object(Closure))
#11 C:/Users/paulb/Documents/GitHub/Educom-Trainee-Dashboard/DashboardAPI/vendor/laravel/framework/src/Illuminate/Database/Connection.php(426): Illuminate/Database/Connection->run('select * from \"...', Array, Object(Closure))
#12 C:/Users/paulb/Documents/GitHub/Educom-Trainee-Dashboard/DashboardAPI/vendor/laravel/framework/src/Illuminate/Database/Query/Builder.php(3573): Illuminate/Database/Connection->select('select * from \"...', Array, true, Array)
#13 C:/Users/paulb/Documents/GitHub/Educom-Trainee-Dashboard/DashboardAPI/vendor/laravel/framework/src/Illuminate/Database/Query/Builder.php(3557): Illuminate/Database/Query/Builder->runSelect()
#14 C:/Users/paulb/Documents/GitHub/Educom-Trainee-Dashboard/DashboardAPI/vendor/laravel/framework/src/Illuminate/Database/Eloquent/Builder.php(908): Illuminate/Database/Query/Builder->get(Array)
#15 C:/Users/paulb/Documents/GitHub/Educom-Trainee-Dashboard/DashboardAPI/vendor/laravel/framework/src/Illuminate/Database/Eloquent/Builder.php(890): Illuminate/Database/Eloquent/Builder->getModels(Array)
#16 C:/Users/paulb/Documents/GitHub/Educom-Trainee-Dashboard/DashboardAPI/app/Http/Controllers/UsageController.php(81): Illuminate/Database/Eloquent/Builder->get()
#17 C:/Users/paulb/Documents/GitHub/Educom-Trainee-Dashboard/DashboardAPI/vendor/laravel/framework/src/Illuminate/Routing/ControllerDispatcher.php(46): App/Http/Controllers/UsageController->getUsage()
#18 C:/Users/paulb/Documents/GitHub/Educom-Trainee-Dashboard/DashboardAPI/vendor/laravel/framework/src/Illuminate/Routing/Route.php(275): Illuminate/Routing/ControllerDispatcher->dispatch(Object(Illuminate/Routing/Route), Object(App/Http/Controllers/UsageController), 'getUsage')
#19 C:/Users/paulb/Documents/GitHub/Educom-Trainee-Dashboard/DashboardAPI/vendor/laravel/framework/src/Illuminate/Routing/Route.php(215): Illuminate/Routing/Route->runController()
#20 C:/Users/paulb/Documents/GitHub/Educom-Trainee-Dashboard/DashboardAPI/vendor/laravel/framework/src/Illuminate/Routing/Router.php(822): Illuminate/Routing/Route->run()
#21 C:/Users/paulb/Documents/GitHub/Educom-Trainee-Dashboard/DashboardAPI/vendor/laravel/framework/src/Illuminate/Pipeline/Pipeline.php(180): Illuminate/Routing/Router->{closure:Illuminate/Routing/Router::runRouteWithinStack():821}(Object(Illuminate/Http/Request))
#22 C:/Users/paulb/Documents/GitHub/Educom-Trainee-Dashboard/DashboardAPI/vendor/laravel/framework/src/Illuminate/Routing/Middleware/SubstituteBindings.php(52): Illuminate/Pipeline/Pipeline->{closure:Illuminate/Pipeline/Pipeline::prepareDestination():178}(Object(Illuminate/Http/Request))
#23 C:/Users/paulb/Documents/GitHub/Educom-Trainee-Dashboard/DashboardAPI/vendor/laravel/framework/src/Illuminate/Pipeline/Pipeline.php(219): Illuminate/Routing/Middleware/SubstituteBindings->handle(Object(Illuminate/Http/Request), Object(Closure))
#24 C:/Users/paulb/Documents/GitHub/Educom-Trainee-Dashboard/DashboardAPI/vendor/laravel/framework/src/Illuminate/Pipeline/Pipeline.php(137): Illuminate/Pipeline/Pipeline->{closure:{closure:Illuminate/Pipeline/Pipeline::carry():194}:195}(Object(Illuminate/Http/Request))
#25 C:/Users/paulb/Documents/GitHub/Educom-Trainee-Dashboard/DashboardAPI/vendor/laravel/framework/src/Illuminate/Routing/Router.php(821): Illuminate/Pipeline/Pipeline->then(Object(Closure))
#26 C:/Users/paulb/Documents/GitHub/Educom-Trainee-Dashboard/DashboardAPI/vendor/laravel/framework/src/Illuminate/Routing/Router.php(800): Illuminate/Routing/Router->runRouteWithinStack(Object(Illuminate/Routing/Route), Object(Illuminate/Http/Request))
#27 C:/Users/paulb/Documents/GitHub/Educom-Trainee-Dashboard/DashboardAPI/vendor/laravel/framework/src/Illuminate/Routing/Router.php(764): Illuminate/Routing/Router->runRoute(Object(Illuminate/Http/Request), Object(Illuminate/Routing/Route))
#28 C:/Users/paulb/Documents/GitHub/Educom-Trainee-Dashboard/DashboardAPI/vendor/laravel/framework/src/Illuminate/Routing/Router.php(753): Illuminate/Routing/Router->dispatchToRoute(Object(Illuminate/Http/Request))
#29 C:/Users/paulb/Documents/GitHub/Educom-Trainee-Dashboard/DashboardAPI/vendor/laravel/framework/src/Illuminate/Foundation/Http/Kernel.php(200): Illuminate/Routing/Router->dispatch(Object(Illuminate/Http/Request))
#30 C:/Users/paulb/Documents/GitHub/Educom-Trainee-Dashboard/DashboardAPI/vendor/laravel/framework/src/Illuminate/Pipeline/Pipeline.php(180): Illuminate/Foundation/Http/Kernel->{closure:Illuminate/Foundation/Http/Kernel::dispatchToRouter():197}(Object(Illuminate/Http/Request))
#31 C:/Users/paulb/Documents/GitHub/Educom-Trainee-Dashboard/DashboardAPI/vendor/laravel/framework/src/Illuminate/Foundation/Http/Middleware/TransformsRequest.php(21): Illuminate/Pipeline/Pipeline->{closure:Illuminate/Pipeline/Pipeline::prepareDestination():178}(Object(Illuminate/Http/Request))
#32 C:/Users/paulb/Documents/GitHub/Educom-Trainee-Dashboard/DashboardAPI/vendor/laravel/framework/src/Illuminate/Foundation/Http/Middleware/ConvertEmptyStringsToNull.php(31): Illuminate/Foundation/Http/Middleware/TransformsRequest->handle(Object(Illuminate/Http/Request), Object(Closure))
#33 C:/Users/paulb/Documents/GitHub/Educom-Trainee-Dashboard/DashboardAPI/vendor/laravel/framework/src/Illuminate/Pipeline/Pipeline.php(219): Illuminate/Foundation/Http/Middleware/ConvertEmptyStringsToNull->handle(Object(Illuminate/Http/Request), Object(Closure))
#34 C:/Users/paulb/Documents/GitHub/Educom-Trainee-Dashboard/DashboardAPI/vendor/laravel/framework/src/Illuminate/Foundation/Http/Middleware/TransformsRequest.php(21): Illuminate/Pipeline/Pipeline->{closure:{closure:Illuminate/Pipeline/Pipeline::carry():194}:195}(Object(Illuminate/Http/Request))
#35 C:/Users/paulb/Documents/GitHub/Educom-Trainee-Dashboard/DashboardAPI/vendor/laravel/framework/src/Illuminate/Foundation/Http/Middleware/TrimStrings.php(51): Illuminate/Foundation/Http/Middleware/TransformsRequest->handle(Object(Illuminate/Http/Request), Object(Closure))
#36 C:/Users/paulb/Documents/GitHub/Educom-Trainee-Dashboard/DashboardAPI/vendor/laravel/framework/src/Illuminate/Pipeline/Pipeline.php(219): Illuminate/Foundation/Http/Middleware/TrimStrings->handle(Object(Illuminate/Http/Request), Object(Closure))
#37 C:/Users/paulb/Documents/GitHub/Educom-Trainee-Dashboard/DashboardAPI/vendor/laravel/framework/src/Illuminate/Http/Middleware/ValidatePostSize.php(27): Illuminate/Pipeline/Pipeline->{closure:{closure:Illuminate/Pipeline/Pipeline::carry():194}:195}(Object(Illuminate/Http/Request))
#38 C:/Users/paulb/Documents/GitHub/Educom-Trainee-Dashboard/DashboardAPI/vendor/laravel/framework/src/Illuminate/Pipeline/Pipeline.php(219): Illuminate/Http/Middleware/ValidatePostSize->handle(Object(Illuminate/Http/Request), Object(Closure))
#39 C:/Users/paulb/Documents/GitHub/Educom-Trainee-Dashboard/DashboardAPI/vendor/laravel/framework/src/Illuminate/Foundation/Http/Middleware/PreventRequestsDuringMaintenance.php(109): Illuminate/Pipeline/Pipeline->{closure:{closure:Illuminate/Pipeline/Pipeline::carry():194}:195}(Object(Illuminate/Http/Request))
#40 C:/Users/paulb/Documents/GitHub/Educom-Trainee-Dashboard/DashboardAPI/vendor/laravel/framework/src/Illuminate/Pipeline/Pipeline.php(219): Illuminate/Foundation/Http/Middleware/PreventRequestsDuringMaintenance->handle(Object(Illuminate/Http/Request), Object(Closure))
#41 C:/Users/paulb/Documents/GitHub/Educom-Trainee-Dashboard/DashboardAPI/vendor/laravel/framework/src/Illuminate/Http/Middleware/HandleCors.php(74): Illuminate/Pipeline/Pipeline->{closure:{closure:Illuminate/Pipeline/Pipeline::carry():194}:195}(Object(Illuminate/Http/Request))
#42 C:/Users/paulb/Documents/GitHub/Educom-Trainee-Dashboard/DashboardAPI/vendor/laravel/framework/src/Illuminate/Pipeline/Pipeline.php(219): Illuminate/Http/Middleware/HandleCors->handle(Object(Illuminate/Http/Request), Object(Closure))
#43 C:/Users/paulb/Documents/GitHub/Educom-Trainee-Dashboard/DashboardAPI/vendor/laravel/framework/src/Illuminate/Http/Middleware/TrustProxies.php(58): Illuminate/Pipeline/Pipeline->{closure:{closure:Illuminate/Pipeline/Pipeline::carry():194}:195}(Object(Illuminate/Http/Request))
#44 C:/Users/paulb/Documents/GitHub/Educom-Trainee-Dashboard/DashboardAPI/vendor/laravel/framework/src/Illuminate/Pipeline/Pipeline.php(219): Illuminate/Http/Middleware/TrustProxies->handle(Object(Illuminate/Http/Request), Object(Closure))
#45 C:/Users/paulb/Documents/GitHub/Educom-Trainee-Dashboard/DashboardAPI/vendor/laravel/framework/src/Illuminate/Foundation/Http/Middleware/InvokeDeferredCallbacks.php(22): Illuminate/Pipeline/Pipeline->{closure:{closure:Illuminate/Pipeline/Pipeline::carry():194}:195}(Object(Illuminate/Http/Request))
#46 C:/Users/paulb/Documents/GitHub/Educom-Trainee-Dashboard/DashboardAPI/vendor/laravel/framework/src/Illuminate/Pipeline/Pipeline.php(219): Illuminate/Foundation/Http/Middleware/InvokeDeferredCallbacks->handle(Object(Illuminate/Http/Request), Object(Closure))
#47 C:/Users/paulb/Documents/GitHub/Educom-Trainee-Dashboard/DashboardAPI/vendor/laravel/framework/src/Illuminate/Http/Middleware/ValidatePathEncoding.php(28): Illuminate/Pipeline/Pipeline->{closure:{closure:Illuminate/Pipeline/Pipeline::carry():194}:195}(Object(Illuminate/Http/Request))
#48 C:/Users/paulb/Documents/GitHub/Educom-Trainee-Dashboard/DashboardAPI/vendor/laravel/framework/src/Illuminate/Pipeline/Pipeline.php(219): Illuminate/Http/Middleware/ValidatePathEncoding->handle(Object(Illuminate/Http/Request), Object(Closure))
#49 C:/Users/paulb/Documents/GitHub/Educom-Trainee-Dashboard/DashboardAPI/vendor/laravel/framework/src/Illuminate/Pipeline/Pipeline.php(137): Illuminate/Pipeline/Pipeline->{closure:{closure:Illuminate/Pipeline/Pipeline::carry():194}:195}(Object(Illuminate/Http/Request))
#50 C:/Users/paulb/Documents/GitHub/Educom-Trainee-Dashboard/DashboardAPI/vendor/laravel/framework/src/Illuminate/Foundation/Http/Kernel.php(175): Illuminate/Pipeline/Pipeline->then(Object(Closure))
#51 C:/Users/paulb/Documents/GitHub/Educom-Trainee-Dashboard/DashboardAPI/vendor/laravel/framework/src/Illuminate/Foundation/Http/Kernel.php(144): Illuminate/Foundation/Http/Kernel->sendRequestThroughRouter(Object(Illuminate/Http/Request))
#52 C:/Users/paulb/Documents/GitHub/Educom-Trainee-Dashboard/DashboardAPI/vendor/laravel/framework/src/Illuminate/Foundation/Testing/Concerns/MakesHttpRequests.php(607): Illuminate/Foundation/Http/Kernel->handle(Object(Illuminate/Http/Request))
#53 C:/Users/paulb/Documents/GitHub/Educom-Trainee-Dashboard/DashboardAPI/vendor/laravel/framework/src/Illuminate/Foundation/Testing/Concerns/MakesHttpRequests.php(368): Illuminate/Foundation/Testing/TestCase->call('GET', '/api/ai/', Array, Array, Array, Array)
#54 C:/Users/paulb/Documents/GitHub/Educom-Trainee-Dashboard/DashboardAPI/tests/Feature/UsageTest.php(4): Illuminate/Foundation/Testing/TestCase->get('/api/ai/')
#55 C:/Users/paulb/Documents/GitHub/Educom-Trainee-Dashboard/DashboardAPI/vendor/pestphp/pest/src/Factories/TestCaseMethodFactory.php(177): P/Tests/Feature/UsageTest->{closure:C:/Users/paulb/Documents/GitHub/Educom-Trainee-Dashboard/DashboardAPI/tests/Feature/UsageTest.php:3}()
#56 [internal function]: P/Tests/Feature/UsageTest->{closure:Pest/Factories/TestCaseMethodFactory::getClosure():167}()
#57 C:/Users/paulb/Documents/GitHub/Educom-Trainee-Dashboard/DashboardAPI/vendor/pestphp/pest/src/Concerns/Testable.php(581): call_user_func_array(Object(Closure), Array)
#58 C:/Users/paulb/Documents/GitHub/Educom-Trainee-Dashboard/DashboardAPI/vendor/pestphp/pest/src/Support/ExceptionTrace.php(26): P/Tests/Feature/UsageTest->{closure:Pest/Concerns/Testable::__callClosure():581}()
#59 C:/Users/paulb/Documents/GitHub/Educom-Trainee-Dashboard/DashboardAPI/vendor/pestphp/pest/src/Concerns/Testable.php(581): Pest/Support/ExceptionTrace::ensure(Object(Closure))
#60 C:/Users/paulb/Documents/GitHub/Educom-Trainee-Dashboard/DashboardAPI/vendor/pestphp/pest/src/Concerns/Testable.php(403): P/Tests/Feature/UsageTest->__callClosure(Object(Closure), Array)
#61 C:/Users/paulb/Documents/GitHub/Educom-Trainee-Dashboard/DashboardAPI/vendor/pestphp/pest/src/Factories/TestCaseFactory.php(175) : eval()'d code(17): P/Tests/Feature/UsageTest->__runTest(Object(Closure))
#62 C:/Users/paulb/Documents/GitHub/Educom-Trainee-Dashboard/DashboardAPI/vendor/phpunit/phpunit/src/Framework/TestCase.php(1318): P/Tests/Feature/UsageTest->__pest_evaluable_example()
#63 C:/Users/paulb/Documents/GitHub/Educom-Trainee-Dashboard/DashboardAPI/vendor/phpunit/phpunit/src/Framework/TestCase.php(1355): PHPUnit/Framework/TestCase->invokeTestMethod('__pest_evaluabl...', Array)
#64 C:/Users/paulb/Documents/GitHub/Educom-Trainee-Dashboard/DashboardAPI/vendor/phpunit/phpunit/src/Framework/TestCase.php(521): PHPUnit/Framework/TestCase->runTest()
#65 C:/Users/paulb/Documents/GitHub/Educom-Trainee-Dashboard/DashboardAPI/vendor/phpunit/phpunit/src/Framework/TestRunner/TestRunner.php(99): PHPUnit/Framework/TestCase->runBare()
#66 C:/Users/paulb/Documents/GitHub/Educom-Trainee-Dashboard/DashboardAPI/vendor/phpunit/phpunit/src/Framework/TestCase.php(361): PHPUnit/Framework/TestRunner->run(Object(P/Tests/Feature/UsageTest))
#67 C:/Users/paulb/Documents/GitHub/Educom-Trainee-Dashboard/DashboardAPI/vendor/phpunit/phpunit/src/Framework/TestSuite.php(374): PHPUnit/Framework/TestCase->run()
#68 C:/Users/paulb/Documents/GitHub/Educom-Trainee-Dashboard/DashboardAPI/vendor/phpunit/phpunit/src/Framework/TestSuite.php(374): PHPUnit/Framework/TestSuite->run()
#69 C:/Users/paulb/Documents/GitHub/Educom-Trainee-Dashboard/DashboardAPI/vendor/phpunit/phpunit/src/Framework/TestSuite.php(374): PHPUnit/Framework/TestSuite->run()
#70 C:/Users/paulb/Documents/GitHub/Educom-Trainee-Dashboard/DashboardAPI/vendor/phpunit/phpunit/src/TextUI/TestRunner.php(64): PHPUnit/Framework/TestSuite->run()
#71 C:/Users/paulb/Documents/GitHub/Educom-Trainee-Dashboard/DashboardAPI/vendor/phpunit/phpunit/src/TextUI/Application.php(229): PHPUnit/TextUI/TestRunner->run(Object(PHPUnit/TextUI/Configuration/Configuration), Object(PHPUnit/Runner/ResultCache/DefaultResultCache), Object(PHPUnit/Framework/TestSuite))
#72 C:/Users/paulb/Documents/GitHub/Educom-Trainee-Dashboard/DashboardAPI/vendor/pestphp/pest/src/Kernel.php(117): PHPUnit/TextUI/Application->run(Array)
#73 C:/Users/paulb/Documents/GitHub/Educom-Trainee-Dashboard/DashboardAPI/vendor/pestphp/pest/bin/pest(207): Pest/Kernel->handle(Array, Array)
#74 C:/Users/paulb/Documents/GitHub/Educom-Trainee-Dashboard/DashboardAPI/vendor/pestphp/pest/bin/pest(215): {closure:C:/Users/paulb/Documents/GitHub/Educom-Trainee-Dashboard/DashboardAPI/vendor/pestphp/pest/bin/pest:21}()
#75 {main}
"} 
[2026-07-20 09:35:05] testing.ERROR: could not find driver (Connection: sqlite, Database: :memory:, SQL: select * from "AiUsage" order by "created_at" desc) {"exception":"[object] (Illuminate\\Database\\QueryException(code: 0): could not find driver (Connection: sqlite, Database: :memory:, SQL: select * from \"AiUsage\" order by \"created_at\" desc) at C:/Users/paulb/Documents/GitHub/Educom-Trainee-Dashboard/DashboardAPI/vendor/laravel/framework/src/Illuminate/Database/Connection.php:857)
[stacktrace]
#0 C:/Users/paulb/Documents/GitHub/Educom-Trainee-Dashboard/DashboardAPI/vendor/laravel/framework/src/Illuminate/Database/Connection.php(813): Illuminate/Database/Connection->runQueryCallback('select * from \"...', Array, Object(Closure))
#1 C:/Users/paulb/Documents/GitHub/Educom-Trainee-Dashboard/DashboardAPI/vendor/laravel/framework/src/Illuminate/Database/Connection.php(426): Illuminate/Database/Connection->run('select * from \"...', Array, Object(Closure))
#2 C:/Users/paulb/Documents/GitHub/Educom-Trainee-Dashboard/DashboardAPI/vendor/laravel/framework/src/Illuminate/Database/Query/Builder.php(3573): Illuminate/Database/Connection->select('select * from \"...', Array, true, Array)
#3 C:/Users/paulb/Documents/GitHub/Educom-Trainee-Dashboard/DashboardAPI/vendor/laravel/framework/src/Illuminate/Database/Query/Builder.php(3557): Illuminate/Database/Query/Builder->runSelect()
#4 C:/Users/paulb/Documents/GitHub/Educom-Trainee-Dashboard/DashboardAPI/vendor/laravel/framework/src/Illuminate/Database/Eloquent/Builder.php(908): Illuminate/Database/Query/Builder->get(Array)
#5 C:/Users/paulb/Documents/GitHub/Educom-Trainee-Dashboard/DashboardAPI/vendor/laravel/framework/src/Illuminate/Database/Eloquent/Builder.php(890): Illuminate/Database/Eloquent/Builder->getModels(Array)
#6 C:/Users/paulb/Documents/GitHub/Educom-Trainee-Dashboard/DashboardAPI/app/Http/Controllers/UsageController.php(81): Illuminate/Database/Eloquent/Builder->get()
#7 C:/Users/paulb/Documents/GitHub/Educom-Trainee-Dashboard/DashboardAPI/vendor/laravel/framework/src/Illuminate/Routing/ControllerDispatcher.php(46): App/Http/Controllers/UsageController->getUsage()
#8 C:/Users/paulb/Documents/GitHub/Educom-Trainee-Dashboard/DashboardAPI/vendor/laravel/framework/src/Illuminate/Routing/Route.php(275): Illuminate/Routing/ControllerDispatcher->dispatch(Object(Illuminate/Routing/Route), Object(App/Http/Controllers/UsageController), 'getUsage')
#9 C:/Users/paulb/Documents/GitHub/Educom-Trainee-Dashboard/DashboardAPI/vendor/laravel/framework/src/Illuminate/Routing/Route.php(215): Illuminate/Routing/Route->runController()
#10 C:/Users/paulb/Documents/GitHub/Educom-Trainee-Dashboard/DashboardAPI/vendor/laravel/framework/src/Illuminate/Routing/Router.php(822): Illuminate/Routing/Route->run()
#11 C:/Users/paulb/Documents/GitHub/Educom-Trainee-Dashboard/DashboardAPI/vendor/laravel/framework/src/Illuminate/Pipeline/Pipeline.php(180): Illuminate/Routing/Router->{closure:Illuminate/Routing/Router::runRouteWithinStack():821}(Object(Illuminate/Http/Request))
#12 C:/Users/paulb/Documents/GitHub/Educom-Trainee-Dashboard/DashboardAPI/vendor/laravel/framework/src/Illuminate/Routing/Middleware/SubstituteBindings.php(52): Illuminate/Pipeline/Pipeline->{closure:Illuminate/Pipeline/Pipeline::prepareDestination():178}(Object(Illuminate/Http/Request))
#13 C:/Users/paulb/Documents/GitHub/Educom-Trainee-Dashboard/DashboardAPI/vendor/laravel/framework/src/Illuminate/Pipeline/Pipeline.php(219): Illuminate/Routing/Middleware/SubstituteBindings->handle(Object(Illuminate/Http/Request), Object(Closure))
#14 C:/Users/paulb/Documents/GitHub/Educom-Trainee-Dashboard/DashboardAPI/vendor/laravel/framework/src/Illuminate/Pipeline/Pipeline.php(137): Illuminate/Pipeline/Pipeline->{closure:{closure:Illuminate/Pipeline/Pipeline::carry():194}:195}(Object(Illuminate/Http/Request))
#15 C:/Users/paulb/Documents/GitHub/Educom-Trainee-Dashboard/DashboardAPI/vendor/laravel/framework/src/Illuminate/Routing/Router.php(821): Illuminate/Pipeline/Pipeline->then(Object(Closure))
#16 C:/Users/paulb/Documents/GitHub/Educom-Trainee-Dashboard/DashboardAPI/vendor/laravel/framework/src/Illuminate/Routing/Router.php(800): Illuminate/Routing/Router->runRouteWithinStack(Object(Illuminate/Routing/Route), Object(Illuminate/Http/Request))
#17 C:/Users/paulb/Documents/GitHub/Educom-Trainee-Dashboard/DashboardAPI/vendor/laravel/framework/src/Illuminate/Routing/Router.php(764): Illuminate/Routing/Router->runRoute(Object(Illuminate/Http/Request), Object(Illuminate/Routing/Route))
#18 C:/Users/paulb/Documents/GitHub/Educom-Trainee-Dashboard/DashboardAPI/vendor/laravel/framework/src/Illuminate/Routing/Router.php(753): Illuminate/Routing/Router->dispatchToRoute(Object(Illuminate/Http/Request))
#19 C:/Users/paulb/Documents/GitHub/Educom-Trainee-Dashboard/DashboardAPI/vendor/laravel/framework/src/Illuminate/Foundation/Http/Kernel.php(200): Illuminate/Routing/Router->dispatch(Object(Illuminate/Http/Request))
#20 C:/Users/paulb/Documents/GitHub/Educom-Trainee-Dashboard/DashboardAPI/vendor/laravel/framework/src/Illuminate/Pipeline/Pipeline.php(180): Illuminate/Foundation/Http/Kernel->{closure:Illuminate/Foundation/Http/Kernel::dispatchToRouter():197}(Object(Illuminate/Http/Request))
#21 C:/Users/paulb/Documents/GitHub/Educom-Trainee-Dashboard/DashboardAPI/vendor/laravel/framework/src/Illuminate/Foundation/Http/Middleware/TransformsRequest.php(21): Illuminate/Pipeline/Pipeline->{closure:Illuminate/Pipeline/Pipeline::prepareDestination():178}(Object(Illuminate/Http/Request))
#22 C:/Users/paulb/Documents/GitHub/Educom-Trainee-Dashboard/DashboardAPI/vendor/laravel/framework/src/Illuminate/Foundation/Http/Middleware/ConvertEmptyStringsToNull.php(31): Illuminate/Foundation/Http/Middleware/TransformsRequest->handle(Object(Illuminate/Http/Request), Object(Closure))
#23 C:/Users/paulb/Documents/GitHub/Educom-Trainee-Dashboard/DashboardAPI/vendor/laravel/framework/src/Illuminate/Pipeline/Pipeline.php(219): Illuminate/Foundation/Http/Middleware/ConvertEmptyStringsToNull->handle(Object(Illuminate/Http/Request), Object(Closure))
#24 C:/Users/paulb/Documents/GitHub/Educom-Trainee-Dashboard/DashboardAPI/vendor/laravel/framework/src/Illuminate/Foundation/Http/Middleware/TransformsRequest.php(21): Illuminate/Pipeline/Pipeline->{closure:{closure:Illuminate/Pipeline/Pipeline::carry():194}:195}(Object(Illuminate/Http/Request))
#25 C:/Users/paulb/Documents/GitHub/Educom-Trainee-Dashboard/DashboardAPI/vendor/laravel/framework/src/Illuminate/Foundation/Http/Middleware/TrimStrings.php(51): Illuminate/Foundation/Http/Middleware/TransformsRequest->handle(Object(Illuminate/Http/Request), Object(Closure))
#26 C:/Users/paulb/Documents/GitHub/Educom-Trainee-Dashboard/DashboardAPI/vendor/laravel/framework/src/Illuminate/Pipeline/Pipeline.php(219): Illuminate/Foundation/Http/Middleware/TrimStrings->handle(Object(Illuminate/Http/Request), Object(Closure))
#27 C:/Users/paulb/Documents/GitHub/Educom-Trainee-Dashboard/DashboardAPI/vendor/laravel/framework/src/Illuminate/Http/Middleware/ValidatePostSize.php(27): Illuminate/Pipeline/Pipeline->{closure:{closure:Illuminate/Pipeline/Pipeline::carry():194}:195}(Object(Illuminate/Http/Request))
#28 C:/Users/paulb/Documents/GitHub/Educom-Trainee-Dashboard/DashboardAPI/vendor/laravel/framework/src/Illuminate/Pipeline/Pipeline.php(219): Illuminate/Http/Middleware/ValidatePostSize->handle(Object(Illuminate/Http/Request), Object(Closure))
#29 C:/Users/paulb/Documents/GitHub/Educom-Trainee-Dashboard/DashboardAPI/vendor/laravel/framework/src/Illuminate/Foundation/Http/Middleware/PreventRequestsDuringMaintenance.php(109): Illuminate/Pipeline/Pipeline->{closure:{closure:Illuminate/Pipeline/Pipeline::carry():194}:195}(Object(Illuminate/Http/Request))
#30 C:/Users/paulb/Documents/GitHub/Educom-Trainee-Dashboard/DashboardAPI/vendor/laravel/framework/src/Illuminate/Pipeline/Pipeline.php(219): Illuminate/Foundation/Http/Middleware/PreventRequestsDuringMaintenance->handle(Object(Illuminate/Http/Request), Object(Closure))
#31 C:/Users/paulb/Documents/GitHub/Educom-Trainee-Dashboard/DashboardAPI/vendor/laravel/framework/src/Illuminate/Http/Middleware/HandleCors.php(74): Illuminate/Pipeline/Pipeline->{closure:{closure:Illuminate/Pipeline/Pipeline::carry():194}:195}(Object(Illuminate/Http/Request))
#32 C:/Users/paulb/Documents/GitHub/Educom-Trainee-Dashboard/DashboardAPI/vendor/laravel/framework/src/Illuminate/Pipeline/Pipeline.php(219): Illuminate/Http/Middleware/HandleCors->handle(Object(Illuminate/Http/Request), Object(Closure))
#33 C:/Users/paulb/Documents/GitHub/Educom-Trainee-Dashboard/DashboardAPI/vendor/laravel/framework/src/Illuminate/Http/Middleware/TrustProxies.php(58): Illuminate/Pipeline/Pipeline->{closure:{closure:Illuminate/Pipeline/Pipeline::carry():194}:195}(Object(Illuminate/Http/Request))
#34 C:/Users/paulb/Documents/GitHub/Educom-Trainee-Dashboard/DashboardAPI/vendor/laravel/framework/src/Illuminate/Pipeline/Pipeline.php(219): Illuminate/Http/Middleware/TrustProxies->handle(Object(Illuminate/Http/Request), Object(Closure))
#35 C:/Users/paulb/Documents/GitHub/Educom-Trainee-Dashboard/DashboardAPI/vendor/laravel/framework/src/Illuminate/Foundation/Http/Middleware/InvokeDeferredCallbacks.php(22): Illuminate/Pipeline/Pipeline->{closure:{closure:Illuminate/Pipeline/Pipeline::carry():194}:195}(Object(Illuminate/Http/Request))
#36 C:/Users/paulb/Documents/GitHub/Educom-Trainee-Dashboard/DashboardAPI/vendor/laravel/framework/src/Illuminate/Pipeline/Pipeline.php(219): Illuminate/Foundation/Http/Middleware/InvokeDeferredCallbacks->handle(Object(Illuminate/Http/Request), Object(Closure))
#37 C:/Users/paulb/Documents/GitHub/Educom-Trainee-Dashboard/DashboardAPI/vendor/laravel/framework/src/Illuminate/Http/Middleware/ValidatePathEncoding.php(28): Illuminate/Pipeline/Pipeline->{closure:{closure:Illuminate/Pipeline/Pipeline::carry():194}:195}(Object(Illuminate/Http/Request))
#38 C:/Users/paulb/Documents/GitHub/Educom-Trainee-Dashboard/DashboardAPI/vendor/laravel/framework/src/Illuminate/Pipeline/Pipeline.php(219): Illuminate/Http/Middleware/ValidatePathEncoding->handle(Object(Illuminate/Http/Request), Object(Closure))
#39 C:/Users/paulb/Documents/GitHub/Educom-Trainee-Dashboard/DashboardAPI/vendor/laravel/framework/src/Illuminate/Pipeline/Pipeline.php(137): Illuminate/Pipeline/Pipeline->{closure:{closure:Illuminate/Pipeline/Pipeline::carry():194}:195}(Object(Illuminate/Http/Request))
#40 C:/Users/paulb/Documents/GitHub/Educom-Trainee-Dashboard/DashboardAPI/vendor/laravel/framework/src/Illuminate/Foundation/Http/Kernel.php(175): Illuminate/Pipeline/Pipeline->then(Object(Closure))
#41 C:/Users/paulb/Documents/GitHub/Educom-Trainee-Dashboard/DashboardAPI/vendor/laravel/framework/src/Illuminate/Foundation/Http/Kernel.php(144): Illuminate/Foundation/Http/Kernel->sendRequestThroughRouter(Object(Illuminate/Http/Request))
#42 C:/Users/paulb/Documents/GitHub/Educom-Trainee-Dashboard/DashboardAPI/vendor/laravel/framework/src/Illuminate/Foundation/Testing/Concerns/MakesHttpRequests.php(607): Illuminate/Foundation/Http/Kernel->handle(Object(Illuminate/Http/Request))
#43 C:/Users/paulb/Documents/GitHub/Educom-Trainee-Dashboard/DashboardAPI/vendor/laravel/framework/src/Illuminate/Foundation/Testing/Concerns/MakesHttpRequests.php(368): Illuminate/Foundation/Testing/TestCase->call('GET', '/api/ai/', Array, Array, Array, Array)
#44 C:/Users/paulb/Documents/GitHub/Educom-Trainee-Dashboard/DashboardAPI/tests/Feature/UsageTest.php(4): Illuminate/Foundation/Testing/TestCase->get('/api/ai/')
#45 C:/Users/paulb/Documents/GitHub/Educom-Trainee-Dashboard/DashboardAPI/vendor/pestphp/pest/src/Factories/TestCaseMethodFactory.php(177): P/Tests/Feature/UsageTest->{closure:C:/Users/paulb/Documents/GitHub/Educom-Trainee-Dashboard/DashboardAPI/tests/Feature/UsageTest.php:3}()
#46 [internal function]: P/Tests/Feature/UsageTest->{closure:Pest/Factories/TestCaseMethodFactory::getClosure():167}()
#47 C:/Users/paulb/Documents/GitHub/Educom-Trainee-Dashboard/DashboardAPI/vendor/pestphp/pest/src/Concerns/Testable.php(581): call_user_func_array(Object(Closure), Array)
#48 C:/Users/paulb/Documents/GitHub/Educom-Trainee-Dashboard/DashboardAPI/vendor/pestphp/pest/src/Support/ExceptionTrace.php(26): P/Tests/Feature/UsageTest->{closure:Pest/Concerns/Testable::__callClosure():581}()
#49 C:/Users/paulb/Documents/GitHub/Educom-Trainee-Dashboard/DashboardAPI/vendor/pestphp/pest/src/Concerns/Testable.php(581): Pest/Support/ExceptionTrace::ensure(Object(Closure))
#50 C:/Users/paulb/Documents/GitHub/Educom-Trainee-Dashboard/DashboardAPI/vendor/pestphp/pest/src/Concerns/Testable.php(403): P/Tests/Feature/UsageTest->__callClosure(Object(Closure), Array)
#51 C:/Users/paulb/Documents/GitHub/Educom-Trainee-Dashboard/DashboardAPI/vendor/pestphp/pest/src/Factories/TestCaseFactory.php(175) : eval()'d code(17): P/Tests/Feature/UsageTest->__runTest(Object(Closure))
#52 C:/Users/paulb/Documents/GitHub/Educom-Trainee-Dashboard/DashboardAPI/vendor/phpunit/phpunit/src/Framework/TestCase.php(1318): P/Tests/Feature/UsageTest->__pest_evaluable_example()
#53 C:/Users/paulb/Documents/GitHub/Educom-Trainee-Dashboard/DashboardAPI/vendor/phpunit/phpunit/src/Framework/TestCase.php(1355): PHPUnit/Framework/TestCase->invokeTestMethod('__pest_evaluabl...', Array)
#54 C:/Users/paulb/Documents/GitHub/Educom-Trainee-Dashboard/DashboardAPI/vendor/phpunit/phpunit/src/Framework/TestCase.php(521): PHPUnit/Framework/TestCase->runTest()
#55 C:/Users/paulb/Documents/GitHub/Educom-Trainee-Dashboard/DashboardAPI/vendor/phpunit/phpunit/src/Framework/TestRunner/TestRunner.php(99): PHPUnit/Framework/TestCase->runBare()
#56 C:/Users/paulb/Documents/GitHub/Educom-Trainee-Dashboard/DashboardAPI/vendor/phpunit/phpunit/src/Framework/TestCase.php(361): PHPUnit/Framework/TestRunner->run(Object(P/Tests/Feature/UsageTest))
#57 C:/Users/paulb/Documents/GitHub/Educom-Trainee-Dashboard/DashboardAPI/vendor/phpunit/phpunit/src/Framework/TestSuite.php(374): PHPUnit/Framework/TestCase->run()
#58 C:/Users/paulb/Documents/GitHub/Educom-Trainee-Dashboard/DashboardAPI/vendor/phpunit/phpunit/src/Framework/TestSuite.php(374): PHPUnit/Framework/TestSuite->run()
#59 C:/Users/paulb/Documents/GitHub/Educom-Trainee-Dashboard/DashboardAPI/vendor/phpunit/phpunit/src/Framework/TestSuite.php(374): PHPUnit/Framework/TestSuite->run()
#60 C:/Users/paulb/Documents/GitHub/Educom-Trainee-Dashboard/DashboardAPI/vendor/phpunit/phpunit/src/TextUI/TestRunner.php(64): PHPUnit/Framework/TestSuite->run()
#61 C:/Users/paulb/Documents/GitHub/Educom-Trainee-Dashboard/DashboardAPI/vendor/phpunit/phpunit/src/TextUI/Application.php(229): PHPUnit/TextUI/TestRunner->run(Object(PHPUnit/TextUI/Configuration/Configuration), Object(PHPUnit/Runner/ResultCache/DefaultResultCache), Object(PHPUnit/Framework/TestSuite))
#62 C:/Users/paulb/Documents/GitHub/Educom-Trainee-Dashboard/DashboardAPI/vendor/pestphp/pest/src/Kernel.php(117): PHPUnit/TextUI/Application->run(Array)
#63 C:/Users/paulb/Documents/GitHub/Educom-Trainee-Dashboard/DashboardAPI/vendor/pestphp/pest/bin/pest(207): Pest/Kernel->handle(Array, Array)
#64 C:/Users/paulb/Documents/GitHub/Educom-Trainee-Dashboard/DashboardAPI/vendor/pestphp/pest/bin/pest(215): {closure:C:/Users/paulb/Documents/GitHub/Educom-Trainee-Dashboard/DashboardAPI/vendor/pestphp/pest/bin/pest:21}()
#65 {main}

[previous exception] [object] (PDOException(code: 0): could not find driver at C:/Users/paulb/Documents/GitHub/Educom-Trainee-Dashboard/DashboardAPI/vendor/laravel/framework/src/Illuminate/Database/Connectors/Connector.php:67)
[stacktrace]
#0 C:/Users/paulb/Documents/GitHub/Educom-Trainee-Dashboard/DashboardAPI/vendor/laravel/framework/src/Illuminate/Database/Connectors/Connector.php(67): PDO::connect('sqlite::memory:', NULL, Object(SensitiveParameterValue), Array)
#1 C:/Users/paulb/Documents/GitHub/Educom-Trainee-Dashboard/DashboardAPI/vendor/laravel/framework/src/Illuminate/Database/Connectors/Connector.php(44): Illuminate/Database/Connectors/Connector->createPdoConnection('sqlite::memory:', NULL, Object(SensitiveParameterValue), Array)
#2 C:/Users/paulb/Documents/GitHub/Educom-Trainee-Dashboard/DashboardAPI/vendor/laravel/framework/src/Illuminate/Database/Connectors/SQLiteConnector.php(21): Illuminate/Database/Connectors/Connector->createConnection('sqlite::memory:', Array, Array)
#3 C:/Users/paulb/Documents/GitHub/Educom-Trainee-Dashboard/DashboardAPI/vendor/laravel/framework/src/Illuminate/Database/Connectors/ConnectionFactory.php(259): Illuminate/Database/Connectors/SQLiteConnector->connect(Array)
#4 [internal function]: Illuminate/Database/Connectors/ConnectionFactory->{closure:Illuminate/Database/Connectors/ConnectionFactory::createPdoResolverWithoutHosts():259}()
#5 C:/Users/paulb/Documents/GitHub/Educom-Trainee-Dashboard/DashboardAPI/vendor/laravel/framework/src/Illuminate/Database/Connection.php(1297): call_user_func(Object(Closure))
#6 C:/Users/paulb/Documents/GitHub/Educom-Trainee-Dashboard/DashboardAPI/vendor/laravel/framework/src/Illuminate/Database/Connection.php(1335): Illuminate/Database/Connection->getPdo()
#7 C:/Users/paulb/Documents/GitHub/Educom-Trainee-Dashboard/DashboardAPI/vendor/laravel/framework/src/Illuminate/Database/Connection.php(542): Illuminate/Database/Connection->getReadPdo()
#8 C:/Users/paulb/Documents/GitHub/Educom-Trainee-Dashboard/DashboardAPI/vendor/laravel/framework/src/Illuminate/Database/Connection.php(435): Illuminate/Database/Connection->getPdoForSelect(true)
#9 C:/Users/paulb/Documents/GitHub/Educom-Trainee-Dashboard/DashboardAPI/vendor/laravel/framework/src/Illuminate/Database/Connection.php(846): Illuminate/Database/Connection->{closure:Illuminate/Database/Connection::select():426}('select * from \"...', Array)
#10 C:/Users/paulb/Documents/GitHub/Educom-Trainee-Dashboard/DashboardAPI/vendor/laravel/framework/src/Illuminate/Database/Connection.php(813): Illuminate/Database/Connection->runQueryCallback('select * from \"...', Array, Object(Closure))
#11 C:/Users/paulb/Documents/GitHub/Educom-Trainee-Dashboard/DashboardAPI/vendor/laravel/framework/src/Illuminate/Database/Connection.php(426): Illuminate/Database/Connection->run('select * from \"...', Array, Object(Closure))
#12 C:/Users/paulb/Documents/GitHub/Educom-Trainee-Dashboard/DashboardAPI/vendor/laravel/framework/src/Illuminate/Database/Query/Builder.php(3573): Illuminate/Database/Connection->select('select * from \"...', Array, true, Array)
#13 C:/Users/paulb/Documents/GitHub/Educom-Trainee-Dashboard/DashboardAPI/vendor/laravel/framework/src/Illuminate/Database/Query/Builder.php(3557): Illuminate/Database/Query/Builder->runSelect()
#14 C:/Users/paulb/Documents/GitHub/Educom-Trainee-Dashboard/DashboardAPI/vendor/laravel/framework/src/Illuminate/Database/Eloquent/Builder.php(908): Illuminate/Database/Query/Builder->get(Array)
#15 C:/Users/paulb/Documents/GitHub/Educom-Trainee-Dashboard/DashboardAPI/vendor/laravel/framework/src/Illuminate/Database/Eloquent/Builder.php(890): Illuminate/Database/Eloquent/Builder->getModels(Array)
#16 C:/Users/paulb/Documents/GitHub/Educom-Trainee-Dashboard/DashboardAPI/app/Http/Controllers/UsageController.php(81): Illuminate/Database/Eloquent/Builder->get()
#17 C:/Users/paulb/Documents/GitHub/Educom-Trainee-Dashboard/DashboardAPI/vendor/laravel/framework/src/Illuminate/Routing/ControllerDispatcher.php(46): App/Http/Controllers/UsageController->getUsage()
#18 C:/Users/paulb/Documents/GitHub/Educom-Trainee-Dashboard/DashboardAPI/vendor/laravel/framework/src/Illuminate/Routing/Route.php(275): Illuminate/Routing/ControllerDispatcher->dispatch(Object(Illuminate/Routing/Route), Object(App/Http/Controllers/UsageController), 'getUsage')
#19 C:/Users/paulb/Documents/GitHub/Educom-Trainee-Dashboard/DashboardAPI/vendor/laravel/framework/src/Illuminate/Routing/Route.php(215): Illuminate/Routing/Route->runController()
#20 C:/Users/paulb/Documents/GitHub/Educom-Trainee-Dashboard/DashboardAPI/vendor/laravel/framework/src/Illuminate/Routing/Router.php(822): Illuminate/Routing/Route->run()
#21 C:/Users/paulb/Documents/GitHub/Educom-Trainee-Dashboard/DashboardAPI/vendor/laravel/framework/src/Illuminate/Pipeline/Pipeline.php(180): Illuminate/Routing/Router->{closure:Illuminate/Routing/Router::runRouteWithinStack():821}(Object(Illuminate/Http/Request))
#22 C:/Users/paulb/Documents/GitHub/Educom-Trainee-Dashboard/DashboardAPI/vendor/laravel/framework/src/Illuminate/Routing/Middleware/SubstituteBindings.php(52): Illuminate/Pipeline/Pipeline->{closure:Illuminate/Pipeline/Pipeline::prepareDestination():178}(Object(Illuminate/Http/Request))
#23 C:/Users/paulb/Documents/GitHub/Educom-Trainee-Dashboard/DashboardAPI/vendor/laravel/framework/src/Illuminate/Pipeline/Pipeline.php(219): Illuminate/Routing/Middleware/SubstituteBindings->handle(Object(Illuminate/Http/Request), Object(Closure))
#24 C:/Users/paulb/Documents/GitHub/Educom-Trainee-Dashboard/DashboardAPI/vendor/laravel/framework/src/Illuminate/Pipeline/Pipeline.php(137): Illuminate/Pipeline/Pipeline->{closure:{closure:Illuminate/Pipeline/Pipeline::carry():194}:195}(Object(Illuminate/Http/Request))
#25 C:/Users/paulb/Documents/GitHub/Educom-Trainee-Dashboard/DashboardAPI/vendor/laravel/framework/src/Illuminate/Routing/Router.php(821): Illuminate/Pipeline/Pipeline->then(Object(Closure))
#26 C:/Users/paulb/Documents/GitHub/Educom-Trainee-Dashboard/DashboardAPI/vendor/laravel/framework/src/Illuminate/Routing/Router.php(800): Illuminate/Routing/Router->runRouteWithinStack(Object(Illuminate/Routing/Route), Object(Illuminate/Http/Request))
#27 C:/Users/paulb/Documents/GitHub/Educom-Trainee-Dashboard/DashboardAPI/vendor/laravel/framework/src/Illuminate/Routing/Router.php(764): Illuminate/Routing/Router->runRoute(Object(Illuminate/Http/Request), Object(Illuminate/Routing/Route))
#28 C:/Users/paulb/Documents/GitHub/Educom-Trainee-Dashboard/DashboardAPI/vendor/laravel/framework/src/Illuminate/Routing/Router.php(753): Illuminate/Routing/Router->dispatchToRoute(Object(Illuminate/Http/Request))
#29 C:/Users/paulb/Documents/GitHub/Educom-Trainee-Dashboard/DashboardAPI/vendor/laravel/framework/src/Illuminate/Foundation/Http/Kernel.php(200): Illuminate/Routing/Router->dispatch(Object(Illuminate/Http/Request))
#30 C:/Users/paulb/Documents/GitHub/Educom-Trainee-Dashboard/DashboardAPI/vendor/laravel/framework/src/Illuminate/Pipeline/Pipeline.php(180): Illuminate/Foundation/Http/Kernel->{closure:Illuminate/Foundation/Http/Kernel::dispatchToRouter():197}(Object(Illuminate/Http/Request))
#31 C:/Users/paulb/Documents/GitHub/Educom-Trainee-Dashboard/DashboardAPI/vendor/laravel/framework/src/Illuminate/Foundation/Http/Middleware/TransformsRequest.php(21): Illuminate/Pipeline/Pipeline->{closure:Illuminate/Pipeline/Pipeline::prepareDestination():178}(Object(Illuminate/Http/Request))
#32 C:/Users/paulb/Documents/GitHub/Educom-Trainee-Dashboard/DashboardAPI/vendor/laravel/framework/src/Illuminate/Foundation/Http/Middleware/ConvertEmptyStringsToNull.php(31): Illuminate/Foundation/Http/Middleware/TransformsRequest->handle(Object(Illuminate/Http/Request), Object(Closure))
#33 C:/Users/paulb/Documents/GitHub/Educom-Trainee-Dashboard/DashboardAPI/vendor/laravel/framework/src/Illuminate/Pipeline/Pipeline.php(219): Illuminate/Foundation/Http/Middleware/ConvertEmptyStringsToNull->handle(Object(Illuminate/Http/Request), Object(Closure))
#34 C:/Users/paulb/Documents/GitHub/Educom-Trainee-Dashboard/DashboardAPI/vendor/laravel/framework/src/Illuminate/Foundation/Http/Middleware/TransformsRequest.php(21): Illuminate/Pipeline/Pipeline->{closure:{closure:Illuminate/Pipeline/Pipeline::carry():194}:195}(Object(Illuminate/Http/Request))
#35 C:/Users/paulb/Documents/GitHub/Educom-Trainee-Dashboard/DashboardAPI/vendor/laravel/framework/src/Illuminate/Foundation/Http/Middleware/TrimStrings.php(51): Illuminate/Foundation/Http/Middleware/TransformsRequest->handle(Object(Illuminate/Http/Request), Object(Closure))
#36 C:/Users/paulb/Documents/GitHub/Educom-Trainee-Dashboard/DashboardAPI/vendor/laravel/framework/src/Illuminate/Pipeline/Pipeline.php(219): Illuminate/Foundation/Http/Middleware/TrimStrings->handle(Object(Illuminate/Http/Request), Object(Closure))
#37 C:/Users/paulb/Documents/GitHub/Educom-Trainee-Dashboard/DashboardAPI/vendor/laravel/framework/src/Illuminate/Http/Middleware/ValidatePostSize.php(27): Illuminate/Pipeline/Pipeline->{closure:{closure:Illuminate/Pipeline/Pipeline::carry():194}:195}(Object(Illuminate/Http/Request))
#38 C:/Users/paulb/Documents/GitHub/Educom-Trainee-Dashboard/DashboardAPI/vendor/laravel/framework/src/Illuminate/Pipeline/Pipeline.php(219): Illuminate/Http/Middleware/ValidatePostSize->handle(Object(Illuminate/Http/Request), Object(Closure))
#39 C:/Users/paulb/Documents/GitHub/Educom-Trainee-Dashboard/DashboardAPI/vendor/laravel/framework/src/Illuminate/Foundation/Http/Middleware/PreventRequestsDuringMaintenance.php(109): Illuminate/Pipeline/Pipeline->{closure:{closure:Illuminate/Pipeline/Pipeline::carry():194}:195}(Object(Illuminate/Http/Request))
#40 C:/Users/paulb/Documents/GitHub/Educom-Trainee-Dashboard/DashboardAPI/vendor/laravel/framework/src/Illuminate/Pipeline/Pipeline.php(219): Illuminate/Foundation/Http/Middleware/PreventRequestsDuringMaintenance->handle(Object(Illuminate/Http/Request), Object(Closure))
#41 C:/Users/paulb/Documents/GitHub/Educom-Trainee-Dashboard/DashboardAPI/vendor/laravel/framework/src/Illuminate/Http/Middleware/HandleCors.php(74): Illuminate/Pipeline/Pipeline->{closure:{closure:Illuminate/Pipeline/Pipeline::carry():194}:195}(Object(Illuminate/Http/Request))
#42 C:/Users/paulb/Documents/GitHub/Educom-Trainee-Dashboard/DashboardAPI/vendor/laravel/framework/src/Illuminate/Pipeline/Pipeline.php(219): Illuminate/Http/Middleware/HandleCors->handle(Object(Illuminate/Http/Request), Object(Closure))
#43 C:/Users/paulb/Documents/GitHub/Educom-Trainee-Dashboard/DashboardAPI/vendor/laravel/framework/src/Illuminate/Http/Middleware/TrustProxies.php(58): Illuminate/Pipeline/Pipeline->{closure:{closure:Illuminate/Pipeline/Pipeline::carry():194}:195}(Object(Illuminate/Http/Request))
#44 C:/Users/paulb/Documents/GitHub/Educom-Trainee-Dashboard/DashboardAPI/vendor/laravel/framework/src/Illuminate/Pipeline/Pipeline.php(219): Illuminate/Http/Middleware/TrustProxies->handle(Object(Illuminate/Http/Request), Object(Closure))
#45 C:/Users/paulb/Documents/GitHub/Educom-Trainee-Dashboard/DashboardAPI/vendor/laravel/framework/src/Illuminate/Foundation/Http/Middleware/InvokeDeferredCallbacks.php(22): Illuminate/Pipeline/Pipeline->{closure:{closure:Illuminate/Pipeline/Pipeline::carry():194}:195}(Object(Illuminate/Http/Request))
#46 C:/Users/paulb/Documents/GitHub/Educom-Trainee-Dashboard/DashboardAPI/vendor/laravel/framework/src/Illuminate/Pipeline/Pipeline.php(219): Illuminate/Foundation/Http/Middleware/InvokeDeferredCallbacks->handle(Object(Illuminate/Http/Request), Object(Closure))
#47 C:/Users/paulb/Documents/GitHub/Educom-Trainee-Dashboard/DashboardAPI/vendor/laravel/framework/src/Illuminate/Http/Middleware/ValidatePathEncoding.php(28): Illuminate/Pipeline/Pipeline->{closure:{closure:Illuminate/Pipeline/Pipeline::carry():194}:195}(Object(Illuminate/Http/Request))
#48 C:/Users/paulb/Documents/GitHub/Educom-Trainee-Dashboard/DashboardAPI/vendor/laravel/framework/src/Illuminate/Pipeline/Pipeline.php(219): Illuminate/Http/Middleware/ValidatePathEncoding->handle(Object(Illuminate/Http/Request), Object(Closure))
#49 C:/Users/paulb/Documents/GitHub/Educom-Trainee-Dashboard/DashboardAPI/vendor/laravel/framework/src/Illuminate/Pipeline/Pipeline.php(137): Illuminate/Pipeline/Pipeline->{closure:{closure:Illuminate/Pipeline/Pipeline::carry():194}:195}(Object(Illuminate/Http/Request))
#50 C:/Users/paulb/Documents/GitHub/Educom-Trainee-Dashboard/DashboardAPI/vendor/laravel/framework/src/Illuminate/Foundation/Http/Kernel.php(175): Illuminate/Pipeline/Pipeline->then(Object(Closure))
#51 C:/Users/paulb/Documents/GitHub/Educom-Trainee-Dashboard/DashboardAPI/vendor/laravel/framework/src/Illuminate/Foundation/Http/Kernel.php(144): Illuminate/Foundation/Http/Kernel->sendRequestThroughRouter(Object(Illuminate/Http/Request))
#52 C:/Users/paulb/Documents/GitHub/Educom-Trainee-Dashboard/DashboardAPI/vendor/laravel/framework/src/Illuminate/Foundation/Testing/Concerns/MakesHttpRequests.php(607): Illuminate/Foundation/Http/Kernel->handle(Object(Illuminate/Http/Request))
#53 C:/Users/paulb/Documents/GitHub/Educom-Trainee-Dashboard/DashboardAPI/vendor/laravel/framework/src/Illuminate/Foundation/Testing/Concerns/MakesHttpRequests.php(368): Illuminate/Foundation/Testing/TestCase->call('GET', '/api/ai/', Array, Array, Array, Array)
#54 C:/Users/paulb/Documents/GitHub/Educom-Trainee-Dashboard/DashboardAPI/tests/Feature/UsageTest.php(4): Illuminate/Foundation/Testing/TestCase->get('/api/ai/')
#55 C:/Users/paulb/Documents/GitHub/Educom-Trainee-Dashboard/DashboardAPI/vendor/pestphp/pest/src/Factories/TestCaseMethodFactory.php(177): P/Tests/Feature/UsageTest->{closure:C:/Users/paulb/Documents/GitHub/Educom-Trainee-Dashboard/DashboardAPI/tests/Feature/UsageTest.php:3}()
#56 [internal function]: P/Tests/Feature/UsageTest->{closure:Pest/Factories/TestCaseMethodFactory::getClosure():167}()
#57 C:/Users/paulb/Documents/GitHub/Educom-Trainee-Dashboard/DashboardAPI/vendor/pestphp/pest/src/Concerns/Testable.php(581): call_user_func_array(Object(Closure), Array)
#58 C:/Users/paulb/Documents/GitHub/Educom-Trainee-Dashboard/DashboardAPI/vendor/pestphp/pest/src/Support/ExceptionTrace.php(26): P/Tests/Feature/UsageTest->{closure:Pest/Concerns/Testable::__callClosure():581}()
#59 C:/Users/paulb/Documents/GitHub/Educom-Trainee-Dashboard/DashboardAPI/vendor/pestphp/pest/src/Concerns/Testable.php(581): Pest/Support/ExceptionTrace::ensure(Object(Closure))
#60 C:/Users/paulb/Documents/GitHub/Educom-Trainee-Dashboard/DashboardAPI/vendor/pestphp/pest/src/Concerns/Testable.php(403): P/Tests/Feature/UsageTest->__callClosure(Object(Closure), Array)
#61 C:/Users/paulb/Documents/GitHub/Educom-Trainee-Dashboard/DashboardAPI/vendor/pestphp/pest/src/Factories/TestCaseFactory.php(175) : eval()'d code(17): P/Tests/Feature/UsageTest->__runTest(Object(Closure))
#62 C:/Users/paulb/Documents/GitHub/Educom-Trainee-Dashboard/DashboardAPI/vendor/phpunit/phpunit/src/Framework/TestCase.php(1318): P/Tests/Feature/UsageTest->__pest_evaluable_example()
#63 C:/Users/paulb/Documents/GitHub/Educom-Trainee-Dashboard/DashboardAPI/vendor/phpunit/phpunit/src/Framework/TestCase.php(1355): PHPUnit/Framework/TestCase->invokeTestMethod('__pest_evaluabl...', Array)
#64 C:/Users/paulb/Documents/GitHub/Educom-Trainee-Dashboard/DashboardAPI/vendor/phpunit/phpunit/src/Framework/TestCase.php(521): PHPUnit/Framework/TestCase->runTest()
#65 C:/Users/paulb/Documents/GitHub/Educom-Trainee-Dashboard/DashboardAPI/vendor/phpunit/phpunit/src/Framework/TestRunner/TestRunner.php(99): PHPUnit/Framework/TestCase->runBare()
#66 C:/Users/paulb/Documents/GitHub/Educom-Trainee-Dashboard/DashboardAPI/vendor/phpunit/phpunit/src/Framework/TestCase.php(361): PHPUnit/Framework/TestRunner->run(Object(P/Tests/Feature/UsageTest))
#67 C:/Users/paulb/Documents/GitHub/Educom-Trainee-Dashboard/DashboardAPI/vendor/phpunit/phpunit/src/Framework/TestSuite.php(374): PHPUnit/Framework/TestCase->run()
#68 C:/Users/paulb/Documents/GitHub/Educom-Trainee-Dashboard/DashboardAPI/vendor/phpunit/phpunit/src/Framework/TestSuite.php(374): PHPUnit/Framework/TestSuite->run()
#69 C:/Users/paulb/Documents/GitHub/Educom-Trainee-Dashboard/DashboardAPI/vendor/phpunit/phpunit/src/Framework/TestSuite.php(374): PHPUnit/Framework/TestSuite->run()
#70 C:/Users/paulb/Documents/GitHub/Educom-Trainee-Dashboard/DashboardAPI/vendor/phpunit/phpunit/src/TextUI/TestRunner.php(64): PHPUnit/Framework/TestSuite->run()
#71 C:/Users/paulb/Documents/GitHub/Educom-Trainee-Dashboard/DashboardAPI/vendor/phpunit/phpunit/src/TextUI/Application.php(229): PHPUnit/TextUI/TestRunner->run(Object(PHPUnit/TextUI/Configuration/Configuration), Object(PHPUnit/Runner/ResultCache/DefaultResultCache), Object(PHPUnit/Framework/TestSuite))
#72 C:/Users/paulb/Documents/GitHub/Educom-Trainee-Dashboard/DashboardAPI/vendor/pestphp/pest/src/Kernel.php(117): PHPUnit/TextUI/Application->run(Array)
#73 C:/Users/paulb/Documents/GitHub/Educom-Trainee-Dashboard/DashboardAPI/vendor/pestphp/pest/bin/pest(207): Pest/Kernel->handle(Array, Array)
#74 C:/Users/paulb/Documents/GitHub/Educom-Trainee-Dashboard/DashboardAPI/vendor/pestphp/pest/bin/pest(215): {closure:C:/Users/paulb/Documents/GitHub/Educom-Trainee-Dashboard/DashboardAPI/vendor/pestphp/pest/bin/pest:21}()
#75 {main}
"} 
[2026-07-20 09:35:19] testing.ERROR: could not find driver (Connection: sqlite, Database: :memory:, SQL: select * from "AiUsage" order by "created_at" desc) {"exception":"[object] (Illuminate\\Database\\QueryException(code: 0): could not find driver (Connection: sqlite, Database: :memory:, SQL: select * from \"AiUsage\" order by \"created_at\" desc) at C:/Users/paulb/Documents/GitHub/Educom-Trainee-Dashboard/DashboardAPI/vendor/laravel/framework/src/Illuminate/Database/Connection.php:857)
[stacktrace]
#0 C:/Users/paulb/Documents/GitHub/Educom-Trainee-Dashboard/DashboardAPI/vendor/laravel/framework/src/Illuminate/Database/Connection.php(813): Illuminate/Database/Connection->runQueryCallback('select * from \"...', Array, Object(Closure))
#1 C:/Users/paulb/Documents/GitHub/Educom-Trainee-Dashboard/DashboardAPI/vendor/laravel/framework/src/Illuminate/Database/Connection.php(426): Illuminate/Database/Connection->run('select * from \"...', Array, Object(Closure))
#2 C:/Users/paulb/Documents/GitHub/Educom-Trainee-Dashboard/DashboardAPI/vendor/laravel/framework/src/Illuminate/Database/Query/Builder.php(3573): Illuminate/Database/Connection->select('select * from \"...', Array, true, Array)
#3 C:/Users/paulb/Documents/GitHub/Educom-Trainee-Dashboard/DashboardAPI/vendor/laravel/framework/src/Illuminate/Database/Query/Builder.php(3557): Illuminate/Database/Query/Builder->runSelect()
#4 C:/Users/paulb/Documents/GitHub/Educom-Trainee-Dashboard/DashboardAPI/vendor/laravel/framework/src/Illuminate/Database/Eloquent/Builder.php(908): Illuminate/Database/Query/Builder->get(Array)
#5 C:/Users/paulb/Documents/GitHub/Educom-Trainee-Dashboard/DashboardAPI/vendor/laravel/framework/src/Illuminate/Database/Eloquent/Builder.php(890): Illuminate/Database/Eloquent/Builder->getModels(Array)
#6 C:/Users/paulb/Documents/GitHub/Educom-Trainee-Dashboard/DashboardAPI/app/Http/Controllers/UsageController.php(81): Illuminate/Database/Eloquent/Builder->get()
#7 C:/Users/paulb/Documents/GitHub/Educom-Trainee-Dashboard/DashboardAPI/vendor/laravel/framework/src/Illuminate/Routing/ControllerDispatcher.php(46): App/Http/Controllers/UsageController->getUsage()
#8 C:/Users/paulb/Documents/GitHub/Educom-Trainee-Dashboard/DashboardAPI/vendor/laravel/framework/src/Illuminate/Routing/Route.php(275): Illuminate/Routing/ControllerDispatcher->dispatch(Object(Illuminate/Routing/Route), Object(App/Http/Controllers/UsageController), 'getUsage')
#9 C:/Users/paulb/Documents/GitHub/Educom-Trainee-Dashboard/DashboardAPI/vendor/laravel/framework/src/Illuminate/Routing/Route.php(215): Illuminate/Routing/Route->runController()
#10 C:/Users/paulb/Documents/GitHub/Educom-Trainee-Dashboard/DashboardAPI/vendor/laravel/framework/src/Illuminate/Routing/Router.php(822): Illuminate/Routing/Route->run()
#11 C:/Users/paulb/Documents/GitHub/Educom-Trainee-Dashboard/DashboardAPI/vendor/laravel/framework/src/Illuminate/Pipeline/Pipeline.php(180): Illuminate/Routing/Router->{closure:Illuminate/Routing/Router::runRouteWithinStack():821}(Object(Illuminate/Http/Request))
#12 C:/Users/paulb/Documents/GitHub/Educom-Trainee-Dashboard/DashboardAPI/vendor/laravel/framework/src/Illuminate/Routing/Middleware/SubstituteBindings.php(52): Illuminate/Pipeline/Pipeline->{closure:Illuminate/Pipeline/Pipeline::prepareDestination():178}(Object(Illuminate/Http/Request))
#13 C:/Users/paulb/Documents/GitHub/Educom-Trainee-Dashboard/DashboardAPI/vendor/laravel/framework/src/Illuminate/Pipeline/Pipeline.php(219): Illuminate/Routing/Middleware/SubstituteBindings->handle(Object(Illuminate/Http/Request), Object(Closure))
#14 C:/Users/paulb/Documents/GitHub/Educom-Trainee-Dashboard/DashboardAPI/vendor/laravel/framework/src/Illuminate/Pipeline/Pipeline.php(137): Illuminate/Pipeline/Pipeline->{closure:{closure:Illuminate/Pipeline/Pipeline::carry():194}:195}(Object(Illuminate/Http/Request))
#15 C:/Users/paulb/Documents/GitHub/Educom-Trainee-Dashboard/DashboardAPI/vendor/laravel/framework/src/Illuminate/Routing/Router.php(821): Illuminate/Pipeline/Pipeline->then(Object(Closure))
#16 C:/Users/paulb/Documents/GitHub/Educom-Trainee-Dashboard/DashboardAPI/vendor/laravel/framework/src/Illuminate/Routing/Router.php(800): Illuminate/Routing/Router->runRouteWithinStack(Object(Illuminate/Routing/Route), Object(Illuminate/Http/Request))
#17 C:/Users/paulb/Documents/GitHub/Educom-Trainee-Dashboard/DashboardAPI/vendor/laravel/framework/src/Illuminate/Routing/Router.php(764): Illuminate/Routing/Router->runRoute(Object(Illuminate/Http/Request), Object(Illuminate/Routing/Route))
#18 C:/Users/paulb/Documents/GitHub/Educom-Trainee-Dashboard/DashboardAPI/vendor/laravel/framework/src/Illuminate/Routing/Router.php(753): Illuminate/Routing/Router->dispatchToRoute(Object(Illuminate/Http/Request))
#19 C:/Users/paulb/Documents/GitHub/Educom-Trainee-Dashboard/DashboardAPI/vendor/laravel/framework/src/Illuminate/Foundation/Http/Kernel.php(200): Illuminate/Routing/Router->dispatch(Object(Illuminate/Http/Request))
#20 C:/Users/paulb/Documents/GitHub/Educom-Trainee-Dashboard/DashboardAPI/vendor/laravel/framework/src/Illuminate/Pipeline/Pipeline.php(180): Illuminate/Foundation/Http/Kernel->{closure:Illuminate/Foundation/Http/Kernel::dispatchToRouter():197}(Object(Illuminate/Http/Request))
#21 C:/Users/paulb/Documents/GitHub/Educom-Trainee-Dashboard/DashboardAPI/vendor/laravel/framework/src/Illuminate/Foundation/Http/Middleware/TransformsRequest.php(21): Illuminate/Pipeline/Pipeline->{closure:Illuminate/Pipeline/Pipeline::prepareDestination():178}(Object(Illuminate/Http/Request))
#22 C:/Users/paulb/Documents/GitHub/Educom-Trainee-Dashboard/DashboardAPI/vendor/laravel/framework/src/Illuminate/Foundation/Http/Middleware/ConvertEmptyStringsToNull.php(31): Illuminate/Foundation/Http/Middleware/TransformsRequest->handle(Object(Illuminate/Http/Request), Object(Closure))
#23 C:/Users/paulb/Documents/GitHub/Educom-Trainee-Dashboard/DashboardAPI/vendor/laravel/framework/src/Illuminate/Pipeline/Pipeline.php(219): Illuminate/Foundation/Http/Middleware/ConvertEmptyStringsToNull->handle(Object(Illuminate/Http/Request), Object(Closure))
#24 C:/Users/paulb/Documents/GitHub/Educom-Trainee-Dashboard/DashboardAPI/vendor/laravel/framework/src/Illuminate/Foundation/Http/Middleware/TransformsRequest.php(21): Illuminate/Pipeline/Pipeline->{closure:{closure:Illuminate/Pipeline/Pipeline::carry():194}:195}(Object(Illuminate/Http/Request))
#25 C:/Users/paulb/Documents/GitHub/Educom-Trainee-Dashboard/DashboardAPI/vendor/laravel/framework/src/Illuminate/Foundation/Http/Middleware/TrimStrings.php(51): Illuminate/Foundation/Http/Middleware/TransformsRequest->handle(Object(Illuminate/Http/Request), Object(Closure))
#26 C:/Users/paulb/Documents/GitHub/Educom-Trainee-Dashboard/DashboardAPI/vendor/laravel/framework/src/Illuminate/Pipeline/Pipeline.php(219): Illuminate/Foundation/Http/Middleware/TrimStrings->handle(Object(Illuminate/Http/Request), Object(Closure))
#27 C:/Users/paulb/Documents/GitHub/Educom-Trainee-Dashboard/DashboardAPI/vendor/laravel/framework/src/Illuminate/Http/Middleware/ValidatePostSize.php(27): Illuminate/Pipeline/Pipeline->{closure:{closure:Illuminate/Pipeline/Pipeline::carry():194}:195}(Object(Illuminate/Http/Request))
#28 C:/Users/paulb/Documents/GitHub/Educom-Trainee-Dashboard/DashboardAPI/vendor/laravel/framework/src/Illuminate/Pipeline/Pipeline.php(219): Illuminate/Http/Middleware/ValidatePostSize->handle(Object(Illuminate/Http/Request), Object(Closure))
#29 C:/Users/paulb/Documents/GitHub/Educom-Trainee-Dashboard/DashboardAPI/vendor/laravel/framework/src/Illuminate/Foundation/Http/Middleware/PreventRequestsDuringMaintenance.php(109): Illuminate/Pipeline/Pipeline->{closure:{closure:Illuminate/Pipeline/Pipeline::carry():194}:195}(Object(Illuminate/Http/Request))
#30 C:/Users/paulb/Documents/GitHub/Educom-Trainee-Dashboard/DashboardAPI/vendor/laravel/framework/src/Illuminate/Pipeline/Pipeline.php(219): Illuminate/Foundation/Http/Middleware/PreventRequestsDuringMaintenance->handle(Object(Illuminate/Http/Request), Object(Closure))
#31 C:/Users/paulb/Documents/GitHub/Educom-Trainee-Dashboard/DashboardAPI/vendor/laravel/framework/src/Illuminate/Http/Middleware/HandleCors.php(74): Illuminate/Pipeline/Pipeline->{closure:{closure:Illuminate/Pipeline/Pipeline::carry():194}:195}(Object(Illuminate/Http/Request))
#32 C:/Users/paulb/Documents/GitHub/Educom-Trainee-Dashboard/DashboardAPI/vendor/laravel/framework/src/Illuminate/Pipeline/Pipeline.php(219): Illuminate/Http/Middleware/HandleCors->handle(Object(Illuminate/Http/Request), Object(Closure))
#33 C:/Users/paulb/Documents/GitHub/Educom-Trainee-Dashboard/DashboardAPI/vendor/laravel/framework/src/Illuminate/Http/Middleware/TrustProxies.php(58): Illuminate/Pipeline/Pipeline->{closure:{closure:Illuminate/Pipeline/Pipeline::carry():194}:195}(Object(Illuminate/Http/Request))
#34 C:/Users/paulb/Documents/GitHub/Educom-Trainee-Dashboard/DashboardAPI/vendor/laravel/framework/src/Illuminate/Pipeline/Pipeline.php(219): Illuminate/Http/Middleware/TrustProxies->handle(Object(Illuminate/Http/Request), Object(Closure))
#35 C:/Users/paulb/Documents/GitHub/Educom-Trainee-Dashboard/DashboardAPI/vendor/laravel/framework/src/Illuminate/Foundation/Http/Middleware/InvokeDeferredCallbacks.php(22): Illuminate/Pipeline/Pipeline->{closure:{closure:Illuminate/Pipeline/Pipeline::carry():194}:195}(Object(Illuminate/Http/Request))
#36 C:/Users/paulb/Documents/GitHub/Educom-Trainee-Dashboard/DashboardAPI/vendor/laravel/framework/src/Illuminate/Pipeline/Pipeline.php(219): Illuminate/Foundation/Http/Middleware/InvokeDeferredCallbacks->handle(Object(Illuminate/Http/Request), Object(Closure))
#37 C:/Users/paulb/Documents/GitHub/Educom-Trainee-Dashboard/DashboardAPI/vendor/laravel/framework/src/Illuminate/Http/Middleware/ValidatePathEncoding.php(28): Illuminate/Pipeline/Pipeline->{closure:{closure:Illuminate/Pipeline/Pipeline::carry():194}:195}(Object(Illuminate/Http/Request))
#38 C:/Users/paulb/Documents/GitHub/Educom-Trainee-Dashboard/DashboardAPI/vendor/laravel/framework/src/Illuminate/Pipeline/Pipeline.php(219): Illuminate/Http/Middleware/ValidatePathEncoding->handle(Object(Illuminate/Http/Request), Object(Closure))
#39 C:/Users/paulb/Documents/GitHub/Educom-Trainee-Dashboard/DashboardAPI/vendor/laravel/framework/src/Illuminate/Pipeline/Pipeline.php(137): Illuminate/Pipeline/Pipeline->{closure:{closure:Illuminate/Pipeline/Pipeline::carry():194}:195}(Object(Illuminate/Http/Request))
#40 C:/Users/paulb/Documents/GitHub/Educom-Trainee-Dashboard/DashboardAPI/vendor/laravel/framework/src/Illuminate/Foundation/Http/Kernel.php(175): Illuminate/Pipeline/Pipeline->then(Object(Closure))
#41 C:/Users/paulb/Documents/GitHub/Educom-Trainee-Dashboard/DashboardAPI/vendor/laravel/framework/src/Illuminate/Foundation/Http/Kernel.php(144): Illuminate/Foundation/Http/Kernel->sendRequestThroughRouter(Object(Illuminate/Http/Request))
#42 C:/Users/paulb/Documents/GitHub/Educom-Trainee-Dashboard/DashboardAPI/vendor/laravel/framework/src/Illuminate/Foundation/Testing/Concerns/MakesHttpRequests.php(607): Illuminate/Foundation/Http/Kernel->handle(Object(Illuminate/Http/Request))
#43 C:/Users/paulb/Documents/GitHub/Educom-Trainee-Dashboard/DashboardAPI/vendor/laravel/framework/src/Illuminate/Foundation/Testing/Concerns/MakesHttpRequests.php(368): Illuminate/Foundation/Testing/TestCase->call('GET', '/api/ai/', Array, Array, Array, Array)
#44 C:/Users/paulb/Documents/GitHub/Educom-Trainee-Dashboard/DashboardAPI/tests/Feature/UsageTest.php(4): Illuminate/Foundation/Testing/TestCase->get('/api/ai/')
#45 C:/Users/paulb/Documents/GitHub/Educom-Trainee-Dashboard/DashboardAPI/vendor/pestphp/pest/src/Factories/TestCaseMethodFactory.php(177): P/Tests/Feature/UsageTest->{closure:C:/Users/paulb/Documents/GitHub/Educom-Trainee-Dashboard/DashboardAPI/tests/Feature/UsageTest.php:3}()
#46 [internal function]: P/Tests/Feature/UsageTest->{closure:Pest/Factories/TestCaseMethodFactory::getClosure():167}()
#47 C:/Users/paulb/Documents/GitHub/Educom-Trainee-Dashboard/DashboardAPI/vendor/pestphp/pest/src/Concerns/Testable.php(581): call_user_func_array(Object(Closure), Array)
#48 C:/Users/paulb/Documents/GitHub/Educom-Trainee-Dashboard/DashboardAPI/vendor/pestphp/pest/src/Support/ExceptionTrace.php(26): P/Tests/Feature/UsageTest->{closure:Pest/Concerns/Testable::__callClosure():581}()
#49 C:/Users/paulb/Documents/GitHub/Educom-Trainee-Dashboard/DashboardAPI/vendor/pestphp/pest/src/Concerns/Testable.php(581): Pest/Support/ExceptionTrace::ensure(Object(Closure))
#50 C:/Users/paulb/Documents/GitHub/Educom-Trainee-Dashboard/DashboardAPI/vendor/pestphp/pest/src/Concerns/Testable.php(403): P/Tests/Feature/UsageTest->__callClosure(Object(Closure), Array)
#51 C:/Users/paulb/Documents/GitHub/Educom-Trainee-Dashboard/DashboardAPI/vendor/pestphp/pest/src/Factories/TestCaseFactory.php(175) : eval()'d code(17): P/Tests/Feature/UsageTest->__runTest(Object(Closure))
#52 C:/Users/paulb/Documents/GitHub/Educom-Trainee-Dashboard/DashboardAPI/vendor/phpunit/phpunit/src/Framework/TestCase.php(1318): P/Tests/Feature/UsageTest->__pest_evaluable_example()
#53 C:/Users/paulb/Documents/GitHub/Educom-Trainee-Dashboard/DashboardAPI/vendor/phpunit/phpunit/src/Framework/TestCase.php(1355): PHPUnit/Framework/TestCase->invokeTestMethod('__pest_evaluabl...', Array)
#54 C:/Users/paulb/Documents/GitHub/Educom-Trainee-Dashboard/DashboardAPI/vendor/phpunit/phpunit/src/Framework/TestCase.php(521): PHPUnit/Framework/TestCase->runTest()
#55 C:/Users/paulb/Documents/GitHub/Educom-Trainee-Dashboard/DashboardAPI/vendor/phpunit/phpunit/src/Framework/TestRunner/TestRunner.php(99): PHPUnit/Framework/TestCase->runBare()
#56 C:/Users/paulb/Documents/GitHub/Educom-Trainee-Dashboard/DashboardAPI/vendor/phpunit/phpunit/src/Framework/TestCase.php(361): PHPUnit/Framework/TestRunner->run(Object(P/Tests/Feature/UsageTest))
#57 C:/Users/paulb/Documents/GitHub/Educom-Trainee-Dashboard/DashboardAPI/vendor/phpunit/phpunit/src/Framework/TestSuite.php(374): PHPUnit/Framework/TestCase->run()
#58 C:/Users/paulb/Documents/GitHub/Educom-Trainee-Dashboard/DashboardAPI/vendor/phpunit/phpunit/src/Framework/TestSuite.php(374): PHPUnit/Framework/TestSuite->run()
#59 C:/Users/paulb/Documents/GitHub/Educom-Trainee-Dashboard/DashboardAPI/vendor/phpunit/phpunit/src/Framework/TestSuite.php(374): PHPUnit/Framework/TestSuite->run()
#60 C:/Users/paulb/Documents/GitHub/Educom-Trainee-Dashboard/DashboardAPI/vendor/phpunit/phpunit/src/TextUI/TestRunner.php(64): PHPUnit/Framework/TestSuite->run()
#61 C:/Users/paulb/Documents/GitHub/Educom-Trainee-Dashboard/DashboardAPI/vendor/phpunit/phpunit/src/TextUI/Application.php(229): PHPUnit/TextUI/TestRunner->run(Object(PHPUnit/TextUI/Configuration/Configuration), Object(PHPUnit/Runner/ResultCache/DefaultResultCache), Object(PHPUnit/Framework/TestSuite))
#62 C:/Users/paulb/Documents/GitHub/Educom-Trainee-Dashboard/DashboardAPI/vendor/pestphp/pest/src/Kernel.php(117): PHPUnit/TextUI/Application->run(Array)
#63 C:/Users/paulb/Documents/GitHub/Educom-Trainee-Dashboard/DashboardAPI/vendor/pestphp/pest/bin/pest(207): Pest/Kernel->handle(Array, Array)
#64 C:/Users/paulb/Documents/GitHub/Educom-Trainee-Dashboard/DashboardAPI/vendor/pestphp/pest/bin/pest(215): {closure:C:/Users/paulb/Documents/GitHub/Educom-Trainee-Dashboard/DashboardAPI/vendor/pestphp/pest/bin/pest:21}()
#65 {main}

[previous exception] [object] (PDOException(code: 0): could not find driver at C:/Users/paulb/Documents/GitHub/Educom-Trainee-Dashboard/DashboardAPI/vendor/laravel/framework/src/Illuminate/Database/Connectors/Connector.php:67)
[stacktrace]
#0 C:/Users/paulb/Documents/GitHub/Educom-Trainee-Dashboard/DashboardAPI/vendor/laravel/framework/src/Illuminate/Database/Connectors/Connector.php(67): PDO::connect('sqlite::memory:', NULL, Object(SensitiveParameterValue), Array)
#1 C:/Users/paulb/Documents/GitHub/Educom-Trainee-Dashboard/DashboardAPI/vendor/laravel/framework/src/Illuminate/Database/Connectors/Connector.php(44): Illuminate/Database/Connectors/Connector->createPdoConnection('sqlite::memory:', NULL, Object(SensitiveParameterValue), Array)
#2 C:/Users/paulb/Documents/GitHub/Educom-Trainee-Dashboard/DashboardAPI/vendor/laravel/framework/src/Illuminate/Database/Connectors/SQLiteConnector.php(21): Illuminate/Database/Connectors/Connector->createConnection('sqlite::memory:', Array, Array)
#3 C:/Users/paulb/Documents/GitHub/Educom-Trainee-Dashboard/DashboardAPI/vendor/laravel/framework/src/Illuminate/Database/Connectors/ConnectionFactory.php(259): Illuminate/Database/Connectors/SQLiteConnector->connect(Array)
#4 [internal function]: Illuminate/Database/Connectors/ConnectionFactory->{closure:Illuminate/Database/Connectors/ConnectionFactory::createPdoResolverWithoutHosts():259}()
#5 C:/Users/paulb/Documents/GitHub/Educom-Trainee-Dashboard/DashboardAPI/vendor/laravel/framework/src/Illuminate/Database/Connection.php(1297): call_user_func(Object(Closure))
#6 C:/Users/paulb/Documents/GitHub/Educom-Trainee-Dashboard/DashboardAPI/vendor/laravel/framework/src/Illuminate/Database/Connection.php(1335): Illuminate/Database/Connection->getPdo()
#7 C:/Users/paulb/Documents/GitHub/Educom-Trainee-Dashboard/DashboardAPI/vendor/laravel/framework/src/Illuminate/Database/Connection.php(542): Illuminate/Database/Connection->getReadPdo()
#8 C:/Users/paulb/Documents/GitHub/Educom-Trainee-Dashboard/DashboardAPI/vendor/laravel/framework/src/Illuminate/Database/Connection.php(435): Illuminate/Database/Connection->getPdoForSelect(true)
#9 C:/Users/paulb/Documents/GitHub/Educom-Trainee-Dashboard/DashboardAPI/vendor/laravel/framework/src/Illuminate/Database/Connection.php(846): Illuminate/Database/Connection->{closure:Illuminate/Database/Connection::select():426}('select * from \"...', Array)
#10 C:/Users/paulb/Documents/GitHub/Educom-Trainee-Dashboard/DashboardAPI/vendor/laravel/framework/src/Illuminate/Database/Connection.php(813): Illuminate/Database/Connection->runQueryCallback('select * from \"...', Array, Object(Closure))
#11 C:/Users/paulb/Documents/GitHub/Educom-Trainee-Dashboard/DashboardAPI/vendor/laravel/framework/src/Illuminate/Database/Connection.php(426): Illuminate/Database/Connection->run('select * from \"...', Array, Object(Closure))
#12 C:/Users/paulb/Documents/GitHub/Educom-Trainee-Dashboard/DashboardAPI/vendor/laravel/framework/src/Illuminate/Database/Query/Builder.php(3573): Illuminate/Database/Connection->select('select * from \"...', Array, true, Array)
#13 C:/Users/paulb/Documents/GitHub/Educom-Trainee-Dashboard/DashboardAPI/vendor/laravel/framework/src/Illuminate/Database/Query/Builder.php(3557): Illuminate/Database/Query/Builder->runSelect()
#14 C:/Users/paulb/Documents/GitHub/Educom-Trainee-Dashboard/DashboardAPI/vendor/laravel/framework/src/Illuminate/Database/Eloquent/Builder.php(908): Illuminate/Database/Query/Builder->get(Array)
#15 C:/Users/paulb/Documents/GitHub/Educom-Trainee-Dashboard/DashboardAPI/vendor/laravel/framework/src/Illuminate/Database/Eloquent/Builder.php(890): Illuminate/Database/Eloquent/Builder->getModels(Array)
#16 C:/Users/paulb/Documents/GitHub/Educom-Trainee-Dashboard/DashboardAPI/app/Http/Controllers/UsageController.php(81): Illuminate/Database/Eloquent/Builder->get()
#17 C:/Users/paulb/Documents/GitHub/Educom-Trainee-Dashboard/DashboardAPI/vendor/laravel/framework/src/Illuminate/Routing/ControllerDispatcher.php(46): App/Http/Controllers/UsageController->getUsage()
#18 C:/Users/paulb/Documents/GitHub/Educom-Trainee-Dashboard/DashboardAPI/vendor/laravel/framework/src/Illuminate/Routing/Route.php(275): Illuminate/Routing/ControllerDispatcher->dispatch(Object(Illuminate/Routing/Route), Object(App/Http/Controllers/UsageController), 'getUsage')
#19 C:/Users/paulb/Documents/GitHub/Educom-Trainee-Dashboard/DashboardAPI/vendor/laravel/framework/src/Illuminate/Routing/Route.php(215): Illuminate/Routing/Route->runController()
#20 C:/Users/paulb/Documents/GitHub/Educom-Trainee-Dashboard/DashboardAPI/vendor/laravel/framework/src/Illuminate/Routing/Router.php(822): Illuminate/Routing/Route->run()
#21 C:/Users/paulb/Documents/GitHub/Educom-Trainee-Dashboard/DashboardAPI/vendor/laravel/framework/src/Illuminate/Pipeline/Pipeline.php(180): Illuminate/Routing/Router->{closure:Illuminate/Routing/Router::runRouteWithinStack():821}(Object(Illuminate/Http/Request))
#22 C:/Users/paulb/Documents/GitHub/Educom-Trainee-Dashboard/DashboardAPI/vendor/laravel/framework/src/Illuminate/Routing/Middleware/SubstituteBindings.php(52): Illuminate/Pipeline/Pipeline->{closure:Illuminate/Pipeline/Pipeline::prepareDestination():178}(Object(Illuminate/Http/Request))
#23 C:/Users/paulb/Documents/GitHub/Educom-Trainee-Dashboard/DashboardAPI/vendor/laravel/framework/src/Illuminate/Pipeline/Pipeline.php(219): Illuminate/Routing/Middleware/SubstituteBindings->handle(Object(Illuminate/Http/Request), Object(Closure))
#24 C:/Users/paulb/Documents/GitHub/Educom-Trainee-Dashboard/DashboardAPI/vendor/laravel/framework/src/Illuminate/Pipeline/Pipeline.php(137): Illuminate/Pipeline/Pipeline->{closure:{closure:Illuminate/Pipeline/Pipeline::carry():194}:195}(Object(Illuminate/Http/Request))
#25 C:/Users/paulb/Documents/GitHub/Educom-Trainee-Dashboard/DashboardAPI/vendor/laravel/framework/src/Illuminate/Routing/Router.php(821): Illuminate/Pipeline/Pipeline->then(Object(Closure))
#26 C:/Users/paulb/Documents/GitHub/Educom-Trainee-Dashboard/DashboardAPI/vendor/laravel/framework/src/Illuminate/Routing/Router.php(800): Illuminate/Routing/Router->runRouteWithinStack(Object(Illuminate/Routing/Route), Object(Illuminate/Http/Request))
#27 C:/Users/paulb/Documents/GitHub/Educom-Trainee-Dashboard/DashboardAPI/vendor/laravel/framework/src/Illuminate/Routing/Router.php(764): Illuminate/Routing/Router->runRoute(Object(Illuminate/Http/Request), Object(Illuminate/Routing/Route))
#28 C:/Users/paulb/Documents/GitHub/Educom-Trainee-Dashboard/DashboardAPI/vendor/laravel/framework/src/Illuminate/Routing/Router.php(753): Illuminate/Routing/Router->dispatchToRoute(Object(Illuminate/Http/Request))
#29 C:/Users/paulb/Documents/GitHub/Educom-Trainee-Dashboard/DashboardAPI/vendor/laravel/framework/src/Illuminate/Foundation/Http/Kernel.php(200): Illuminate/Routing/Router->dispatch(Object(Illuminate/Http/Request))
#30 C:/Users/paulb/Documents/GitHub/Educom-Trainee-Dashboard/DashboardAPI/vendor/laravel/framework/src/Illuminate/Pipeline/Pipeline.php(180): Illuminate/Foundation/Http/Kernel->{closure:Illuminate/Foundation/Http/Kernel::dispatchToRouter():197}(Object(Illuminate/Http/Request))
#31 C:/Users/paulb/Documents/GitHub/Educom-Trainee-Dashboard/DashboardAPI/vendor/laravel/framework/src/Illuminate/Foundation/Http/Middleware/TransformsRequest.php(21): Illuminate/Pipeline/Pipeline->{closure:Illuminate/Pipeline/Pipeline::prepareDestination():178}(Object(Illuminate/Http/Request))
#32 C:/Users/paulb/Documents/GitHub/Educom-Trainee-Dashboard/DashboardAPI/vendor/laravel/framework/src/Illuminate/Foundation/Http/Middleware/ConvertEmptyStringsToNull.php(31): Illuminate/Foundation/Http/Middleware/TransformsRequest->handle(Object(Illuminate/Http/Request), Object(Closure))
#33 C:/Users/paulb/Documents/GitHub/Educom-Trainee-Dashboard/DashboardAPI/vendor/laravel/framework/src/Illuminate/Pipeline/Pipeline.php(219): Illuminate/Foundation/Http/Middleware/ConvertEmptyStringsToNull->handle(Object(Illuminate/Http/Request), Object(Closure))
#34 C:/Users/paulb/Documents/GitHub/Educom-Trainee-Dashboard/DashboardAPI/vendor/laravel/framework/src/Illuminate/Foundation/Http/Middleware/TransformsRequest.php(21): Illuminate/Pipeline/Pipeline->{closure:{closure:Illuminate/Pipeline/Pipeline::carry():194}:195}(Object(Illuminate/Http/Request))
#35 C:/Users/paulb/Documents/GitHub/Educom-Trainee-Dashboard/DashboardAPI/vendor/laravel/framework/src/Illuminate/Foundation/Http/Middleware/TrimStrings.php(51): Illuminate/Foundation/Http/Middleware/TransformsRequest->handle(Object(Illuminate/Http/Request), Object(Closure))
#36 C:/Users/paulb/Documents/GitHub/Educom-Trainee-Dashboard/DashboardAPI/vendor/laravel/framework/src/Illuminate/Pipeline/Pipeline.php(219): Illuminate/Foundation/Http/Middleware/TrimStrings->handle(Object(Illuminate/Http/Request), Object(Closure))
#37 C:/Users/paulb/Documents/GitHub/Educom-Trainee-Dashboard/DashboardAPI/vendor/laravel/framework/src/Illuminate/Http/Middleware/ValidatePostSize.php(27): Illuminate/Pipeline/Pipeline->{closure:{closure:Illuminate/Pipeline/Pipeline::carry():194}:195}(Object(Illuminate/Http/Request))
#38 C:/Users/paulb/Documents/GitHub/Educom-Trainee-Dashboard/DashboardAPI/vendor/laravel/framework/src/Illuminate/Pipeline/Pipeline.php(219): Illuminate/Http/Middleware/ValidatePostSize->handle(Object(Illuminate/Http/Request), Object(Closure))
#39 C:/Users/paulb/Documents/GitHub/Educom-Trainee-Dashboard/DashboardAPI/vendor/laravel/framework/src/Illuminate/Foundation/Http/Middleware/PreventRequestsDuringMaintenance.php(109): Illuminate/Pipeline/Pipeline->{closure:{closure:Illuminate/Pipeline/Pipeline::carry():194}:195}(Object(Illuminate/Http/Request))
#40 C:/Users/paulb/Documents/GitHub/Educom-Trainee-Dashboard/DashboardAPI/vendor/laravel/framework/src/Illuminate/Pipeline/Pipeline.php(219): Illuminate/Foundation/Http/Middleware/PreventRequestsDuringMaintenance->handle(Object(Illuminate/Http/Request), Object(Closure))
#41 C:/Users/paulb/Documents/GitHub/Educom-Trainee-Dashboard/DashboardAPI/vendor/laravel/framework/src/Illuminate/Http/Middleware/HandleCors.php(74): Illuminate/Pipeline/Pipeline->{closure:{closure:Illuminate/Pipeline/Pipeline::carry():194}:195}(Object(Illuminate/Http/Request))
#42 C:/Users/paulb/Documents/GitHub/Educom-Trainee-Dashboard/DashboardAPI/vendor/laravel/framework/src/Illuminate/Pipeline/Pipeline.php(219): Illuminate/Http/Middleware/HandleCors->handle(Object(Illuminate/Http/Request), Object(Closure))
#43 C:/Users/paulb/Documents/GitHub/Educom-Trainee-Dashboard/DashboardAPI/vendor/laravel/framework/src/Illuminate/Http/Middleware/TrustProxies.php(58): Illuminate/Pipeline/Pipeline->{closure:{closure:Illuminate/Pipeline/Pipeline::carry():194}:195}(Object(Illuminate/Http/Request))
#44 C:/Users/paulb/Documents/GitHub/Educom-Trainee-Dashboard/DashboardAPI/vendor/laravel/framework/src/Illuminate/Pipeline/Pipeline.php(219): Illuminate/Http/Middleware/TrustProxies->handle(Object(Illuminate/Http/Request), Object(Closure))
#45 C:/Users/paulb/Documents/GitHub/Educom-Trainee-Dashboard/DashboardAPI/vendor/laravel/framework/src/Illuminate/Foundation/Http/Middleware/InvokeDeferredCallbacks.php(22): Illuminate/Pipeline/Pipeline->{closure:{closure:Illuminate/Pipeline/Pipeline::carry():194}:195}(Object(Illuminate/Http/Request))
#46 C:/Users/paulb/Documents/GitHub/Educom-Trainee-Dashboard/DashboardAPI/vendor/laravel/framework/src/Illuminate/Pipeline/Pipeline.php(219): Illuminate/Foundation/Http/Middleware/InvokeDeferredCallbacks->handle(Object(Illuminate/Http/Request), Object(Closure))
#47 C:/Users/paulb/Documents/GitHub/Educom-Trainee-Dashboard/DashboardAPI/vendor/laravel/framework/src/Illuminate/Http/Middleware/ValidatePathEncoding.php(28): Illuminate/Pipeline/Pipeline->{closure:{closure:Illuminate/Pipeline/Pipeline::carry():194}:195}(Object(Illuminate/Http/Request))
#48 C:/Users/paulb/Documents/GitHub/Educom-Trainee-Dashboard/DashboardAPI/vendor/laravel/framework/src/Illuminate/Pipeline/Pipeline.php(219): Illuminate/Http/Middleware/ValidatePathEncoding->handle(Object(Illuminate/Http/Request), Object(Closure))
#49 C:/Users/paulb/Documents/GitHub/Educom-Trainee-Dashboard/DashboardAPI/vendor/laravel/framework/src/Illuminate/Pipeline/Pipeline.php(137): Illuminate/Pipeline/Pipeline->{closure:{closure:Illuminate/Pipeline/Pipeline::carry():194}:195}(Object(Illuminate/Http/Request))
#50 C:/Users/paulb/Documents/GitHub/Educom-Trainee-Dashboard/DashboardAPI/vendor/laravel/framework/src/Illuminate/Foundation/Http/Kernel.php(175): Illuminate/Pipeline/Pipeline->then(Object(Closure))
#51 C:/Users/paulb/Documents/GitHub/Educom-Trainee-Dashboard/DashboardAPI/vendor/laravel/framework/src/Illuminate/Foundation/Http/Kernel.php(144): Illuminate/Foundation/Http/Kernel->sendRequestThroughRouter(Object(Illuminate/Http/Request))
#52 C:/Users/paulb/Documents/GitHub/Educom-Trainee-Dashboard/DashboardAPI/vendor/laravel/framework/src/Illuminate/Foundation/Testing/Concerns/MakesHttpRequests.php(607): Illuminate/Foundation/Http/Kernel->handle(Object(Illuminate/Http/Request))
#53 C:/Users/paulb/Documents/GitHub/Educom-Trainee-Dashboard/DashboardAPI/vendor/laravel/framework/src/Illuminate/Foundation/Testing/Concerns/MakesHttpRequests.php(368): Illuminate/Foundation/Testing/TestCase->call('GET', '/api/ai/', Array, Array, Array, Array)
#54 C:/Users/paulb/Documents/GitHub/Educom-Trainee-Dashboard/DashboardAPI/tests/Feature/UsageTest.php(4): Illuminate/Foundation/Testing/TestCase->get('/api/ai/')
#55 C:/Users/paulb/Documents/GitHub/Educom-Trainee-Dashboard/DashboardAPI/vendor/pestphp/pest/src/Factories/TestCaseMethodFactory.php(177): P/Tests/Feature/UsageTest->{closure:C:/Users/paulb/Documents/GitHub/Educom-Trainee-Dashboard/DashboardAPI/tests/Feature/UsageTest.php:3}()
#56 [internal function]: P/Tests/Feature/UsageTest->{closure:Pest/Factories/TestCaseMethodFactory::getClosure():167}()
#57 C:/Users/paulb/Documents/GitHub/Educom-Trainee-Dashboard/DashboardAPI/vendor/pestphp/pest/src/Concerns/Testable.php(581): call_user_func_array(Object(Closure), Array)
#58 C:/Users/paulb/Documents/GitHub/Educom-Trainee-Dashboard/DashboardAPI/vendor/pestphp/pest/src/Support/ExceptionTrace.php(26): P/Tests/Feature/UsageTest->{closure:Pest/Concerns/Testable::__callClosure():581}()
#59 C:/Users/paulb/Documents/GitHub/Educom-Trainee-Dashboard/DashboardAPI/vendor/pestphp/pest/src/Concerns/Testable.php(581): Pest/Support/ExceptionTrace::ensure(Object(Closure))
#60 C:/Users/paulb/Documents/GitHub/Educom-Trainee-Dashboard/DashboardAPI/vendor/pestphp/pest/src/Concerns/Testable.php(403): P/Tests/Feature/UsageTest->__callClosure(Object(Closure), Array)
#61 C:/Users/paulb/Documents/GitHub/Educom-Trainee-Dashboard/DashboardAPI/vendor/pestphp/pest/src/Factories/TestCaseFactory.php(175) : eval()'d code(17): P/Tests/Feature/UsageTest->__runTest(Object(Closure))
#62 C:/Users/paulb/Documents/GitHub/Educom-Trainee-Dashboard/DashboardAPI/vendor/phpunit/phpunit/src/Framework/TestCase.php(1318): P/Tests/Feature/UsageTest->__pest_evaluable_example()
#63 C:/Users/paulb/Documents/GitHub/Educom-Trainee-Dashboard/DashboardAPI/vendor/phpunit/phpunit/src/Framework/TestCase.php(1355): PHPUnit/Framework/TestCase->invokeTestMethod('__pest_evaluabl...', Array)
#64 C:/Users/paulb/Documents/GitHub/Educom-Trainee-Dashboard/DashboardAPI/vendor/phpunit/phpunit/src/Framework/TestCase.php(521): PHPUnit/Framework/TestCase->runTest()
#65 C:/Users/paulb/Documents/GitHub/Educom-Trainee-Dashboard/DashboardAPI/vendor/phpunit/phpunit/src/Framework/TestRunner/TestRunner.php(99): PHPUnit/Framework/TestCase->runBare()
#66 C:/Users/paulb/Documents/GitHub/Educom-Trainee-Dashboard/DashboardAPI/vendor/phpunit/phpunit/src/Framework/TestCase.php(361): PHPUnit/Framework/TestRunner->run(Object(P/Tests/Feature/UsageTest))
#67 C:/Users/paulb/Documents/GitHub/Educom-Trainee-Dashboard/DashboardAPI/vendor/phpunit/phpunit/src/Framework/TestSuite.php(374): PHPUnit/Framework/TestCase->run()
#68 C:/Users/paulb/Documents/GitHub/Educom-Trainee-Dashboard/DashboardAPI/vendor/phpunit/phpunit/src/Framework/TestSuite.php(374): PHPUnit/Framework/TestSuite->run()
#69 C:/Users/paulb/Documents/GitHub/Educom-Trainee-Dashboard/DashboardAPI/vendor/phpunit/phpunit/src/Framework/TestSuite.php(374): PHPUnit/Framework/TestSuite->run()
#70 C:/Users/paulb/Documents/GitHub/Educom-Trainee-Dashboard/DashboardAPI/vendor/phpunit/phpunit/src/TextUI/TestRunner.php(64): PHPUnit/Framework/TestSuite->run()
#71 C:/Users/paulb/Documents/GitHub/Educom-Trainee-Dashboard/DashboardAPI/vendor/phpunit/phpunit/src/TextUI/Application.php(229): PHPUnit/TextUI/TestRunner->run(Object(PHPUnit/TextUI/Configuration/Configuration), Object(PHPUnit/Runner/ResultCache/DefaultResultCache), Object(PHPUnit/Framework/TestSuite))
#72 C:/Users/paulb/Documents/GitHub/Educom-Trainee-Dashboard/DashboardAPI/vendor/pestphp/pest/src/Kernel.php(117): PHPUnit/TextUI/Application->run(Array)
#73 C:/Users/paulb/Documents/GitHub/Educom-Trainee-Dashboard/DashboardAPI/vendor/pestphp/pest/bin/pest(207): Pest/Kernel->handle(Array, Array)
#74 C:/Users/paulb/Documents/GitHub/Educom-Trainee-Dashboard/DashboardAPI/vendor/pestphp/pest/bin/pest(215): {closure:C:/Users/paulb/Documents/GitHub/Educom-Trainee-Dashboard/DashboardAPI/vendor/pestphp/pest/bin/pest:21}()
#75 {main}
"} 
[2026-07-20 09:35:47] testing.ERROR: could not find driver (Connection: sqlite, Database: :memory:, SQL: select * from "AiUsage" order by "created_at" desc) {"exception":"[object] (Illuminate\\Database\\QueryException(code: 0): could not find driver (Connection: sqlite, Database: :memory:, SQL: select * from \"AiUsage\" order by \"created_at\" desc) at C:/Users/paulb/Documents/GitHub/Educom-Trainee-Dashboard/DashboardAPI/vendor/laravel/framework/src/Illuminate/Database/Connection.php:857)
[stacktrace]
#0 C:/Users/paulb/Documents/GitHub/Educom-Trainee-Dashboard/DashboardAPI/vendor/laravel/framework/src/Illuminate/Database/Connection.php(813): Illuminate/Database/Connection->runQueryCallback('select * from \"...', Array, Object(Closure))
#1 C:/Users/paulb/Documents/GitHub/Educom-Trainee-Dashboard/DashboardAPI/vendor/laravel/framework/src/Illuminate/Database/Connection.php(426): Illuminate/Database/Connection->run('select * from \"...', Array, Object(Closure))
#2 C:/Users/paulb/Documents/GitHub/Educom-Trainee-Dashboard/DashboardAPI/vendor/laravel/framework/src/Illuminate/Database/Query/Builder.php(3573): Illuminate/Database/Connection->select('select * from \"...', Array, true, Array)
#3 C:/Users/paulb/Documents/GitHub/Educom-Trainee-Dashboard/DashboardAPI/vendor/laravel/framework/src/Illuminate/Database/Query/Builder.php(3557): Illuminate/Database/Query/Builder->runSelect()
#4 C:/Users/paulb/Documents/GitHub/Educom-Trainee-Dashboard/DashboardAPI/vendor/laravel/framework/src/Illuminate/Database/Eloquent/Builder.php(908): Illuminate/Database/Query/Builder->get(Array)
#5 C:/Users/paulb/Documents/GitHub/Educom-Trainee-Dashboard/DashboardAPI/vendor/laravel/framework/src/Illuminate/Database/Eloquent/Builder.php(890): Illuminate/Database/Eloquent/Builder->getModels(Array)
#6 C:/Users/paulb/Documents/GitHub/Educom-Trainee-Dashboard/DashboardAPI/app/Http/Controllers/UsageController.php(81): Illuminate/Database/Eloquent/Builder->get()
#7 C:/Users/paulb/Documents/GitHub/Educom-Trainee-Dashboard/DashboardAPI/vendor/laravel/framework/src/Illuminate/Routing/ControllerDispatcher.php(46): App/Http/Controllers/UsageController->getUsage()
#8 C:/Users/paulb/Documents/GitHub/Educom-Trainee-Dashboard/DashboardAPI/vendor/laravel/framework/src/Illuminate/Routing/Route.php(275): Illuminate/Routing/ControllerDispatcher->dispatch(Object(Illuminate/Routing/Route), Object(App/Http/Controllers/UsageController), 'getUsage')
#9 C:/Users/paulb/Documents/GitHub/Educom-Trainee-Dashboard/DashboardAPI/vendor/laravel/framework/src/Illuminate/Routing/Route.php(215): Illuminate/Routing/Route->runController()
#10 C:/Users/paulb/Documents/GitHub/Educom-Trainee-Dashboard/DashboardAPI/vendor/laravel/framework/src/Illuminate/Routing/Router.php(822): Illuminate/Routing/Route->run()
#11 C:/Users/paulb/Documents/GitHub/Educom-Trainee-Dashboard/DashboardAPI/vendor/laravel/framework/src/Illuminate/Pipeline/Pipeline.php(180): Illuminate/Routing/Router->{closure:Illuminate/Routing/Router::runRouteWithinStack():821}(Object(Illuminate/Http/Request))
#12 C:/Users/paulb/Documents/GitHub/Educom-Trainee-Dashboard/DashboardAPI/vendor/laravel/framework/src/Illuminate/Routing/Middleware/SubstituteBindings.php(52): Illuminate/Pipeline/Pipeline->{closure:Illuminate/Pipeline/Pipeline::prepareDestination():178}(Object(Illuminate/Http/Request))
#13 C:/Users/paulb/Documents/GitHub/Educom-Trainee-Dashboard/DashboardAPI/vendor/laravel/framework/src/Illuminate/Pipeline/Pipeline.php(219): Illuminate/Routing/Middleware/SubstituteBindings->handle(Object(Illuminate/Http/Request), Object(Closure))
#14 C:/Users/paulb/Documents/GitHub/Educom-Trainee-Dashboard/DashboardAPI/vendor/laravel/framework/src/Illuminate/Pipeline/Pipeline.php(137): Illuminate/Pipeline/Pipeline->{closure:{closure:Illuminate/Pipeline/Pipeline::carry():194}:195}(Object(Illuminate/Http/Request))
#15 C:/Users/paulb/Documents/GitHub/Educom-Trainee-Dashboard/DashboardAPI/vendor/laravel/framework/src/Illuminate/Routing/Router.php(821): Illuminate/Pipeline/Pipeline->then(Object(Closure))
#16 C:/Users/paulb/Documents/GitHub/Educom-Trainee-Dashboard/DashboardAPI/vendor/laravel/framework/src/Illuminate/Routing/Router.php(800): Illuminate/Routing/Router->runRouteWithinStack(Object(Illuminate/Routing/Route), Object(Illuminate/Http/Request))
#17 C:/Users/paulb/Documents/GitHub/Educom-Trainee-Dashboard/DashboardAPI/vendor/laravel/framework/src/Illuminate/Routing/Router.php(764): Illuminate/Routing/Router->runRoute(Object(Illuminate/Http/Request), Object(Illuminate/Routing/Route))
#18 C:/Users/paulb/Documents/GitHub/Educom-Trainee-Dashboard/DashboardAPI/vendor/laravel/framework/src/Illuminate/Routing/Router.php(753): Illuminate/Routing/Router->dispatchToRoute(Object(Illuminate/Http/Request))
#19 C:/Users/paulb/Documents/GitHub/Educom-Trainee-Dashboard/DashboardAPI/vendor/laravel/framework/src/Illuminate/Foundation/Http/Kernel.php(200): Illuminate/Routing/Router->dispatch(Object(Illuminate/Http/Request))
#20 C:/Users/paulb/Documents/GitHub/Educom-Trainee-Dashboard/DashboardAPI/vendor/laravel/framework/src/Illuminate/Pipeline/Pipeline.php(180): Illuminate/Foundation/Http/Kernel->{closure:Illuminate/Foundation/Http/Kernel::dispatchToRouter():197}(Object(Illuminate/Http/Request))
#21 C:/Users/paulb/Documents/GitHub/Educom-Trainee-Dashboard/DashboardAPI/vendor/laravel/framework/src/Illuminate/Foundation/Http/Middleware/TransformsRequest.php(21): Illuminate/Pipeline/Pipeline->{closure:Illuminate/Pipeline/Pipeline::prepareDestination():178}(Object(Illuminate/Http/Request))
#22 C:/Users/paulb/Documents/GitHub/Educom-Trainee-Dashboard/DashboardAPI/vendor/laravel/framework/src/Illuminate/Foundation/Http/Middleware/ConvertEmptyStringsToNull.php(31): Illuminate/Foundation/Http/Middleware/TransformsRequest->handle(Object(Illuminate/Http/Request), Object(Closure))
#23 C:/Users/paulb/Documents/GitHub/Educom-Trainee-Dashboard/DashboardAPI/vendor/laravel/framework/src/Illuminate/Pipeline/Pipeline.php(219): Illuminate/Foundation/Http/Middleware/ConvertEmptyStringsToNull->handle(Object(Illuminate/Http/Request), Object(Closure))
#24 C:/Users/paulb/Documents/GitHub/Educom-Trainee-Dashboard/DashboardAPI/vendor/laravel/framework/src/Illuminate/Foundation/Http/Middleware/TransformsRequest.php(21): Illuminate/Pipeline/Pipeline->{closure:{closure:Illuminate/Pipeline/Pipeline::carry():194}:195}(Object(Illuminate/Http/Request))
#25 C:/Users/paulb/Documents/GitHub/Educom-Trainee-Dashboard/DashboardAPI/vendor/laravel/framework/src/Illuminate/Foundation/Http/Middleware/TrimStrings.php(51): Illuminate/Foundation/Http/Middleware/TransformsRequest->handle(Object(Illuminate/Http/Request), Object(Closure))
#26 C:/Users/paulb/Documents/GitHub/Educom-Trainee-Dashboard/DashboardAPI/vendor/laravel/framework/src/Illuminate/Pipeline/Pipeline.php(219): Illuminate/Foundation/Http/Middleware/TrimStrings->handle(Object(Illuminate/Http/Request), Object(Closure))
#27 C:/Users/paulb/Documents/GitHub/Educom-Trainee-Dashboard/DashboardAPI/vendor/laravel/framework/src/Illuminate/Http/Middleware/ValidatePostSize.php(27): Illuminate/Pipeline/Pipeline->{closure:{closure:Illuminate/Pipeline/Pipeline::carry():194}:195}(Object(Illuminate/Http/Request))
#28 C:/Users/paulb/Documents/GitHub/Educom-Trainee-Dashboard/DashboardAPI/vendor/laravel/framework/src/Illuminate/Pipeline/Pipeline.php(219): Illuminate/Http/Middleware/ValidatePostSize->handle(Object(Illuminate/Http/Request), Object(Closure))
#29 C:/Users/paulb/Documents/GitHub/Educom-Trainee-Dashboard/DashboardAPI/vendor/laravel/framework/src/Illuminate/Foundation/Http/Middleware/PreventRequestsDuringMaintenance.php(109): Illuminate/Pipeline/Pipeline->{closure:{closure:Illuminate/Pipeline/Pipeline::carry():194}:195}(Object(Illuminate/Http/Request))
#30 C:/Users/paulb/Documents/GitHub/Educom-Trainee-Dashboard/DashboardAPI/vendor/laravel/framework/src/Illuminate/Pipeline/Pipeline.php(219): Illuminate/Foundation/Http/Middleware/PreventRequestsDuringMaintenance->handle(Object(Illuminate/Http/Request), Object(Closure))
#31 C:/Users/paulb/Documents/GitHub/Educom-Trainee-Dashboard/DashboardAPI/vendor/laravel/framework/src/Illuminate/Http/Middleware/HandleCors.php(74): Illuminate/Pipeline/Pipeline->{closure:{closure:Illuminate/Pipeline/Pipeline::carry():194}:195}(Object(Illuminate/Http/Request))
#32 C:/Users/paulb/Documents/GitHub/Educom-Trainee-Dashboard/DashboardAPI/vendor/laravel/framework/src/Illuminate/Pipeline/Pipeline.php(219): Illuminate/Http/Middleware/HandleCors->handle(Object(Illuminate/Http/Request), Object(Closure))
#33 C:/Users/paulb/Documents/GitHub/Educom-Trainee-Dashboard/DashboardAPI/vendor/laravel/framework/src/Illuminate/Http/Middleware/TrustProxies.php(58): Illuminate/Pipeline/Pipeline->{closure:{closure:Illuminate/Pipeline/Pipeline::carry():194}:195}(Object(Illuminate/Http/Request))
#34 C:/Users/paulb/Documents/GitHub/Educom-Trainee-Dashboard/DashboardAPI/vendor/laravel/framework/src/Illuminate/Pipeline/Pipeline.php(219): Illuminate/Http/Middleware/TrustProxies->handle(Object(Illuminate/Http/Request), Object(Closure))
#35 C:/Users/paulb/Documents/GitHub/Educom-Trainee-Dashboard/DashboardAPI/vendor/laravel/framework/src/Illuminate/Foundation/Http/Middleware/InvokeDeferredCallbacks.php(22): Illuminate/Pipeline/Pipeline->{closure:{closure:Illuminate/Pipeline/Pipeline::carry():194}:195}(Object(Illuminate/Http/Request))
#36 C:/Users/paulb/Documents/GitHub/Educom-Trainee-Dashboard/DashboardAPI/vendor/laravel/framework/src/Illuminate/Pipeline/Pipeline.php(219): Illuminate/Foundation/Http/Middleware/InvokeDeferredCallbacks->handle(Object(Illuminate/Http/Request), Object(Closure))
#37 C:/Users/paulb/Documents/GitHub/Educom-Trainee-Dashboard/DashboardAPI/vendor/laravel/framework/src/Illuminate/Http/Middleware/ValidatePathEncoding.php(28): Illuminate/Pipeline/Pipeline->{closure:{closure:Illuminate/Pipeline/Pipeline::carry():194}:195}(Object(Illuminate/Http/Request))
#38 C:/Users/paulb/Documents/GitHub/Educom-Trainee-Dashboard/DashboardAPI/vendor/laravel/framework/src/Illuminate/Pipeline/Pipeline.php(219): Illuminate/Http/Middleware/ValidatePathEncoding->handle(Object(Illuminate/Http/Request), Object(Closure))
#39 C:/Users/paulb/Documents/GitHub/Educom-Trainee-Dashboard/DashboardAPI/vendor/laravel/framework/src/Illuminate/Pipeline/Pipeline.php(137): Illuminate/Pipeline/Pipeline->{closure:{closure:Illuminate/Pipeline/Pipeline::carry():194}:195}(Object(Illuminate/Http/Request))
#40 C:/Users/paulb/Documents/GitHub/Educom-Trainee-Dashboard/DashboardAPI/vendor/laravel/framework/src/Illuminate/Foundation/Http/Kernel.php(175): Illuminate/Pipeline/Pipeline->then(Object(Closure))
#41 C:/Users/paulb/Documents/GitHub/Educom-Trainee-Dashboard/DashboardAPI/vendor/laravel/framework/src/Illuminate/Foundation/Http/Kernel.php(144): Illuminate/Foundation/Http/Kernel->sendRequestThroughRouter(Object(Illuminate/Http/Request))
#42 C:/Users/paulb/Documents/GitHub/Educom-Trainee-Dashboard/DashboardAPI/vendor/laravel/framework/src/Illuminate/Foundation/Testing/Concerns/MakesHttpRequests.php(607): Illuminate/Foundation/Http/Kernel->handle(Object(Illuminate/Http/Request))
#43 C:/Users/paulb/Documents/GitHub/Educom-Trainee-Dashboard/DashboardAPI/vendor/laravel/framework/src/Illuminate/Foundation/Testing/Concerns/MakesHttpRequests.php(368): Illuminate/Foundation/Testing/TestCase->call('GET', '/api/ai/', Array, Array, Array, Array)
#44 C:/Users/paulb/Documents/GitHub/Educom-Trainee-Dashboard/DashboardAPI/tests/Feature/UsageTest.php(4): Illuminate/Foundation/Testing/TestCase->get('/api/ai/')
#45 C:/Users/paulb/Documents/GitHub/Educom-Trainee-Dashboard/DashboardAPI/vendor/pestphp/pest/src/Factories/TestCaseMethodFactory.php(177): P/Tests/Feature/UsageTest->{closure:C:/Users/paulb/Documents/GitHub/Educom-Trainee-Dashboard/DashboardAPI/tests/Feature/UsageTest.php:3}()
#46 [internal function]: P/Tests/Feature/UsageTest->{closure:Pest/Factories/TestCaseMethodFactory::getClosure():167}()
#47 C:/Users/paulb/Documents/GitHub/Educom-Trainee-Dashboard/DashboardAPI/vendor/pestphp/pest/src/Concerns/Testable.php(581): call_user_func_array(Object(Closure), Array)
#48 C:/Users/paulb/Documents/GitHub/Educom-Trainee-Dashboard/DashboardAPI/vendor/pestphp/pest/src/Support/ExceptionTrace.php(26): P/Tests/Feature/UsageTest->{closure:Pest/Concerns/Testable::__callClosure():581}()
#49 C:/Users/paulb/Documents/GitHub/Educom-Trainee-Dashboard/DashboardAPI/vendor/pestphp/pest/src/Concerns/Testable.php(581): Pest/Support/ExceptionTrace::ensure(Object(Closure))
#50 C:/Users/paulb/Documents/GitHub/Educom-Trainee-Dashboard/DashboardAPI/vendor/pestphp/pest/src/Concerns/Testable.php(403): P/Tests/Feature/UsageTest->__callClosure(Object(Closure), Array)
#51 C:/Users/paulb/Documents/GitHub/Educom-Trainee-Dashboard/DashboardAPI/vendor/pestphp/pest/src/Factories/TestCaseFactory.php(175) : eval()'d code(17): P/Tests/Feature/UsageTest->__runTest(Object(Closure))
#52 C:/Users/paulb/Documents/GitHub/Educom-Trainee-Dashboard/DashboardAPI/vendor/phpunit/phpunit/src/Framework/TestCase.php(1318): P/Tests/Feature/UsageTest->__pest_evaluable_example()
#53 C:/Users/paulb/Documents/GitHub/Educom-Trainee-Dashboard/DashboardAPI/vendor/phpunit/phpunit/src/Framework/TestCase.php(1355): PHPUnit/Framework/TestCase->invokeTestMethod('__pest_evaluabl...', Array)
#54 C:/Users/paulb/Documents/GitHub/Educom-Trainee-Dashboard/DashboardAPI/vendor/phpunit/phpunit/src/Framework/TestCase.php(521): PHPUnit/Framework/TestCase->runTest()
#55 C:/Users/paulb/Documents/GitHub/Educom-Trainee-Dashboard/DashboardAPI/vendor/phpunit/phpunit/src/Framework/TestRunner/TestRunner.php(99): PHPUnit/Framework/TestCase->runBare()
#56 C:/Users/paulb/Documents/GitHub/Educom-Trainee-Dashboard/DashboardAPI/vendor/phpunit/phpunit/src/Framework/TestCase.php(361): PHPUnit/Framework/TestRunner->run(Object(P/Tests/Feature/UsageTest))
#57 C:/Users/paulb/Documents/GitHub/Educom-Trainee-Dashboard/DashboardAPI/vendor/phpunit/phpunit/src/Framework/TestSuite.php(374): PHPUnit/Framework/TestCase->run()
#58 C:/Users/paulb/Documents/GitHub/Educom-Trainee-Dashboard/DashboardAPI/vendor/phpunit/phpunit/src/Framework/TestSuite.php(374): PHPUnit/Framework/TestSuite->run()
#59 C:/Users/paulb/Documents/GitHub/Educom-Trainee-Dashboard/DashboardAPI/vendor/phpunit/phpunit/src/Framework/TestSuite.php(374): PHPUnit/Framework/TestSuite->run()
#60 C:/Users/paulb/Documents/GitHub/Educom-Trainee-Dashboard/DashboardAPI/vendor/phpunit/phpunit/src/TextUI/TestRunner.php(64): PHPUnit/Framework/TestSuite->run()
#61 C:/Users/paulb/Documents/GitHub/Educom-Trainee-Dashboard/DashboardAPI/vendor/phpunit/phpunit/src/TextUI/Application.php(229): PHPUnit/TextUI/TestRunner->run(Object(PHPUnit/TextUI/Configuration/Configuration), Object(PHPUnit/Runner/ResultCache/DefaultResultCache), Object(PHPUnit/Framework/TestSuite))
#62 C:/Users/paulb/Documents/GitHub/Educom-Trainee-Dashboard/DashboardAPI/vendor/pestphp/pest/src/Kernel.php(117): PHPUnit/TextUI/Application->run(Array)
#63 C:/Users/paulb/Documents/GitHub/Educom-Trainee-Dashboard/DashboardAPI/vendor/pestphp/pest/bin/pest(207): Pest/Kernel->handle(Array, Array)
#64 C:/Users/paulb/Documents/GitHub/Educom-Trainee-Dashboard/DashboardAPI/vendor/pestphp/pest/bin/pest(215): {closure:C:/Users/paulb/Documents/GitHub/Educom-Trainee-Dashboard/DashboardAPI/vendor/pestphp/pest/bin/pest:21}()
#65 {main}

[previous exception] [object] (PDOException(code: 0): could not find driver at C:/Users/paulb/Documents/GitHub/Educom-Trainee-Dashboard/DashboardAPI/vendor/laravel/framework/src/Illuminate/Database/Connectors/Connector.php:67)
[stacktrace]
#0 C:/Users/paulb/Documents/GitHub/Educom-Trainee-Dashboard/DashboardAPI/vendor/laravel/framework/src/Illuminate/Database/Connectors/Connector.php(67): PDO::connect('sqlite::memory:', NULL, Object(SensitiveParameterValue), Array)
#1 C:/Users/paulb/Documents/GitHub/Educom-Trainee-Dashboard/DashboardAPI/vendor/laravel/framework/src/Illuminate/Database/Connectors/Connector.php(44): Illuminate/Database/Connectors/Connector->createPdoConnection('sqlite::memory:', NULL, Object(SensitiveParameterValue), Array)
#2 C:/Users/paulb/Documents/GitHub/Educom-Trainee-Dashboard/DashboardAPI/vendor/laravel/framework/src/Illuminate/Database/Connectors/SQLiteConnector.php(21): Illuminate/Database/Connectors/Connector->createConnection('sqlite::memory:', Array, Array)
#3 C:/Users/paulb/Documents/GitHub/Educom-Trainee-Dashboard/DashboardAPI/vendor/laravel/framework/src/Illuminate/Database/Connectors/ConnectionFactory.php(259): Illuminate/Database/Connectors/SQLiteConnector->connect(Array)
#4 [internal function]: Illuminate/Database/Connectors/ConnectionFactory->{closure:Illuminate/Database/Connectors/ConnectionFactory::createPdoResolverWithoutHosts():259}()
#5 C:/Users/paulb/Documents/GitHub/Educom-Trainee-Dashboard/DashboardAPI/vendor/laravel/framework/src/Illuminate/Database/Connection.php(1297): call_user_func(Object(Closure))
#6 C:/Users/paulb/Documents/GitHub/Educom-Trainee-Dashboard/DashboardAPI/vendor/laravel/framework/src/Illuminate/Database/Connection.php(1335): Illuminate/Database/Connection->getPdo()
#7 C:/Users/paulb/Documents/GitHub/Educom-Trainee-Dashboard/DashboardAPI/vendor/laravel/framework/src/Illuminate/Database/Connection.php(542): Illuminate/Database/Connection->getReadPdo()
#8 C:/Users/paulb/Documents/GitHub/Educom-Trainee-Dashboard/DashboardAPI/vendor/laravel/framework/src/Illuminate/Database/Connection.php(435): Illuminate/Database/Connection->getPdoForSelect(true)
#9 C:/Users/paulb/Documents/GitHub/Educom-Trainee-Dashboard/DashboardAPI/vendor/laravel/framework/src/Illuminate/Database/Connection.php(846): Illuminate/Database/Connection->{closure:Illuminate/Database/Connection::select():426}('select * from \"...', Array)
#10 C:/Users/paulb/Documents/GitHub/Educom-Trainee-Dashboard/DashboardAPI/vendor/laravel/framework/src/Illuminate/Database/Connection.php(813): Illuminate/Database/Connection->runQueryCallback('select * from \"...', Array, Object(Closure))
#11 C:/Users/paulb/Documents/GitHub/Educom-Trainee-Dashboard/DashboardAPI/vendor/laravel/framework/src/Illuminate/Database/Connection.php(426): Illuminate/Database/Connection->run('select * from \"...', Array, Object(Closure))
#12 C:/Users/paulb/Documents/GitHub/Educom-Trainee-Dashboard/DashboardAPI/vendor/laravel/framework/src/Illuminate/Database/Query/Builder.php(3573): Illuminate/Database/Connection->select('select * from \"...', Array, true, Array)
#13 C:/Users/paulb/Documents/GitHub/Educom-Trainee-Dashboard/DashboardAPI/vendor/laravel/framework/src/Illuminate/Database/Query/Builder.php(3557): Illuminate/Database/Query/Builder->runSelect()
#14 C:/Users/paulb/Documents/GitHub/Educom-Trainee-Dashboard/DashboardAPI/vendor/laravel/framework/src/Illuminate/Database/Eloquent/Builder.php(908): Illuminate/Database/Query/Builder->get(Array)
#15 C:/Users/paulb/Documents/GitHub/Educom-Trainee-Dashboard/DashboardAPI/vendor/laravel/framework/src/Illuminate/Database/Eloquent/Builder.php(890): Illuminate/Database/Eloquent/Builder->getModels(Array)
#16 C:/Users/paulb/Documents/GitHub/Educom-Trainee-Dashboard/DashboardAPI/app/Http/Controllers/UsageController.php(81): Illuminate/Database/Eloquent/Builder->get()
#17 C:/Users/paulb/Documents/GitHub/Educom-Trainee-Dashboard/DashboardAPI/vendor/laravel/framework/src/Illuminate/Routing/ControllerDispatcher.php(46): App/Http/Controllers/UsageController->getUsage()
#18 C:/Users/paulb/Documents/GitHub/Educom-Trainee-Dashboard/DashboardAPI/vendor/laravel/framework/src/Illuminate/Routing/Route.php(275): Illuminate/Routing/ControllerDispatcher->dispatch(Object(Illuminate/Routing/Route), Object(App/Http/Controllers/UsageController), 'getUsage')
#19 C:/Users/paulb/Documents/GitHub/Educom-Trainee-Dashboard/DashboardAPI/vendor/laravel/framework/src/Illuminate/Routing/Route.php(215): Illuminate/Routing/Route->runController()
#20 C:/Users/paulb/Documents/GitHub/Educom-Trainee-Dashboard/DashboardAPI/vendor/laravel/framework/src/Illuminate/Routing/Router.php(822): Illuminate/Routing/Route->run()
#21 C:/Users/paulb/Documents/GitHub/Educom-Trainee-Dashboard/DashboardAPI/vendor/laravel/framework/src/Illuminate/Pipeline/Pipeline.php(180): Illuminate/Routing/Router->{closure:Illuminate/Routing/Router::runRouteWithinStack():821}(Object(Illuminate/Http/Request))
#22 C:/Users/paulb/Documents/GitHub/Educom-Trainee-Dashboard/DashboardAPI/vendor/laravel/framework/src/Illuminate/Routing/Middleware/SubstituteBindings.php(52): Illuminate/Pipeline/Pipeline->{closure:Illuminate/Pipeline/Pipeline::prepareDestination():178}(Object(Illuminate/Http/Request))
#23 C:/Users/paulb/Documents/GitHub/Educom-Trainee-Dashboard/DashboardAPI/vendor/laravel/framework/src/Illuminate/Pipeline/Pipeline.php(219): Illuminate/Routing/Middleware/SubstituteBindings->handle(Object(Illuminate/Http/Request), Object(Closure))
#24 C:/Users/paulb/Documents/GitHub/Educom-Trainee-Dashboard/DashboardAPI/vendor/laravel/framework/src/Illuminate/Pipeline/Pipeline.php(137): Illuminate/Pipeline/Pipeline->{closure:{closure:Illuminate/Pipeline/Pipeline::carry():194}:195}(Object(Illuminate/Http/Request))
#25 C:/Users/paulb/Documents/GitHub/Educom-Trainee-Dashboard/DashboardAPI/vendor/laravel/framework/src/Illuminate/Routing/Router.php(821): Illuminate/Pipeline/Pipeline->then(Object(Closure))
#26 C:/Users/paulb/Documents/GitHub/Educom-Trainee-Dashboard/DashboardAPI/vendor/laravel/framework/src/Illuminate/Routing/Router.php(800): Illuminate/Routing/Router->runRouteWithinStack(Object(Illuminate/Routing/Route), Object(Illuminate/Http/Request))
#27 C:/Users/paulb/Documents/GitHub/Educom-Trainee-Dashboard/DashboardAPI/vendor/laravel/framework/src/Illuminate/Routing/Router.php(764): Illuminate/Routing/Router->runRoute(Object(Illuminate/Http/Request), Object(Illuminate/Routing/Route))
#28 C:/Users/paulb/Documents/GitHub/Educom-Trainee-Dashboard/DashboardAPI/vendor/laravel/framework/src/Illuminate/Routing/Router.php(753): Illuminate/Routing/Router->dispatchToRoute(Object(Illuminate/Http/Request))
#29 C:/Users/paulb/Documents/GitHub/Educom-Trainee-Dashboard/DashboardAPI/vendor/laravel/framework/src/Illuminate/Foundation/Http/Kernel.php(200): Illuminate/Routing/Router->dispatch(Object(Illuminate/Http/Request))
#30 C:/Users/paulb/Documents/GitHub/Educom-Trainee-Dashboard/DashboardAPI/vendor/laravel/framework/src/Illuminate/Pipeline/Pipeline.php(180): Illuminate/Foundation/Http/Kernel->{closure:Illuminate/Foundation/Http/Kernel::dispatchToRouter():197}(Object(Illuminate/Http/Request))
#31 C:/Users/paulb/Documents/GitHub/Educom-Trainee-Dashboard/DashboardAPI/vendor/laravel/framework/src/Illuminate/Foundation/Http/Middleware/TransformsRequest.php(21): Illuminate/Pipeline/Pipeline->{closure:Illuminate/Pipeline/Pipeline::prepareDestination():178}(Object(Illuminate/Http/Request))
#32 C:/Users/paulb/Documents/GitHub/Educom-Trainee-Dashboard/DashboardAPI/vendor/laravel/framework/src/Illuminate/Foundation/Http/Middleware/ConvertEmptyStringsToNull.php(31): Illuminate/Foundation/Http/Middleware/TransformsRequest->handle(Object(Illuminate/Http/Request), Object(Closure))
#33 C:/Users/paulb/Documents/GitHub/Educom-Trainee-Dashboard/DashboardAPI/vendor/laravel/framework/src/Illuminate/Pipeline/Pipeline.php(219): Illuminate/Foundation/Http/Middleware/ConvertEmptyStringsToNull->handle(Object(Illuminate/Http/Request), Object(Closure))
#34 C:/Users/paulb/Documents/GitHub/Educom-Trainee-Dashboard/DashboardAPI/vendor/laravel/framework/src/Illuminate/Foundation/Http/Middleware/TransformsRequest.php(21): Illuminate/Pipeline/Pipeline->{closure:{closure:Illuminate/Pipeline/Pipeline::carry():194}:195}(Object(Illuminate/Http/Request))
#35 C:/Users/paulb/Documents/GitHub/Educom-Trainee-Dashboard/DashboardAPI/vendor/laravel/framework/src/Illuminate/Foundation/Http/Middleware/TrimStrings.php(51): Illuminate/Foundation/Http/Middleware/TransformsRequest->handle(Object(Illuminate/Http/Request), Object(Closure))
#36 C:/Users/paulb/Documents/GitHub/Educom-Trainee-Dashboard/DashboardAPI/vendor/laravel/framework/src/Illuminate/Pipeline/Pipeline.php(219): Illuminate/Foundation/Http/Middleware/TrimStrings->handle(Object(Illuminate/Http/Request), Object(Closure))
#37 C:/Users/paulb/Documents/GitHub/Educom-Trainee-Dashboard/DashboardAPI/vendor/laravel/framework/src/Illuminate/Http/Middleware/ValidatePostSize.php(27): Illuminate/Pipeline/Pipeline->{closure:{closure:Illuminate/Pipeline/Pipeline::carry():194}:195}(Object(Illuminate/Http/Request))
#38 C:/Users/paulb/Documents/GitHub/Educom-Trainee-Dashboard/DashboardAPI/vendor/laravel/framework/src/Illuminate/Pipeline/Pipeline.php(219): Illuminate/Http/Middleware/ValidatePostSize->handle(Object(Illuminate/Http/Request), Object(Closure))
#39 C:/Users/paulb/Documents/GitHub/Educom-Trainee-Dashboard/DashboardAPI/vendor/laravel/framework/src/Illuminate/Foundation/Http/Middleware/PreventRequestsDuringMaintenance.php(109): Illuminate/Pipeline/Pipeline->{closure:{closure:Illuminate/Pipeline/Pipeline::carry():194}:195}(Object(Illuminate/Http/Request))
#40 C:/Users/paulb/Documents/GitHub/Educom-Trainee-Dashboard/DashboardAPI/vendor/laravel/framework/src/Illuminate/Pipeline/Pipeline.php(219): Illuminate/Foundation/Http/Middleware/PreventRequestsDuringMaintenance->handle(Object(Illuminate/Http/Request), Object(Closure))
#41 C:/Users/paulb/Documents/GitHub/Educom-Trainee-Dashboard/DashboardAPI/vendor/laravel/framework/src/Illuminate/Http/Middleware/HandleCors.php(74): Illuminate/Pipeline/Pipeline->{closure:{closure:Illuminate/Pipeline/Pipeline::carry():194}:195}(Object(Illuminate/Http/Request))
#42 C:/Users/paulb/Documents/GitHub/Educom-Trainee-Dashboard/DashboardAPI/vendor/laravel/framework/src/Illuminate/Pipeline/Pipeline.php(219): Illuminate/Http/Middleware/HandleCors->handle(Object(Illuminate/Http/Request), Object(Closure))
#43 C:/Users/paulb/Documents/GitHub/Educom-Trainee-Dashboard/DashboardAPI/vendor/laravel/framework/src/Illuminate/Http/Middleware/TrustProxies.php(58): Illuminate/Pipeline/Pipeline->{closure:{closure:Illuminate/Pipeline/Pipeline::carry():194}:195}(Object(Illuminate/Http/Request))
#44 C:/Users/paulb/Documents/GitHub/Educom-Trainee-Dashboard/DashboardAPI/vendor/laravel/framework/src/Illuminate/Pipeline/Pipeline.php(219): Illuminate/Http/Middleware/TrustProxies->handle(Object(Illuminate/Http/Request), Object(Closure))
#45 C:/Users/paulb/Documents/GitHub/Educom-Trainee-Dashboard/DashboardAPI/vendor/laravel/framework/src/Illuminate/Foundation/Http/Middleware/InvokeDeferredCallbacks.php(22): Illuminate/Pipeline/Pipeline->{closure:{closure:Illuminate/Pipeline/Pipeline::carry():194}:195}(Object(Illuminate/Http/Request))
#46 C:/Users/paulb/Documents/GitHub/Educom-Trainee-Dashboard/DashboardAPI/vendor/laravel/framework/src/Illuminate/Pipeline/Pipeline.php(219): Illuminate/Foundation/Http/Middleware/InvokeDeferredCallbacks->handle(Object(Illuminate/Http/Request), Object(Closure))
#47 C:/Users/paulb/Documents/GitHub/Educom-Trainee-Dashboard/DashboardAPI/vendor/laravel/framework/src/Illuminate/Http/Middleware/ValidatePathEncoding.php(28): Illuminate/Pipeline/Pipeline->{closure:{closure:Illuminate/Pipeline/Pipeline::carry():194}:195}(Object(Illuminate/Http/Request))
#48 C:/Users/paulb/Documents/GitHub/Educom-Trainee-Dashboard/DashboardAPI/vendor/laravel/framework/src/Illuminate/Pipeline/Pipeline.php(219): Illuminate/Http/Middleware/ValidatePathEncoding->handle(Object(Illuminate/Http/Request), Object(Closure))
#49 C:/Users/paulb/Documents/GitHub/Educom-Trainee-Dashboard/DashboardAPI/vendor/laravel/framework/src/Illuminate/Pipeline/Pipeline.php(137): Illuminate/Pipeline/Pipeline->{closure:{closure:Illuminate/Pipeline/Pipeline::carry():194}:195}(Object(Illuminate/Http/Request))
#50 C:/Users/paulb/Documents/GitHub/Educom-Trainee-Dashboard/DashboardAPI/vendor/laravel/framework/src/Illuminate/Foundation/Http/Kernel.php(175): Illuminate/Pipeline/Pipeline->then(Object(Closure))
#51 C:/Users/paulb/Documents/GitHub/Educom-Trainee-Dashboard/DashboardAPI/vendor/laravel/framework/src/Illuminate/Foundation/Http/Kernel.php(144): Illuminate/Foundation/Http/Kernel->sendRequestThroughRouter(Object(Illuminate/Http/Request))
#52 C:/Users/paulb/Documents/GitHub/Educom-Trainee-Dashboard/DashboardAPI/vendor/laravel/framework/src/Illuminate/Foundation/Testing/Concerns/MakesHttpRequests.php(607): Illuminate/Foundation/Http/Kernel->handle(Object(Illuminate/Http/Request))
#53 C:/Users/paulb/Documents/GitHub/Educom-Trainee-Dashboard/DashboardAPI/vendor/laravel/framework/src/Illuminate/Foundation/Testing/Concerns/MakesHttpRequests.php(368): Illuminate/Foundation/Testing/TestCase->call('GET', '/api/ai/', Array, Array, Array, Array)
#54 C:/Users/paulb/Documents/GitHub/Educom-Trainee-Dashboard/DashboardAPI/tests/Feature/UsageTest.php(4): Illuminate/Foundation/Testing/TestCase->get('/api/ai/')
#55 C:/Users/paulb/Documents/GitHub/Educom-Trainee-Dashboard/DashboardAPI/vendor/pestphp/pest/src/Factories/TestCaseMethodFactory.php(177): P/Tests/Feature/UsageTest->{closure:C:/Users/paulb/Documents/GitHub/Educom-Trainee-Dashboard/DashboardAPI/tests/Feature/UsageTest.php:3}()
#56 [internal function]: P/Tests/Feature/UsageTest->{closure:Pest/Factories/TestCaseMethodFactory::getClosure():167}()
#57 C:/Users/paulb/Documents/GitHub/Educom-Trainee-Dashboard/DashboardAPI/vendor/pestphp/pest/src/Concerns/Testable.php(581): call_user_func_array(Object(Closure), Array)
#58 C:/Users/paulb/Documents/GitHub/Educom-Trainee-Dashboard/DashboardAPI/vendor/pestphp/pest/src/Support/ExceptionTrace.php(26): P/Tests/Feature/UsageTest->{closure:Pest/Concerns/Testable::__callClosure():581}()
#59 C:/Users/paulb/Documents/GitHub/Educom-Trainee-Dashboard/DashboardAPI/vendor/pestphp/pest/src/Concerns/Testable.php(581): Pest/Support/ExceptionTrace::ensure(Object(Closure))
#60 C:/Users/paulb/Documents/GitHub/Educom-Trainee-Dashboard/DashboardAPI/vendor/pestphp/pest/src/Concerns/Testable.php(403): P/Tests/Feature/UsageTest->__callClosure(Object(Closure), Array)
#61 C:/Users/paulb/Documents/GitHub/Educom-Trainee-Dashboard/DashboardAPI/vendor/pestphp/pest/src/Factories/TestCaseFactory.php(175) : eval()'d code(17): P/Tests/Feature/UsageTest->__runTest(Object(Closure))
#62 C:/Users/paulb/Documents/GitHub/Educom-Trainee-Dashboard/DashboardAPI/vendor/phpunit/phpunit/src/Framework/TestCase.php(1318): P/Tests/Feature/UsageTest->__pest_evaluable_example()
#63 C:/Users/paulb/Documents/GitHub/Educom-Trainee-Dashboard/DashboardAPI/vendor/phpunit/phpunit/src/Framework/TestCase.php(1355): PHPUnit/Framework/TestCase->invokeTestMethod('__pest_evaluabl...', Array)
#64 C:/Users/paulb/Documents/GitHub/Educom-Trainee-Dashboard/DashboardAPI/vendor/phpunit/phpunit/src/Framework/TestCase.php(521): PHPUnit/Framework/TestCase->runTest()
#65 C:/Users/paulb/Documents/GitHub/Educom-Trainee-Dashboard/DashboardAPI/vendor/phpunit/phpunit/src/Framework/TestRunner/TestRunner.php(99): PHPUnit/Framework/TestCase->runBare()
#66 C:/Users/paulb/Documents/GitHub/Educom-Trainee-Dashboard/DashboardAPI/vendor/phpunit/phpunit/src/Framework/TestCase.php(361): PHPUnit/Framework/TestRunner->run(Object(P/Tests/Feature/UsageTest))
#67 C:/Users/paulb/Documents/GitHub/Educom-Trainee-Dashboard/DashboardAPI/vendor/phpunit/phpunit/src/Framework/TestSuite.php(374): PHPUnit/Framework/TestCase->run()
#68 C:/Users/paulb/Documents/GitHub/Educom-Trainee-Dashboard/DashboardAPI/vendor/phpunit/phpunit/src/Framework/TestSuite.php(374): PHPUnit/Framework/TestSuite->run()
#69 C:/Users/paulb/Documents/GitHub/Educom-Trainee-Dashboard/DashboardAPI/vendor/phpunit/phpunit/src/Framework/TestSuite.php(374): PHPUnit/Framework/TestSuite->run()
#70 C:/Users/paulb/Documents/GitHub/Educom-Trainee-Dashboard/DashboardAPI/vendor/phpunit/phpunit/src/TextUI/TestRunner.php(64): PHPUnit/Framework/TestSuite->run()
#71 C:/Users/paulb/Documents/GitHub/Educom-Trainee-Dashboard/DashboardAPI/vendor/phpunit/phpunit/src/TextUI/Application.php(229): PHPUnit/TextUI/TestRunner->run(Object(PHPUnit/TextUI/Configuration/Configuration), Object(PHPUnit/Runner/ResultCache/DefaultResultCache), Object(PHPUnit/Framework/TestSuite))
#72 C:/Users/paulb/Documents/GitHub/Educom-Trainee-Dashboard/DashboardAPI/vendor/pestphp/pest/src/Kernel.php(117): PHPUnit/TextUI/Application->run(Array)
#73 C:/Users/paulb/Documents/GitHub/Educom-Trainee-Dashboard/DashboardAPI/vendor/pestphp/pest/bin/pest(207): Pest/Kernel->handle(Array, Array)
#74 C:/Users/paulb/Documents/GitHub/Educom-Trainee-Dashboard/DashboardAPI/vendor/pestphp/pest/bin/pest(215): {closure:C:/Users/paulb/Documents/GitHub/Educom-Trainee-Dashboard/DashboardAPI/vendor/pestphp/pest/bin/pest:21}()
#75 {main}
"} 
[2026-07-20 09:35:54] testing.ERROR: could not find driver (Connection: sqlite, Database: :memory:, SQL: select * from "users" order by "created_at" desc) {"exception":"[object] (Illuminate\\Database\\QueryException(code: 0): could not find driver (Connection: sqlite, Database: :memory:, SQL: select * from \"users\" order by \"created_at\" desc) at C:/Users/paulb/Documents/GitHub/Educom-Trainee-Dashboard/DashboardAPI/vendor/laravel/framework/src/Illuminate/Database/Connection.php:857)
[stacktrace]
#0 C:/Users/paulb/Documents/GitHub/Educom-Trainee-Dashboard/DashboardAPI/vendor/laravel/framework/src/Illuminate/Database/Connection.php(813): Illuminate/Database/Connection->runQueryCallback('select * from \"...', Array, Object(Closure))
#1 C:/Users/paulb/Documents/GitHub/Educom-Trainee-Dashboard/DashboardAPI/vendor/laravel/framework/src/Illuminate/Database/Connection.php(426): Illuminate/Database/Connection->run('select * from \"...', Array, Object(Closure))
#2 C:/Users/paulb/Documents/GitHub/Educom-Trainee-Dashboard/DashboardAPI/vendor/laravel/framework/src/Illuminate/Database/Query/Builder.php(3573): Illuminate/Database/Connection->select('select * from \"...', Array, true, Array)
#3 C:/Users/paulb/Documents/GitHub/Educom-Trainee-Dashboard/DashboardAPI/vendor/laravel/framework/src/Illuminate/Database/Query/Builder.php(3557): Illuminate/Database/Query/Builder->runSelect()
#4 C:/Users/paulb/Documents/GitHub/Educom-Trainee-Dashboard/DashboardAPI/vendor/laravel/framework/src/Illuminate/Database/Eloquent/Builder.php(908): Illuminate/Database/Query/Builder->get(Array)
#5 C:/Users/paulb/Documents/GitHub/Educom-Trainee-Dashboard/DashboardAPI/vendor/laravel/framework/src/Illuminate/Database/Eloquent/Builder.php(890): Illuminate/Database/Eloquent/Builder->getModels(Array)
#6 C:/Users/paulb/Documents/GitHub/Educom-Trainee-Dashboard/DashboardAPI/app/Http/Controllers/UserController.php(14): Illuminate/Database/Eloquent/Builder->get()
#7 C:/Users/paulb/Documents/GitHub/Educom-Trainee-Dashboard/DashboardAPI/vendor/laravel/framework/src/Illuminate/Routing/ControllerDispatcher.php(46): App/Http/Controllers/UserController->getUsers()
#8 C:/Users/paulb/Documents/GitHub/Educom-Trainee-Dashboard/DashboardAPI/vendor/laravel/framework/src/Illuminate/Routing/Route.php(275): Illuminate/Routing/ControllerDispatcher->dispatch(Object(Illuminate/Routing/Route), Object(App/Http/Controllers/UserController), 'getUsers')
#9 C:/Users/paulb/Documents/GitHub/Educom-Trainee-Dashboard/DashboardAPI/vendor/laravel/framework/src/Illuminate/Routing/Route.php(215): Illuminate/Routing/Route->runController()
#10 C:/Users/paulb/Documents/GitHub/Educom-Trainee-Dashboard/DashboardAPI/vendor/laravel/framework/src/Illuminate/Routing/Router.php(822): Illuminate/Routing/Route->run()
#11 C:/Users/paulb/Documents/GitHub/Educom-Trainee-Dashboard/DashboardAPI/vendor/laravel/framework/src/Illuminate/Pipeline/Pipeline.php(180): Illuminate/Routing/Router->{closure:Illuminate/Routing/Router::runRouteWithinStack():821}(Object(Illuminate/Http/Request))
#12 C:/Users/paulb/Documents/GitHub/Educom-Trainee-Dashboard/DashboardAPI/vendor/laravel/framework/src/Illuminate/Routing/Middleware/SubstituteBindings.php(52): Illuminate/Pipeline/Pipeline->{closure:Illuminate/Pipeline/Pipeline::prepareDestination():178}(Object(Illuminate/Http/Request))
#13 C:/Users/paulb/Documents/GitHub/Educom-Trainee-Dashboard/DashboardAPI/vendor/laravel/framework/src/Illuminate/Pipeline/Pipeline.php(219): Illuminate/Routing/Middleware/SubstituteBindings->handle(Object(Illuminate/Http/Request), Object(Closure))
#14 C:/Users/paulb/Documents/GitHub/Educom-Trainee-Dashboard/DashboardAPI/vendor/laravel/framework/src/Illuminate/Pipeline/Pipeline.php(137): Illuminate/Pipeline/Pipeline->{closure:{closure:Illuminate/Pipeline/Pipeline::carry():194}:195}(Object(Illuminate/Http/Request))
#15 C:/Users/paulb/Documents/GitHub/Educom-Trainee-Dashboard/DashboardAPI/vendor/laravel/framework/src/Illuminate/Routing/Router.php(821): Illuminate/Pipeline/Pipeline->then(Object(Closure))
#16 C:/Users/paulb/Documents/GitHub/Educom-Trainee-Dashboard/DashboardAPI/vendor/laravel/framework/src/Illuminate/Routing/Router.php(800): Illuminate/Routing/Router->runRouteWithinStack(Object(Illuminate/Routing/Route), Object(Illuminate/Http/Request))
#17 C:/Users/paulb/Documents/GitHub/Educom-Trainee-Dashboard/DashboardAPI/vendor/laravel/framework/src/Illuminate/Routing/Router.php(764): Illuminate/Routing/Router->runRoute(Object(Illuminate/Http/Request), Object(Illuminate/Routing/Route))
#18 C:/Users/paulb/Documents/GitHub/Educom-Trainee-Dashboard/DashboardAPI/vendor/laravel/framework/src/Illuminate/Routing/Router.php(753): Illuminate/Routing/Router->dispatchToRoute(Object(Illuminate/Http/Request))
#19 C:/Users/paulb/Documents/GitHub/Educom-Trainee-Dashboard/DashboardAPI/vendor/laravel/framework/src/Illuminate/Foundation/Http/Kernel.php(200): Illuminate/Routing/Router->dispatch(Object(Illuminate/Http/Request))
#20 C:/Users/paulb/Documents/GitHub/Educom-Trainee-Dashboard/DashboardAPI/vendor/laravel/framework/src/Illuminate/Pipeline/Pipeline.php(180): Illuminate/Foundation/Http/Kernel->{closure:Illuminate/Foundation/Http/Kernel::dispatchToRouter():197}(Object(Illuminate/Http/Request))
#21 C:/Users/paulb/Documents/GitHub/Educom-Trainee-Dashboard/DashboardAPI/vendor/laravel/framework/src/Illuminate/Foundation/Http/Middleware/TransformsRequest.php(21): Illuminate/Pipeline/Pipeline->{closure:Illuminate/Pipeline/Pipeline::prepareDestination():178}(Object(Illuminate/Http/Request))
#22 C:/Users/paulb/Documents/GitHub/Educom-Trainee-Dashboard/DashboardAPI/vendor/laravel/framework/src/Illuminate/Foundation/Http/Middleware/ConvertEmptyStringsToNull.php(31): Illuminate/Foundation/Http/Middleware/TransformsRequest->handle(Object(Illuminate/Http/Request), Object(Closure))
#23 C:/Users/paulb/Documents/GitHub/Educom-Trainee-Dashboard/DashboardAPI/vendor/laravel/framework/src/Illuminate/Pipeline/Pipeline.php(219): Illuminate/Foundation/Http/Middleware/ConvertEmptyStringsToNull->handle(Object(Illuminate/Http/Request), Object(Closure))
#24 C:/Users/paulb/Documents/GitHub/Educom-Trainee-Dashboard/DashboardAPI/vendor/laravel/framework/src/Illuminate/Foundation/Http/Middleware/TransformsRequest.php(21): Illuminate/Pipeline/Pipeline->{closure:{closure:Illuminate/Pipeline/Pipeline::carry():194}:195}(Object(Illuminate/Http/Request))
#25 C:/Users/paulb/Documents/GitHub/Educom-Trainee-Dashboard/DashboardAPI/vendor/laravel/framework/src/Illuminate/Foundation/Http/Middleware/TrimStrings.php(51): Illuminate/Foundation/Http/Middleware/TransformsRequest->handle(Object(Illuminate/Http/Request), Object(Closure))
#26 C:/Users/paulb/Documents/GitHub/Educom-Trainee-Dashboard/DashboardAPI/vendor/laravel/framework/src/Illuminate/Pipeline/Pipeline.php(219): Illuminate/Foundation/Http/Middleware/TrimStrings->handle(Object(Illuminate/Http/Request), Object(Closure))
#27 C:/Users/paulb/Documents/GitHub/Educom-Trainee-Dashboard/DashboardAPI/vendor/laravel/framework/src/Illuminate/Http/Middleware/ValidatePostSize.php(27): Illuminate/Pipeline/Pipeline->{closure:{closure:Illuminate/Pipeline/Pipeline::carry():194}:195}(Object(Illuminate/Http/Request))
#28 C:/Users/paulb/Documents/GitHub/Educom-Trainee-Dashboard/DashboardAPI/vendor/laravel/framework/src/Illuminate/Pipeline/Pipeline.php(219): Illuminate/Http/Middleware/ValidatePostSize->handle(Object(Illuminate/Http/Request), Object(Closure))
#29 C:/Users/paulb/Documents/GitHub/Educom-Trainee-Dashboard/DashboardAPI/vendor/laravel/framework/src/Illuminate/Foundation/Http/Middleware/PreventRequestsDuringMaintenance.php(109): Illuminate/Pipeline/Pipeline->{closure:{closure:Illuminate/Pipeline/Pipeline::carry():194}:195}(Object(Illuminate/Http/Request))
#30 C:/Users/paulb/Documents/GitHub/Educom-Trainee-Dashboard/DashboardAPI/vendor/laravel/framework/src/Illuminate/Pipeline/Pipeline.php(219): Illuminate/Foundation/Http/Middleware/PreventRequestsDuringMaintenance->handle(Object(Illuminate/Http/Request), Object(Closure))
#31 C:/Users/paulb/Documents/GitHub/Educom-Trainee-Dashboard/DashboardAPI/vendor/laravel/framework/src/Illuminate/Http/Middleware/HandleCors.php(74): Illuminate/Pipeline/Pipeline->{closure:{closure:Illuminate/Pipeline/Pipeline::carry():194}:195}(Object(Illuminate/Http/Request))
#32 C:/Users/paulb/Documents/GitHub/Educom-Trainee-Dashboard/DashboardAPI/vendor/laravel/framework/src/Illuminate/Pipeline/Pipeline.php(219): Illuminate/Http/Middleware/HandleCors->handle(Object(Illuminate/Http/Request), Object(Closure))
#33 C:/Users/paulb/Documents/GitHub/Educom-Trainee-Dashboard/DashboardAPI/vendor/laravel/framework/src/Illuminate/Http/Middleware/TrustProxies.php(58): Illuminate/Pipeline/Pipeline->{closure:{closure:Illuminate/Pipeline/Pipeline::carry():194}:195}(Object(Illuminate/Http/Request))
#34 C:/Users/paulb/Documents/GitHub/Educom-Trainee-Dashboard/DashboardAPI/vendor/laravel/framework/src/Illuminate/Pipeline/Pipeline.php(219): Illuminate/Http/Middleware/TrustProxies->handle(Object(Illuminate/Http/Request), Object(Closure))
#35 C:/Users/paulb/Documents/GitHub/Educom-Trainee-Dashboard/DashboardAPI/vendor/laravel/framework/src/Illuminate/Foundation/Http/Middleware/InvokeDeferredCallbacks.php(22): Illuminate/Pipeline/Pipeline->{closure:{closure:Illuminate/Pipeline/Pipeline::carry():194}:195}(Object(Illuminate/Http/Request))
#36 C:/Users/paulb/Documents/GitHub/Educom-Trainee-Dashboard/DashboardAPI/vendor/laravel/framework/src/Illuminate/Pipeline/Pipeline.php(219): Illuminate/Foundation/Http/Middleware/InvokeDeferredCallbacks->handle(Object(Illuminate/Http/Request), Object(Closure))
#37 C:/Users/paulb/Documents/GitHub/Educom-Trainee-Dashboard/DashboardAPI/vendor/laravel/framework/src/Illuminate/Http/Middleware/ValidatePathEncoding.php(28): Illuminate/Pipeline/Pipeline->{closure:{closure:Illuminate/Pipeline/Pipeline::carry():194}:195}(Object(Illuminate/Http/Request))
#38 C:/Users/paulb/Documents/GitHub/Educom-Trainee-Dashboard/DashboardAPI/vendor/laravel/framework/src/Illuminate/Pipeline/Pipeline.php(219): Illuminate/Http/Middleware/ValidatePathEncoding->handle(Object(Illuminate/Http/Request), Object(Closure))
#39 C:/Users/paulb/Documents/GitHub/Educom-Trainee-Dashboard/DashboardAPI/vendor/laravel/framework/src/Illuminate/Pipeline/Pipeline.php(137): Illuminate/Pipeline/Pipeline->{closure:{closure:Illuminate/Pipeline/Pipeline::carry():194}:195}(Object(Illuminate/Http/Request))
#40 C:/Users/paulb/Documents/GitHub/Educom-Trainee-Dashboard/DashboardAPI/vendor/laravel/framework/src/Illuminate/Foundation/Http/Kernel.php(175): Illuminate/Pipeline/Pipeline->then(Object(Closure))
#41 C:/Users/paulb/Documents/GitHub/Educom-Trainee-Dashboard/DashboardAPI/vendor/laravel/framework/src/Illuminate/Foundation/Http/Kernel.php(144): Illuminate/Foundation/Http/Kernel->sendRequestThroughRouter(Object(Illuminate/Http/Request))
#42 C:/Users/paulb/Documents/GitHub/Educom-Trainee-Dashboard/DashboardAPI/vendor/laravel/framework/src/Illuminate/Foundation/Testing/Concerns/MakesHttpRequests.php(607): Illuminate/Foundation/Http/Kernel->handle(Object(Illuminate/Http/Request))
#43 C:/Users/paulb/Documents/GitHub/Educom-Trainee-Dashboard/DashboardAPI/vendor/laravel/framework/src/Illuminate/Foundation/Testing/Concerns/MakesHttpRequests.php(368): Illuminate/Foundation/Testing/TestCase->call('GET', '/api/users', Array, Array, Array, Array)
#44 C:/Users/paulb/Documents/GitHub/Educom-Trainee-Dashboard/DashboardAPI/tests/Feature/UsageTest.php(4): Illuminate/Foundation/Testing/TestCase->get('/api/users')
#45 C:/Users/paulb/Documents/GitHub/Educom-Trainee-Dashboard/DashboardAPI/vendor/pestphp/pest/src/Factories/TestCaseMethodFactory.php(177): P/Tests/Feature/UsageTest->{closure:C:/Users/paulb/Documents/GitHub/Educom-Trainee-Dashboard/DashboardAPI/tests/Feature/UsageTest.php:3}()
#46 [internal function]: P/Tests/Feature/UsageTest->{closure:Pest/Factories/TestCaseMethodFactory::getClosure():167}()
#47 C:/Users/paulb/Documents/GitHub/Educom-Trainee-Dashboard/DashboardAPI/vendor/pestphp/pest/src/Concerns/Testable.php(581): call_user_func_array(Object(Closure), Array)
#48 C:/Users/paulb/Documents/GitHub/Educom-Trainee-Dashboard/DashboardAPI/vendor/pestphp/pest/src/Support/ExceptionTrace.php(26): P/Tests/Feature/UsageTest->{closure:Pest/Concerns/Testable::__callClosure():581}()
#49 C:/Users/paulb/Documents/GitHub/Educom-Trainee-Dashboard/DashboardAPI/vendor/pestphp/pest/src/Concerns/Testable.php(581): Pest/Support/ExceptionTrace::ensure(Object(Closure))
#50 C:/Users/paulb/Documents/GitHub/Educom-Trainee-Dashboard/DashboardAPI/vendor/pestphp/pest/src/Concerns/Testable.php(403): P/Tests/Feature/UsageTest->__callClosure(Object(Closure), Array)
#51 C:/Users/paulb/Documents/GitHub/Educom-Trainee-Dashboard/DashboardAPI/vendor/pestphp/pest/src/Factories/TestCaseFactory.php(175) : eval()'d code(17): P/Tests/Feature/UsageTest->__runTest(Object(Closure))
#52 C:/Users/paulb/Documents/GitHub/Educom-Trainee-Dashboard/DashboardAPI/vendor/phpunit/phpunit/src/Framework/TestCase.php(1318): P/Tests/Feature/UsageTest->__pest_evaluable_example()
#53 C:/Users/paulb/Documents/GitHub/Educom-Trainee-Dashboard/DashboardAPI/vendor/phpunit/phpunit/src/Framework/TestCase.php(1355): PHPUnit/Framework/TestCase->invokeTestMethod('__pest_evaluabl...', Array)
#54 C:/Users/paulb/Documents/GitHub/Educom-Trainee-Dashboard/DashboardAPI/vendor/phpunit/phpunit/src/Framework/TestCase.php(521): PHPUnit/Framework/TestCase->runTest()
#55 C:/Users/paulb/Documents/GitHub/Educom-Trainee-Dashboard/DashboardAPI/vendor/phpunit/phpunit/src/Framework/TestRunner/TestRunner.php(99): PHPUnit/Framework/TestCase->runBare()
#56 C:/Users/paulb/Documents/GitHub/Educom-Trainee-Dashboard/DashboardAPI/vendor/phpunit/phpunit/src/Framework/TestCase.php(361): PHPUnit/Framework/TestRunner->run(Object(P/Tests/Feature/UsageTest))
#57 C:/Users/paulb/Documents/GitHub/Educom-Trainee-Dashboard/DashboardAPI/vendor/phpunit/phpunit/src/Framework/TestSuite.php(374): PHPUnit/Framework/TestCase->run()
#58 C:/Users/paulb/Documents/GitHub/Educom-Trainee-Dashboard/DashboardAPI/vendor/phpunit/phpunit/src/Framework/TestSuite.php(374): PHPUnit/Framework/TestSuite->run()
#59 C:/Users/paulb/Documents/GitHub/Educom-Trainee-Dashboard/DashboardAPI/vendor/phpunit/phpunit/src/Framework/TestSuite.php(374): PHPUnit/Framework/TestSuite->run()
#60 C:/Users/paulb/Documents/GitHub/Educom-Trainee-Dashboard/DashboardAPI/vendor/phpunit/phpunit/src/TextUI/TestRunner.php(64): PHPUnit/Framework/TestSuite->run()
#61 C:/Users/paulb/Documents/GitHub/Educom-Trainee-Dashboard/DashboardAPI/vendor/phpunit/phpunit/src/TextUI/Application.php(229): PHPUnit/TextUI/TestRunner->run(Object(PHPUnit/TextUI/Configuration/Configuration), Object(PHPUnit/Runner/ResultCache/DefaultResultCache), Object(PHPUnit/Framework/TestSuite))
#62 C:/Users/paulb/Documents/GitHub/Educom-Trainee-Dashboard/DashboardAPI/vendor/pestphp/pest/src/Kernel.php(117): PHPUnit/TextUI/Application->run(Array)
#63 C:/Users/paulb/Documents/GitHub/Educom-Trainee-Dashboard/DashboardAPI/vendor/pestphp/pest/bin/pest(207): Pest/Kernel->handle(Array, Array)
#64 C:/Users/paulb/Documents/GitHub/Educom-Trainee-Dashboard/DashboardAPI/vendor/pestphp/pest/bin/pest(215): {closure:C:/Users/paulb/Documents/GitHub/Educom-Trainee-Dashboard/DashboardAPI/vendor/pestphp/pest/bin/pest:21}()
#65 {main}

[previous exception] [object] (PDOException(code: 0): could not find driver at C:/Users/paulb/Documents/GitHub/Educom-Trainee-Dashboard/DashboardAPI/vendor/laravel/framework/src/Illuminate/Database/Connectors/Connector.php:67)
[stacktrace]
#0 C:/Users/paulb/Documents/GitHub/Educom-Trainee-Dashboard/DashboardAPI/vendor/laravel/framework/src/Illuminate/Database/Connectors/Connector.php(67): PDO::connect('sqlite::memory:', NULL, Object(SensitiveParameterValue), Array)
#1 C:/Users/paulb/Documents/GitHub/Educom-Trainee-Dashboard/DashboardAPI/vendor/laravel/framework/src/Illuminate/Database/Connectors/Connector.php(44): Illuminate/Database/Connectors/Connector->createPdoConnection('sqlite::memory:', NULL, Object(SensitiveParameterValue), Array)
#2 C:/Users/paulb/Documents/GitHub/Educom-Trainee-Dashboard/DashboardAPI/vendor/laravel/framework/src/Illuminate/Database/Connectors/SQLiteConnector.php(21): Illuminate/Database/Connectors/Connector->createConnection('sqlite::memory:', Array, Array)
#3 C:/Users/paulb/Documents/GitHub/Educom-Trainee-Dashboard/DashboardAPI/vendor/laravel/framework/src/Illuminate/Database/Connectors/ConnectionFactory.php(259): Illuminate/Database/Connectors/SQLiteConnector->connect(Array)
#4 [internal function]: Illuminate/Database/Connectors/ConnectionFactory->{closure:Illuminate/Database/Connectors/ConnectionFactory::createPdoResolverWithoutHosts():259}()
#5 C:/Users/paulb/Documents/GitHub/Educom-Trainee-Dashboard/DashboardAPI/vendor/laravel/framework/src/Illuminate/Database/Connection.php(1297): call_user_func(Object(Closure))
#6 C:/Users/paulb/Documents/GitHub/Educom-Trainee-Dashboard/DashboardAPI/vendor/laravel/framework/src/Illuminate/Database/Connection.php(1335): Illuminate/Database/Connection->getPdo()
#7 C:/Users/paulb/Documents/GitHub/Educom-Trainee-Dashboard/DashboardAPI/vendor/laravel/framework/src/Illuminate/Database/Connection.php(542): Illuminate/Database/Connection->getReadPdo()
#8 C:/Users/paulb/Documents/GitHub/Educom-Trainee-Dashboard/DashboardAPI/vendor/laravel/framework/src/Illuminate/Database/Connection.php(435): Illuminate/Database/Connection->getPdoForSelect(true)
#9 C:/Users/paulb/Documents/GitHub/Educom-Trainee-Dashboard/DashboardAPI/vendor/laravel/framework/src/Illuminate/Database/Connection.php(846): Illuminate/Database/Connection->{closure:Illuminate/Database/Connection::select():426}('select * from \"...', Array)
#10 C:/Users/paulb/Documents/GitHub/Educom-Trainee-Dashboard/DashboardAPI/vendor/laravel/framework/src/Illuminate/Database/Connection.php(813): Illuminate/Database/Connection->runQueryCallback('select * from \"...', Array, Object(Closure))
#11 C:/Users/paulb/Documents/GitHub/Educom-Trainee-Dashboard/DashboardAPI/vendor/laravel/framework/src/Illuminate/Database/Connection.php(426): Illuminate/Database/Connection->run('select * from \"...', Array, Object(Closure))
#12 C:/Users/paulb/Documents/GitHub/Educom-Trainee-Dashboard/DashboardAPI/vendor/laravel/framework/src/Illuminate/Database/Query/Builder.php(3573): Illuminate/Database/Connection->select('select * from \"...', Array, true, Array)
#13 C:/Users/paulb/Documents/GitHub/Educom-Trainee-Dashboard/DashboardAPI/vendor/laravel/framework/src/Illuminate/Database/Query/Builder.php(3557): Illuminate/Database/Query/Builder->runSelect()
#14 C:/Users/paulb/Documents/GitHub/Educom-Trainee-Dashboard/DashboardAPI/vendor/laravel/framework/src/Illuminate/Database/Eloquent/Builder.php(908): Illuminate/Database/Query/Builder->get(Array)
#15 C:/Users/paulb/Documents/GitHub/Educom-Trainee-Dashboard/DashboardAPI/vendor/laravel/framework/src/Illuminate/Database/Eloquent/Builder.php(890): Illuminate/Database/Eloquent/Builder->getModels(Array)
#16 C:/Users/paulb/Documents/GitHub/Educom-Trainee-Dashboard/DashboardAPI/app/Http/Controllers/UserController.php(14): Illuminate/Database/Eloquent/Builder->get()
#17 C:/Users/paulb/Documents/GitHub/Educom-Trainee-Dashboard/DashboardAPI/vendor/laravel/framework/src/Illuminate/Routing/ControllerDispatcher.php(46): App/Http/Controllers/UserController->getUsers()
#18 C:/Users/paulb/Documents/GitHub/Educom-Trainee-Dashboard/DashboardAPI/vendor/laravel/framework/src/Illuminate/Routing/Route.php(275): Illuminate/Routing/ControllerDispatcher->dispatch(Object(Illuminate/Routing/Route), Object(App/Http/Controllers/UserController), 'getUsers')
#19 C:/Users/paulb/Documents/GitHub/Educom-Trainee-Dashboard/DashboardAPI/vendor/laravel/framework/src/Illuminate/Routing/Route.php(215): Illuminate/Routing/Route->runController()
#20 C:/Users/paulb/Documents/GitHub/Educom-Trainee-Dashboard/DashboardAPI/vendor/laravel/framework/src/Illuminate/Routing/Router.php(822): Illuminate/Routing/Route->run()
#21 C:/Users/paulb/Documents/GitHub/Educom-Trainee-Dashboard/DashboardAPI/vendor/laravel/framework/src/Illuminate/Pipeline/Pipeline.php(180): Illuminate/Routing/Router->{closure:Illuminate/Routing/Router::runRouteWithinStack():821}(Object(Illuminate/Http/Request))
#22 C:/Users/paulb/Documents/GitHub/Educom-Trainee-Dashboard/DashboardAPI/vendor/laravel/framework/src/Illuminate/Routing/Middleware/SubstituteBindings.php(52): Illuminate/Pipeline/Pipeline->{closure:Illuminate/Pipeline/Pipeline::prepareDestination():178}(Object(Illuminate/Http/Request))
#23 C:/Users/paulb/Documents/GitHub/Educom-Trainee-Dashboard/DashboardAPI/vendor/laravel/framework/src/Illuminate/Pipeline/Pipeline.php(219): Illuminate/Routing/Middleware/SubstituteBindings->handle(Object(Illuminate/Http/Request), Object(Closure))
#24 C:/Users/paulb/Documents/GitHub/Educom-Trainee-Dashboard/DashboardAPI/vendor/laravel/framework/src/Illuminate/Pipeline/Pipeline.php(137): Illuminate/Pipeline/Pipeline->{closure:{closure:Illuminate/Pipeline/Pipeline::carry():194}:195}(Object(Illuminate/Http/Request))
#25 C:/Users/paulb/Documents/GitHub/Educom-Trainee-Dashboard/DashboardAPI/vendor/laravel/framework/src/Illuminate/Routing/Router.php(821): Illuminate/Pipeline/Pipeline->then(Object(Closure))
#26 C:/Users/paulb/Documents/GitHub/Educom-Trainee-Dashboard/DashboardAPI/vendor/laravel/framework/src/Illuminate/Routing/Router.php(800): Illuminate/Routing/Router->runRouteWithinStack(Object(Illuminate/Routing/Route), Object(Illuminate/Http/Request))
#27 C:/Users/paulb/Documents/GitHub/Educom-Trainee-Dashboard/DashboardAPI/vendor/laravel/framework/src/Illuminate/Routing/Router.php(764): Illuminate/Routing/Router->runRoute(Object(Illuminate/Http/Request), Object(Illuminate/Routing/Route))
#28 C:/Users/paulb/Documents/GitHub/Educom-Trainee-Dashboard/DashboardAPI/vendor/laravel/framework/src/Illuminate/Routing/Router.php(753): Illuminate/Routing/Router->dispatchToRoute(Object(Illuminate/Http/Request))
#29 C:/Users/paulb/Documents/GitHub/Educom-Trainee-Dashboard/DashboardAPI/vendor/laravel/framework/src/Illuminate/Foundation/Http/Kernel.php(200): Illuminate/Routing/Router->dispatch(Object(Illuminate/Http/Request))
#30 C:/Users/paulb/Documents/GitHub/Educom-Trainee-Dashboard/DashboardAPI/vendor/laravel/framework/src/Illuminate/Pipeline/Pipeline.php(180): Illuminate/Foundation/Http/Kernel->{closure:Illuminate/Foundation/Http/Kernel::dispatchToRouter():197}(Object(Illuminate/Http/Request))
#31 C:/Users/paulb/Documents/GitHub/Educom-Trainee-Dashboard/DashboardAPI/vendor/laravel/framework/src/Illuminate/Foundation/Http/Middleware/TransformsRequest.php(21): Illuminate/Pipeline/Pipeline->{closure:Illuminate/Pipeline/Pipeline::prepareDestination():178}(Object(Illuminate/Http/Request))
#32 C:/Users/paulb/Documents/GitHub/Educom-Trainee-Dashboard/DashboardAPI/vendor/laravel/framework/src/Illuminate/Foundation/Http/Middleware/ConvertEmptyStringsToNull.php(31): Illuminate/Foundation/Http/Middleware/TransformsRequest->handle(Object(Illuminate/Http/Request), Object(Closure))
#33 C:/Users/paulb/Documents/GitHub/Educom-Trainee-Dashboard/DashboardAPI/vendor/laravel/framework/src/Illuminate/Pipeline/Pipeline.php(219): Illuminate/Foundation/Http/Middleware/ConvertEmptyStringsToNull->handle(Object(Illuminate/Http/Request), Object(Closure))
#34 C:/Users/paulb/Documents/GitHub/Educom-Trainee-Dashboard/DashboardAPI/vendor/laravel/framework/src/Illuminate/Foundation/Http/Middleware/TransformsRequest.php(21): Illuminate/Pipeline/Pipeline->{closure:{closure:Illuminate/Pipeline/Pipeline::carry():194}:195}(Object(Illuminate/Http/Request))
#35 C:/Users/paulb/Documents/GitHub/Educom-Trainee-Dashboard/DashboardAPI/vendor/laravel/framework/src/Illuminate/Foundation/Http/Middleware/TrimStrings.php(51): Illuminate/Foundation/Http/Middleware/TransformsRequest->handle(Object(Illuminate/Http/Request), Object(Closure))
#36 C:/Users/paulb/Documents/GitHub/Educom-Trainee-Dashboard/DashboardAPI/vendor/laravel/framework/src/Illuminate/Pipeline/Pipeline.php(219): Illuminate/Foundation/Http/Middleware/TrimStrings->handle(Object(Illuminate/Http/Request), Object(Closure))
#37 C:/Users/paulb/Documents/GitHub/Educom-Trainee-Dashboard/DashboardAPI/vendor/laravel/framework/src/Illuminate/Http/Middleware/ValidatePostSize.php(27): Illuminate/Pipeline/Pipeline->{closure:{closure:Illuminate/Pipeline/Pipeline::carry():194}:195}(Object(Illuminate/Http/Request))
#38 C:/Users/paulb/Documents/GitHub/Educom-Trainee-Dashboard/DashboardAPI/vendor/laravel/framework/src/Illuminate/Pipeline/Pipeline.php(219): Illuminate/Http/Middleware/ValidatePostSize->handle(Object(Illuminate/Http/Request), Object(Closure))
#39 C:/Users/paulb/Documents/GitHub/Educom-Trainee-Dashboard/DashboardAPI/vendor/laravel/framework/src/Illuminate/Foundation/Http/Middleware/PreventRequestsDuringMaintenance.php(109): Illuminate/Pipeline/Pipeline->{closure:{closure:Illuminate/Pipeline/Pipeline::carry():194}:195}(Object(Illuminate/Http/Request))
#40 C:/Users/paulb/Documents/GitHub/Educom-Trainee-Dashboard/DashboardAPI/vendor/laravel/framework/src/Illuminate/Pipeline/Pipeline.php(219): Illuminate/Foundation/Http/Middleware/PreventRequestsDuringMaintenance->handle(Object(Illuminate/Http/Request), Object(Closure))
#41 C:/Users/paulb/Documents/GitHub/Educom-Trainee-Dashboard/DashboardAPI/vendor/laravel/framework/src/Illuminate/Http/Middleware/HandleCors.php(74): Illuminate/Pipeline/Pipeline->{closure:{closure:Illuminate/Pipeline/Pipeline::carry():194}:195}(Object(Illuminate/Http/Request))
#42 C:/Users/paulb/Documents/GitHub/Educom-Trainee-Dashboard/DashboardAPI/vendor/laravel/framework/src/Illuminate/Pipeline/Pipeline.php(219): Illuminate/Http/Middleware/HandleCors->handle(Object(Illuminate/Http/Request), Object(Closure))
#43 C:/Users/paulb/Documents/GitHub/Educom-Trainee-Dashboard/DashboardAPI/vendor/laravel/framework/src/Illuminate/Http/Middleware/TrustProxies.php(58): Illuminate/Pipeline/Pipeline->{closure:{closure:Illuminate/Pipeline/Pipeline::carry():194}:195}(Object(Illuminate/Http/Request))
#44 C:/Users/paulb/Documents/GitHub/Educom-Trainee-Dashboard/DashboardAPI/vendor/laravel/framework/src/Illuminate/Pipeline/Pipeline.php(219): Illuminate/Http/Middleware/TrustProxies->handle(Object(Illuminate/Http/Request), Object(Closure))
#45 C:/Users/paulb/Documents/GitHub/Educom-Trainee-Dashboard/DashboardAPI/vendor/laravel/framework/src/Illuminate/Foundation/Http/Middleware/InvokeDeferredCallbacks.php(22): Illuminate/Pipeline/Pipeline->{closure:{closure:Illuminate/Pipeline/Pipeline::carry():194}:195}(Object(Illuminate/Http/Request))
#46 C:/Users/paulb/Documents/GitHub/Educom-Trainee-Dashboard/DashboardAPI/vendor/laravel/framework/src/Illuminate/Pipeline/Pipeline.php(219): Illuminate/Foundation/Http/Middleware/InvokeDeferredCallbacks->handle(Object(Illuminate/Http/Request), Object(Closure))
#47 C:/Users/paulb/Documents/GitHub/Educom-Trainee-Dashboard/DashboardAPI/vendor/laravel/framework/src/Illuminate/Http/Middleware/ValidatePathEncoding.php(28): Illuminate/Pipeline/Pipeline->{closure:{closure:Illuminate/Pipeline/Pipeline::carry():194}:195}(Object(Illuminate/Http/Request))
#48 C:/Users/paulb/Documents/GitHub/Educom-Trainee-Dashboard/DashboardAPI/vendor/laravel/framework/src/Illuminate/Pipeline/Pipeline.php(219): Illuminate/Http/Middleware/ValidatePathEncoding->handle(Object(Illuminate/Http/Request), Object(Closure))
#49 C:/Users/paulb/Documents/GitHub/Educom-Trainee-Dashboard/DashboardAPI/vendor/laravel/framework/src/Illuminate/Pipeline/Pipeline.php(137): Illuminate/Pipeline/Pipeline->{closure:{closure:Illuminate/Pipeline/Pipeline::carry():194}:195}(Object(Illuminate/Http/Request))
#50 C:/Users/paulb/Documents/GitHub/Educom-Trainee-Dashboard/DashboardAPI/vendor/laravel/framework/src/Illuminate/Foundation/Http/Kernel.php(175): Illuminate/Pipeline/Pipeline->then(Object(Closure))
#51 C:/Users/paulb/Documents/GitHub/Educom-Trainee-Dashboard/DashboardAPI/vendor/laravel/framework/src/Illuminate/Foundation/Http/Kernel.php(144): Illuminate/Foundation/Http/Kernel->sendRequestThroughRouter(Object(Illuminate/Http/Request))
#52 C:/Users/paulb/Documents/GitHub/Educom-Trainee-Dashboard/DashboardAPI/vendor/laravel/framework/src/Illuminate/Foundation/Testing/Concerns/MakesHttpRequests.php(607): Illuminate/Foundation/Http/Kernel->handle(Object(Illuminate/Http/Request))
#53 C:/Users/paulb/Documents/GitHub/Educom-Trainee-Dashboard/DashboardAPI/vendor/laravel/framework/src/Illuminate/Foundation/Testing/Concerns/MakesHttpRequests.php(368): Illuminate/Foundation/Testing/TestCase->call('GET', '/api/users', Array, Array, Array, Array)
#54 C:/Users/paulb/Documents/GitHub/Educom-Trainee-Dashboard/DashboardAPI/tests/Feature/UsageTest.php(4): Illuminate/Foundation/Testing/TestCase->get('/api/users')
#55 C:/Users/paulb/Documents/GitHub/Educom-Trainee-Dashboard/DashboardAPI/vendor/pestphp/pest/src/Factories/TestCaseMethodFactory.php(177): P/Tests/Feature/UsageTest->{closure:C:/Users/paulb/Documents/GitHub/Educom-Trainee-Dashboard/DashboardAPI/tests/Feature/UsageTest.php:3}()
#56 [internal function]: P/Tests/Feature/UsageTest->{closure:Pest/Factories/TestCaseMethodFactory::getClosure():167}()
#57 C:/Users/paulb/Documents/GitHub/Educom-Trainee-Dashboard/DashboardAPI/vendor/pestphp/pest/src/Concerns/Testable.php(581): call_user_func_array(Object(Closure), Array)
#58 C:/Users/paulb/Documents/GitHub/Educom-Trainee-Dashboard/DashboardAPI/vendor/pestphp/pest/src/Support/ExceptionTrace.php(26): P/Tests/Feature/UsageTest->{closure:Pest/Concerns/Testable::__callClosure():581}()
#59 C:/Users/paulb/Documents/GitHub/Educom-Trainee-Dashboard/DashboardAPI/vendor/pestphp/pest/src/Concerns/Testable.php(581): Pest/Support/ExceptionTrace::ensure(Object(Closure))
#60 C:/Users/paulb/Documents/GitHub/Educom-Trainee-Dashboard/DashboardAPI/vendor/pestphp/pest/src/Concerns/Testable.php(403): P/Tests/Feature/UsageTest->__callClosure(Object(Closure), Array)
#61 C:/Users/paulb/Documents/GitHub/Educom-Trainee-Dashboard/DashboardAPI/vendor/pestphp/pest/src/Factories/TestCaseFactory.php(175) : eval()'d code(17): P/Tests/Feature/UsageTest->__runTest(Object(Closure))
#62 C:/Users/paulb/Documents/GitHub/Educom-Trainee-Dashboard/DashboardAPI/vendor/phpunit/phpunit/src/Framework/TestCase.php(1318): P/Tests/Feature/UsageTest->__pest_evaluable_example()
#63 C:/Users/paulb/Documents/GitHub/Educom-Trainee-Dashboard/DashboardAPI/vendor/phpunit/phpunit/src/Framework/TestCase.php(1355): PHPUnit/Framework/TestCase->invokeTestMethod('__pest_evaluabl...', Array)
#64 C:/Users/paulb/Documents/GitHub/Educom-Trainee-Dashboard/DashboardAPI/vendor/phpunit/phpunit/src/Framework/TestCase.php(521): PHPUnit/Framework/TestCase->runTest()
#65 C:/Users/paulb/Documents/GitHub/Educom-Trainee-Dashboard/DashboardAPI/vendor/phpunit/phpunit/src/Framework/TestRunner/TestRunner.php(99): PHPUnit/Framework/TestCase->runBare()
#66 C:/Users/paulb/Documents/GitHub/Educom-Trainee-Dashboard/DashboardAPI/vendor/phpunit/phpunit/src/Framework/TestCase.php(361): PHPUnit/Framework/TestRunner->run(Object(P/Tests/Feature/UsageTest))
#67 C:/Users/paulb/Documents/GitHub/Educom-Trainee-Dashboard/DashboardAPI/vendor/phpunit/phpunit/src/Framework/TestSuite.php(374): PHPUnit/Framework/TestCase->run()
#68 C:/Users/paulb/Documents/GitHub/Educom-Trainee-Dashboard/DashboardAPI/vendor/phpunit/phpunit/src/Framework/TestSuite.php(374): PHPUnit/Framework/TestSuite->run()
#69 C:/Users/paulb/Documents/GitHub/Educom-Trainee-Dashboard/DashboardAPI/vendor/phpunit/phpunit/src/Framework/TestSuite.php(374): PHPUnit/Framework/TestSuite->run()
#70 C:/Users/paulb/Documents/GitHub/Educom-Trainee-Dashboard/DashboardAPI/vendor/phpunit/phpunit/src/TextUI/TestRunner.php(64): PHPUnit/Framework/TestSuite->run()
#71 C:/Users/paulb/Documents/GitHub/Educom-Trainee-Dashboard/DashboardAPI/vendor/phpunit/phpunit/src/TextUI/Application.php(229): PHPUnit/TextUI/TestRunner->run(Object(PHPUnit/TextUI/Configuration/Configuration), Object(PHPUnit/Runner/ResultCache/DefaultResultCache), Object(PHPUnit/Framework/TestSuite))
#72 C:/Users/paulb/Documents/GitHub/Educom-Trainee-Dashboard/DashboardAPI/vendor/pestphp/pest/src/Kernel.php(117): PHPUnit/TextUI/Application->run(Array)
#73 C:/Users/paulb/Documents/GitHub/Educom-Trainee-Dashboard/DashboardAPI/vendor/pestphp/pest/bin/pest(207): Pest/Kernel->handle(Array, Array)
#74 C:/Users/paulb/Documents/GitHub/Educom-Trainee-Dashboard/DashboardAPI/vendor/pestphp/pest/bin/pest(215): {closure:C:/Users/paulb/Documents/GitHub/Educom-Trainee-Dashboard/DashboardAPI/vendor/pestphp/pest/bin/pest:21}()
#75 {main}
"} 
[2026-07-20 09:36:35] testing.ERROR: could not find driver (Connection: sqlite, Database: :memory:, SQL: select * from "users" order by "created_at" desc) {"exception":"[object] (Illuminate\\Database\\QueryException(code: 0): could not find driver (Connection: sqlite, Database: :memory:, SQL: select * from \"users\" order by \"created_at\" desc) at C:/Users/paulb/Documents/GitHub/Educom-Trainee-Dashboard/DashboardAPI/vendor/laravel/framework/src/Illuminate/Database/Connection.php:857)
[stacktrace]
#0 C:/Users/paulb/Documents/GitHub/Educom-Trainee-Dashboard/DashboardAPI/vendor/laravel/framework/src/Illuminate/Database/Connection.php(813): Illuminate/Database/Connection->runQueryCallback('select * from \"...', Array, Object(Closure))
#1 C:/Users/paulb/Documents/GitHub/Educom-Trainee-Dashboard/DashboardAPI/vendor/laravel/framework/src/Illuminate/Database/Connection.php(426): Illuminate/Database/Connection->run('select * from \"...', Array, Object(Closure))
#2 C:/Users/paulb/Documents/GitHub/Educom-Trainee-Dashboard/DashboardAPI/vendor/laravel/framework/src/Illuminate/Database/Query/Builder.php(3573): Illuminate/Database/Connection->select('select * from \"...', Array, true, Array)
#3 C:/Users/paulb/Documents/GitHub/Educom-Trainee-Dashboard/DashboardAPI/vendor/laravel/framework/src/Illuminate/Database/Query/Builder.php(3557): Illuminate/Database/Query/Builder->runSelect()
#4 C:/Users/paulb/Documents/GitHub/Educom-Trainee-Dashboard/DashboardAPI/vendor/laravel/framework/src/Illuminate/Database/Eloquent/Builder.php(908): Illuminate/Database/Query/Builder->get(Array)
#5 C:/Users/paulb/Documents/GitHub/Educom-Trainee-Dashboard/DashboardAPI/vendor/laravel/framework/src/Illuminate/Database/Eloquent/Builder.php(890): Illuminate/Database/Eloquent/Builder->getModels(Array)
#6 C:/Users/paulb/Documents/GitHub/Educom-Trainee-Dashboard/DashboardAPI/app/Http/Controllers/UserController.php(14): Illuminate/Database/Eloquent/Builder->get()
#7 C:/Users/paulb/Documents/GitHub/Educom-Trainee-Dashboard/DashboardAPI/vendor/laravel/framework/src/Illuminate/Routing/ControllerDispatcher.php(46): App/Http/Controllers/UserController->getUsers()
#8 C:/Users/paulb/Documents/GitHub/Educom-Trainee-Dashboard/DashboardAPI/vendor/laravel/framework/src/Illuminate/Routing/Route.php(275): Illuminate/Routing/ControllerDispatcher->dispatch(Object(Illuminate/Routing/Route), Object(App/Http/Controllers/UserController), 'getUsers')
#9 C:/Users/paulb/Documents/GitHub/Educom-Trainee-Dashboard/DashboardAPI/vendor/laravel/framework/src/Illuminate/Routing/Route.php(215): Illuminate/Routing/Route->runController()
#10 C:/Users/paulb/Documents/GitHub/Educom-Trainee-Dashboard/DashboardAPI/vendor/laravel/framework/src/Illuminate/Routing/Router.php(822): Illuminate/Routing/Route->run()
#11 C:/Users/paulb/Documents/GitHub/Educom-Trainee-Dashboard/DashboardAPI/vendor/laravel/framework/src/Illuminate/Pipeline/Pipeline.php(180): Illuminate/Routing/Router->{closure:Illuminate/Routing/Router::runRouteWithinStack():821}(Object(Illuminate/Http/Request))
#12 C:/Users/paulb/Documents/GitHub/Educom-Trainee-Dashboard/DashboardAPI/vendor/laravel/framework/src/Illuminate/Routing/Middleware/SubstituteBindings.php(52): Illuminate/Pipeline/Pipeline->{closure:Illuminate/Pipeline/Pipeline::prepareDestination():178}(Object(Illuminate/Http/Request))
#13 C:/Users/paulb/Documents/GitHub/Educom-Trainee-Dashboard/DashboardAPI/vendor/laravel/framework/src/Illuminate/Pipeline/Pipeline.php(219): Illuminate/Routing/Middleware/SubstituteBindings->handle(Object(Illuminate/Http/Request), Object(Closure))
#14 C:/Users/paulb/Documents/GitHub/Educom-Trainee-Dashboard/DashboardAPI/vendor/laravel/framework/src/Illuminate/Pipeline/Pipeline.php(137): Illuminate/Pipeline/Pipeline->{closure:{closure:Illuminate/Pipeline/Pipeline::carry():194}:195}(Object(Illuminate/Http/Request))
#15 C:/Users/paulb/Documents/GitHub/Educom-Trainee-Dashboard/DashboardAPI/vendor/laravel/framework/src/Illuminate/Routing/Router.php(821): Illuminate/Pipeline/Pipeline->then(Object(Closure))
#16 C:/Users/paulb/Documents/GitHub/Educom-Trainee-Dashboard/DashboardAPI/vendor/laravel/framework/src/Illuminate/Routing/Router.php(800): Illuminate/Routing/Router->runRouteWithinStack(Object(Illuminate/Routing/Route), Object(Illuminate/Http/Request))
#17 C:/Users/paulb/Documents/GitHub/Educom-Trainee-Dashboard/DashboardAPI/vendor/laravel/framework/src/Illuminate/Routing/Router.php(764): Illuminate/Routing/Router->runRoute(Object(Illuminate/Http/Request), Object(Illuminate/Routing/Route))
#18 C:/Users/paulb/Documents/GitHub/Educom-Trainee-Dashboard/DashboardAPI/vendor/laravel/framework/src/Illuminate/Routing/Router.php(753): Illuminate/Routing/Router->dispatchToRoute(Object(Illuminate/Http/Request))
#19 C:/Users/paulb/Documents/GitHub/Educom-Trainee-Dashboard/DashboardAPI/vendor/laravel/framework/src/Illuminate/Foundation/Http/Kernel.php(200): Illuminate/Routing/Router->dispatch(Object(Illuminate/Http/Request))
#20 C:/Users/paulb/Documents/GitHub/Educom-Trainee-Dashboard/DashboardAPI/vendor/laravel/framework/src/Illuminate/Pipeline/Pipeline.php(180): Illuminate/Foundation/Http/Kernel->{closure:Illuminate/Foundation/Http/Kernel::dispatchToRouter():197}(Object(Illuminate/Http/Request))
#21 C:/Users/paulb/Documents/GitHub/Educom-Trainee-Dashboard/DashboardAPI/vendor/laravel/framework/src/Illuminate/Foundation/Http/Middleware/TransformsRequest.php(21): Illuminate/Pipeline/Pipeline->{closure:Illuminate/Pipeline/Pipeline::prepareDestination():178}(Object(Illuminate/Http/Request))
#22 C:/Users/paulb/Documents/GitHub/Educom-Trainee-Dashboard/DashboardAPI/vendor/laravel/framework/src/Illuminate/Foundation/Http/Middleware/ConvertEmptyStringsToNull.php(31): Illuminate/Foundation/Http/Middleware/TransformsRequest->handle(Object(Illuminate/Http/Request), Object(Closure))
#23 C:/Users/paulb/Documents/GitHub/Educom-Trainee-Dashboard/DashboardAPI/vendor/laravel/framework/src/Illuminate/Pipeline/Pipeline.php(219): Illuminate/Foundation/Http/Middleware/ConvertEmptyStringsToNull->handle(Object(Illuminate/Http/Request), Object(Closure))
#24 C:/Users/paulb/Documents/GitHub/Educom-Trainee-Dashboard/DashboardAPI/vendor/laravel/framework/src/Illuminate/Foundation/Http/Middleware/TransformsRequest.php(21): Illuminate/Pipeline/Pipeline->{closure:{closure:Illuminate/Pipeline/Pipeline::carry():194}:195}(Object(Illuminate/Http/Request))
#25 C:/Users/paulb/Documents/GitHub/Educom-Trainee-Dashboard/DashboardAPI/vendor/laravel/framework/src/Illuminate/Foundation/Http/Middleware/TrimStrings.php(51): Illuminate/Foundation/Http/Middleware/TransformsRequest->handle(Object(Illuminate/Http/Request), Object(Closure))
#26 C:/Users/paulb/Documents/GitHub/Educom-Trainee-Dashboard/DashboardAPI/vendor/laravel/framework/src/Illuminate/Pipeline/Pipeline.php(219): Illuminate/Foundation/Http/Middleware/TrimStrings->handle(Object(Illuminate/Http/Request), Object(Closure))
#27 C:/Users/paulb/Documents/GitHub/Educom-Trainee-Dashboard/DashboardAPI/vendor/laravel/framework/src/Illuminate/Http/Middleware/ValidatePostSize.php(27): Illuminate/Pipeline/Pipeline->{closure:{closure:Illuminate/Pipeline/Pipeline::carry():194}:195}(Object(Illuminate/Http/Request))
#28 C:/Users/paulb/Documents/GitHub/Educom-Trainee-Dashboard/DashboardAPI/vendor/laravel/framework/src/Illuminate/Pipeline/Pipeline.php(219): Illuminate/Http/Middleware/ValidatePostSize->handle(Object(Illuminate/Http/Request), Object(Closure))
#29 C:/Users/paulb/Documents/GitHub/Educom-Trainee-Dashboard/DashboardAPI/vendor/laravel/framework/src/Illuminate/Foundation/Http/Middleware/PreventRequestsDuringMaintenance.php(109): Illuminate/Pipeline/Pipeline->{closure:{closure:Illuminate/Pipeline/Pipeline::carry():194}:195}(Object(Illuminate/Http/Request))
#30 C:/Users/paulb/Documents/GitHub/Educom-Trainee-Dashboard/DashboardAPI/vendor/laravel/framework/src/Illuminate/Pipeline/Pipeline.php(219): Illuminate/Foundation/Http/Middleware/PreventRequestsDuringMaintenance->handle(Object(Illuminate/Http/Request), Object(Closure))
#31 C:/Users/paulb/Documents/GitHub/Educom-Trainee-Dashboard/DashboardAPI/vendor/laravel/framework/src/Illuminate/Http/Middleware/HandleCors.php(74): Illuminate/Pipeline/Pipeline->{closure:{closure:Illuminate/Pipeline/Pipeline::carry():194}:195}(Object(Illuminate/Http/Request))
#32 C:/Users/paulb/Documents/GitHub/Educom-Trainee-Dashboard/DashboardAPI/vendor/laravel/framework/src/Illuminate/Pipeline/Pipeline.php(219): Illuminate/Http/Middleware/HandleCors->handle(Object(Illuminate/Http/Request), Object(Closure))
#33 C:/Users/paulb/Documents/GitHub/Educom-Trainee-Dashboard/DashboardAPI/vendor/laravel/framework/src/Illuminate/Http/Middleware/TrustProxies.php(58): Illuminate/Pipeline/Pipeline->{closure:{closure:Illuminate/Pipeline/Pipeline::carry():194}:195}(Object(Illuminate/Http/Request))
#34 C:/Users/paulb/Documents/GitHub/Educom-Trainee-Dashboard/DashboardAPI/vendor/laravel/framework/src/Illuminate/Pipeline/Pipeline.php(219): Illuminate/Http/Middleware/TrustProxies->handle(Object(Illuminate/Http/Request), Object(Closure))
#35 C:/Users/paulb/Documents/GitHub/Educom-Trainee-Dashboard/DashboardAPI/vendor/laravel/framework/src/Illuminate/Foundation/Http/Middleware/InvokeDeferredCallbacks.php(22): Illuminate/Pipeline/Pipeline->{closure:{closure:Illuminate/Pipeline/Pipeline::carry():194}:195}(Object(Illuminate/Http/Request))
#36 C:/Users/paulb/Documents/GitHub/Educom-Trainee-Dashboard/DashboardAPI/vendor/laravel/framework/src/Illuminate/Pipeline/Pipeline.php(219): Illuminate/Foundation/Http/Middleware/InvokeDeferredCallbacks->handle(Object(Illuminate/Http/Request), Object(Closure))
#37 C:/Users/paulb/Documents/GitHub/Educom-Trainee-Dashboard/DashboardAPI/vendor/laravel/framework/src/Illuminate/Http/Middleware/ValidatePathEncoding.php(28): Illuminate/Pipeline/Pipeline->{closure:{closure:Illuminate/Pipeline/Pipeline::carry():194}:195}(Object(Illuminate/Http/Request))
#38 C:/Users/paulb/Documents/GitHub/Educom-Trainee-Dashboard/DashboardAPI/vendor/laravel/framework/src/Illuminate/Pipeline/Pipeline.php(219): Illuminate/Http/Middleware/ValidatePathEncoding->handle(Object(Illuminate/Http/Request), Object(Closure))
#39 C:/Users/paulb/Documents/GitHub/Educom-Trainee-Dashboard/DashboardAPI/vendor/laravel/framework/src/Illuminate/Pipeline/Pipeline.php(137): Illuminate/Pipeline/Pipeline->{closure:{closure:Illuminate/Pipeline/Pipeline::carry():194}:195}(Object(Illuminate/Http/Request))
#40 C:/Users/paulb/Documents/GitHub/Educom-Trainee-Dashboard/DashboardAPI/vendor/laravel/framework/src/Illuminate/Foundation/Http/Kernel.php(175): Illuminate/Pipeline/Pipeline->then(Object(Closure))
#41 C:/Users/paulb/Documents/GitHub/Educom-Trainee-Dashboard/DashboardAPI/vendor/laravel/framework/src/Illuminate/Foundation/Http/Kernel.php(144): Illuminate/Foundation/Http/Kernel->sendRequestThroughRouter(Object(Illuminate/Http/Request))
#42 C:/Users/paulb/Documents/GitHub/Educom-Trainee-Dashboard/DashboardAPI/vendor/laravel/framework/src/Illuminate/Foundation/Testing/Concerns/MakesHttpRequests.php(607): Illuminate/Foundation/Http/Kernel->handle(Object(Illuminate/Http/Request))
#43 C:/Users/paulb/Documents/GitHub/Educom-Trainee-Dashboard/DashboardAPI/vendor/laravel/framework/src/Illuminate/Foundation/Testing/Concerns/MakesHttpRequests.php(368): Illuminate/Foundation/Testing/TestCase->call('GET', '/api/users', Array, Array, Array, Array)
#44 C:/Users/paulb/Documents/GitHub/Educom-Trainee-Dashboard/DashboardAPI/tests/Feature/UsageTest.php(4): Illuminate/Foundation/Testing/TestCase->get('/api/users')
#45 C:/Users/paulb/Documents/GitHub/Educom-Trainee-Dashboard/DashboardAPI/vendor/pestphp/pest/src/Factories/TestCaseMethodFactory.php(177): P/Tests/Feature/UsageTest->{closure:C:/Users/paulb/Documents/GitHub/Educom-Trainee-Dashboard/DashboardAPI/tests/Feature/UsageTest.php:3}()
#46 [internal function]: P/Tests/Feature/UsageTest->{closure:Pest/Factories/TestCaseMethodFactory::getClosure():167}()
#47 C:/Users/paulb/Documents/GitHub/Educom-Trainee-Dashboard/DashboardAPI/vendor/pestphp/pest/src/Concerns/Testable.php(581): call_user_func_array(Object(Closure), Array)
#48 C:/Users/paulb/Documents/GitHub/Educom-Trainee-Dashboard/DashboardAPI/vendor/pestphp/pest/src/Support/ExceptionTrace.php(26): P/Tests/Feature/UsageTest->{closure:Pest/Concerns/Testable::__callClosure():581}()
#49 C:/Users/paulb/Documents/GitHub/Educom-Trainee-Dashboard/DashboardAPI/vendor/pestphp/pest/src/Concerns/Testable.php(581): Pest/Support/ExceptionTrace::ensure(Object(Closure))
#50 C:/Users/paulb/Documents/GitHub/Educom-Trainee-Dashboard/DashboardAPI/vendor/pestphp/pest/src/Concerns/Testable.php(403): P/Tests/Feature/UsageTest->__callClosure(Object(Closure), Array)
#51 C:/Users/paulb/Documents/GitHub/Educom-Trainee-Dashboard/DashboardAPI/vendor/pestphp/pest/src/Factories/TestCaseFactory.php(175) : eval()'d code(17): P/Tests/Feature/UsageTest->__runTest(Object(Closure))
#52 C:/Users/paulb/Documents/GitHub/Educom-Trainee-Dashboard/DashboardAPI/vendor/phpunit/phpunit/src/Framework/TestCase.php(1318): P/Tests/Feature/UsageTest->__pest_evaluable_example()
#53 C:/Users/paulb/Documents/GitHub/Educom-Trainee-Dashboard/DashboardAPI/vendor/phpunit/phpunit/src/Framework/TestCase.php(1355): PHPUnit/Framework/TestCase->invokeTestMethod('__pest_evaluabl...', Array)
#54 C:/Users/paulb/Documents/GitHub/Educom-Trainee-Dashboard/DashboardAPI/vendor/phpunit/phpunit/src/Framework/TestCase.php(521): PHPUnit/Framework/TestCase->runTest()
#55 C:/Users/paulb/Documents/GitHub/Educom-Trainee-Dashboard/DashboardAPI/vendor/phpunit/phpunit/src/Framework/TestRunner/TestRunner.php(99): PHPUnit/Framework/TestCase->runBare()
#56 C:/Users/paulb/Documents/GitHub/Educom-Trainee-Dashboard/DashboardAPI/vendor/phpunit/phpunit/src/Framework/TestCase.php(361): PHPUnit/Framework/TestRunner->run(Object(P/Tests/Feature/UsageTest))
#57 C:/Users/paulb/Documents/GitHub/Educom-Trainee-Dashboard/DashboardAPI/vendor/phpunit/phpunit/src/Framework/TestSuite.php(374): PHPUnit/Framework/TestCase->run()
#58 C:/Users/paulb/Documents/GitHub/Educom-Trainee-Dashboard/DashboardAPI/vendor/phpunit/phpunit/src/Framework/TestSuite.php(374): PHPUnit/Framework/TestSuite->run()
#59 C:/Users/paulb/Documents/GitHub/Educom-Trainee-Dashboard/DashboardAPI/vendor/phpunit/phpunit/src/Framework/TestSuite.php(374): PHPUnit/Framework/TestSuite->run()
#60 C:/Users/paulb/Documents/GitHub/Educom-Trainee-Dashboard/DashboardAPI/vendor/phpunit/phpunit/src/TextUI/TestRunner.php(64): PHPUnit/Framework/TestSuite->run()
#61 C:/Users/paulb/Documents/GitHub/Educom-Trainee-Dashboard/DashboardAPI/vendor/phpunit/phpunit/src/TextUI/Application.php(229): PHPUnit/TextUI/TestRunner->run(Object(PHPUnit/TextUI/Configuration/Configuration), Object(PHPUnit/Runner/ResultCache/DefaultResultCache), Object(PHPUnit/Framework/TestSuite))
#62 C:/Users/paulb/Documents/GitHub/Educom-Trainee-Dashboard/DashboardAPI/vendor/pestphp/pest/src/Kernel.php(117): PHPUnit/TextUI/Application->run(Array)
#63 C:/Users/paulb/Documents/GitHub/Educom-Trainee-Dashboard/DashboardAPI/vendor/pestphp/pest/bin/pest(207): Pest/Kernel->handle(Array, Array)
#64 C:/Users/paulb/Documents/GitHub/Educom-Trainee-Dashboard/DashboardAPI/vendor/pestphp/pest/bin/pest(215): {closure:C:/Users/paulb/Documents/GitHub/Educom-Trainee-Dashboard/DashboardAPI/vendor/pestphp/pest/bin/pest:21}()
#65 {main}

[previous exception] [object] (PDOException(code: 0): could not find driver at C:/Users/paulb/Documents/GitHub/Educom-Trainee-Dashboard/DashboardAPI/vendor/laravel/framework/src/Illuminate/Database/Connectors/Connector.php:67)
[stacktrace]
#0 C:/Users/paulb/Documents/GitHub/Educom-Trainee-Dashboard/DashboardAPI/vendor/laravel/framework/src/Illuminate/Database/Connectors/Connector.php(67): PDO::connect('sqlite::memory:', NULL, Object(SensitiveParameterValue), Array)
#1 C:/Users/paulb/Documents/GitHub/Educom-Trainee-Dashboard/DashboardAPI/vendor/laravel/framework/src/Illuminate/Database/Connectors/Connector.php(44): Illuminate/Database/Connectors/Connector->createPdoConnection('sqlite::memory:', NULL, Object(SensitiveParameterValue), Array)
#2 C:/Users/paulb/Documents/GitHub/Educom-Trainee-Dashboard/DashboardAPI/vendor/laravel/framework/src/Illuminate/Database/Connectors/SQLiteConnector.php(21): Illuminate/Database/Connectors/Connector->createConnection('sqlite::memory:', Array, Array)
#3 C:/Users/paulb/Documents/GitHub/Educom-Trainee-Dashboard/DashboardAPI/vendor/laravel/framework/src/Illuminate/Database/Connectors/ConnectionFactory.php(259): Illuminate/Database/Connectors/SQLiteConnector->connect(Array)
#4 [internal function]: Illuminate/Database/Connectors/ConnectionFactory->{closure:Illuminate/Database/Connectors/ConnectionFactory::createPdoResolverWithoutHosts():259}()
#5 C:/Users/paulb/Documents/GitHub/Educom-Trainee-Dashboard/DashboardAPI/vendor/laravel/framework/src/Illuminate/Database/Connection.php(1297): call_user_func(Object(Closure))
#6 C:/Users/paulb/Documents/GitHub/Educom-Trainee-Dashboard/DashboardAPI/vendor/laravel/framework/src/Illuminate/Database/Connection.php(1335): Illuminate/Database/Connection->getPdo()
#7 C:/Users/paulb/Documents/GitHub/Educom-Trainee-Dashboard/DashboardAPI/vendor/laravel/framework/src/Illuminate/Database/Connection.php(542): Illuminate/Database/Connection->getReadPdo()
#8 C:/Users/paulb/Documents/GitHub/Educom-Trainee-Dashboard/DashboardAPI/vendor/laravel/framework/src/Illuminate/Database/Connection.php(435): Illuminate/Database/Connection->getPdoForSelect(true)
#9 C:/Users/paulb/Documents/GitHub/Educom-Trainee-Dashboard/DashboardAPI/vendor/laravel/framework/src/Illuminate/Database/Connection.php(846): Illuminate/Database/Connection->{closure:Illuminate/Database/Connection::select():426}('select * from \"...', Array)
#10 C:/Users/paulb/Documents/GitHub/Educom-Trainee-Dashboard/DashboardAPI/vendor/laravel/framework/src/Illuminate/Database/Connection.php(813): Illuminate/Database/Connection->runQueryCallback('select * from \"...', Array, Object(Closure))
#11 C:/Users/paulb/Documents/GitHub/Educom-Trainee-Dashboard/DashboardAPI/vendor/laravel/framework/src/Illuminate/Database/Connection.php(426): Illuminate/Database/Connection->run('select * from \"...', Array, Object(Closure))
#12 C:/Users/paulb/Documents/GitHub/Educom-Trainee-Dashboard/DashboardAPI/vendor/laravel/framework/src/Illuminate/Database/Query/Builder.php(3573): Illuminate/Database/Connection->select('select * from \"...', Array, true, Array)
#13 C:/Users/paulb/Documents/GitHub/Educom-Trainee-Dashboard/DashboardAPI/vendor/laravel/framework/src/Illuminate/Database/Query/Builder.php(3557): Illuminate/Database/Query/Builder->runSelect()
#14 C:/Users/paulb/Documents/GitHub/Educom-Trainee-Dashboard/DashboardAPI/vendor/laravel/framework/src/Illuminate/Database/Eloquent/Builder.php(908): Illuminate/Database/Query/Builder->get(Array)
#15 C:/Users/paulb/Documents/GitHub/Educom-Trainee-Dashboard/DashboardAPI/vendor/laravel/framework/src/Illuminate/Database/Eloquent/Builder.php(890): Illuminate/Database/Eloquent/Builder->getModels(Array)
#16 C:/Users/paulb/Documents/GitHub/Educom-Trainee-Dashboard/DashboardAPI/app/Http/Controllers/UserController.php(14): Illuminate/Database/Eloquent/Builder->get()
#17 C:/Users/paulb/Documents/GitHub/Educom-Trainee-Dashboard/DashboardAPI/vendor/laravel/framework/src/Illuminate/Routing/ControllerDispatcher.php(46): App/Http/Controllers/UserController->getUsers()
#18 C:/Users/paulb/Documents/GitHub/Educom-Trainee-Dashboard/DashboardAPI/vendor/laravel/framework/src/Illuminate/Routing/Route.php(275): Illuminate/Routing/ControllerDispatcher->dispatch(Object(Illuminate/Routing/Route), Object(App/Http/Controllers/UserController), 'getUsers')
#19 C:/Users/paulb/Documents/GitHub/Educom-Trainee-Dashboard/DashboardAPI/vendor/laravel/framework/src/Illuminate/Routing/Route.php(215): Illuminate/Routing/Route->runController()
#20 C:/Users/paulb/Documents/GitHub/Educom-Trainee-Dashboard/DashboardAPI/vendor/laravel/framework/src/Illuminate/Routing/Router.php(822): Illuminate/Routing/Route->run()
#21 C:/Users/paulb/Documents/GitHub/Educom-Trainee-Dashboard/DashboardAPI/vendor/laravel/framework/src/Illuminate/Pipeline/Pipeline.php(180): Illuminate/Routing/Router->{closure:Illuminate/Routing/Router::runRouteWithinStack():821}(Object(Illuminate/Http/Request))
#22 C:/Users/paulb/Documents/GitHub/Educom-Trainee-Dashboard/DashboardAPI/vendor/laravel/framework/src/Illuminate/Routing/Middleware/SubstituteBindings.php(52): Illuminate/Pipeline/Pipeline->{closure:Illuminate/Pipeline/Pipeline::prepareDestination():178}(Object(Illuminate/Http/Request))
#23 C:/Users/paulb/Documents/GitHub/Educom-Trainee-Dashboard/DashboardAPI/vendor/laravel/framework/src/Illuminate/Pipeline/Pipeline.php(219): Illuminate/Routing/Middleware/SubstituteBindings->handle(Object(Illuminate/Http/Request), Object(Closure))
#24 C:/Users/paulb/Documents/GitHub/Educom-Trainee-Dashboard/DashboardAPI/vendor/laravel/framework/src/Illuminate/Pipeline/Pipeline.php(137): Illuminate/Pipeline/Pipeline->{closure:{closure:Illuminate/Pipeline/Pipeline::carry():194}:195}(Object(Illuminate/Http/Request))
#25 C:/Users/paulb/Documents/GitHub/Educom-Trainee-Dashboard/DashboardAPI/vendor/laravel/framework/src/Illuminate/Routing/Router.php(821): Illuminate/Pipeline/Pipeline->then(Object(Closure))
#26 C:/Users/paulb/Documents/GitHub/Educom-Trainee-Dashboard/DashboardAPI/vendor/laravel/framework/src/Illuminate/Routing/Router.php(800): Illuminate/Routing/Router->runRouteWithinStack(Object(Illuminate/Routing/Route), Object(Illuminate/Http/Request))
#27 C:/Users/paulb/Documents/GitHub/Educom-Trainee-Dashboard/DashboardAPI/vendor/laravel/framework/src/Illuminate/Routing/Router.php(764): Illuminate/Routing/Router->runRoute(Object(Illuminate/Http/Request), Object(Illuminate/Routing/Route))
#28 C:/Users/paulb/Documents/GitHub/Educom-Trainee-Dashboard/DashboardAPI/vendor/laravel/framework/src/Illuminate/Routing/Router.php(753): Illuminate/Routing/Router->dispatchToRoute(Object(Illuminate/Http/Request))
#29 C:/Users/paulb/Documents/GitHub/Educom-Trainee-Dashboard/DashboardAPI/vendor/laravel/framework/src/Illuminate/Foundation/Http/Kernel.php(200): Illuminate/Routing/Router->dispatch(Object(Illuminate/Http/Request))
#30 C:/Users/paulb/Documents/GitHub/Educom-Trainee-Dashboard/DashboardAPI/vendor/laravel/framework/src/Illuminate/Pipeline/Pipeline.php(180): Illuminate/Foundation/Http/Kernel->{closure:Illuminate/Foundation/Http/Kernel::dispatchToRouter():197}(Object(Illuminate/Http/Request))
#31 C:/Users/paulb/Documents/GitHub/Educom-Trainee-Dashboard/DashboardAPI/vendor/laravel/framework/src/Illuminate/Foundation/Http/Middleware/TransformsRequest.php(21): Illuminate/Pipeline/Pipeline->{closure:Illuminate/Pipeline/Pipeline::prepareDestination():178}(Object(Illuminate/Http/Request))
#32 C:/Users/paulb/Documents/GitHub/Educom-Trainee-Dashboard/DashboardAPI/vendor/laravel/framework/src/Illuminate/Foundation/Http/Middleware/ConvertEmptyStringsToNull.php(31): Illuminate/Foundation/Http/Middleware/TransformsRequest->handle(Object(Illuminate/Http/Request), Object(Closure))
#33 C:/Users/paulb/Documents/GitHub/Educom-Trainee-Dashboard/DashboardAPI/vendor/laravel/framework/src/Illuminate/Pipeline/Pipeline.php(219): Illuminate/Foundation/Http/Middleware/ConvertEmptyStringsToNull->handle(Object(Illuminate/Http/Request), Object(Closure))
#34 C:/Users/paulb/Documents/GitHub/Educom-Trainee-Dashboard/DashboardAPI/vendor/laravel/framework/src/Illuminate/Foundation/Http/Middleware/TransformsRequest.php(21): Illuminate/Pipeline/Pipeline->{closure:{closure:Illuminate/Pipeline/Pipeline::carry():194}:195}(Object(Illuminate/Http/Request))
#35 C:/Users/paulb/Documents/GitHub/Educom-Trainee-Dashboard/DashboardAPI/vendor/laravel/framework/src/Illuminate/Foundation/Http/Middleware/TrimStrings.php(51): Illuminate/Foundation/Http/Middleware/TransformsRequest->handle(Object(Illuminate/Http/Request), Object(Closure))
#36 C:/Users/paulb/Documents/GitHub/Educom-Trainee-Dashboard/DashboardAPI/vendor/laravel/framework/src/Illuminate/Pipeline/Pipeline.php(219): Illuminate/Foundation/Http/Middleware/TrimStrings->handle(Object(Illuminate/Http/Request), Object(Closure))
#37 C:/Users/paulb/Documents/GitHub/Educom-Trainee-Dashboard/DashboardAPI/vendor/laravel/framework/src/Illuminate/Http/Middleware/ValidatePostSize.php(27): Illuminate/Pipeline/Pipeline->{closure:{closure:Illuminate/Pipeline/Pipeline::carry():194}:195}(Object(Illuminate/Http/Request))
#38 C:/Users/paulb/Documents/GitHub/Educom-Trainee-Dashboard/DashboardAPI/vendor/laravel/framework/src/Illuminate/Pipeline/Pipeline.php(219): Illuminate/Http/Middleware/ValidatePostSize->handle(Object(Illuminate/Http/Request), Object(Closure))
#39 C:/Users/paulb/Documents/GitHub/Educom-Trainee-Dashboard/DashboardAPI/vendor/laravel/framework/src/Illuminate/Foundation/Http/Middleware/PreventRequestsDuringMaintenance.php(109): Illuminate/Pipeline/Pipeline->{closure:{closure:Illuminate/Pipeline/Pipeline::carry():194}:195}(Object(Illuminate/Http/Request))
#40 C:/Users/paulb/Documents/GitHub/Educom-Trainee-Dashboard/DashboardAPI/vendor/laravel/framework/src/Illuminate/Pipeline/Pipeline.php(219): Illuminate/Foundation/Http/Middleware/PreventRequestsDuringMaintenance->handle(Object(Illuminate/Http/Request), Object(Closure))
#41 C:/Users/paulb/Documents/GitHub/Educom-Trainee-Dashboard/DashboardAPI/vendor/laravel/framework/src/Illuminate/Http/Middleware/HandleCors.php(74): Illuminate/Pipeline/Pipeline->{closure:{closure:Illuminate/Pipeline/Pipeline::carry():194}:195}(Object(Illuminate/Http/Request))
#42 C:/Users/paulb/Documents/GitHub/Educom-Trainee-Dashboard/DashboardAPI/vendor/laravel/framework/src/Illuminate/Pipeline/Pipeline.php(219): Illuminate/Http/Middleware/HandleCors->handle(Object(Illuminate/Http/Request), Object(Closure))
#43 C:/Users/paulb/Documents/GitHub/Educom-Trainee-Dashboard/DashboardAPI/vendor/laravel/framework/src/Illuminate/Http/Middleware/TrustProxies.php(58): Illuminate/Pipeline/Pipeline->{closure:{closure:Illuminate/Pipeline/Pipeline::carry():194}:195}(Object(Illuminate/Http/Request))
#44 C:/Users/paulb/Documents/GitHub/Educom-Trainee-Dashboard/DashboardAPI/vendor/laravel/framework/src/Illuminate/Pipeline/Pipeline.php(219): Illuminate/Http/Middleware/TrustProxies->handle(Object(Illuminate/Http/Request), Object(Closure))
#45 C:/Users/paulb/Documents/GitHub/Educom-Trainee-Dashboard/DashboardAPI/vendor/laravel/framework/src/Illuminate/Foundation/Http/Middleware/InvokeDeferredCallbacks.php(22): Illuminate/Pipeline/Pipeline->{closure:{closure:Illuminate/Pipeline/Pipeline::carry():194}:195}(Object(Illuminate/Http/Request))
#46 C:/Users/paulb/Documents/GitHub/Educom-Trainee-Dashboard/DashboardAPI/vendor/laravel/framework/src/Illuminate/Pipeline/Pipeline.php(219): Illuminate/Foundation/Http/Middleware/InvokeDeferredCallbacks->handle(Object(Illuminate/Http/Request), Object(Closure))
#47 C:/Users/paulb/Documents/GitHub/Educom-Trainee-Dashboard/DashboardAPI/vendor/laravel/framework/src/Illuminate/Http/Middleware/ValidatePathEncoding.php(28): Illuminate/Pipeline/Pipeline->{closure:{closure:Illuminate/Pipeline/Pipeline::carry():194}:195}(Object(Illuminate/Http/Request))
#48 C:/Users/paulb/Documents/GitHub/Educom-Trainee-Dashboard/DashboardAPI/vendor/laravel/framework/src/Illuminate/Pipeline/Pipeline.php(219): Illuminate/Http/Middleware/ValidatePathEncoding->handle(Object(Illuminate/Http/Request), Object(Closure))
#49 C:/Users/paulb/Documents/GitHub/Educom-Trainee-Dashboard/DashboardAPI/vendor/laravel/framework/src/Illuminate/Pipeline/Pipeline.php(137): Illuminate/Pipeline/Pipeline->{closure:{closure:Illuminate/Pipeline/Pipeline::carry():194}:195}(Object(Illuminate/Http/Request))
#50 C:/Users/paulb/Documents/GitHub/Educom-Trainee-Dashboard/DashboardAPI/vendor/laravel/framework/src/Illuminate/Foundation/Http/Kernel.php(175): Illuminate/Pipeline/Pipeline->then(Object(Closure))
#51 C:/Users/paulb/Documents/GitHub/Educom-Trainee-Dashboard/DashboardAPI/vendor/laravel/framework/src/Illuminate/Foundation/Http/Kernel.php(144): Illuminate/Foundation/Http/Kernel->sendRequestThroughRouter(Object(Illuminate/Http/Request))
#52 C:/Users/paulb/Documents/GitHub/Educom-Trainee-Dashboard/DashboardAPI/vendor/laravel/framework/src/Illuminate/Foundation/Testing/Concerns/MakesHttpRequests.php(607): Illuminate/Foundation/Http/Kernel->handle(Object(Illuminate/Http/Request))
#53 C:/Users/paulb/Documents/GitHub/Educom-Trainee-Dashboard/DashboardAPI/vendor/laravel/framework/src/Illuminate/Foundation/Testing/Concerns/MakesHttpRequests.php(368): Illuminate/Foundation/Testing/TestCase->call('GET', '/api/users', Array, Array, Array, Array)
#54 C:/Users/paulb/Documents/GitHub/Educom-Trainee-Dashboard/DashboardAPI/tests/Feature/UsageTest.php(4): Illuminate/Foundation/Testing/TestCase->get('/api/users')
#55 C:/Users/paulb/Documents/GitHub/Educom-Trainee-Dashboard/DashboardAPI/vendor/pestphp/pest/src/Factories/TestCaseMethodFactory.php(177): P/Tests/Feature/UsageTest->{closure:C:/Users/paulb/Documents/GitHub/Educom-Trainee-Dashboard/DashboardAPI/tests/Feature/UsageTest.php:3}()
#56 [internal function]: P/Tests/Feature/UsageTest->{closure:Pest/Factories/TestCaseMethodFactory::getClosure():167}()
#57 C:/Users/paulb/Documents/GitHub/Educom-Trainee-Dashboard/DashboardAPI/vendor/pestphp/pest/src/Concerns/Testable.php(581): call_user_func_array(Object(Closure), Array)
#58 C:/Users/paulb/Documents/GitHub/Educom-Trainee-Dashboard/DashboardAPI/vendor/pestphp/pest/src/Support/ExceptionTrace.php(26): P/Tests/Feature/UsageTest->{closure:Pest/Concerns/Testable::__callClosure():581}()
#59 C:/Users/paulb/Documents/GitHub/Educom-Trainee-Dashboard/DashboardAPI/vendor/pestphp/pest/src/Concerns/Testable.php(581): Pest/Support/ExceptionTrace::ensure(Object(Closure))
#60 C:/Users/paulb/Documents/GitHub/Educom-Trainee-Dashboard/DashboardAPI/vendor/pestphp/pest/src/Concerns/Testable.php(403): P/Tests/Feature/UsageTest->__callClosure(Object(Closure), Array)
#61 C:/Users/paulb/Documents/GitHub/Educom-Trainee-Dashboard/DashboardAPI/vendor/pestphp/pest/src/Factories/TestCaseFactory.php(175) : eval()'d code(17): P/Tests/Feature/UsageTest->__runTest(Object(Closure))
#62 C:/Users/paulb/Documents/GitHub/Educom-Trainee-Dashboard/DashboardAPI/vendor/phpunit/phpunit/src/Framework/TestCase.php(1318): P/Tests/Feature/UsageTest->__pest_evaluable_example()
#63 C:/Users/paulb/Documents/GitHub/Educom-Trainee-Dashboard/DashboardAPI/vendor/phpunit/phpunit/src/Framework/TestCase.php(1355): PHPUnit/Framework/TestCase->invokeTestMethod('__pest_evaluabl...', Array)
#64 C:/Users/paulb/Documents/GitHub/Educom-Trainee-Dashboard/DashboardAPI/vendor/phpunit/phpunit/src/Framework/TestCase.php(521): PHPUnit/Framework/TestCase->runTest()
#65 C:/Users/paulb/Documents/GitHub/Educom-Trainee-Dashboard/DashboardAPI/vendor/phpunit/phpunit/src/Framework/TestRunner/TestRunner.php(99): PHPUnit/Framework/TestCase->runBare()
#66 C:/Users/paulb/Documents/GitHub/Educom-Trainee-Dashboard/DashboardAPI/vendor/phpunit/phpunit/src/Framework/TestCase.php(361): PHPUnit/Framework/TestRunner->run(Object(P/Tests/Feature/UsageTest))
#67 C:/Users/paulb/Documents/GitHub/Educom-Trainee-Dashboard/DashboardAPI/vendor/phpunit/phpunit/src/Framework/TestSuite.php(374): PHPUnit/Framework/TestCase->run()
#68 C:/Users/paulb/Documents/GitHub/Educom-Trainee-Dashboard/DashboardAPI/vendor/phpunit/phpunit/src/Framework/TestSuite.php(374): PHPUnit/Framework/TestSuite->run()
#69 C:/Users/paulb/Documents/GitHub/Educom-Trainee-Dashboard/DashboardAPI/vendor/phpunit/phpunit/src/Framework/TestSuite.php(374): PHPUnit/Framework/TestSuite->run()
#70 C:/Users/paulb/Documents/GitHub/Educom-Trainee-Dashboard/DashboardAPI/vendor/phpunit/phpunit/src/TextUI/TestRunner.php(64): PHPUnit/Framework/TestSuite->run()
#71 C:/Users/paulb/Documents/GitHub/Educom-Trainee-Dashboard/DashboardAPI/vendor/phpunit/phpunit/src/TextUI/Application.php(229): PHPUnit/TextUI/TestRunner->run(Object(PHPUnit/TextUI/Configuration/Configuration), Object(PHPUnit/Runner/ResultCache/DefaultResultCache), Object(PHPUnit/Framework/TestSuite))
#72 C:/Users/paulb/Documents/GitHub/Educom-Trainee-Dashboard/DashboardAPI/vendor/pestphp/pest/src/Kernel.php(117): PHPUnit/TextUI/Application->run(Array)
#73 C:/Users/paulb/Documents/GitHub/Educom-Trainee-Dashboard/DashboardAPI/vendor/pestphp/pest/bin/pest(207): Pest/Kernel->handle(Array, Array)
#74 C:/Users/paulb/Documents/GitHub/Educom-Trainee-Dashboard/DashboardAPI/vendor/pestphp/pest/bin/pest(215): {closure:C:/Users/paulb/Documents/GitHub/Educom-Trainee-Dashboard/DashboardAPI/vendor/pestphp/pest/bin/pest:21}()
#75 {main}
"} 
[2026-07-20 09:37:50] testing.ERROR: could not find driver (Connection: sqlite, Database: :memory:, SQL: select * from "users" order by "created_at" desc) {"exception":"[object] (Illuminate\\Database\\QueryException(code: 0): could not find driver (Connection: sqlite, Database: :memory:, SQL: select * from \"users\" order by \"created_at\" desc) at C:/Users/paulb/Documents/GitHub/Educom-Trainee-Dashboard/DashboardAPI/vendor/laravel/framework/src/Illuminate/Database/Connection.php:857)
[stacktrace]
#0 C:/Users/paulb/Documents/GitHub/Educom-Trainee-Dashboard/DashboardAPI/vendor/laravel/framework/src/Illuminate/Database/Connection.php(813): Illuminate/Database/Connection->runQueryCallback('select * from \"...', Array, Object(Closure))
#1 C:/Users/paulb/Documents/GitHub/Educom-Trainee-Dashboard/DashboardAPI/vendor/laravel/framework/src/Illuminate/Database/Connection.php(426): Illuminate/Database/Connection->run('select * from \"...', Array, Object(Closure))
#2 C:/Users/paulb/Documents/GitHub/Educom-Trainee-Dashboard/DashboardAPI/vendor/laravel/framework/src/Illuminate/Database/Query/Builder.php(3573): Illuminate/Database/Connection->select('select * from \"...', Array, true, Array)
#3 C:/Users/paulb/Documents/GitHub/Educom-Trainee-Dashboard/DashboardAPI/vendor/laravel/framework/src/Illuminate/Database/Query/Builder.php(3557): Illuminate/Database/Query/Builder->runSelect()
#4 C:/Users/paulb/Documents/GitHub/Educom-Trainee-Dashboard/DashboardAPI/vendor/laravel/framework/src/Illuminate/Database/Eloquent/Builder.php(908): Illuminate/Database/Query/Builder->get(Array)
#5 C:/Users/paulb/Documents/GitHub/Educom-Trainee-Dashboard/DashboardAPI/vendor/laravel/framework/src/Illuminate/Database/Eloquent/Builder.php(890): Illuminate/Database/Eloquent/Builder->getModels(Array)
#6 C:/Users/paulb/Documents/GitHub/Educom-Trainee-Dashboard/DashboardAPI/app/Http/Controllers/UserController.php(14): Illuminate/Database/Eloquent/Builder->get()
#7 C:/Users/paulb/Documents/GitHub/Educom-Trainee-Dashboard/DashboardAPI/vendor/laravel/framework/src/Illuminate/Routing/ControllerDispatcher.php(46): App/Http/Controllers/UserController->getUsers()
#8 C:/Users/paulb/Documents/GitHub/Educom-Trainee-Dashboard/DashboardAPI/vendor/laravel/framework/src/Illuminate/Routing/Route.php(275): Illuminate/Routing/ControllerDispatcher->dispatch(Object(Illuminate/Routing/Route), Object(App/Http/Controllers/UserController), 'getUsers')
#9 C:/Users/paulb/Documents/GitHub/Educom-Trainee-Dashboard/DashboardAPI/vendor/laravel/framework/src/Illuminate/Routing/Route.php(215): Illuminate/Routing/Route->runController()
#10 C:/Users/paulb/Documents/GitHub/Educom-Trainee-Dashboard/DashboardAPI/vendor/laravel/framework/src/Illuminate/Routing/Router.php(822): Illuminate/Routing/Route->run()
#11 C:/Users/paulb/Documents/GitHub/Educom-Trainee-Dashboard/DashboardAPI/vendor/laravel/framework/src/Illuminate/Pipeline/Pipeline.php(180): Illuminate/Routing/Router->{closure:Illuminate/Routing/Router::runRouteWithinStack():821}(Object(Illuminate/Http/Request))
#12 C:/Users/paulb/Documents/GitHub/Educom-Trainee-Dashboard/DashboardAPI/vendor/laravel/framework/src/Illuminate/Routing/Middleware/SubstituteBindings.php(52): Illuminate/Pipeline/Pipeline->{closure:Illuminate/Pipeline/Pipeline::prepareDestination():178}(Object(Illuminate/Http/Request))
#13 C:/Users/paulb/Documents/GitHub/Educom-Trainee-Dashboard/DashboardAPI/vendor/laravel/framework/src/Illuminate/Pipeline/Pipeline.php(219): Illuminate/Routing/Middleware/SubstituteBindings->handle(Object(Illuminate/Http/Request), Object(Closure))
#14 C:/Users/paulb/Documents/GitHub/Educom-Trainee-Dashboard/DashboardAPI/vendor/laravel/framework/src/Illuminate/Pipeline/Pipeline.php(137): Illuminate/Pipeline/Pipeline->{closure:{closure:Illuminate/Pipeline/Pipeline::carry():194}:195}(Object(Illuminate/Http/Request))
#15 C:/Users/paulb/Documents/GitHub/Educom-Trainee-Dashboard/DashboardAPI/vendor/laravel/framework/src/Illuminate/Routing/Router.php(821): Illuminate/Pipeline/Pipeline->then(Object(Closure))
#16 C:/Users/paulb/Documents/GitHub/Educom-Trainee-Dashboard/DashboardAPI/vendor/laravel/framework/src/Illuminate/Routing/Router.php(800): Illuminate/Routing/Router->runRouteWithinStack(Object(Illuminate/Routing/Route), Object(Illuminate/Http/Request))
#17 C:/Users/paulb/Documents/GitHub/Educom-Trainee-Dashboard/DashboardAPI/vendor/laravel/framework/src/Illuminate/Routing/Router.php(764): Illuminate/Routing/Router->runRoute(Object(Illuminate/Http/Request), Object(Illuminate/Routing/Route))
#18 C:/Users/paulb/Documents/GitHub/Educom-Trainee-Dashboard/DashboardAPI/vendor/laravel/framework/src/Illuminate/Routing/Router.php(753): Illuminate/Routing/Router->dispatchToRoute(Object(Illuminate/Http/Request))
#19 C:/Users/paulb/Documents/GitHub/Educom-Trainee-Dashboard/DashboardAPI/vendor/laravel/framework/src/Illuminate/Foundation/Http/Kernel.php(200): Illuminate/Routing/Router->dispatch(Object(Illuminate/Http/Request))
#20 C:/Users/paulb/Documents/GitHub/Educom-Trainee-Dashboard/DashboardAPI/vendor/laravel/framework/src/Illuminate/Pipeline/Pipeline.php(180): Illuminate/Foundation/Http/Kernel->{closure:Illuminate/Foundation/Http/Kernel::dispatchToRouter():197}(Object(Illuminate/Http/Request))
#21 C:/Users/paulb/Documents/GitHub/Educom-Trainee-Dashboard/DashboardAPI/vendor/laravel/framework/src/Illuminate/Foundation/Http/Middleware/TransformsRequest.php(21): Illuminate/Pipeline/Pipeline->{closure:Illuminate/Pipeline/Pipeline::prepareDestination():178}(Object(Illuminate/Http/Request))
#22 C:/Users/paulb/Documents/GitHub/Educom-Trainee-Dashboard/DashboardAPI/vendor/laravel/framework/src/Illuminate/Foundation/Http/Middleware/ConvertEmptyStringsToNull.php(31): Illuminate/Foundation/Http/Middleware/TransformsRequest->handle(Object(Illuminate/Http/Request), Object(Closure))
#23 C:/Users/paulb/Documents/GitHub/Educom-Trainee-Dashboard/DashboardAPI/vendor/laravel/framework/src/Illuminate/Pipeline/Pipeline.php(219): Illuminate/Foundation/Http/Middleware/ConvertEmptyStringsToNull->handle(Object(Illuminate/Http/Request), Object(Closure))
#24 C:/Users/paulb/Documents/GitHub/Educom-Trainee-Dashboard/DashboardAPI/vendor/laravel/framework/src/Illuminate/Foundation/Http/Middleware/TransformsRequest.php(21): Illuminate/Pipeline/Pipeline->{closure:{closure:Illuminate/Pipeline/Pipeline::carry():194}:195}(Object(Illuminate/Http/Request))
#25 C:/Users/paulb/Documents/GitHub/Educom-Trainee-Dashboard/DashboardAPI/vendor/laravel/framework/src/Illuminate/Foundation/Http/Middleware/TrimStrings.php(51): Illuminate/Foundation/Http/Middleware/TransformsRequest->handle(Object(Illuminate/Http/Request), Object(Closure))
#26 C:/Users/paulb/Documents/GitHub/Educom-Trainee-Dashboard/DashboardAPI/vendor/laravel/framework/src/Illuminate/Pipeline/Pipeline.php(219): Illuminate/Foundation/Http/Middleware/TrimStrings->handle(Object(Illuminate/Http/Request), Object(Closure))
#27 C:/Users/paulb/Documents/GitHub/Educom-Trainee-Dashboard/DashboardAPI/vendor/laravel/framework/src/Illuminate/Http/Middleware/ValidatePostSize.php(27): Illuminate/Pipeline/Pipeline->{closure:{closure:Illuminate/Pipeline/Pipeline::carry():194}:195}(Object(Illuminate/Http/Request))
#28 C:/Users/paulb/Documents/GitHub/Educom-Trainee-Dashboard/DashboardAPI/vendor/laravel/framework/src/Illuminate/Pipeline/Pipeline.php(219): Illuminate/Http/Middleware/ValidatePostSize->handle(Object(Illuminate/Http/Request), Object(Closure))
#29 C:/Users/paulb/Documents/GitHub/Educom-Trainee-Dashboard/DashboardAPI/vendor/laravel/framework/src/Illuminate/Foundation/Http/Middleware/PreventRequestsDuringMaintenance.php(109): Illuminate/Pipeline/Pipeline->{closure:{closure:Illuminate/Pipeline/Pipeline::carry():194}:195}(Object(Illuminate/Http/Request))
#30 C:/Users/paulb/Documents/GitHub/Educom-Trainee-Dashboard/DashboardAPI/vendor/laravel/framework/src/Illuminate/Pipeline/Pipeline.php(219): Illuminate/Foundation/Http/Middleware/PreventRequestsDuringMaintenance->handle(Object(Illuminate/Http/Request), Object(Closure))
#31 C:/Users/paulb/Documents/GitHub/Educom-Trainee-Dashboard/DashboardAPI/vendor/laravel/framework/src/Illuminate/Http/Middleware/HandleCors.php(74): Illuminate/Pipeline/Pipeline->{closure:{closure:Illuminate/Pipeline/Pipeline::carry():194}:195}(Object(Illuminate/Http/Request))
#32 C:/Users/paulb/Documents/GitHub/Educom-Trainee-Dashboard/DashboardAPI/vendor/laravel/framework/src/Illuminate/Pipeline/Pipeline.php(219): Illuminate/Http/Middleware/HandleCors->handle(Object(Illuminate/Http/Request), Object(Closure))
#33 C:/Users/paulb/Documents/GitHub/Educom-Trainee-Dashboard/DashboardAPI/vendor/laravel/framework/src/Illuminate/Http/Middleware/TrustProxies.php(58): Illuminate/Pipeline/Pipeline->{closure:{closure:Illuminate/Pipeline/Pipeline::carry():194}:195}(Object(Illuminate/Http/Request))
#34 C:/Users/paulb/Documents/GitHub/Educom-Trainee-Dashboard/DashboardAPI/vendor/laravel/framework/src/Illuminate/Pipeline/Pipeline.php(219): Illuminate/Http/Middleware/TrustProxies->handle(Object(Illuminate/Http/Request), Object(Closure))
#35 C:/Users/paulb/Documents/GitHub/Educom-Trainee-Dashboard/DashboardAPI/vendor/laravel/framework/src/Illuminate/Foundation/Http/Middleware/InvokeDeferredCallbacks.php(22): Illuminate/Pipeline/Pipeline->{closure:{closure:Illuminate/Pipeline/Pipeline::carry():194}:195}(Object(Illuminate/Http/Request))
#36 C:/Users/paulb/Documents/GitHub/Educom-Trainee-Dashboard/DashboardAPI/vendor/laravel/framework/src/Illuminate/Pipeline/Pipeline.php(219): Illuminate/Foundation/Http/Middleware/InvokeDeferredCallbacks->handle(Object(Illuminate/Http/Request), Object(Closure))
#37 C:/Users/paulb/Documents/GitHub/Educom-Trainee-Dashboard/DashboardAPI/vendor/laravel/framework/src/Illuminate/Http/Middleware/ValidatePathEncoding.php(28): Illuminate/Pipeline/Pipeline->{closure:{closure:Illuminate/Pipeline/Pipeline::carry():194}:195}(Object(Illuminate/Http/Request))
#38 C:/Users/paulb/Documents/GitHub/Educom-Trainee-Dashboard/DashboardAPI/vendor/laravel/framework/src/Illuminate/Pipeline/Pipeline.php(219): Illuminate/Http/Middleware/ValidatePathEncoding->handle(Object(Illuminate/Http/Request), Object(Closure))
#39 C:/Users/paulb/Documents/GitHub/Educom-Trainee-Dashboard/DashboardAPI/vendor/laravel/framework/src/Illuminate/Pipeline/Pipeline.php(137): Illuminate/Pipeline/Pipeline->{closure:{closure:Illuminate/Pipeline/Pipeline::carry():194}:195}(Object(Illuminate/Http/Request))
#40 C:/Users/paulb/Documents/GitHub/Educom-Trainee-Dashboard/DashboardAPI/vendor/laravel/framework/src/Illuminate/Foundation/Http/Kernel.php(175): Illuminate/Pipeline/Pipeline->then(Object(Closure))
#41 C:/Users/paulb/Documents/GitHub/Educom-Trainee-Dashboard/DashboardAPI/vendor/laravel/framework/src/Illuminate/Foundation/Http/Kernel.php(144): Illuminate/Foundation/Http/Kernel->sendRequestThroughRouter(Object(Illuminate/Http/Request))
#42 C:/Users/paulb/Documents/GitHub/Educom-Trainee-Dashboard/DashboardAPI/vendor/laravel/framework/src/Illuminate/Foundation/Testing/Concerns/MakesHttpRequests.php(607): Illuminate/Foundation/Http/Kernel->handle(Object(Illuminate/Http/Request))
#43 C:/Users/paulb/Documents/GitHub/Educom-Trainee-Dashboard/DashboardAPI/vendor/laravel/framework/src/Illuminate/Foundation/Testing/Concerns/MakesHttpRequests.php(368): Illuminate/Foundation/Testing/TestCase->call('GET', '/api/users', Array, Array, Array, Array)
#44 C:/Users/paulb/Documents/GitHub/Educom-Trainee-Dashboard/DashboardAPI/tests/Feature/UsageTest.php(4): Illuminate/Foundation/Testing/TestCase->get('/api/users')
#45 C:/Users/paulb/Documents/GitHub/Educom-Trainee-Dashboard/DashboardAPI/vendor/pestphp/pest/src/Factories/TestCaseMethodFactory.php(177): P/Tests/Feature/UsageTest->{closure:C:/Users/paulb/Documents/GitHub/Educom-Trainee-Dashboard/DashboardAPI/tests/Feature/UsageTest.php:3}()
#46 [internal function]: P/Tests/Feature/UsageTest->{closure:Pest/Factories/TestCaseMethodFactory::getClosure():167}()
#47 C:/Users/paulb/Documents/GitHub/Educom-Trainee-Dashboard/DashboardAPI/vendor/pestphp/pest/src/Concerns/Testable.php(581): call_user_func_array(Object(Closure), Array)
#48 C:/Users/paulb/Documents/GitHub/Educom-Trainee-Dashboard/DashboardAPI/vendor/pestphp/pest/src/Support/ExceptionTrace.php(26): P/Tests/Feature/UsageTest->{closure:Pest/Concerns/Testable::__callClosure():581}()
#49 C:/Users/paulb/Documents/GitHub/Educom-Trainee-Dashboard/DashboardAPI/vendor/pestphp/pest/src/Concerns/Testable.php(581): Pest/Support/ExceptionTrace::ensure(Object(Closure))
#50 C:/Users/paulb/Documents/GitHub/Educom-Trainee-Dashboard/DashboardAPI/vendor/pestphp/pest/src/Concerns/Testable.php(403): P/Tests/Feature/UsageTest->__callClosure(Object(Closure), Array)
#51 C:/Users/paulb/Documents/GitHub/Educom-Trainee-Dashboard/DashboardAPI/vendor/pestphp/pest/src/Factories/TestCaseFactory.php(175) : eval()'d code(17): P/Tests/Feature/UsageTest->__runTest(Object(Closure))
#52 C:/Users/paulb/Documents/GitHub/Educom-Trainee-Dashboard/DashboardAPI/vendor/phpunit/phpunit/src/Framework/TestCase.php(1318): P/Tests/Feature/UsageTest->__pest_evaluable_example()
#53 C:/Users/paulb/Documents/GitHub/Educom-Trainee-Dashboard/DashboardAPI/vendor/phpunit/phpunit/src/Framework/TestCase.php(1355): PHPUnit/Framework/TestCase->invokeTestMethod('__pest_evaluabl...', Array)
#54 C:/Users/paulb/Documents/GitHub/Educom-Trainee-Dashboard/DashboardAPI/vendor/phpunit/phpunit/src/Framework/TestCase.php(521): PHPUnit/Framework/TestCase->runTest()
#55 C:/Users/paulb/Documents/GitHub/Educom-Trainee-Dashboard/DashboardAPI/vendor/phpunit/phpunit/src/Framework/TestRunner/TestRunner.php(99): PHPUnit/Framework/TestCase->runBare()
#56 C:/Users/paulb/Documents/GitHub/Educom-Trainee-Dashboard/DashboardAPI/vendor/phpunit/phpunit/src/Framework/TestCase.php(361): PHPUnit/Framework/TestRunner->run(Object(P/Tests/Feature/UsageTest))
#57 C:/Users/paulb/Documents/GitHub/Educom-Trainee-Dashboard/DashboardAPI/vendor/phpunit/phpunit/src/Framework/TestSuite.php(374): PHPUnit/Framework/TestCase->run()
#58 C:/Users/paulb/Documents/GitHub/Educom-Trainee-Dashboard/DashboardAPI/vendor/phpunit/phpunit/src/Framework/TestSuite.php(374): PHPUnit/Framework/TestSuite->run()
#59 C:/Users/paulb/Documents/GitHub/Educom-Trainee-Dashboard/DashboardAPI/vendor/phpunit/phpunit/src/Framework/TestSuite.php(374): PHPUnit/Framework/TestSuite->run()
#60 C:/Users/paulb/Documents/GitHub/Educom-Trainee-Dashboard/DashboardAPI/vendor/phpunit/phpunit/src/TextUI/TestRunner.php(64): PHPUnit/Framework/TestSuite->run()
#61 C:/Users/paulb/Documents/GitHub/Educom-Trainee-Dashboard/DashboardAPI/vendor/phpunit/phpunit/src/TextUI/Application.php(229): PHPUnit/TextUI/TestRunner->run(Object(PHPUnit/TextUI/Configuration/Configuration), Object(PHPUnit/Runner/ResultCache/DefaultResultCache), Object(PHPUnit/Framework/TestSuite))
#62 C:/Users/paulb/Documents/GitHub/Educom-Trainee-Dashboard/DashboardAPI/vendor/pestphp/pest/src/Kernel.php(117): PHPUnit/TextUI/Application->run(Array)
#63 C:/Users/paulb/Documents/GitHub/Educom-Trainee-Dashboard/DashboardAPI/vendor/pestphp/pest/bin/pest(207): Pest/Kernel->handle(Array, Array)
#64 C:/Users/paulb/Documents/GitHub/Educom-Trainee-Dashboard/DashboardAPI/vendor/pestphp/pest/bin/pest(215): {closure:C:/Users/paulb/Documents/GitHub/Educom-Trainee-Dashboard/DashboardAPI/vendor/pestphp/pest/bin/pest:21}()
#65 {main}

[previous exception] [object] (PDOException(code: 0): could not find driver at C:/Users/paulb/Documents/GitHub/Educom-Trainee-Dashboard/DashboardAPI/vendor/laravel/framework/src/Illuminate/Database/Connectors/Connector.php:67)
[stacktrace]
#0 C:/Users/paulb/Documents/GitHub/Educom-Trainee-Dashboard/DashboardAPI/vendor/laravel/framework/src/Illuminate/Database/Connectors/Connector.php(67): PDO::connect('sqlite::memory:', NULL, Object(SensitiveParameterValue), Array)
#1 C:/Users/paulb/Documents/GitHub/Educom-Trainee-Dashboard/DashboardAPI/vendor/laravel/framework/src/Illuminate/Database/Connectors/Connector.php(44): Illuminate/Database/Connectors/Connector->createPdoConnection('sqlite::memory:', NULL, Object(SensitiveParameterValue), Array)
#2 C:/Users/paulb/Documents/GitHub/Educom-Trainee-Dashboard/DashboardAPI/vendor/laravel/framework/src/Illuminate/Database/Connectors/SQLiteConnector.php(21): Illuminate/Database/Connectors/Connector->createConnection('sqlite::memory:', Array, Array)
#3 C:/Users/paulb/Documents/GitHub/Educom-Trainee-Dashboard/DashboardAPI/vendor/laravel/framework/src/Illuminate/Database/Connectors/ConnectionFactory.php(259): Illuminate/Database/Connectors/SQLiteConnector->connect(Array)
#4 [internal function]: Illuminate/Database/Connectors/ConnectionFactory->{closure:Illuminate/Database/Connectors/ConnectionFactory::createPdoResolverWithoutHosts():259}()
#5 C:/Users/paulb/Documents/GitHub/Educom-Trainee-Dashboard/DashboardAPI/vendor/laravel/framework/src/Illuminate/Database/Connection.php(1297): call_user_func(Object(Closure))
#6 C:/Users/paulb/Documents/GitHub/Educom-Trainee-Dashboard/DashboardAPI/vendor/laravel/framework/src/Illuminate/Database/Connection.php(1335): Illuminate/Database/Connection->getPdo()
#7 C:/Users/paulb/Documents/GitHub/Educom-Trainee-Dashboard/DashboardAPI/vendor/laravel/framework/src/Illuminate/Database/Connection.php(542): Illuminate/Database/Connection->getReadPdo()
#8 C:/Users/paulb/Documents/GitHub/Educom-Trainee-Dashboard/DashboardAPI/vendor/laravel/framework/src/Illuminate/Database/Connection.php(435): Illuminate/Database/Connection->getPdoForSelect(true)
#9 C:/Users/paulb/Documents/GitHub/Educom-Trainee-Dashboard/DashboardAPI/vendor/laravel/framework/src/Illuminate/Database/Connection.php(846): Illuminate/Database/Connection->{closure:Illuminate/Database/Connection::select():426}('select * from \"...', Array)
#10 C:/Users/paulb/Documents/GitHub/Educom-Trainee-Dashboard/DashboardAPI/vendor/laravel/framework/src/Illuminate/Database/Connection.php(813): Illuminate/Database/Connection->runQueryCallback('select * from \"...', Array, Object(Closure))
#11 C:/Users/paulb/Documents/GitHub/Educom-Trainee-Dashboard/DashboardAPI/vendor/laravel/framework/src/Illuminate/Database/Connection.php(426): Illuminate/Database/Connection->run('select * from \"...', Array, Object(Closure))
#12 C:/Users/paulb/Documents/GitHub/Educom-Trainee-Dashboard/DashboardAPI/vendor/laravel/framework/src/Illuminate/Database/Query/Builder.php(3573): Illuminate/Database/Connection->select('select * from \"...', Array, true, Array)
#13 C:/Users/paulb/Documents/GitHub/Educom-Trainee-Dashboard/DashboardAPI/vendor/laravel/framework/src/Illuminate/Database/Query/Builder.php(3557): Illuminate/Database/Query/Builder->runSelect()
#14 C:/Users/paulb/Documents/GitHub/Educom-Trainee-Dashboard/DashboardAPI/vendor/laravel/framework/src/Illuminate/Database/Eloquent/Builder.php(908): Illuminate/Database/Query/Builder->get(Array)
#15 C:/Users/paulb/Documents/GitHub/Educom-Trainee-Dashboard/DashboardAPI/vendor/laravel/framework/src/Illuminate/Database/Eloquent/Builder.php(890): Illuminate/Database/Eloquent/Builder->getModels(Array)
#16 C:/Users/paulb/Documents/GitHub/Educom-Trainee-Dashboard/DashboardAPI/app/Http/Controllers/UserController.php(14): Illuminate/Database/Eloquent/Builder->get()
#17 C:/Users/paulb/Documents/GitHub/Educom-Trainee-Dashboard/DashboardAPI/vendor/laravel/framework/src/Illuminate/Routing/ControllerDispatcher.php(46): App/Http/Controllers/UserController->getUsers()
#18 C:/Users/paulb/Documents/GitHub/Educom-Trainee-Dashboard/DashboardAPI/vendor/laravel/framework/src/Illuminate/Routing/Route.php(275): Illuminate/Routing/ControllerDispatcher->dispatch(Object(Illuminate/Routing/Route), Object(App/Http/Controllers/UserController), 'getUsers')
#19 C:/Users/paulb/Documents/GitHub/Educom-Trainee-Dashboard/DashboardAPI/vendor/laravel/framework/src/Illuminate/Routing/Route.php(215): Illuminate/Routing/Route->runController()
#20 C:/Users/paulb/Documents/GitHub/Educom-Trainee-Dashboard/DashboardAPI/vendor/laravel/framework/src/Illuminate/Routing/Router.php(822): Illuminate/Routing/Route->run()
#21 C:/Users/paulb/Documents/GitHub/Educom-Trainee-Dashboard/DashboardAPI/vendor/laravel/framework/src/Illuminate/Pipeline/Pipeline.php(180): Illuminate/Routing/Router->{closure:Illuminate/Routing/Router::runRouteWithinStack():821}(Object(Illuminate/Http/Request))
#22 C:/Users/paulb/Documents/GitHub/Educom-Trainee-Dashboard/DashboardAPI/vendor/laravel/framework/src/Illuminate/Routing/Middleware/SubstituteBindings.php(52): Illuminate/Pipeline/Pipeline->{closure:Illuminate/Pipeline/Pipeline::prepareDestination():178}(Object(Illuminate/Http/Request))
#23 C:/Users/paulb/Documents/GitHub/Educom-Trainee-Dashboard/DashboardAPI/vendor/laravel/framework/src/Illuminate/Pipeline/Pipeline.php(219): Illuminate/Routing/Middleware/SubstituteBindings->handle(Object(Illuminate/Http/Request), Object(Closure))
#24 C:/Users/paulb/Documents/GitHub/Educom-Trainee-Dashboard/DashboardAPI/vendor/laravel/framework/src/Illuminate/Pipeline/Pipeline.php(137): Illuminate/Pipeline/Pipeline->{closure:{closure:Illuminate/Pipeline/Pipeline::carry():194}:195}(Object(Illuminate/Http/Request))
#25 C:/Users/paulb/Documents/GitHub/Educom-Trainee-Dashboard/DashboardAPI/vendor/laravel/framework/src/Illuminate/Routing/Router.php(821): Illuminate/Pipeline/Pipeline->then(Object(Closure))
#26 C:/Users/paulb/Documents/GitHub/Educom-Trainee-Dashboard/DashboardAPI/vendor/laravel/framework/src/Illuminate/Routing/Router.php(800): Illuminate/Routing/Router->runRouteWithinStack(Object(Illuminate/Routing/Route), Object(Illuminate/Http/Request))
#27 C:/Users/paulb/Documents/GitHub/Educom-Trainee-Dashboard/DashboardAPI/vendor/laravel/framework/src/Illuminate/Routing/Router.php(764): Illuminate/Routing/Router->runRoute(Object(Illuminate/Http/Request), Object(Illuminate/Routing/Route))
#28 C:/Users/paulb/Documents/GitHub/Educom-Trainee-Dashboard/DashboardAPI/vendor/laravel/framework/src/Illuminate/Routing/Router.php(753): Illuminate/Routing/Router->dispatchToRoute(Object(Illuminate/Http/Request))
#29 C:/Users/paulb/Documents/GitHub/Educom-Trainee-Dashboard/DashboardAPI/vendor/laravel/framework/src/Illuminate/Foundation/Http/Kernel.php(200): Illuminate/Routing/Router->dispatch(Object(Illuminate/Http/Request))
#30 C:/Users/paulb/Documents/GitHub/Educom-Trainee-Dashboard/DashboardAPI/vendor/laravel/framework/src/Illuminate/Pipeline/Pipeline.php(180): Illuminate/Foundation/Http/Kernel->{closure:Illuminate/Foundation/Http/Kernel::dispatchToRouter():197}(Object(Illuminate/Http/Request))
#31 C:/Users/paulb/Documents/GitHub/Educom-Trainee-Dashboard/DashboardAPI/vendor/laravel/framework/src/Illuminate/Foundation/Http/Middleware/TransformsRequest.php(21): Illuminate/Pipeline/Pipeline->{closure:Illuminate/Pipeline/Pipeline::prepareDestination():178}(Object(Illuminate/Http/Request))
#32 C:/Users/paulb/Documents/GitHub/Educom-Trainee-Dashboard/DashboardAPI/vendor/laravel/framework/src/Illuminate/Foundation/Http/Middleware/ConvertEmptyStringsToNull.php(31): Illuminate/Foundation/Http/Middleware/TransformsRequest->handle(Object(Illuminate/Http/Request), Object(Closure))
#33 C:/Users/paulb/Documents/GitHub/Educom-Trainee-Dashboard/DashboardAPI/vendor/laravel/framework/src/Illuminate/Pipeline/Pipeline.php(219): Illuminate/Foundation/Http/Middleware/ConvertEmptyStringsToNull->handle(Object(Illuminate/Http/Request), Object(Closure))
#34 C:/Users/paulb/Documents/GitHub/Educom-Trainee-Dashboard/DashboardAPI/vendor/laravel/framework/src/Illuminate/Foundation/Http/Middleware/TransformsRequest.php(21): Illuminate/Pipeline/Pipeline->{closure:{closure:Illuminate/Pipeline/Pipeline::carry():194}:195}(Object(Illuminate/Http/Request))
#35 C:/Users/paulb/Documents/GitHub/Educom-Trainee-Dashboard/DashboardAPI/vendor/laravel/framework/src/Illuminate/Foundation/Http/Middleware/TrimStrings.php(51): Illuminate/Foundation/Http/Middleware/TransformsRequest->handle(Object(Illuminate/Http/Request), Object(Closure))
#36 C:/Users/paulb/Documents/GitHub/Educom-Trainee-Dashboard/DashboardAPI/vendor/laravel/framework/src/Illuminate/Pipeline/Pipeline.php(219): Illuminate/Foundation/Http/Middleware/TrimStrings->handle(Object(Illuminate/Http/Request), Object(Closure))
#37 C:/Users/paulb/Documents/GitHub/Educom-Trainee-Dashboard/DashboardAPI/vendor/laravel/framework/src/Illuminate/Http/Middleware/ValidatePostSize.php(27): Illuminate/Pipeline/Pipeline->{closure:{closure:Illuminate/Pipeline/Pipeline::carry():194}:195}(Object(Illuminate/Http/Request))
#38 C:/Users/paulb/Documents/GitHub/Educom-Trainee-Dashboard/DashboardAPI/vendor/laravel/framework/src/Illuminate/Pipeline/Pipeline.php(219): Illuminate/Http/Middleware/ValidatePostSize->handle(Object(Illuminate/Http/Request), Object(Closure))
#39 C:/Users/paulb/Documents/GitHub/Educom-Trainee-Dashboard/DashboardAPI/vendor/laravel/framework/src/Illuminate/Foundation/Http/Middleware/PreventRequestsDuringMaintenance.php(109): Illuminate/Pipeline/Pipeline->{closure:{closure:Illuminate/Pipeline/Pipeline::carry():194}:195}(Object(Illuminate/Http/Request))
#40 C:/Users/paulb/Documents/GitHub/Educom-Trainee-Dashboard/DashboardAPI/vendor/laravel/framework/src/Illuminate/Pipeline/Pipeline.php(219): Illuminate/Foundation/Http/Middleware/PreventRequestsDuringMaintenance->handle(Object(Illuminate/Http/Request), Object(Closure))
#41 C:/Users/paulb/Documents/GitHub/Educom-Trainee-Dashboard/DashboardAPI/vendor/laravel/framework/src/Illuminate/Http/Middleware/HandleCors.php(74): Illuminate/Pipeline/Pipeline->{closure:{closure:Illuminate/Pipeline/Pipeline::carry():194}:195}(Object(Illuminate/Http/Request))
#42 C:/Users/paulb/Documents/GitHub/Educom-Trainee-Dashboard/DashboardAPI/vendor/laravel/framework/src/Illuminate/Pipeline/Pipeline.php(219): Illuminate/Http/Middleware/HandleCors->handle(Object(Illuminate/Http/Request), Object(Closure))
#43 C:/Users/paulb/Documents/GitHub/Educom-Trainee-Dashboard/DashboardAPI/vendor/laravel/framework/src/Illuminate/Http/Middleware/TrustProxies.php(58): Illuminate/Pipeline/Pipeline->{closure:{closure:Illuminate/Pipeline/Pipeline::carry():194}:195}(Object(Illuminate/Http/Request))
#44 C:/Users/paulb/Documents/GitHub/Educom-Trainee-Dashboard/DashboardAPI/vendor/laravel/framework/src/Illuminate/Pipeline/Pipeline.php(219): Illuminate/Http/Middleware/TrustProxies->handle(Object(Illuminate/Http/Request), Object(Closure))
#45 C:/Users/paulb/Documents/GitHub/Educom-Trainee-Dashboard/DashboardAPI/vendor/laravel/framework/src/Illuminate/Foundation/Http/Middleware/InvokeDeferredCallbacks.php(22): Illuminate/Pipeline/Pipeline->{closure:{closure:Illuminate/Pipeline/Pipeline::carry():194}:195}(Object(Illuminate/Http/Request))
#46 C:/Users/paulb/Documents/GitHub/Educom-Trainee-Dashboard/DashboardAPI/vendor/laravel/framework/src/Illuminate/Pipeline/Pipeline.php(219): Illuminate/Foundation/Http/Middleware/InvokeDeferredCallbacks->handle(Object(Illuminate/Http/Request), Object(Closure))
#47 C:/Users/paulb/Documents/GitHub/Educom-Trainee-Dashboard/DashboardAPI/vendor/laravel/framework/src/Illuminate/Http/Middleware/ValidatePathEncoding.php(28): Illuminate/Pipeline/Pipeline->{closure:{closure:Illuminate/Pipeline/Pipeline::carry():194}:195}(Object(Illuminate/Http/Request))
#48 C:/Users/paulb/Documents/GitHub/Educom-Trainee-Dashboard/DashboardAPI/vendor/laravel/framework/src/Illuminate/Pipeline/Pipeline.php(219): Illuminate/Http/Middleware/ValidatePathEncoding->handle(Object(Illuminate/Http/Request), Object(Closure))
#49 C:/Users/paulb/Documents/GitHub/Educom-Trainee-Dashboard/DashboardAPI/vendor/laravel/framework/src/Illuminate/Pipeline/Pipeline.php(137): Illuminate/Pipeline/Pipeline->{closure:{closure:Illuminate/Pipeline/Pipeline::carry():194}:195}(Object(Illuminate/Http/Request))
#50 C:/Users/paulb/Documents/GitHub/Educom-Trainee-Dashboard/DashboardAPI/vendor/laravel/framework/src/Illuminate/Foundation/Http/Kernel.php(175): Illuminate/Pipeline/Pipeline->then(Object(Closure))
#51 C:/Users/paulb/Documents/GitHub/Educom-Trainee-Dashboard/DashboardAPI/vendor/laravel/framework/src/Illuminate/Foundation/Http/Kernel.php(144): Illuminate/Foundation/Http/Kernel->sendRequestThroughRouter(Object(Illuminate/Http/Request))
#52 C:/Users/paulb/Documents/GitHub/Educom-Trainee-Dashboard/DashboardAPI/vendor/laravel/framework/src/Illuminate/Foundation/Testing/Concerns/MakesHttpRequests.php(607): Illuminate/Foundation/Http/Kernel->handle(Object(Illuminate/Http/Request))
#53 C:/Users/paulb/Documents/GitHub/Educom-Trainee-Dashboard/DashboardAPI/vendor/laravel/framework/src/Illuminate/Foundation/Testing/Concerns/MakesHttpRequests.php(368): Illuminate/Foundation/Testing/TestCase->call('GET', '/api/users', Array, Array, Array, Array)
#54 C:/Users/paulb/Documents/GitHub/Educom-Trainee-Dashboard/DashboardAPI/tests/Feature/UsageTest.php(4): Illuminate/Foundation/Testing/TestCase->get('/api/users')
#55 C:/Users/paulb/Documents/GitHub/Educom-Trainee-Dashboard/DashboardAPI/vendor/pestphp/pest/src/Factories/TestCaseMethodFactory.php(177): P/Tests/Feature/UsageTest->{closure:C:/Users/paulb/Documents/GitHub/Educom-Trainee-Dashboard/DashboardAPI/tests/Feature/UsageTest.php:3}()
#56 [internal function]: P/Tests/Feature/UsageTest->{closure:Pest/Factories/TestCaseMethodFactory::getClosure():167}()
#57 C:/Users/paulb/Documents/GitHub/Educom-Trainee-Dashboard/DashboardAPI/vendor/pestphp/pest/src/Concerns/Testable.php(581): call_user_func_array(Object(Closure), Array)
#58 C:/Users/paulb/Documents/GitHub/Educom-Trainee-Dashboard/DashboardAPI/vendor/pestphp/pest/src/Support/ExceptionTrace.php(26): P/Tests/Feature/UsageTest->{closure:Pest/Concerns/Testable::__callClosure():581}()
#59 C:/Users/paulb/Documents/GitHub/Educom-Trainee-Dashboard/DashboardAPI/vendor/pestphp/pest/src/Concerns/Testable.php(581): Pest/Support/ExceptionTrace::ensure(Object(Closure))
#60 C:/Users/paulb/Documents/GitHub/Educom-Trainee-Dashboard/DashboardAPI/vendor/pestphp/pest/src/Concerns/Testable.php(403): P/Tests/Feature/UsageTest->__callClosure(Object(Closure), Array)
#61 C:/Users/paulb/Documents/GitHub/Educom-Trainee-Dashboard/DashboardAPI/vendor/pestphp/pest/src/Factories/TestCaseFactory.php(175) : eval()'d code(17): P/Tests/Feature/UsageTest->__runTest(Object(Closure))
#62 C:/Users/paulb/Documents/GitHub/Educom-Trainee-Dashboard/DashboardAPI/vendor/phpunit/phpunit/src/Framework/TestCase.php(1318): P/Tests/Feature/UsageTest->__pest_evaluable_example()
#63 C:/Users/paulb/Documents/GitHub/Educom-Trainee-Dashboard/DashboardAPI/vendor/phpunit/phpunit/src/Framework/TestCase.php(1355): PHPUnit/Framework/TestCase->invokeTestMethod('__pest_evaluabl...', Array)
#64 C:/Users/paulb/Documents/GitHub/Educom-Trainee-Dashboard/DashboardAPI/vendor/phpunit/phpunit/src/Framework/TestCase.php(521): PHPUnit/Framework/TestCase->runTest()
#65 C:/Users/paulb/Documents/GitHub/Educom-Trainee-Dashboard/DashboardAPI/vendor/phpunit/phpunit/src/Framework/TestRunner/TestRunner.php(99): PHPUnit/Framework/TestCase->runBare()
#66 C:/Users/paulb/Documents/GitHub/Educom-Trainee-Dashboard/DashboardAPI/vendor/phpunit/phpunit/src/Framework/TestCase.php(361): PHPUnit/Framework/TestRunner->run(Object(P/Tests/Feature/UsageTest))
#67 C:/Users/paulb/Documents/GitHub/Educom-Trainee-Dashboard/DashboardAPI/vendor/phpunit/phpunit/src/Framework/TestSuite.php(374): PHPUnit/Framework/TestCase->run()
#68 C:/Users/paulb/Documents/GitHub/Educom-Trainee-Dashboard/DashboardAPI/vendor/phpunit/phpunit/src/Framework/TestSuite.php(374): PHPUnit/Framework/TestSuite->run()
#69 C:/Users/paulb/Documents/GitHub/Educom-Trainee-Dashboard/DashboardAPI/vendor/phpunit/phpunit/src/Framework/TestSuite.php(374): PHPUnit/Framework/TestSuite->run()
#70 C:/Users/paulb/Documents/GitHub/Educom-Trainee-Dashboard/DashboardAPI/vendor/phpunit/phpunit/src/TextUI/TestRunner.php(64): PHPUnit/Framework/TestSuite->run()
#71 C:/Users/paulb/Documents/GitHub/Educom-Trainee-Dashboard/DashboardAPI/vendor/phpunit/phpunit/src/TextUI/Application.php(229): PHPUnit/TextUI/TestRunner->run(Object(PHPUnit/TextUI/Configuration/Configuration), Object(PHPUnit/Runner/ResultCache/DefaultResultCache), Object(PHPUnit/Framework/TestSuite))
#72 C:/Users/paulb/Documents/GitHub/Educom-Trainee-Dashboard/DashboardAPI/vendor/pestphp/pest/src/Kernel.php(117): PHPUnit/TextUI/Application->run(Array)
#73 C:/Users/paulb/Documents/GitHub/Educom-Trainee-Dashboard/DashboardAPI/vendor/pestphp/pest/bin/pest(207): Pest/Kernel->handle(Array, Array)
#74 C:/Users/paulb/Documents/GitHub/Educom-Trainee-Dashboard/DashboardAPI/vendor/pestphp/pest/bin/pest(215): {closure:C:/Users/paulb/Documents/GitHub/Educom-Trainee-Dashboard/DashboardAPI/vendor/pestphp/pest/bin/pest:21}()
#75 {main}
"} 
[2026-07-20 09:39:39] testing.ERROR: could not find driver (Connection: sqlite, Database: :memory:, SQL: select * from "users") {"exception":"[object] (Illuminate\\Database\\QueryException(code: 0): could not find driver (Connection: sqlite, Database: :memory:, SQL: select * from \"users\") at C:/Users/paulb/Documents/GitHub/Educom-Trainee-Dashboard/DashboardAPI/vendor/laravel/framework/src/Illuminate/Database/Connection.php:857)
[stacktrace]
#0 C:/Users/paulb/Documents/GitHub/Educom-Trainee-Dashboard/DashboardAPI/vendor/laravel/framework/src/Illuminate/Database/Connection.php(813): Illuminate/Database/Connection->runQueryCallback('select * from \"...', Array, Object(Closure))
#1 C:/Users/paulb/Documents/GitHub/Educom-Trainee-Dashboard/DashboardAPI/vendor/laravel/framework/src/Illuminate/Database/Connection.php(426): Illuminate/Database/Connection->run('select * from \"...', Array, Object(Closure))
#2 C:/Users/paulb/Documents/GitHub/Educom-Trainee-Dashboard/DashboardAPI/vendor/laravel/framework/src/Illuminate/Database/Query/Builder.php(3573): Illuminate/Database/Connection->select('select * from \"...', Array, true, Array)
#3 C:/Users/paulb/Documents/GitHub/Educom-Trainee-Dashboard/DashboardAPI/vendor/laravel/framework/src/Illuminate/Database/Query/Builder.php(3557): Illuminate/Database/Query/Builder->runSelect()
#4 C:/Users/paulb/Documents/GitHub/Educom-Trainee-Dashboard/DashboardAPI/vendor/laravel/framework/src/Illuminate/Database/Eloquent/Builder.php(908): Illuminate/Database/Query/Builder->get(Array)
#5 C:/Users/paulb/Documents/GitHub/Educom-Trainee-Dashboard/DashboardAPI/vendor/laravel/framework/src/Illuminate/Database/Eloquent/Builder.php(890): Illuminate/Database/Eloquent/Builder->getModels(Array)
#6 C:/Users/paulb/Documents/GitHub/Educom-Trainee-Dashboard/DashboardAPI/vendor/laravel/framework/src/Illuminate/Support/Traits/ForwardsCalls.php(23): Illuminate/Database/Eloquent/Builder->get()
#7 C:/Users/paulb/Documents/GitHub/Educom-Trainee-Dashboard/DashboardAPI/vendor/laravel/framework/src/Illuminate/Database/Eloquent/Model.php(2809): Illuminate/Database/Eloquent/Model->forwardCallTo(Object(Illuminate/Database/Eloquent/Builder), 'get', Array)
#8 C:/Users/paulb/Documents/GitHub/Educom-Trainee-Dashboard/DashboardAPI/vendor/laravel/framework/src/Illuminate/Database/Eloquent/Model.php(2825): Illuminate/Database/Eloquent/Model->__call('get', Array)
#9 C:/Users/paulb/Documents/GitHub/Educom-Trainee-Dashboard/DashboardAPI/app/Http/Controllers/UsageController.php(126): Illuminate/Database/Eloquent/Model::__callStatic('get', Array)
#10 C:/Users/paulb/Documents/GitHub/Educom-Trainee-Dashboard/DashboardAPI/vendor/laravel/framework/src/Illuminate/Routing/ControllerDispatcher.php(46): App/Http/Controllers/UsageController->getTotalSpend()
#11 C:/Users/paulb/Documents/GitHub/Educom-Trainee-Dashboard/DashboardAPI/vendor/laravel/framework/src/Illuminate/Routing/Route.php(275): Illuminate/Routing/ControllerDispatcher->dispatch(Object(Illuminate/Routing/Route), Object(App/Http/Controllers/UsageController), 'getTotalSpend')
#12 C:/Users/paulb/Documents/GitHub/Educom-Trainee-Dashboard/DashboardAPI/vendor/laravel/framework/src/Illuminate/Routing/Route.php(215): Illuminate/Routing/Route->runController()
#13 C:/Users/paulb/Documents/GitHub/Educom-Trainee-Dashboard/DashboardAPI/vendor/laravel/framework/src/Illuminate/Routing/Router.php(822): Illuminate/Routing/Route->run()
#14 C:/Users/paulb/Documents/GitHub/Educom-Trainee-Dashboard/DashboardAPI/vendor/laravel/framework/src/Illuminate/Pipeline/Pipeline.php(180): Illuminate/Routing/Router->{closure:Illuminate/Routing/Router::runRouteWithinStack():821}(Object(Illuminate/Http/Request))
#15 C:/Users/paulb/Documents/GitHub/Educom-Trainee-Dashboard/DashboardAPI/vendor/laravel/framework/src/Illuminate/Routing/Middleware/SubstituteBindings.php(52): Illuminate/Pipeline/Pipeline->{closure:Illuminate/Pipeline/Pipeline::prepareDestination():178}(Object(Illuminate/Http/Request))
#16 C:/Users/paulb/Documents/GitHub/Educom-Trainee-Dashboard/DashboardAPI/vendor/laravel/framework/src/Illuminate/Pipeline/Pipeline.php(219): Illuminate/Routing/Middleware/SubstituteBindings->handle(Object(Illuminate/Http/Request), Object(Closure))
#17 C:/Users/paulb/Documents/GitHub/Educom-Trainee-Dashboard/DashboardAPI/vendor/laravel/framework/src/Illuminate/Pipeline/Pipeline.php(137): Illuminate/Pipeline/Pipeline->{closure:{closure:Illuminate/Pipeline/Pipeline::carry():194}:195}(Object(Illuminate/Http/Request))
#18 C:/Users/paulb/Documents/GitHub/Educom-Trainee-Dashboard/DashboardAPI/vendor/laravel/framework/src/Illuminate/Routing/Router.php(821): Illuminate/Pipeline/Pipeline->then(Object(Closure))
#19 C:/Users/paulb/Documents/GitHub/Educom-Trainee-Dashboard/DashboardAPI/vendor/laravel/framework/src/Illuminate/Routing/Router.php(800): Illuminate/Routing/Router->runRouteWithinStack(Object(Illuminate/Routing/Route), Object(Illuminate/Http/Request))
#20 C:/Users/paulb/Documents/GitHub/Educom-Trainee-Dashboard/DashboardAPI/vendor/laravel/framework/src/Illuminate/Routing/Router.php(764): Illuminate/Routing/Router->runRoute(Object(Illuminate/Http/Request), Object(Illuminate/Routing/Route))
#21 C:/Users/paulb/Documents/GitHub/Educom-Trainee-Dashboard/DashboardAPI/vendor/laravel/framework/src/Illuminate/Routing/Router.php(753): Illuminate/Routing/Router->dispatchToRoute(Object(Illuminate/Http/Request))
#22 C:/Users/paulb/Documents/GitHub/Educom-Trainee-Dashboard/DashboardAPI/vendor/laravel/framework/src/Illuminate/Foundation/Http/Kernel.php(200): Illuminate/Routing/Router->dispatch(Object(Illuminate/Http/Request))
#23 C:/Users/paulb/Documents/GitHub/Educom-Trainee-Dashboard/DashboardAPI/vendor/laravel/framework/src/Illuminate/Pipeline/Pipeline.php(180): Illuminate/Foundation/Http/Kernel->{closure:Illuminate/Foundation/Http/Kernel::dispatchToRouter():197}(Object(Illuminate/Http/Request))
#24 C:/Users/paulb/Documents/GitHub/Educom-Trainee-Dashboard/DashboardAPI/vendor/laravel/framework/src/Illuminate/Foundation/Http/Middleware/TransformsRequest.php(21): Illuminate/Pipeline/Pipeline->{closure:Illuminate/Pipeline/Pipeline::prepareDestination():178}(Object(Illuminate/Http/Request))
#25 C:/Users/paulb/Documents/GitHub/Educom-Trainee-Dashboard/DashboardAPI/vendor/laravel/framework/src/Illuminate/Foundation/Http/Middleware/ConvertEmptyStringsToNull.php(31): Illuminate/Foundation/Http/Middleware/TransformsRequest->handle(Object(Illuminate/Http/Request), Object(Closure))
#26 C:/Users/paulb/Documents/GitHub/Educom-Trainee-Dashboard/DashboardAPI/vendor/laravel/framework/src/Illuminate/Pipeline/Pipeline.php(219): Illuminate/Foundation/Http/Middleware/ConvertEmptyStringsToNull->handle(Object(Illuminate/Http/Request), Object(Closure))
#27 C:/Users/paulb/Documents/GitHub/Educom-Trainee-Dashboard/DashboardAPI/vendor/laravel/framework/src/Illuminate/Foundation/Http/Middleware/TransformsRequest.php(21): Illuminate/Pipeline/Pipeline->{closure:{closure:Illuminate/Pipeline/Pipeline::carry():194}:195}(Object(Illuminate/Http/Request))
#28 C:/Users/paulb/Documents/GitHub/Educom-Trainee-Dashboard/DashboardAPI/vendor/laravel/framework/src/Illuminate/Foundation/Http/Middleware/TrimStrings.php(51): Illuminate/Foundation/Http/Middleware/TransformsRequest->handle(Object(Illuminate/Http/Request), Object(Closure))
#29 C:/Users/paulb/Documents/GitHub/Educom-Trainee-Dashboard/DashboardAPI/vendor/laravel/framework/src/Illuminate/Pipeline/Pipeline.php(219): Illuminate/Foundation/Http/Middleware/TrimStrings->handle(Object(Illuminate/Http/Request), Object(Closure))
#30 C:/Users/paulb/Documents/GitHub/Educom-Trainee-Dashboard/DashboardAPI/vendor/laravel/framework/src/Illuminate/Http/Middleware/ValidatePostSize.php(27): Illuminate/Pipeline/Pipeline->{closure:{closure:Illuminate/Pipeline/Pipeline::carry():194}:195}(Object(Illuminate/Http/Request))
#31 C:/Users/paulb/Documents/GitHub/Educom-Trainee-Dashboard/DashboardAPI/vendor/laravel/framework/src/Illuminate/Pipeline/Pipeline.php(219): Illuminate/Http/Middleware/ValidatePostSize->handle(Object(Illuminate/Http/Request), Object(Closure))
#32 C:/Users/paulb/Documents/GitHub/Educom-Trainee-Dashboard/DashboardAPI/vendor/laravel/framework/src/Illuminate/Foundation/Http/Middleware/PreventRequestsDuringMaintenance.php(109): Illuminate/Pipeline/Pipeline->{closure:{closure:Illuminate/Pipeline/Pipeline::carry():194}:195}(Object(Illuminate/Http/Request))
#33 C:/Users/paulb/Documents/GitHub/Educom-Trainee-Dashboard/DashboardAPI/vendor/laravel/framework/src/Illuminate/Pipeline/Pipeline.php(219): Illuminate/Foundation/Http/Middleware/PreventRequestsDuringMaintenance->handle(Object(Illuminate/Http/Request), Object(Closure))
#34 C:/Users/paulb/Documents/GitHub/Educom-Trainee-Dashboard/DashboardAPI/vendor/laravel/framework/src/Illuminate/Http/Middleware/HandleCors.php(74): Illuminate/Pipeline/Pipeline->{closure:{closure:Illuminate/Pipeline/Pipeline::carry():194}:195}(Object(Illuminate/Http/Request))
#35 C:/Users/paulb/Documents/GitHub/Educom-Trainee-Dashboard/DashboardAPI/vendor/laravel/framework/src/Illuminate/Pipeline/Pipeline.php(219): Illuminate/Http/Middleware/HandleCors->handle(Object(Illuminate/Http/Request), Object(Closure))
#36 C:/Users/paulb/Documents/GitHub/Educom-Trainee-Dashboard/DashboardAPI/vendor/laravel/framework/src/Illuminate/Http/Middleware/TrustProxies.php(58): Illuminate/Pipeline/Pipeline->{closure:{closure:Illuminate/Pipeline/Pipeline::carry():194}:195}(Object(Illuminate/Http/Request))
#37 C:/Users/paulb/Documents/GitHub/Educom-Trainee-Dashboard/DashboardAPI/vendor/laravel/framework/src/Illuminate/Pipeline/Pipeline.php(219): Illuminate/Http/Middleware/TrustProxies->handle(Object(Illuminate/Http/Request), Object(Closure))
#38 C:/Users/paulb/Documents/GitHub/Educom-Trainee-Dashboard/DashboardAPI/vendor/laravel/framework/src/Illuminate/Foundation/Http/Middleware/InvokeDeferredCallbacks.php(22): Illuminate/Pipeline/Pipeline->{closure:{closure:Illuminate/Pipeline/Pipeline::carry():194}:195}(Object(Illuminate/Http/Request))
#39 C:/Users/paulb/Documents/GitHub/Educom-Trainee-Dashboard/DashboardAPI/vendor/laravel/framework/src/Illuminate/Pipeline/Pipeline.php(219): Illuminate/Foundation/Http/Middleware/InvokeDeferredCallbacks->handle(Object(Illuminate/Http/Request), Object(Closure))
#40 C:/Users/paulb/Documents/GitHub/Educom-Trainee-Dashboard/DashboardAPI/vendor/laravel/framework/src/Illuminate/Http/Middleware/ValidatePathEncoding.php(28): Illuminate/Pipeline/Pipeline->{closure:{closure:Illuminate/Pipeline/Pipeline::carry():194}:195}(Object(Illuminate/Http/Request))
#41 C:/Users/paulb/Documents/GitHub/Educom-Trainee-Dashboard/DashboardAPI/vendor/laravel/framework/src/Illuminate/Pipeline/Pipeline.php(219): Illuminate/Http/Middleware/ValidatePathEncoding->handle(Object(Illuminate/Http/Request), Object(Closure))
#42 C:/Users/paulb/Documents/GitHub/Educom-Trainee-Dashboard/DashboardAPI/vendor/laravel/framework/src/Illuminate/Pipeline/Pipeline.php(137): Illuminate/Pipeline/Pipeline->{closure:{closure:Illuminate/Pipeline/Pipeline::carry():194}:195}(Object(Illuminate/Http/Request))
#43 C:/Users/paulb/Documents/GitHub/Educom-Trainee-Dashboard/DashboardAPI/vendor/laravel/framework/src/Illuminate/Foundation/Http/Kernel.php(175): Illuminate/Pipeline/Pipeline->then(Object(Closure))
#44 C:/Users/paulb/Documents/GitHub/Educom-Trainee-Dashboard/DashboardAPI/vendor/laravel/framework/src/Illuminate/Foundation/Http/Kernel.php(144): Illuminate/Foundation/Http/Kernel->sendRequestThroughRouter(Object(Illuminate/Http/Request))
#45 C:/Users/paulb/Documents/GitHub/Educom-Trainee-Dashboard/DashboardAPI/vendor/laravel/framework/src/Illuminate/Foundation/Testing/Concerns/MakesHttpRequests.php(607): Illuminate/Foundation/Http/Kernel->handle(Object(Illuminate/Http/Request))
#46 C:/Users/paulb/Documents/GitHub/Educom-Trainee-Dashboard/DashboardAPI/vendor/laravel/framework/src/Illuminate/Foundation/Testing/Concerns/MakesHttpRequests.php(368): Illuminate/Foundation/Testing/TestCase->call('GET', 'http://127.0.0....', Array, Array, Array, Array)
#47 C:/Users/paulb/Documents/GitHub/Educom-Trainee-Dashboard/DashboardAPI/tests/Feature/UsageTest.php(4): Illuminate/Foundation/Testing/TestCase->get('http://127.0.0....')
#48 C:/Users/paulb/Documents/GitHub/Educom-Trainee-Dashboard/DashboardAPI/vendor/pestphp/pest/src/Factories/TestCaseMethodFactory.php(177): P/Tests/Feature/UsageTest->{closure:C:/Users/paulb/Documents/GitHub/Educom-Trainee-Dashboard/DashboardAPI/tests/Feature/UsageTest.php:3}()
#49 [internal function]: P/Tests/Feature/UsageTest->{closure:Pest/Factories/TestCaseMethodFactory::getClosure():167}()
#50 C:/Users/paulb/Documents/GitHub/Educom-Trainee-Dashboard/DashboardAPI/vendor/pestphp/pest/src/Concerns/Testable.php(581): call_user_func_array(Object(Closure), Array)
#51 C:/Users/paulb/Documents/GitHub/Educom-Trainee-Dashboard/DashboardAPI/vendor/pestphp/pest/src/Support/ExceptionTrace.php(26): P/Tests/Feature/UsageTest->{closure:Pest/Concerns/Testable::__callClosure():581}()
#52 C:/Users/paulb/Documents/GitHub/Educom-Trainee-Dashboard/DashboardAPI/vendor/pestphp/pest/src/Concerns/Testable.php(581): Pest/Support/ExceptionTrace::ensure(Object(Closure))
#53 C:/Users/paulb/Documents/GitHub/Educom-Trainee-Dashboard/DashboardAPI/vendor/pestphp/pest/src/Concerns/Testable.php(403): P/Tests/Feature/UsageTest->__callClosure(Object(Closure), Array)
#54 C:/Users/paulb/Documents/GitHub/Educom-Trainee-Dashboard/DashboardAPI/vendor/pestphp/pest/src/Factories/TestCaseFactory.php(175) : eval()'d code(17): P/Tests/Feature/UsageTest->__runTest(Object(Closure))
#55 C:/Users/paulb/Documents/GitHub/Educom-Trainee-Dashboard/DashboardAPI/vendor/phpunit/phpunit/src/Framework/TestCase.php(1318): P/Tests/Feature/UsageTest->__pest_evaluable_ai()
#56 C:/Users/paulb/Documents/GitHub/Educom-Trainee-Dashboard/DashboardAPI/vendor/phpunit/phpunit/src/Framework/TestCase.php(1355): PHPUnit/Framework/TestCase->invokeTestMethod('__pest_evaluabl...', Array)
#57 C:/Users/paulb/Documents/GitHub/Educom-Trainee-Dashboard/DashboardAPI/vendor/phpunit/phpunit/src/Framework/TestCase.php(521): PHPUnit/Framework/TestCase->runTest()
#58 C:/Users/paulb/Documents/GitHub/Educom-Trainee-Dashboard/DashboardAPI/vendor/phpunit/phpunit/src/Framework/TestRunner/TestRunner.php(99): PHPUnit/Framework/TestCase->runBare()
#59 C:/Users/paulb/Documents/GitHub/Educom-Trainee-Dashboard/DashboardAPI/vendor/phpunit/phpunit/src/Framework/TestCase.php(361): PHPUnit/Framework/TestRunner->run(Object(P/Tests/Feature/UsageTest))
#60 C:/Users/paulb/Documents/GitHub/Educom-Trainee-Dashboard/DashboardAPI/vendor/phpunit/phpunit/src/Framework/TestSuite.php(374): PHPUnit/Framework/TestCase->run()
#61 C:/Users/paulb/Documents/GitHub/Educom-Trainee-Dashboard/DashboardAPI/vendor/phpunit/phpunit/src/Framework/TestSuite.php(374): PHPUnit/Framework/TestSuite->run()
#62 C:/Users/paulb/Documents/GitHub/Educom-Trainee-Dashboard/DashboardAPI/vendor/phpunit/phpunit/src/Framework/TestSuite.php(374): PHPUnit/Framework/TestSuite->run()
#63 C:/Users/paulb/Documents/GitHub/Educom-Trainee-Dashboard/DashboardAPI/vendor/phpunit/phpunit/src/TextUI/TestRunner.php(64): PHPUnit/Framework/TestSuite->run()
#64 C:/Users/paulb/Documents/GitHub/Educom-Trainee-Dashboard/DashboardAPI/vendor/phpunit/phpunit/src/TextUI/Application.php(229): PHPUnit/TextUI/TestRunner->run(Object(PHPUnit/TextUI/Configuration/Configuration), Object(PHPUnit/Runner/ResultCache/DefaultResultCache), Object(PHPUnit/Framework/TestSuite))
#65 C:/Users/paulb/Documents/GitHub/Educom-Trainee-Dashboard/DashboardAPI/vendor/pestphp/pest/src/Kernel.php(117): PHPUnit/TextUI/Application->run(Array)
#66 C:/Users/paulb/Documents/GitHub/Educom-Trainee-Dashboard/DashboardAPI/vendor/pestphp/pest/bin/pest(207): Pest/Kernel->handle(Array, Array)
#67 C:/Users/paulb/Documents/GitHub/Educom-Trainee-Dashboard/DashboardAPI/vendor/pestphp/pest/bin/pest(215): {closure:C:/Users/paulb/Documents/GitHub/Educom-Trainee-Dashboard/DashboardAPI/vendor/pestphp/pest/bin/pest:21}()
#68 {main}

[previous exception] [object] (PDOException(code: 0): could not find driver at C:/Users/paulb/Documents/GitHub/Educom-Trainee-Dashboard/DashboardAPI/vendor/laravel/framework/src/Illuminate/Database/Connectors/Connector.php:67)
[stacktrace]
#0 C:/Users/paulb/Documents/GitHub/Educom-Trainee-Dashboard/DashboardAPI/vendor/laravel/framework/src/Illuminate/Database/Connectors/Connector.php(67): PDO::connect('sqlite::memory:', NULL, Object(SensitiveParameterValue), Array)
#1 C:/Users/paulb/Documents/GitHub/Educom-Trainee-Dashboard/DashboardAPI/vendor/laravel/framework/src/Illuminate/Database/Connectors/Connector.php(44): Illuminate/Database/Connectors/Connector->createPdoConnection('sqlite::memory:', NULL, Object(SensitiveParameterValue), Array)
#2 C:/Users/paulb/Documents/GitHub/Educom-Trainee-Dashboard/DashboardAPI/vendor/laravel/framework/src/Illuminate/Database/Connectors/SQLiteConnector.php(21): Illuminate/Database/Connectors/Connector->createConnection('sqlite::memory:', Array, Array)
#3 C:/Users/paulb/Documents/GitHub/Educom-Trainee-Dashboard/DashboardAPI/vendor/laravel/framework/src/Illuminate/Database/Connectors/ConnectionFactory.php(259): Illuminate/Database/Connectors/SQLiteConnector->connect(Array)
#4 [internal function]: Illuminate/Database/Connectors/ConnectionFactory->{closure:Illuminate/Database/Connectors/ConnectionFactory::createPdoResolverWithoutHosts():259}()
#5 C:/Users/paulb/Documents/GitHub/Educom-Trainee-Dashboard/DashboardAPI/vendor/laravel/framework/src/Illuminate/Database/Connection.php(1297): call_user_func(Object(Closure))
#6 C:/Users/paulb/Documents/GitHub/Educom-Trainee-Dashboard/DashboardAPI/vendor/laravel/framework/src/Illuminate/Database/Connection.php(1335): Illuminate/Database/Connection->getPdo()
#7 C:/Users/paulb/Documents/GitHub/Educom-Trainee-Dashboard/DashboardAPI/vendor/laravel/framework/src/Illuminate/Database/Connection.php(542): Illuminate/Database/Connection->getReadPdo()
#8 C:/Users/paulb/Documents/GitHub/Educom-Trainee-Dashboard/DashboardAPI/vendor/laravel/framework/src/Illuminate/Database/Connection.php(435): Illuminate/Database/Connection->getPdoForSelect(true)
#9 C:/Users/paulb/Documents/GitHub/Educom-Trainee-Dashboard/DashboardAPI/vendor/laravel/framework/src/Illuminate/Database/Connection.php(846): Illuminate/Database/Connection->{closure:Illuminate/Database/Connection::select():426}('select * from \"...', Array)
#10 C:/Users/paulb/Documents/GitHub/Educom-Trainee-Dashboard/DashboardAPI/vendor/laravel/framework/src/Illuminate/Database/Connection.php(813): Illuminate/Database/Connection->runQueryCallback('select * from \"...', Array, Object(Closure))
#11 C:/Users/paulb/Documents/GitHub/Educom-Trainee-Dashboard/DashboardAPI/vendor/laravel/framework/src/Illuminate/Database/Connection.php(426): Illuminate/Database/Connection->run('select * from \"...', Array, Object(Closure))
#12 C:/Users/paulb/Documents/GitHub/Educom-Trainee-Dashboard/DashboardAPI/vendor/laravel/framework/src/Illuminate/Database/Query/Builder.php(3573): Illuminate/Database/Connection->select('select * from \"...', Array, true, Array)
#13 C:/Users/paulb/Documents/GitHub/Educom-Trainee-Dashboard/DashboardAPI/vendor/laravel/framework/src/Illuminate/Database/Query/Builder.php(3557): Illuminate/Database/Query/Builder->runSelect()
#14 C:/Users/paulb/Documents/GitHub/Educom-Trainee-Dashboard/DashboardAPI/vendor/laravel/framework/src/Illuminate/Database/Eloquent/Builder.php(908): Illuminate/Database/Query/Builder->get(Array)
#15 C:/Users/paulb/Documents/GitHub/Educom-Trainee-Dashboard/DashboardAPI/vendor/laravel/framework/src/Illuminate/Database/Eloquent/Builder.php(890): Illuminate/Database/Eloquent/Builder->getModels(Array)
#16 C:/Users/paulb/Documents/GitHub/Educom-Trainee-Dashboard/DashboardAPI/vendor/laravel/framework/src/Illuminate/Support/Traits/ForwardsCalls.php(23): Illuminate/Database/Eloquent/Builder->get()
#17 C:/Users/paulb/Documents/GitHub/Educom-Trainee-Dashboard/DashboardAPI/vendor/laravel/framework/src/Illuminate/Database/Eloquent/Model.php(2809): Illuminate/Database/Eloquent/Model->forwardCallTo(Object(Illuminate/Database/Eloquent/Builder), 'get', Array)
#18 C:/Users/paulb/Documents/GitHub/Educom-Trainee-Dashboard/DashboardAPI/vendor/laravel/framework/src/Illuminate/Database/Eloquent/Model.php(2825): Illuminate/Database/Eloquent/Model->__call('get', Array)
#19 C:/Users/paulb/Documents/GitHub/Educom-Trainee-Dashboard/DashboardAPI/app/Http/Controllers/UsageController.php(126): Illuminate/Database/Eloquent/Model::__callStatic('get', Array)
#20 C:/Users/paulb/Documents/GitHub/Educom-Trainee-Dashboard/DashboardAPI/vendor/laravel/framework/src/Illuminate/Routing/ControllerDispatcher.php(46): App/Http/Controllers/UsageController->getTotalSpend()
#21 C:/Users/paulb/Documents/GitHub/Educom-Trainee-Dashboard/DashboardAPI/vendor/laravel/framework/src/Illuminate/Routing/Route.php(275): Illuminate/Routing/ControllerDispatcher->dispatch(Object(Illuminate/Routing/Route), Object(App/Http/Controllers/UsageController), 'getTotalSpend')
#22 C:/Users/paulb/Documents/GitHub/Educom-Trainee-Dashboard/DashboardAPI/vendor/laravel/framework/src/Illuminate/Routing/Route.php(215): Illuminate/Routing/Route->runController()
#23 C:/Users/paulb/Documents/GitHub/Educom-Trainee-Dashboard/DashboardAPI/vendor/laravel/framework/src/Illuminate/Routing/Router.php(822): Illuminate/Routing/Route->run()
#24 C:/Users/paulb/Documents/GitHub/Educom-Trainee-Dashboard/DashboardAPI/vendor/laravel/framework/src/Illuminate/Pipeline/Pipeline.php(180): Illuminate/Routing/Router->{closure:Illuminate/Routing/Router::runRouteWithinStack():821}(Object(Illuminate/Http/Request))
#25 C:/Users/paulb/Documents/GitHub/Educom-Trainee-Dashboard/DashboardAPI/vendor/laravel/framework/src/Illuminate/Routing/Middleware/SubstituteBindings.php(52): Illuminate/Pipeline/Pipeline->{closure:Illuminate/Pipeline/Pipeline::prepareDestination():178}(Object(Illuminate/Http/Request))
#26 C:/Users/paulb/Documents/GitHub/Educom-Trainee-Dashboard/DashboardAPI/vendor/laravel/framework/src/Illuminate/Pipeline/Pipeline.php(219): Illuminate/Routing/Middleware/SubstituteBindings->handle(Object(Illuminate/Http/Request), Object(Closure))
#27 C:/Users/paulb/Documents/GitHub/Educom-Trainee-Dashboard/DashboardAPI/vendor/laravel/framework/src/Illuminate/Pipeline/Pipeline.php(137): Illuminate/Pipeline/Pipeline->{closure:{closure:Illuminate/Pipeline/Pipeline::carry():194}:195}(Object(Illuminate/Http/Request))
#28 C:/Users/paulb/Documents/GitHub/Educom-Trainee-Dashboard/DashboardAPI/vendor/laravel/framework/src/Illuminate/Routing/Router.php(821): Illuminate/Pipeline/Pipeline->then(Object(Closure))
#29 C:/Users/paulb/Documents/GitHub/Educom-Trainee-Dashboard/DashboardAPI/vendor/laravel/framework/src/Illuminate/Routing/Router.php(800): Illuminate/Routing/Router->runRouteWithinStack(Object(Illuminate/Routing/Route), Object(Illuminate/Http/Request))
#30 C:/Users/paulb/Documents/GitHub/Educom-Trainee-Dashboard/DashboardAPI/vendor/laravel/framework/src/Illuminate/Routing/Router.php(764): Illuminate/Routing/Router->runRoute(Object(Illuminate/Http/Request), Object(Illuminate/Routing/Route))
#31 C:/Users/paulb/Documents/GitHub/Educom-Trainee-Dashboard/DashboardAPI/vendor/laravel/framework/src/Illuminate/Routing/Router.php(753): Illuminate/Routing/Router->dispatchToRoute(Object(Illuminate/Http/Request))
#32 C:/Users/paulb/Documents/GitHub/Educom-Trainee-Dashboard/DashboardAPI/vendor/laravel/framework/src/Illuminate/Foundation/Http/Kernel.php(200): Illuminate/Routing/Router->dispatch(Object(Illuminate/Http/Request))
#33 C:/Users/paulb/Documents/GitHub/Educom-Trainee-Dashboard/DashboardAPI/vendor/laravel/framework/src/Illuminate/Pipeline/Pipeline.php(180): Illuminate/Foundation/Http/Kernel->{closure:Illuminate/Foundation/Http/Kernel::dispatchToRouter():197}(Object(Illuminate/Http/Request))
#34 C:/Users/paulb/Documents/GitHub/Educom-Trainee-Dashboard/DashboardAPI/vendor/laravel/framework/src/Illuminate/Foundation/Http/Middleware/TransformsRequest.php(21): Illuminate/Pipeline/Pipeline->{closure:Illuminate/Pipeline/Pipeline::prepareDestination():178}(Object(Illuminate/Http/Request))
#35 C:/Users/paulb/Documents/GitHub/Educom-Trainee-Dashboard/DashboardAPI/vendor/laravel/framework/src/Illuminate/Foundation/Http/Middleware/ConvertEmptyStringsToNull.php(31): Illuminate/Foundation/Http/Middleware/TransformsRequest->handle(Object(Illuminate/Http/Request), Object(Closure))
#36 C:/Users/paulb/Documents/GitHub/Educom-Trainee-Dashboard/DashboardAPI/vendor/laravel/framework/src/Illuminate/Pipeline/Pipeline.php(219): Illuminate/Foundation/Http/Middleware/ConvertEmptyStringsToNull->handle(Object(Illuminate/Http/Request), Object(Closure))
#37 C:/Users/paulb/Documents/GitHub/Educom-Trainee-Dashboard/DashboardAPI/vendor/laravel/framework/src/Illuminate/Foundation/Http/Middleware/TransformsRequest.php(21): Illuminate/Pipeline/Pipeline->{closure:{closure:Illuminate/Pipeline/Pipeline::carry():194}:195}(Object(Illuminate/Http/Request))
#38 C:/Users/paulb/Documents/GitHub/Educom-Trainee-Dashboard/DashboardAPI/vendor/laravel/framework/src/Illuminate/Foundation/Http/Middleware/TrimStrings.php(51): Illuminate/Foundation/Http/Middleware/TransformsRequest->handle(Object(Illuminate/Http/Request), Object(Closure))
#39 C:/Users/paulb/Documents/GitHub/Educom-Trainee-Dashboard/DashboardAPI/vendor/laravel/framework/src/Illuminate/Pipeline/Pipeline.php(219): Illuminate/Foundation/Http/Middleware/TrimStrings->handle(Object(Illuminate/Http/Request), Object(Closure))
#40 C:/Users/paulb/Documents/GitHub/Educom-Trainee-Dashboard/DashboardAPI/vendor/laravel/framework/src/Illuminate/Http/Middleware/ValidatePostSize.php(27): Illuminate/Pipeline/Pipeline->{closure:{closure:Illuminate/Pipeline/Pipeline::carry():194}:195}(Object(Illuminate/Http/Request))
#41 C:/Users/paulb/Documents/GitHub/Educom-Trainee-Dashboard/DashboardAPI/vendor/laravel/framework/src/Illuminate/Pipeline/Pipeline.php(219): Illuminate/Http/Middleware/ValidatePostSize->handle(Object(Illuminate/Http/Request), Object(Closure))
#42 C:/Users/paulb/Documents/GitHub/Educom-Trainee-Dashboard/DashboardAPI/vendor/laravel/framework/src/Illuminate/Foundation/Http/Middleware/PreventRequestsDuringMaintenance.php(109): Illuminate/Pipeline/Pipeline->{closure:{closure:Illuminate/Pipeline/Pipeline::carry():194}:195}(Object(Illuminate/Http/Request))
#43 C:/Users/paulb/Documents/GitHub/Educom-Trainee-Dashboard/DashboardAPI/vendor/laravel/framework/src/Illuminate/Pipeline/Pipeline.php(219): Illuminate/Foundation/Http/Middleware/PreventRequestsDuringMaintenance->handle(Object(Illuminate/Http/Request), Object(Closure))
#44 C:/Users/paulb/Documents/GitHub/Educom-Trainee-Dashboard/DashboardAPI/vendor/laravel/framework/src/Illuminate/Http/Middleware/HandleCors.php(74): Illuminate/Pipeline/Pipeline->{closure:{closure:Illuminate/Pipeline/Pipeline::carry():194}:195}(Object(Illuminate/Http/Request))
#45 C:/Users/paulb/Documents/GitHub/Educom-Trainee-Dashboard/DashboardAPI/vendor/laravel/framework/src/Illuminate/Pipeline/Pipeline.php(219): Illuminate/Http/Middleware/HandleCors->handle(Object(Illuminate/Http/Request), Object(Closure))
#46 C:/Users/paulb/Documents/GitHub/Educom-Trainee-Dashboard/DashboardAPI/vendor/laravel/framework/src/Illuminate/Http/Middleware/TrustProxies.php(58): Illuminate/Pipeline/Pipeline->{closure:{closure:Illuminate/Pipeline/Pipeline::carry():194}:195}(Object(Illuminate/Http/Request))
#47 C:/Users/paulb/Documents/GitHub/Educom-Trainee-Dashboard/DashboardAPI/vendor/laravel/framework/src/Illuminate/Pipeline/Pipeline.php(219): Illuminate/Http/Middleware/TrustProxies->handle(Object(Illuminate/Http/Request), Object(Closure))
#48 C:/Users/paulb/Documents/GitHub/Educom-Trainee-Dashboard/DashboardAPI/vendor/laravel/framework/src/Illuminate/Foundation/Http/Middleware/InvokeDeferredCallbacks.php(22): Illuminate/Pipeline/Pipeline->{closure:{closure:Illuminate/Pipeline/Pipeline::carry():194}:195}(Object(Illuminate/Http/Request))
#49 C:/Users/paulb/Documents/GitHub/Educom-Trainee-Dashboard/DashboardAPI/vendor/laravel/framework/src/Illuminate/Pipeline/Pipeline.php(219): Illuminate/Foundation/Http/Middleware/InvokeDeferredCallbacks->handle(Object(Illuminate/Http/Request), Object(Closure))
#50 C:/Users/paulb/Documents/GitHub/Educom-Trainee-Dashboard/DashboardAPI/vendor/laravel/framework/src/Illuminate/Http/Middleware/ValidatePathEncoding.php(28): Illuminate/Pipeline/Pipeline->{closure:{closure:Illuminate/Pipeline/Pipeline::carry():194}:195}(Object(Illuminate/Http/Request))
#51 C:/Users/paulb/Documents/GitHub/Educom-Trainee-Dashboard/DashboardAPI/vendor/laravel/framework/src/Illuminate/Pipeline/Pipeline.php(219): Illuminate/Http/Middleware/ValidatePathEncoding->handle(Object(Illuminate/Http/Request), Object(Closure))
#52 C:/Users/paulb/Documents/GitHub/Educom-Trainee-Dashboard/DashboardAPI/vendor/laravel/framework/src/Illuminate/Pipeline/Pipeline.php(137): Illuminate/Pipeline/Pipeline->{closure:{closure:Illuminate/Pipeline/Pipeline::carry():194}:195}(Object(Illuminate/Http/Request))
#53 C:/Users/paulb/Documents/GitHub/Educom-Trainee-Dashboard/DashboardAPI/vendor/laravel/framework/src/Illuminate/Foundation/Http/Kernel.php(175): Illuminate/Pipeline/Pipeline->then(Object(Closure))
#54 C:/Users/paulb/Documents/GitHub/Educom-Trainee-Dashboard/DashboardAPI/vendor/laravel/framework/src/Illuminate/Foundation/Http/Kernel.php(144): Illuminate/Foundation/Http/Kernel->sendRequestThroughRouter(Object(Illuminate/Http/Request))
#55 C:/Users/paulb/Documents/GitHub/Educom-Trainee-Dashboard/DashboardAPI/vendor/laravel/framework/src/Illuminate/Foundation/Testing/Concerns/MakesHttpRequests.php(607): Illuminate/Foundation/Http/Kernel->handle(Object(Illuminate/Http/Request))
#56 C:/Users/paulb/Documents/GitHub/Educom-Trainee-Dashboard/DashboardAPI/vendor/laravel/framework/src/Illuminate/Foundation/Testing/Concerns/MakesHttpRequests.php(368): Illuminate/Foundation/Testing/TestCase->call('GET', 'http://127.0.0....', Array, Array, Array, Array)
#57 C:/Users/paulb/Documents/GitHub/Educom-Trainee-Dashboard/DashboardAPI/tests/Feature/UsageTest.php(4): Illuminate/Foundation/Testing/TestCase->get('http://127.0.0....')
#58 C:/Users/paulb/Documents/GitHub/Educom-Trainee-Dashboard/DashboardAPI/vendor/pestphp/pest/src/Factories/TestCaseMethodFactory.php(177): P/Tests/Feature/UsageTest->{closure:C:/Users/paulb/Documents/GitHub/Educom-Trainee-Dashboard/DashboardAPI/tests/Feature/UsageTest.php:3}()
#59 [internal function]: P/Tests/Feature/UsageTest->{closure:Pest/Factories/TestCaseMethodFactory::getClosure():167}()
#60 C:/Users/paulb/Documents/GitHub/Educom-Trainee-Dashboard/DashboardAPI/vendor/pestphp/pest/src/Concerns/Testable.php(581): call_user_func_array(Object(Closure), Array)
#61 C:/Users/paulb/Documents/GitHub/Educom-Trainee-Dashboard/DashboardAPI/vendor/pestphp/pest/src/Support/ExceptionTrace.php(26): P/Tests/Feature/UsageTest->{closure:Pest/Concerns/Testable::__callClosure():581}()
#62 C:/Users/paulb/Documents/GitHub/Educom-Trainee-Dashboard/DashboardAPI/vendor/pestphp/pest/src/Concerns/Testable.php(581): Pest/Support/ExceptionTrace::ensure(Object(Closure))
#63 C:/Users/paulb/Documents/GitHub/Educom-Trainee-Dashboard/DashboardAPI/vendor/pestphp/pest/src/Concerns/Testable.php(403): P/Tests/Feature/UsageTest->__callClosure(Object(Closure), Array)
#64 C:/Users/paulb/Documents/GitHub/Educom-Trainee-Dashboard/DashboardAPI/vendor/pestphp/pest/src/Factories/TestCaseFactory.php(175) : eval()'d code(17): P/Tests/Feature/UsageTest->__runTest(Object(Closure))
#65 C:/Users/paulb/Documents/GitHub/Educom-Trainee-Dashboard/DashboardAPI/vendor/phpunit/phpunit/src/Framework/TestCase.php(1318): P/Tests/Feature/UsageTest->__pest_evaluable_ai()
#66 C:/Users/paulb/Documents/GitHub/Educom-Trainee-Dashboard/DashboardAPI/vendor/phpunit/phpunit/src/Framework/TestCase.php(1355): PHPUnit/Framework/TestCase->invokeTestMethod('__pest_evaluabl...', Array)
#67 C:/Users/paulb/Documents/GitHub/Educom-Trainee-Dashboard/DashboardAPI/vendor/phpunit/phpunit/src/Framework/TestCase.php(521): PHPUnit/Framework/TestCase->runTest()
#68 C:/Users/paulb/Documents/GitHub/Educom-Trainee-Dashboard/DashboardAPI/vendor/phpunit/phpunit/src/Framework/TestRunner/TestRunner.php(99): PHPUnit/Framework/TestCase->runBare()
#69 C:/Users/paulb/Documents/GitHub/Educom-Trainee-Dashboard/DashboardAPI/vendor/phpunit/phpunit/src/Framework/TestCase.php(361): PHPUnit/Framework/TestRunner->run(Object(P/Tests/Feature/UsageTest))
#70 C:/Users/paulb/Documents/GitHub/Educom-Trainee-Dashboard/DashboardAPI/vendor/phpunit/phpunit/src/Framework/TestSuite.php(374): PHPUnit/Framework/TestCase->run()
#71 C:/Users/paulb/Documents/GitHub/Educom-Trainee-Dashboard/DashboardAPI/vendor/phpunit/phpunit/src/Framework/TestSuite.php(374): PHPUnit/Framework/TestSuite->run()
#72 C:/Users/paulb/Documents/GitHub/Educom-Trainee-Dashboard/DashboardAPI/vendor/phpunit/phpunit/src/Framework/TestSuite.php(374): PHPUnit/Framework/TestSuite->run()
#73 C:/Users/paulb/Documents/GitHub/Educom-Trainee-Dashboard/DashboardAPI/vendor/phpunit/phpunit/src/TextUI/TestRunner.php(64): PHPUnit/Framework/TestSuite->run()
#74 C:/Users/paulb/Documents/GitHub/Educom-Trainee-Dashboard/DashboardAPI/vendor/phpunit/phpunit/src/TextUI/Application.php(229): PHPUnit/TextUI/TestRunner->run(Object(PHPUnit/TextUI/Configuration/Configuration), Object(PHPUnit/Runner/ResultCache/DefaultResultCache), Object(PHPUnit/Framework/TestSuite))
#75 C:/Users/paulb/Documents/GitHub/Educom-Trainee-Dashboard/DashboardAPI/vendor/pestphp/pest/src/Kernel.php(117): PHPUnit/TextUI/Application->run(Array)
#76 C:/Users/paulb/Documents/GitHub/Educom-Trainee-Dashboard/DashboardAPI/vendor/pestphp/pest/bin/pest(207): Pest/Kernel->handle(Array, Array)
#77 C:/Users/paulb/Documents/GitHub/Educom-Trainee-Dashboard/DashboardAPI/vendor/pestphp/pest/bin/pest(215): {closure:C:/Users/paulb/Documents/GitHub/Educom-Trainee-Dashboard/DashboardAPI/vendor/pestphp/pest/bin/pest:21}()
#78 {main}
"} 
[2026-07-20 09:39:53] testing.ERROR: could not find driver (Connection: sqlite, Database: :memory:, SQL: select * from "users") {"exception":"[object] (Illuminate\\Database\\QueryException(code: 0): could not find driver (Connection: sqlite, Database: :memory:, SQL: select * from \"users\") at C:/Users/paulb/Documents/GitHub/Educom-Trainee-Dashboard/DashboardAPI/vendor/laravel/framework/src/Illuminate/Database/Connection.php:857)
[stacktrace]
#0 C:/Users/paulb/Documents/GitHub/Educom-Trainee-Dashboard/DashboardAPI/vendor/laravel/framework/src/Illuminate/Database/Connection.php(813): Illuminate/Database/Connection->runQueryCallback('select * from \"...', Array, Object(Closure))
#1 C:/Users/paulb/Documents/GitHub/Educom-Trainee-Dashboard/DashboardAPI/vendor/laravel/framework/src/Illuminate/Database/Connection.php(426): Illuminate/Database/Connection->run('select * from \"...', Array, Object(Closure))
#2 C:/Users/paulb/Documents/GitHub/Educom-Trainee-Dashboard/DashboardAPI/vendor/laravel/framework/src/Illuminate/Database/Query/Builder.php(3573): Illuminate/Database/Connection->select('select * from \"...', Array, true, Array)
#3 C:/Users/paulb/Documents/GitHub/Educom-Trainee-Dashboard/DashboardAPI/vendor/laravel/framework/src/Illuminate/Database/Query/Builder.php(3557): Illuminate/Database/Query/Builder->runSelect()
#4 C:/Users/paulb/Documents/GitHub/Educom-Trainee-Dashboard/DashboardAPI/vendor/laravel/framework/src/Illuminate/Database/Eloquent/Builder.php(908): Illuminate/Database/Query/Builder->get(Array)
#5 C:/Users/paulb/Documents/GitHub/Educom-Trainee-Dashboard/DashboardAPI/vendor/laravel/framework/src/Illuminate/Database/Eloquent/Builder.php(890): Illuminate/Database/Eloquent/Builder->getModels(Array)
#6 C:/Users/paulb/Documents/GitHub/Educom-Trainee-Dashboard/DashboardAPI/vendor/laravel/framework/src/Illuminate/Support/Traits/ForwardsCalls.php(23): Illuminate/Database/Eloquent/Builder->get()
#7 C:/Users/paulb/Documents/GitHub/Educom-Trainee-Dashboard/DashboardAPI/vendor/laravel/framework/src/Illuminate/Database/Eloquent/Model.php(2809): Illuminate/Database/Eloquent/Model->forwardCallTo(Object(Illuminate/Database/Eloquent/Builder), 'get', Array)
#8 C:/Users/paulb/Documents/GitHub/Educom-Trainee-Dashboard/DashboardAPI/vendor/laravel/framework/src/Illuminate/Database/Eloquent/Model.php(2825): Illuminate/Database/Eloquent/Model->__call('get', Array)
#9 C:/Users/paulb/Documents/GitHub/Educom-Trainee-Dashboard/DashboardAPI/app/Http/Controllers/UsageController.php(126): Illuminate/Database/Eloquent/Model::__callStatic('get', Array)
#10 C:/Users/paulb/Documents/GitHub/Educom-Trainee-Dashboard/DashboardAPI/vendor/laravel/framework/src/Illuminate/Routing/ControllerDispatcher.php(46): App/Http/Controllers/UsageController->getTotalSpend()
#11 C:/Users/paulb/Documents/GitHub/Educom-Trainee-Dashboard/DashboardAPI/vendor/laravel/framework/src/Illuminate/Routing/Route.php(275): Illuminate/Routing/ControllerDispatcher->dispatch(Object(Illuminate/Routing/Route), Object(App/Http/Controllers/UsageController), 'getTotalSpend')
#12 C:/Users/paulb/Documents/GitHub/Educom-Trainee-Dashboard/DashboardAPI/vendor/laravel/framework/src/Illuminate/Routing/Route.php(215): Illuminate/Routing/Route->runController()
#13 C:/Users/paulb/Documents/GitHub/Educom-Trainee-Dashboard/DashboardAPI/vendor/laravel/framework/src/Illuminate/Routing/Router.php(822): Illuminate/Routing/Route->run()
#14 C:/Users/paulb/Documents/GitHub/Educom-Trainee-Dashboard/DashboardAPI/vendor/laravel/framework/src/Illuminate/Pipeline/Pipeline.php(180): Illuminate/Routing/Router->{closure:Illuminate/Routing/Router::runRouteWithinStack():821}(Object(Illuminate/Http/Request))
#15 C:/Users/paulb/Documents/GitHub/Educom-Trainee-Dashboard/DashboardAPI/vendor/laravel/framework/src/Illuminate/Routing/Middleware/SubstituteBindings.php(52): Illuminate/Pipeline/Pipeline->{closure:Illuminate/Pipeline/Pipeline::prepareDestination():178}(Object(Illuminate/Http/Request))
#16 C:/Users/paulb/Documents/GitHub/Educom-Trainee-Dashboard/DashboardAPI/vendor/laravel/framework/src/Illuminate/Pipeline/Pipeline.php(219): Illuminate/Routing/Middleware/SubstituteBindings->handle(Object(Illuminate/Http/Request), Object(Closure))
#17 C:/Users/paulb/Documents/GitHub/Educom-Trainee-Dashboard/DashboardAPI/vendor/laravel/framework/src/Illuminate/Pipeline/Pipeline.php(137): Illuminate/Pipeline/Pipeline->{closure:{closure:Illuminate/Pipeline/Pipeline::carry():194}:195}(Object(Illuminate/Http/Request))
#18 C:/Users/paulb/Documents/GitHub/Educom-Trainee-Dashboard/DashboardAPI/vendor/laravel/framework/src/Illuminate/Routing/Router.php(821): Illuminate/Pipeline/Pipeline->then(Object(Closure))
#19 C:/Users/paulb/Documents/GitHub/Educom-Trainee-Dashboard/DashboardAPI/vendor/laravel/framework/src/Illuminate/Routing/Router.php(800): Illuminate/Routing/Router->runRouteWithinStack(Object(Illuminate/Routing/Route), Object(Illuminate/Http/Request))
#20 C:/Users/paulb/Documents/GitHub/Educom-Trainee-Dashboard/DashboardAPI/vendor/laravel/framework/src/Illuminate/Routing/Router.php(764): Illuminate/Routing/Router->runRoute(Object(Illuminate/Http/Request), Object(Illuminate/Routing/Route))
#21 C:/Users/paulb/Documents/GitHub/Educom-Trainee-Dashboard/DashboardAPI/vendor/laravel/framework/src/Illuminate/Routing/Router.php(753): Illuminate/Routing/Router->dispatchToRoute(Object(Illuminate/Http/Request))
#22 C:/Users/paulb/Documents/GitHub/Educom-Trainee-Dashboard/DashboardAPI/vendor/laravel/framework/src/Illuminate/Foundation/Http/Kernel.php(200): Illuminate/Routing/Router->dispatch(Object(Illuminate/Http/Request))
#23 C:/Users/paulb/Documents/GitHub/Educom-Trainee-Dashboard/DashboardAPI/vendor/laravel/framework/src/Illuminate/Pipeline/Pipeline.php(180): Illuminate/Foundation/Http/Kernel->{closure:Illuminate/Foundation/Http/Kernel::dispatchToRouter():197}(Object(Illuminate/Http/Request))
#24 C:/Users/paulb/Documents/GitHub/Educom-Trainee-Dashboard/DashboardAPI/vendor/laravel/framework/src/Illuminate/Foundation/Http/Middleware/TransformsRequest.php(21): Illuminate/Pipeline/Pipeline->{closure:Illuminate/Pipeline/Pipeline::prepareDestination():178}(Object(Illuminate/Http/Request))
#25 C:/Users/paulb/Documents/GitHub/Educom-Trainee-Dashboard/DashboardAPI/vendor/laravel/framework/src/Illuminate/Foundation/Http/Middleware/ConvertEmptyStringsToNull.php(31): Illuminate/Foundation/Http/Middleware/TransformsRequest->handle(Object(Illuminate/Http/Request), Object(Closure))
#26 C:/Users/paulb/Documents/GitHub/Educom-Trainee-Dashboard/DashboardAPI/vendor/laravel/framework/src/Illuminate/Pipeline/Pipeline.php(219): Illuminate/Foundation/Http/Middleware/ConvertEmptyStringsToNull->handle(Object(Illuminate/Http/Request), Object(Closure))
#27 C:/Users/paulb/Documents/GitHub/Educom-Trainee-Dashboard/DashboardAPI/vendor/laravel/framework/src/Illuminate/Foundation/Http/Middleware/TransformsRequest.php(21): Illuminate/Pipeline/Pipeline->{closure:{closure:Illuminate/Pipeline/Pipeline::carry():194}:195}(Object(Illuminate/Http/Request))
#28 C:/Users/paulb/Documents/GitHub/Educom-Trainee-Dashboard/DashboardAPI/vendor/laravel/framework/src/Illuminate/Foundation/Http/Middleware/TrimStrings.php(51): Illuminate/Foundation/Http/Middleware/TransformsRequest->handle(Object(Illuminate/Http/Request), Object(Closure))
#29 C:/Users/paulb/Documents/GitHub/Educom-Trainee-Dashboard/DashboardAPI/vendor/laravel/framework/src/Illuminate/Pipeline/Pipeline.php(219): Illuminate/Foundation/Http/Middleware/TrimStrings->handle(Object(Illuminate/Http/Request), Object(Closure))
#30 C:/Users/paulb/Documents/GitHub/Educom-Trainee-Dashboard/DashboardAPI/vendor/laravel/framework/src/Illuminate/Http/Middleware/ValidatePostSize.php(27): Illuminate/Pipeline/Pipeline->{closure:{closure:Illuminate/Pipeline/Pipeline::carry():194}:195}(Object(Illuminate/Http/Request))
#31 C:/Users/paulb/Documents/GitHub/Educom-Trainee-Dashboard/DashboardAPI/vendor/laravel/framework/src/Illuminate/Pipeline/Pipeline.php(219): Illuminate/Http/Middleware/ValidatePostSize->handle(Object(Illuminate/Http/Request), Object(Closure))
#32 C:/Users/paulb/Documents/GitHub/Educom-Trainee-Dashboard/DashboardAPI/vendor/laravel/framework/src/Illuminate/Foundation/Http/Middleware/PreventRequestsDuringMaintenance.php(109): Illuminate/Pipeline/Pipeline->{closure:{closure:Illuminate/Pipeline/Pipeline::carry():194}:195}(Object(Illuminate/Http/Request))
#33 C:/Users/paulb/Documents/GitHub/Educom-Trainee-Dashboard/DashboardAPI/vendor/laravel/framework/src/Illuminate/Pipeline/Pipeline.php(219): Illuminate/Foundation/Http/Middleware/PreventRequestsDuringMaintenance->handle(Object(Illuminate/Http/Request), Object(Closure))
#34 C:/Users/paulb/Documents/GitHub/Educom-Trainee-Dashboard/DashboardAPI/vendor/laravel/framework/src/Illuminate/Http/Middleware/HandleCors.php(74): Illuminate/Pipeline/Pipeline->{closure:{closure:Illuminate/Pipeline/Pipeline::carry():194}:195}(Object(Illuminate/Http/Request))
#35 C:/Users/paulb/Documents/GitHub/Educom-Trainee-Dashboard/DashboardAPI/vendor/laravel/framework/src/Illuminate/Pipeline/Pipeline.php(219): Illuminate/Http/Middleware/HandleCors->handle(Object(Illuminate/Http/Request), Object(Closure))
#36 C:/Users/paulb/Documents/GitHub/Educom-Trainee-Dashboard/DashboardAPI/vendor/laravel/framework/src/Illuminate/Http/Middleware/TrustProxies.php(58): Illuminate/Pipeline/Pipeline->{closure:{closure:Illuminate/Pipeline/Pipeline::carry():194}:195}(Object(Illuminate/Http/Request))
#37 C:/Users/paulb/Documents/GitHub/Educom-Trainee-Dashboard/DashboardAPI/vendor/laravel/framework/src/Illuminate/Pipeline/Pipeline.php(219): Illuminate/Http/Middleware/TrustProxies->handle(Object(Illuminate/Http/Request), Object(Closure))
#38 C:/Users/paulb/Documents/GitHub/Educom-Trainee-Dashboard/DashboardAPI/vendor/laravel/framework/src/Illuminate/Foundation/Http/Middleware/InvokeDeferredCallbacks.php(22): Illuminate/Pipeline/Pipeline->{closure:{closure:Illuminate/Pipeline/Pipeline::carry():194}:195}(Object(Illuminate/Http/Request))
#39 C:/Users/paulb/Documents/GitHub/Educom-Trainee-Dashboard/DashboardAPI/vendor/laravel/framework/src/Illuminate/Pipeline/Pipeline.php(219): Illuminate/Foundation/Http/Middleware/InvokeDeferredCallbacks->handle(Object(Illuminate/Http/Request), Object(Closure))
#40 C:/Users/paulb/Documents/GitHub/Educom-Trainee-Dashboard/DashboardAPI/vendor/laravel/framework/src/Illuminate/Http/Middleware/ValidatePathEncoding.php(28): Illuminate/Pipeline/Pipeline->{closure:{closure:Illuminate/Pipeline/Pipeline::carry():194}:195}(Object(Illuminate/Http/Request))
#41 C:/Users/paulb/Documents/GitHub/Educom-Trainee-Dashboard/DashboardAPI/vendor/laravel/framework/src/Illuminate/Pipeline/Pipeline.php(219): Illuminate/Http/Middleware/ValidatePathEncoding->handle(Object(Illuminate/Http/Request), Object(Closure))
#42 C:/Users/paulb/Documents/GitHub/Educom-Trainee-Dashboard/DashboardAPI/vendor/laravel/framework/src/Illuminate/Pipeline/Pipeline.php(137): Illuminate/Pipeline/Pipeline->{closure:{closure:Illuminate/Pipeline/Pipeline::carry():194}:195}(Object(Illuminate/Http/Request))
#43 C:/Users/paulb/Documents/GitHub/Educom-Trainee-Dashboard/DashboardAPI/vendor/laravel/framework/src/Illuminate/Foundation/Http/Kernel.php(175): Illuminate/Pipeline/Pipeline->then(Object(Closure))
#44 C:/Users/paulb/Documents/GitHub/Educom-Trainee-Dashboard/DashboardAPI/vendor/laravel/framework/src/Illuminate/Foundation/Http/Kernel.php(144): Illuminate/Foundation/Http/Kernel->sendRequestThroughRouter(Object(Illuminate/Http/Request))
#45 C:/Users/paulb/Documents/GitHub/Educom-Trainee-Dashboard/DashboardAPI/vendor/laravel/framework/src/Illuminate/Foundation/Testing/Concerns/MakesHttpRequests.php(607): Illuminate/Foundation/Http/Kernel->handle(Object(Illuminate/Http/Request))
#46 C:/Users/paulb/Documents/GitHub/Educom-Trainee-Dashboard/DashboardAPI/vendor/laravel/framework/src/Illuminate/Foundation/Testing/Concerns/MakesHttpRequests.php(368): Illuminate/Foundation/Testing/TestCase->call('GET', 'http://localhos...', Array, Array, Array, Array)
#47 C:/Users/paulb/Documents/GitHub/Educom-Trainee-Dashboard/DashboardAPI/tests/Feature/UsageTest.php(4): Illuminate/Foundation/Testing/TestCase->get('http://localhos...')
#48 C:/Users/paulb/Documents/GitHub/Educom-Trainee-Dashboard/DashboardAPI/vendor/pestphp/pest/src/Factories/TestCaseMethodFactory.php(177): P/Tests/Feature/UsageTest->{closure:C:/Users/paulb/Documents/GitHub/Educom-Trainee-Dashboard/DashboardAPI/tests/Feature/UsageTest.php:3}()
#49 [internal function]: P/Tests/Feature/UsageTest->{closure:Pest/Factories/TestCaseMethodFactory::getClosure():167}()
#50 C:/Users/paulb/Documents/GitHub/Educom-Trainee-Dashboard/DashboardAPI/vendor/pestphp/pest/src/Concerns/Testable.php(581): call_user_func_array(Object(Closure), Array)
#51 C:/Users/paulb/Documents/GitHub/Educom-Trainee-Dashboard/DashboardAPI/vendor/pestphp/pest/src/Support/ExceptionTrace.php(26): P/Tests/Feature/UsageTest->{closure:Pest/Concerns/Testable::__callClosure():581}()
#52 C:/Users/paulb/Documents/GitHub/Educom-Trainee-Dashboard/DashboardAPI/vendor/pestphp/pest/src/Concerns/Testable.php(581): Pest/Support/ExceptionTrace::ensure(Object(Closure))
#53 C:/Users/paulb/Documents/GitHub/Educom-Trainee-Dashboard/DashboardAPI/vendor/pestphp/pest/src/Concerns/Testable.php(403): P/Tests/Feature/UsageTest->__callClosure(Object(Closure), Array)
#54 C:/Users/paulb/Documents/GitHub/Educom-Trainee-Dashboard/DashboardAPI/vendor/pestphp/pest/src/Factories/TestCaseFactory.php(175) : eval()'d code(17): P/Tests/Feature/UsageTest->__runTest(Object(Closure))
#55 C:/Users/paulb/Documents/GitHub/Educom-Trainee-Dashboard/DashboardAPI/vendor/phpunit/phpunit/src/Framework/TestCase.php(1318): P/Tests/Feature/UsageTest->__pest_evaluable_ai()
#56 C:/Users/paulb/Documents/GitHub/Educom-Trainee-Dashboard/DashboardAPI/vendor/phpunit/phpunit/src/Framework/TestCase.php(1355): PHPUnit/Framework/TestCase->invokeTestMethod('__pest_evaluabl...', Array)
#57 C:/Users/paulb/Documents/GitHub/Educom-Trainee-Dashboard/DashboardAPI/vendor/phpunit/phpunit/src/Framework/TestCase.php(521): PHPUnit/Framework/TestCase->runTest()
#58 C:/Users/paulb/Documents/GitHub/Educom-Trainee-Dashboard/DashboardAPI/vendor/phpunit/phpunit/src/Framework/TestRunner/TestRunner.php(99): PHPUnit/Framework/TestCase->runBare()
#59 C:/Users/paulb/Documents/GitHub/Educom-Trainee-Dashboard/DashboardAPI/vendor/phpunit/phpunit/src/Framework/TestCase.php(361): PHPUnit/Framework/TestRunner->run(Object(P/Tests/Feature/UsageTest))
#60 C:/Users/paulb/Documents/GitHub/Educom-Trainee-Dashboard/DashboardAPI/vendor/phpunit/phpunit/src/Framework/TestSuite.php(374): PHPUnit/Framework/TestCase->run()
#61 C:/Users/paulb/Documents/GitHub/Educom-Trainee-Dashboard/DashboardAPI/vendor/phpunit/phpunit/src/Framework/TestSuite.php(374): PHPUnit/Framework/TestSuite->run()
#62 C:/Users/paulb/Documents/GitHub/Educom-Trainee-Dashboard/DashboardAPI/vendor/phpunit/phpunit/src/Framework/TestSuite.php(374): PHPUnit/Framework/TestSuite->run()
#63 C:/Users/paulb/Documents/GitHub/Educom-Trainee-Dashboard/DashboardAPI/vendor/phpunit/phpunit/src/TextUI/TestRunner.php(64): PHPUnit/Framework/TestSuite->run()
#64 C:/Users/paulb/Documents/GitHub/Educom-Trainee-Dashboard/DashboardAPI/vendor/phpunit/phpunit/src/TextUI/Application.php(229): PHPUnit/TextUI/TestRunner->run(Object(PHPUnit/TextUI/Configuration/Configuration), Object(PHPUnit/Runner/ResultCache/DefaultResultCache), Object(PHPUnit/Framework/TestSuite))
#65 C:/Users/paulb/Documents/GitHub/Educom-Trainee-Dashboard/DashboardAPI/vendor/pestphp/pest/src/Kernel.php(117): PHPUnit/TextUI/Application->run(Array)
#66 C:/Users/paulb/Documents/GitHub/Educom-Trainee-Dashboard/DashboardAPI/vendor/pestphp/pest/bin/pest(207): Pest/Kernel->handle(Array, Array)
#67 C:/Users/paulb/Documents/GitHub/Educom-Trainee-Dashboard/DashboardAPI/vendor/pestphp/pest/bin/pest(215): {closure:C:/Users/paulb/Documents/GitHub/Educom-Trainee-Dashboard/DashboardAPI/vendor/pestphp/pest/bin/pest:21}()
#68 {main}

[previous exception] [object] (PDOException(code: 0): could not find driver at C:/Users/paulb/Documents/GitHub/Educom-Trainee-Dashboard/DashboardAPI/vendor/laravel/framework/src/Illuminate/Database/Connectors/Connector.php:67)
[stacktrace]
#0 C:/Users/paulb/Documents/GitHub/Educom-Trainee-Dashboard/DashboardAPI/vendor/laravel/framework/src/Illuminate/Database/Connectors/Connector.php(67): PDO::connect('sqlite::memory:', NULL, Object(SensitiveParameterValue), Array)
#1 C:/Users/paulb/Documents/GitHub/Educom-Trainee-Dashboard/DashboardAPI/vendor/laravel/framework/src/Illuminate/Database/Connectors/Connector.php(44): Illuminate/Database/Connectors/Connector->createPdoConnection('sqlite::memory:', NULL, Object(SensitiveParameterValue), Array)
#2 C:/Users/paulb/Documents/GitHub/Educom-Trainee-Dashboard/DashboardAPI/vendor/laravel/framework/src/Illuminate/Database/Connectors/SQLiteConnector.php(21): Illuminate/Database/Connectors/Connector->createConnection('sqlite::memory:', Array, Array)
#3 C:/Users/paulb/Documents/GitHub/Educom-Trainee-Dashboard/DashboardAPI/vendor/laravel/framework/src/Illuminate/Database/Connectors/ConnectionFactory.php(259): Illuminate/Database/Connectors/SQLiteConnector->connect(Array)
#4 [internal function]: Illuminate/Database/Connectors/ConnectionFactory->{closure:Illuminate/Database/Connectors/ConnectionFactory::createPdoResolverWithoutHosts():259}()
#5 C:/Users/paulb/Documents/GitHub/Educom-Trainee-Dashboard/DashboardAPI/vendor/laravel/framework/src/Illuminate/Database/Connection.php(1297): call_user_func(Object(Closure))
#6 C:/Users/paulb/Documents/GitHub/Educom-Trainee-Dashboard/DashboardAPI/vendor/laravel/framework/src/Illuminate/Database/Connection.php(1335): Illuminate/Database/Connection->getPdo()
#7 C:/Users/paulb/Documents/GitHub/Educom-Trainee-Dashboard/DashboardAPI/vendor/laravel/framework/src/Illuminate/Database/Connection.php(542): Illuminate/Database/Connection->getReadPdo()
#8 C:/Users/paulb/Documents/GitHub/Educom-Trainee-Dashboard/DashboardAPI/vendor/laravel/framework/src/Illuminate/Database/Connection.php(435): Illuminate/Database/Connection->getPdoForSelect(true)
#9 C:/Users/paulb/Documents/GitHub/Educom-Trainee-Dashboard/DashboardAPI/vendor/laravel/framework/src/Illuminate/Database/Connection.php(846): Illuminate/Database/Connection->{closure:Illuminate/Database/Connection::select():426}('select * from \"...', Array)
#10 C:/Users/paulb/Documents/GitHub/Educom-Trainee-Dashboard/DashboardAPI/vendor/laravel/framework/src/Illuminate/Database/Connection.php(813): Illuminate/Database/Connection->runQueryCallback('select * from \"...', Array, Object(Closure))
#11 C:/Users/paulb/Documents/GitHub/Educom-Trainee-Dashboard/DashboardAPI/vendor/laravel/framework/src/Illuminate/Database/Connection.php(426): Illuminate/Database/Connection->run('select * from \"...', Array, Object(Closure))
#12 C:/Users/paulb/Documents/GitHub/Educom-Trainee-Dashboard/DashboardAPI/vendor/laravel/framework/src/Illuminate/Database/Query/Builder.php(3573): Illuminate/Database/Connection->select('select * from \"...', Array, true, Array)
#13 C:/Users/paulb/Documents/GitHub/Educom-Trainee-Dashboard/DashboardAPI/vendor/laravel/framework/src/Illuminate/Database/Query/Builder.php(3557): Illuminate/Database/Query/Builder->runSelect()
#14 C:/Users/paulb/Documents/GitHub/Educom-Trainee-Dashboard/DashboardAPI/vendor/laravel/framework/src/Illuminate/Database/Eloquent/Builder.php(908): Illuminate/Database/Query/Builder->get(Array)
#15 C:/Users/paulb/Documents/GitHub/Educom-Trainee-Dashboard/DashboardAPI/vendor/laravel/framework/src/Illuminate/Database/Eloquent/Builder.php(890): Illuminate/Database/Eloquent/Builder->getModels(Array)
#16 C:/Users/paulb/Documents/GitHub/Educom-Trainee-Dashboard/DashboardAPI/vendor/laravel/framework/src/Illuminate/Support/Traits/ForwardsCalls.php(23): Illuminate/Database/Eloquent/Builder->get()
#17 C:/Users/paulb/Documents/GitHub/Educom-Trainee-Dashboard/DashboardAPI/vendor/laravel/framework/src/Illuminate/Database/Eloquent/Model.php(2809): Illuminate/Database/Eloquent/Model->forwardCallTo(Object(Illuminate/Database/Eloquent/Builder), 'get', Array)
#18 C:/Users/paulb/Documents/GitHub/Educom-Trainee-Dashboard/DashboardAPI/vendor/laravel/framework/src/Illuminate/Database/Eloquent/Model.php(2825): Illuminate/Database/Eloquent/Model->__call('get', Array)
#19 C:/Users/paulb/Documents/GitHub/Educom-Trainee-Dashboard/DashboardAPI/app/Http/Controllers/UsageController.php(126): Illuminate/Database/Eloquent/Model::__callStatic('get', Array)
#20 C:/Users/paulb/Documents/GitHub/Educom-Trainee-Dashboard/DashboardAPI/vendor/laravel/framework/src/Illuminate/Routing/ControllerDispatcher.php(46): App/Http/Controllers/UsageController->getTotalSpend()
#21 C:/Users/paulb/Documents/GitHub/Educom-Trainee-Dashboard/DashboardAPI/vendor/laravel/framework/src/Illuminate/Routing/Route.php(275): Illuminate/Routing/ControllerDispatcher->dispatch(Object(Illuminate/Routing/Route), Object(App/Http/Controllers/UsageController), 'getTotalSpend')
#22 C:/Users/paulb/Documents/GitHub/Educom-Trainee-Dashboard/DashboardAPI/vendor/laravel/framework/src/Illuminate/Routing/Route.php(215): Illuminate/Routing/Route->runController()
#23 C:/Users/paulb/Documents/GitHub/Educom-Trainee-Dashboard/DashboardAPI/vendor/laravel/framework/src/Illuminate/Routing/Router.php(822): Illuminate/Routing/Route->run()
#24 C:/Users/paulb/Documents/GitHub/Educom-Trainee-Dashboard/DashboardAPI/vendor/laravel/framework/src/Illuminate/Pipeline/Pipeline.php(180): Illuminate/Routing/Router->{closure:Illuminate/Routing/Router::runRouteWithinStack():821}(Object(Illuminate/Http/Request))
#25 C:/Users/paulb/Documents/GitHub/Educom-Trainee-Dashboard/DashboardAPI/vendor/laravel/framework/src/Illuminate/Routing/Middleware/SubstituteBindings.php(52): Illuminate/Pipeline/Pipeline->{closure:Illuminate/Pipeline/Pipeline::prepareDestination():178}(Object(Illuminate/Http/Request))
#26 C:/Users/paulb/Documents/GitHub/Educom-Trainee-Dashboard/DashboardAPI/vendor/laravel/framework/src/Illuminate/Pipeline/Pipeline.php(219): Illuminate/Routing/Middleware/SubstituteBindings->handle(Object(Illuminate/Http/Request), Object(Closure))
#27 C:/Users/paulb/Documents/GitHub/Educom-Trainee-Dashboard/DashboardAPI/vendor/laravel/framework/src/Illuminate/Pipeline/Pipeline.php(137): Illuminate/Pipeline/Pipeline->{closure:{closure:Illuminate/Pipeline/Pipeline::carry():194}:195}(Object(Illuminate/Http/Request))
#28 C:/Users/paulb/Documents/GitHub/Educom-Trainee-Dashboard/DashboardAPI/vendor/laravel/framework/src/Illuminate/Routing/Router.php(821): Illuminate/Pipeline/Pipeline->then(Object(Closure))
#29 C:/Users/paulb/Documents/GitHub/Educom-Trainee-Dashboard/DashboardAPI/vendor/laravel/framework/src/Illuminate/Routing/Router.php(800): Illuminate/Routing/Router->runRouteWithinStack(Object(Illuminate/Routing/Route), Object(Illuminate/Http/Request))
#30 C:/Users/paulb/Documents/GitHub/Educom-Trainee-Dashboard/DashboardAPI/vendor/laravel/framework/src/Illuminate/Routing/Router.php(764): Illuminate/Routing/Router->runRoute(Object(Illuminate/Http/Request), Object(Illuminate/Routing/Route))
#31 C:/Users/paulb/Documents/GitHub/Educom-Trainee-Dashboard/DashboardAPI/vendor/laravel/framework/src/Illuminate/Routing/Router.php(753): Illuminate/Routing/Router->dispatchToRoute(Object(Illuminate/Http/Request))
#32 C:/Users/paulb/Documents/GitHub/Educom-Trainee-Dashboard/DashboardAPI/vendor/laravel/framework/src/Illuminate/Foundation/Http/Kernel.php(200): Illuminate/Routing/Router->dispatch(Object(Illuminate/Http/Request))
#33 C:/Users/paulb/Documents/GitHub/Educom-Trainee-Dashboard/DashboardAPI/vendor/laravel/framework/src/Illuminate/Pipeline/Pipeline.php(180): Illuminate/Foundation/Http/Kernel->{closure:Illuminate/Foundation/Http/Kernel::dispatchToRouter():197}(Object(Illuminate/Http/Request))
#34 C:/Users/paulb/Documents/GitHub/Educom-Trainee-Dashboard/DashboardAPI/vendor/laravel/framework/src/Illuminate/Foundation/Http/Middleware/TransformsRequest.php(21): Illuminate/Pipeline/Pipeline->{closure:Illuminate/Pipeline/Pipeline::prepareDestination():178}(Object(Illuminate/Http/Request))
#35 C:/Users/paulb/Documents/GitHub/Educom-Trainee-Dashboard/DashboardAPI/vendor/laravel/framework/src/Illuminate/Foundation/Http/Middleware/ConvertEmptyStringsToNull.php(31): Illuminate/Foundation/Http/Middleware/TransformsRequest->handle(Object(Illuminate/Http/Request), Object(Closure))
#36 C:/Users/paulb/Documents/GitHub/Educom-Trainee-Dashboard/DashboardAPI/vendor/laravel/framework/src/Illuminate/Pipeline/Pipeline.php(219): Illuminate/Foundation/Http/Middleware/ConvertEmptyStringsToNull->handle(Object(Illuminate/Http/Request), Object(Closure))
#37 C:/Users/paulb/Documents/GitHub/Educom-Trainee-Dashboard/DashboardAPI/vendor/laravel/framework/src/Illuminate/Foundation/Http/Middleware/TransformsRequest.php(21): Illuminate/Pipeline/Pipeline->{closure:{closure:Illuminate/Pipeline/Pipeline::carry():194}:195}(Object(Illuminate/Http/Request))
#38 C:/Users/paulb/Documents/GitHub/Educom-Trainee-Dashboard/DashboardAPI/vendor/laravel/framework/src/Illuminate/Foundation/Http/Middleware/TrimStrings.php(51): Illuminate/Foundation/Http/Middleware/TransformsRequest->handle(Object(Illuminate/Http/Request), Object(Closure))
#39 C:/Users/paulb/Documents/GitHub/Educom-Trainee-Dashboard/DashboardAPI/vendor/laravel/framework/src/Illuminate/Pipeline/Pipeline.php(219): Illuminate/Foundation/Http/Middleware/TrimStrings->handle(Object(Illuminate/Http/Request), Object(Closure))
#40 C:/Users/paulb/Documents/GitHub/Educom-Trainee-Dashboard/DashboardAPI/vendor/laravel/framework/src/Illuminate/Http/Middleware/ValidatePostSize.php(27): Illuminate/Pipeline/Pipeline->{closure:{closure:Illuminate/Pipeline/Pipeline::carry():194}:195}(Object(Illuminate/Http/Request))
#41 C:/Users/paulb/Documents/GitHub/Educom-Trainee-Dashboard/DashboardAPI/vendor/laravel/framework/src/Illuminate/Pipeline/Pipeline.php(219): Illuminate/Http/Middleware/ValidatePostSize->handle(Object(Illuminate/Http/Request), Object(Closure))
#42 C:/Users/paulb/Documents/GitHub/Educom-Trainee-Dashboard/DashboardAPI/vendor/laravel/framework/src/Illuminate/Foundation/Http/Middleware/PreventRequestsDuringMaintenance.php(109): Illuminate/Pipeline/Pipeline->{closure:{closure:Illuminate/Pipeline/Pipeline::carry():194}:195}(Object(Illuminate/Http/Request))
#43 C:/Users/paulb/Documents/GitHub/Educom-Trainee-Dashboard/DashboardAPI/vendor/laravel/framework/src/Illuminate/Pipeline/Pipeline.php(219): Illuminate/Foundation/Http/Middleware/PreventRequestsDuringMaintenance->handle(Object(Illuminate/Http/Request), Object(Closure))
#44 C:/Users/paulb/Documents/GitHub/Educom-Trainee-Dashboard/DashboardAPI/vendor/laravel/framework/src/Illuminate/Http/Middleware/HandleCors.php(74): Illuminate/Pipeline/Pipeline->{closure:{closure:Illuminate/Pipeline/Pipeline::carry():194}:195}(Object(Illuminate/Http/Request))
#45 C:/Users/paulb/Documents/GitHub/Educom-Trainee-Dashboard/DashboardAPI/vendor/laravel/framework/src/Illuminate/Pipeline/Pipeline.php(219): Illuminate/Http/Middleware/HandleCors->handle(Object(Illuminate/Http/Request), Object(Closure))
#46 C:/Users/paulb/Documents/GitHub/Educom-Trainee-Dashboard/DashboardAPI/vendor/laravel/framework/src/Illuminate/Http/Middleware/TrustProxies.php(58): Illuminate/Pipeline/Pipeline->{closure:{closure:Illuminate/Pipeline/Pipeline::carry():194}:195}(Object(Illuminate/Http/Request))
#47 C:/Users/paulb/Documents/GitHub/Educom-Trainee-Dashboard/DashboardAPI/vendor/laravel/framework/src/Illuminate/Pipeline/Pipeline.php(219): Illuminate/Http/Middleware/TrustProxies->handle(Object(Illuminate/Http/Request), Object(Closure))
#48 C:/Users/paulb/Documents/GitHub/Educom-Trainee-Dashboard/DashboardAPI/vendor/laravel/framework/src/Illuminate/Foundation/Http/Middleware/InvokeDeferredCallbacks.php(22): Illuminate/Pipeline/Pipeline->{closure:{closure:Illuminate/Pipeline/Pipeline::carry():194}:195}(Object(Illuminate/Http/Request))
#49 C:/Users/paulb/Documents/GitHub/Educom-Trainee-Dashboard/DashboardAPI/vendor/laravel/framework/src/Illuminate/Pipeline/Pipeline.php(219): Illuminate/Foundation/Http/Middleware/InvokeDeferredCallbacks->handle(Object(Illuminate/Http/Request), Object(Closure))
#50 C:/Users/paulb/Documents/GitHub/Educom-Trainee-Dashboard/DashboardAPI/vendor/laravel/framework/src/Illuminate/Http/Middleware/ValidatePathEncoding.php(28): Illuminate/Pipeline/Pipeline->{closure:{closure:Illuminate/Pipeline/Pipeline::carry():194}:195}(Object(Illuminate/Http/Request))
#51 C:/Users/paulb/Documents/GitHub/Educom-Trainee-Dashboard/DashboardAPI/vendor/laravel/framework/src/Illuminate/Pipeline/Pipeline.php(219): Illuminate/Http/Middleware/ValidatePathEncoding->handle(Object(Illuminate/Http/Request), Object(Closure))
#52 C:/Users/paulb/Documents/GitHub/Educom-Trainee-Dashboard/DashboardAPI/vendor/laravel/framework/src/Illuminate/Pipeline/Pipeline.php(137): Illuminate/Pipeline/Pipeline->{closure:{closure:Illuminate/Pipeline/Pipeline::carry():194}:195}(Object(Illuminate/Http/Request))
#53 C:/Users/paulb/Documents/GitHub/Educom-Trainee-Dashboard/DashboardAPI/vendor/laravel/framework/src/Illuminate/Foundation/Http/Kernel.php(175): Illuminate/Pipeline/Pipeline->then(Object(Closure))
#54 C:/Users/paulb/Documents/GitHub/Educom-Trainee-Dashboard/DashboardAPI/vendor/laravel/framework/src/Illuminate/Foundation/Http/Kernel.php(144): Illuminate/Foundation/Http/Kernel->sendRequestThroughRouter(Object(Illuminate/Http/Request))
#55 C:/Users/paulb/Documents/GitHub/Educom-Trainee-Dashboard/DashboardAPI/vendor/laravel/framework/src/Illuminate/Foundation/Testing/Concerns/MakesHttpRequests.php(607): Illuminate/Foundation/Http/Kernel->handle(Object(Illuminate/Http/Request))
#56 C:/Users/paulb/Documents/GitHub/Educom-Trainee-Dashboard/DashboardAPI/vendor/laravel/framework/src/Illuminate/Foundation/Testing/Concerns/MakesHttpRequests.php(368): Illuminate/Foundation/Testing/TestCase->call('GET', 'http://localhos...', Array, Array, Array, Array)
#57 C:/Users/paulb/Documents/GitHub/Educom-Trainee-Dashboard/DashboardAPI/tests/Feature/UsageTest.php(4): Illuminate/Foundation/Testing/TestCase->get('http://localhos...')
#58 C:/Users/paulb/Documents/GitHub/Educom-Trainee-Dashboard/DashboardAPI/vendor/pestphp/pest/src/Factories/TestCaseMethodFactory.php(177): P/Tests/Feature/UsageTest->{closure:C:/Users/paulb/Documents/GitHub/Educom-Trainee-Dashboard/DashboardAPI/tests/Feature/UsageTest.php:3}()
#59 [internal function]: P/Tests/Feature/UsageTest->{closure:Pest/Factories/TestCaseMethodFactory::getClosure():167}()
#60 C:/Users/paulb/Documents/GitHub/Educom-Trainee-Dashboard/DashboardAPI/vendor/pestphp/pest/src/Concerns/Testable.php(581): call_user_func_array(Object(Closure), Array)
#61 C:/Users/paulb/Documents/GitHub/Educom-Trainee-Dashboard/DashboardAPI/vendor/pestphp/pest/src/Support/ExceptionTrace.php(26): P/Tests/Feature/UsageTest->{closure:Pest/Concerns/Testable::__callClosure():581}()
#62 C:/Users/paulb/Documents/GitHub/Educom-Trainee-Dashboard/DashboardAPI/vendor/pestphp/pest/src/Concerns/Testable.php(581): Pest/Support/ExceptionTrace::ensure(Object(Closure))
#63 C:/Users/paulb/Documents/GitHub/Educom-Trainee-Dashboard/DashboardAPI/vendor/pestphp/pest/src/Concerns/Testable.php(403): P/Tests/Feature/UsageTest->__callClosure(Object(Closure), Array)
#64 C:/Users/paulb/Documents/GitHub/Educom-Trainee-Dashboard/DashboardAPI/vendor/pestphp/pest/src/Factories/TestCaseFactory.php(175) : eval()'d code(17): P/Tests/Feature/UsageTest->__runTest(Object(Closure))
#65 C:/Users/paulb/Documents/GitHub/Educom-Trainee-Dashboard/DashboardAPI/vendor/phpunit/phpunit/src/Framework/TestCase.php(1318): P/Tests/Feature/UsageTest->__pest_evaluable_ai()
#66 C:/Users/paulb/Documents/GitHub/Educom-Trainee-Dashboard/DashboardAPI/vendor/phpunit/phpunit/src/Framework/TestCase.php(1355): PHPUnit/Framework/TestCase->invokeTestMethod('__pest_evaluabl...', Array)
#67 C:/Users/paulb/Documents/GitHub/Educom-Trainee-Dashboard/DashboardAPI/vendor/phpunit/phpunit/src/Framework/TestCase.php(521): PHPUnit/Framework/TestCase->runTest()
#68 C:/Users/paulb/Documents/GitHub/Educom-Trainee-Dashboard/DashboardAPI/vendor/phpunit/phpunit/src/Framework/TestRunner/TestRunner.php(99): PHPUnit/Framework/TestCase->runBare()
#69 C:/Users/paulb/Documents/GitHub/Educom-Trainee-Dashboard/DashboardAPI/vendor/phpunit/phpunit/src/Framework/TestCase.php(361): PHPUnit/Framework/TestRunner->run(Object(P/Tests/Feature/UsageTest))
#70 C:/Users/paulb/Documents/GitHub/Educom-Trainee-Dashboard/DashboardAPI/vendor/phpunit/phpunit/src/Framework/TestSuite.php(374): PHPUnit/Framework/TestCase->run()
#71 C:/Users/paulb/Documents/GitHub/Educom-Trainee-Dashboard/DashboardAPI/vendor/phpunit/phpunit/src/Framework/TestSuite.php(374): PHPUnit/Framework/TestSuite->run()
#72 C:/Users/paulb/Documents/GitHub/Educom-Trainee-Dashboard/DashboardAPI/vendor/phpunit/phpunit/src/Framework/TestSuite.php(374): PHPUnit/Framework/TestSuite->run()
#73 C:/Users/paulb/Documents/GitHub/Educom-Trainee-Dashboard/DashboardAPI/vendor/phpunit/phpunit/src/TextUI/TestRunner.php(64): PHPUnit/Framework/TestSuite->run()
#74 C:/Users/paulb/Documents/GitHub/Educom-Trainee-Dashboard/DashboardAPI/vendor/phpunit/phpunit/src/TextUI/Application.php(229): PHPUnit/TextUI/TestRunner->run(Object(PHPUnit/TextUI/Configuration/Configuration), Object(PHPUnit/Runner/ResultCache/DefaultResultCache), Object(PHPUnit/Framework/TestSuite))
#75 C:/Users/paulb/Documents/GitHub/Educom-Trainee-Dashboard/DashboardAPI/vendor/pestphp/pest/src/Kernel.php(117): PHPUnit/TextUI/Application->run(Array)
#76 C:/Users/paulb/Documents/GitHub/Educom-Trainee-Dashboard/DashboardAPI/vendor/pestphp/pest/bin/pest(207): Pest/Kernel->handle(Array, Array)
#77 C:/Users/paulb/Documents/GitHub/Educom-Trainee-Dashboard/DashboardAPI/vendor/pestphp/pest/bin/pest(215): {closure:C:/Users/paulb/Documents/GitHub/Educom-Trainee-Dashboard/DashboardAPI/vendor/pestphp/pest/bin/pest:21}()
#78 {main}
"} 
[2026-07-20 09:40:03] testing.ERROR: could not find driver (Connection: sqlite, Database: :memory:, SQL: select * from "AiUsage" order by "created_at" desc) {"exception":"[object] (Illuminate\\Database\\QueryException(code: 0): could not find driver (Connection: sqlite, Database: :memory:, SQL: select * from \"AiUsage\" order by \"created_at\" desc) at C:/Users/paulb/Documents/GitHub/Educom-Trainee-Dashboard/DashboardAPI/vendor/laravel/framework/src/Illuminate/Database/Connection.php:857)
[stacktrace]
#0 C:/Users/paulb/Documents/GitHub/Educom-Trainee-Dashboard/DashboardAPI/vendor/laravel/framework/src/Illuminate/Database/Connection.php(813): Illuminate/Database/Connection->runQueryCallback('select * from \"...', Array, Object(Closure))
#1 C:/Users/paulb/Documents/GitHub/Educom-Trainee-Dashboard/DashboardAPI/vendor/laravel/framework/src/Illuminate/Database/Connection.php(426): Illuminate/Database/Connection->run('select * from \"...', Array, Object(Closure))
#2 C:/Users/paulb/Documents/GitHub/Educom-Trainee-Dashboard/DashboardAPI/vendor/laravel/framework/src/Illuminate/Database/Query/Builder.php(3573): Illuminate/Database/Connection->select('select * from \"...', Array, true, Array)
#3 C:/Users/paulb/Documents/GitHub/Educom-Trainee-Dashboard/DashboardAPI/vendor/laravel/framework/src/Illuminate/Database/Query/Builder.php(3557): Illuminate/Database/Query/Builder->runSelect()
#4 C:/Users/paulb/Documents/GitHub/Educom-Trainee-Dashboard/DashboardAPI/vendor/laravel/framework/src/Illuminate/Database/Eloquent/Builder.php(908): Illuminate/Database/Query/Builder->get(Array)
#5 C:/Users/paulb/Documents/GitHub/Educom-Trainee-Dashboard/DashboardAPI/vendor/laravel/framework/src/Illuminate/Database/Eloquent/Builder.php(890): Illuminate/Database/Eloquent/Builder->getModels(Array)
#6 C:/Users/paulb/Documents/GitHub/Educom-Trainee-Dashboard/DashboardAPI/app/Http/Controllers/UsageController.php(81): Illuminate/Database/Eloquent/Builder->get()
#7 C:/Users/paulb/Documents/GitHub/Educom-Trainee-Dashboard/DashboardAPI/vendor/laravel/framework/src/Illuminate/Routing/ControllerDispatcher.php(46): App/Http/Controllers/UsageController->getUsage()
#8 C:/Users/paulb/Documents/GitHub/Educom-Trainee-Dashboard/DashboardAPI/vendor/laravel/framework/src/Illuminate/Routing/Route.php(275): Illuminate/Routing/ControllerDispatcher->dispatch(Object(Illuminate/Routing/Route), Object(App/Http/Controllers/UsageController), 'getUsage')
#9 C:/Users/paulb/Documents/GitHub/Educom-Trainee-Dashboard/DashboardAPI/vendor/laravel/framework/src/Illuminate/Routing/Route.php(215): Illuminate/Routing/Route->runController()
#10 C:/Users/paulb/Documents/GitHub/Educom-Trainee-Dashboard/DashboardAPI/vendor/laravel/framework/src/Illuminate/Routing/Router.php(822): Illuminate/Routing/Route->run()
#11 C:/Users/paulb/Documents/GitHub/Educom-Trainee-Dashboard/DashboardAPI/vendor/laravel/framework/src/Illuminate/Pipeline/Pipeline.php(180): Illuminate/Routing/Router->{closure:Illuminate/Routing/Router::runRouteWithinStack():821}(Object(Illuminate/Http/Request))
#12 C:/Users/paulb/Documents/GitHub/Educom-Trainee-Dashboard/DashboardAPI/vendor/laravel/framework/src/Illuminate/Routing/Middleware/SubstituteBindings.php(52): Illuminate/Pipeline/Pipeline->{closure:Illuminate/Pipeline/Pipeline::prepareDestination():178}(Object(Illuminate/Http/Request))
#13 C:/Users/paulb/Documents/GitHub/Educom-Trainee-Dashboard/DashboardAPI/vendor/laravel/framework/src/Illuminate/Pipeline/Pipeline.php(219): Illuminate/Routing/Middleware/SubstituteBindings->handle(Object(Illuminate/Http/Request), Object(Closure))
#14 C:/Users/paulb/Documents/GitHub/Educom-Trainee-Dashboard/DashboardAPI/vendor/laravel/framework/src/Illuminate/Pipeline/Pipeline.php(137): Illuminate/Pipeline/Pipeline->{closure:{closure:Illuminate/Pipeline/Pipeline::carry():194}:195}(Object(Illuminate/Http/Request))
#15 C:/Users/paulb/Documents/GitHub/Educom-Trainee-Dashboard/DashboardAPI/vendor/laravel/framework/src/Illuminate/Routing/Router.php(821): Illuminate/Pipeline/Pipeline->then(Object(Closure))
#16 C:/Users/paulb/Documents/GitHub/Educom-Trainee-Dashboard/DashboardAPI/vendor/laravel/framework/src/Illuminate/Routing/Router.php(800): Illuminate/Routing/Router->runRouteWithinStack(Object(Illuminate/Routing/Route), Object(Illuminate/Http/Request))
#17 C:/Users/paulb/Documents/GitHub/Educom-Trainee-Dashboard/DashboardAPI/vendor/laravel/framework/src/Illuminate/Routing/Router.php(764): Illuminate/Routing/Router->runRoute(Object(Illuminate/Http/Request), Object(Illuminate/Routing/Route))
#18 C:/Users/paulb/Documents/GitHub/Educom-Trainee-Dashboard/DashboardAPI/vendor/laravel/framework/src/Illuminate/Routing/Router.php(753): Illuminate/Routing/Router->dispatchToRoute(Object(Illuminate/Http/Request))
#19 C:/Users/paulb/Documents/GitHub/Educom-Trainee-Dashboard/DashboardAPI/vendor/laravel/framework/src/Illuminate/Foundation/Http/Kernel.php(200): Illuminate/Routing/Router->dispatch(Object(Illuminate/Http/Request))
#20 C:/Users/paulb/Documents/GitHub/Educom-Trainee-Dashboard/DashboardAPI/vendor/laravel/framework/src/Illuminate/Pipeline/Pipeline.php(180): Illuminate/Foundation/Http/Kernel->{closure:Illuminate/Foundation/Http/Kernel::dispatchToRouter():197}(Object(Illuminate/Http/Request))
#21 C:/Users/paulb/Documents/GitHub/Educom-Trainee-Dashboard/DashboardAPI/vendor/laravel/framework/src/Illuminate/Foundation/Http/Middleware/TransformsRequest.php(21): Illuminate/Pipeline/Pipeline->{closure:Illuminate/Pipeline/Pipeline::prepareDestination():178}(Object(Illuminate/Http/Request))
#22 C:/Users/paulb/Documents/GitHub/Educom-Trainee-Dashboard/DashboardAPI/vendor/laravel/framework/src/Illuminate/Foundation/Http/Middleware/ConvertEmptyStringsToNull.php(31): Illuminate/Foundation/Http/Middleware/TransformsRequest->handle(Object(Illuminate/Http/Request), Object(Closure))
#23 C:/Users/paulb/Documents/GitHub/Educom-Trainee-Dashboard/DashboardAPI/vendor/laravel/framework/src/Illuminate/Pipeline/Pipeline.php(219): Illuminate/Foundation/Http/Middleware/ConvertEmptyStringsToNull->handle(Object(Illuminate/Http/Request), Object(Closure))
#24 C:/Users/paulb/Documents/GitHub/Educom-Trainee-Dashboard/DashboardAPI/vendor/laravel/framework/src/Illuminate/Foundation/Http/Middleware/TransformsRequest.php(21): Illuminate/Pipeline/Pipeline->{closure:{closure:Illuminate/Pipeline/Pipeline::carry():194}:195}(Object(Illuminate/Http/Request))
#25 C:/Users/paulb/Documents/GitHub/Educom-Trainee-Dashboard/DashboardAPI/vendor/laravel/framework/src/Illuminate/Foundation/Http/Middleware/TrimStrings.php(51): Illuminate/Foundation/Http/Middleware/TransformsRequest->handle(Object(Illuminate/Http/Request), Object(Closure))
#26 C:/Users/paulb/Documents/GitHub/Educom-Trainee-Dashboard/DashboardAPI/vendor/laravel/framework/src/Illuminate/Pipeline/Pipeline.php(219): Illuminate/Foundation/Http/Middleware/TrimStrings->handle(Object(Illuminate/Http/Request), Object(Closure))
#27 C:/Users/paulb/Documents/GitHub/Educom-Trainee-Dashboard/DashboardAPI/vendor/laravel/framework/src/Illuminate/Http/Middleware/ValidatePostSize.php(27): Illuminate/Pipeline/Pipeline->{closure:{closure:Illuminate/Pipeline/Pipeline::carry():194}:195}(Object(Illuminate/Http/Request))
#28 C:/Users/paulb/Documents/GitHub/Educom-Trainee-Dashboard/DashboardAPI/vendor/laravel/framework/src/Illuminate/Pipeline/Pipeline.php(219): Illuminate/Http/Middleware/ValidatePostSize->handle(Object(Illuminate/Http/Request), Object(Closure))
#29 C:/Users/paulb/Documents/GitHub/Educom-Trainee-Dashboard/DashboardAPI/vendor/laravel/framework/src/Illuminate/Foundation/Http/Middleware/PreventRequestsDuringMaintenance.php(109): Illuminate/Pipeline/Pipeline->{closure:{closure:Illuminate/Pipeline/Pipeline::carry():194}:195}(Object(Illuminate/Http/Request))
#30 C:/Users/paulb/Documents/GitHub/Educom-Trainee-Dashboard/DashboardAPI/vendor/laravel/framework/src/Illuminate/Pipeline/Pipeline.php(219): Illuminate/Foundation/Http/Middleware/PreventRequestsDuringMaintenance->handle(Object(Illuminate/Http/Request), Object(Closure))
#31 C:/Users/paulb/Documents/GitHub/Educom-Trainee-Dashboard/DashboardAPI/vendor/laravel/framework/src/Illuminate/Http/Middleware/HandleCors.php(74): Illuminate/Pipeline/Pipeline->{closure:{closure:Illuminate/Pipeline/Pipeline::carry():194}:195}(Object(Illuminate/Http/Request))
#32 C:/Users/paulb/Documents/GitHub/Educom-Trainee-Dashboard/DashboardAPI/vendor/laravel/framework/src/Illuminate/Pipeline/Pipeline.php(219): Illuminate/Http/Middleware/HandleCors->handle(Object(Illuminate/Http/Request), Object(Closure))
#33 C:/Users/paulb/Documents/GitHub/Educom-Trainee-Dashboard/DashboardAPI/vendor/laravel/framework/src/Illuminate/Http/Middleware/TrustProxies.php(58): Illuminate/Pipeline/Pipeline->{closure:{closure:Illuminate/Pipeline/Pipeline::carry():194}:195}(Object(Illuminate/Http/Request))
#34 C:/Users/paulb/Documents/GitHub/Educom-Trainee-Dashboard/DashboardAPI/vendor/laravel/framework/src/Illuminate/Pipeline/Pipeline.php(219): Illuminate/Http/Middleware/TrustProxies->handle(Object(Illuminate/Http/Request), Object(Closure))
#35 C:/Users/paulb/Documents/GitHub/Educom-Trainee-Dashboard/DashboardAPI/vendor/laravel/framework/src/Illuminate/Foundation/Http/Middleware/InvokeDeferredCallbacks.php(22): Illuminate/Pipeline/Pipeline->{closure:{closure:Illuminate/Pipeline/Pipeline::carry():194}:195}(Object(Illuminate/Http/Request))
#36 C:/Users/paulb/Documents/GitHub/Educom-Trainee-Dashboard/DashboardAPI/vendor/laravel/framework/src/Illuminate/Pipeline/Pipeline.php(219): Illuminate/Foundation/Http/Middleware/InvokeDeferredCallbacks->handle(Object(Illuminate/Http/Request), Object(Closure))
#37 C:/Users/paulb/Documents/GitHub/Educom-Trainee-Dashboard/DashboardAPI/vendor/laravel/framework/src/Illuminate/Http/Middleware/ValidatePathEncoding.php(28): Illuminate/Pipeline/Pipeline->{closure:{closure:Illuminate/Pipeline/Pipeline::carry():194}:195}(Object(Illuminate/Http/Request))
#38 C:/Users/paulb/Documents/GitHub/Educom-Trainee-Dashboard/DashboardAPI/vendor/laravel/framework/src/Illuminate/Pipeline/Pipeline.php(219): Illuminate/Http/Middleware/ValidatePathEncoding->handle(Object(Illuminate/Http/Request), Object(Closure))
#39 C:/Users/paulb/Documents/GitHub/Educom-Trainee-Dashboard/DashboardAPI/vendor/laravel/framework/src/Illuminate/Pipeline/Pipeline.php(137): Illuminate/Pipeline/Pipeline->{closure:{closure:Illuminate/Pipeline/Pipeline::carry():194}:195}(Object(Illuminate/Http/Request))
#40 C:/Users/paulb/Documents/GitHub/Educom-Trainee-Dashboard/DashboardAPI/vendor/laravel/framework/src/Illuminate/Foundation/Http/Kernel.php(175): Illuminate/Pipeline/Pipeline->then(Object(Closure))
#41 C:/Users/paulb/Documents/GitHub/Educom-Trainee-Dashboard/DashboardAPI/vendor/laravel/framework/src/Illuminate/Foundation/Http/Kernel.php(144): Illuminate/Foundation/Http/Kernel->sendRequestThroughRouter(Object(Illuminate/Http/Request))
#42 C:/Users/paulb/Documents/GitHub/Educom-Trainee-Dashboard/DashboardAPI/vendor/laravel/framework/src/Illuminate/Foundation/Testing/Concerns/MakesHttpRequests.php(607): Illuminate/Foundation/Http/Kernel->handle(Object(Illuminate/Http/Request))
#43 C:/Users/paulb/Documents/GitHub/Educom-Trainee-Dashboard/DashboardAPI/vendor/laravel/framework/src/Illuminate/Foundation/Testing/Concerns/MakesHttpRequests.php(368): Illuminate/Foundation/Testing/TestCase->call('GET', 'http://localhos...', Array, Array, Array, Array)
#44 C:/Users/paulb/Documents/GitHub/Educom-Trainee-Dashboard/DashboardAPI/tests/Feature/UsageTest.php(4): Illuminate/Foundation/Testing/TestCase->get('http://localhos...')
#45 C:/Users/paulb/Documents/GitHub/Educom-Trainee-Dashboard/DashboardAPI/vendor/pestphp/pest/src/Factories/TestCaseMethodFactory.php(177): P/Tests/Feature/UsageTest->{closure:C:/Users/paulb/Documents/GitHub/Educom-Trainee-Dashboard/DashboardAPI/tests/Feature/UsageTest.php:3}()
#46 [internal function]: P/Tests/Feature/UsageTest->{closure:Pest/Factories/TestCaseMethodFactory::getClosure():167}()
#47 C:/Users/paulb/Documents/GitHub/Educom-Trainee-Dashboard/DashboardAPI/vendor/pestphp/pest/src/Concerns/Testable.php(581): call_user_func_array(Object(Closure), Array)
#48 C:/Users/paulb/Documents/GitHub/Educom-Trainee-Dashboard/DashboardAPI/vendor/pestphp/pest/src/Support/ExceptionTrace.php(26): P/Tests/Feature/UsageTest->{closure:Pest/Concerns/Testable::__callClosure():581}()
#49 C:/Users/paulb/Documents/GitHub/Educom-Trainee-Dashboard/DashboardAPI/vendor/pestphp/pest/src/Concerns/Testable.php(581): Pest/Support/ExceptionTrace::ensure(Object(Closure))
#50 C:/Users/paulb/Documents/GitHub/Educom-Trainee-Dashboard/DashboardAPI/vendor/pestphp/pest/src/Concerns/Testable.php(403): P/Tests/Feature/UsageTest->__callClosure(Object(Closure), Array)
#51 C:/Users/paulb/Documents/GitHub/Educom-Trainee-Dashboard/DashboardAPI/vendor/pestphp/pest/src/Factories/TestCaseFactory.php(175) : eval()'d code(17): P/Tests/Feature/UsageTest->__runTest(Object(Closure))
#52 C:/Users/paulb/Documents/GitHub/Educom-Trainee-Dashboard/DashboardAPI/vendor/phpunit/phpunit/src/Framework/TestCase.php(1318): P/Tests/Feature/UsageTest->__pest_evaluable_ai()
#53 C:/Users/paulb/Documents/GitHub/Educom-Trainee-Dashboard/DashboardAPI/vendor/phpunit/phpunit/src/Framework/TestCase.php(1355): PHPUnit/Framework/TestCase->invokeTestMethod('__pest_evaluabl...', Array)
#54 C:/Users/paulb/Documents/GitHub/Educom-Trainee-Dashboard/DashboardAPI/vendor/phpunit/phpunit/src/Framework/TestCase.php(521): PHPUnit/Framework/TestCase->runTest()
#55 C:/Users/paulb/Documents/GitHub/Educom-Trainee-Dashboard/DashboardAPI/vendor/phpunit/phpunit/src/Framework/TestRunner/TestRunner.php(99): PHPUnit/Framework/TestCase->runBare()
#56 C:/Users/paulb/Documents/GitHub/Educom-Trainee-Dashboard/DashboardAPI/vendor/phpunit/phpunit/src/Framework/TestCase.php(361): PHPUnit/Framework/TestRunner->run(Object(P/Tests/Feature/UsageTest))
#57 C:/Users/paulb/Documents/GitHub/Educom-Trainee-Dashboard/DashboardAPI/vendor/phpunit/phpunit/src/Framework/TestSuite.php(374): PHPUnit/Framework/TestCase->run()
#58 C:/Users/paulb/Documents/GitHub/Educom-Trainee-Dashboard/DashboardAPI/vendor/phpunit/phpunit/src/Framework/TestSuite.php(374): PHPUnit/Framework/TestSuite->run()
#59 C:/Users/paulb/Documents/GitHub/Educom-Trainee-Dashboard/DashboardAPI/vendor/phpunit/phpunit/src/Framework/TestSuite.php(374): PHPUnit/Framework/TestSuite->run()
#60 C:/Users/paulb/Documents/GitHub/Educom-Trainee-Dashboard/DashboardAPI/vendor/phpunit/phpunit/src/TextUI/TestRunner.php(64): PHPUnit/Framework/TestSuite->run()
#61 C:/Users/paulb/Documents/GitHub/Educom-Trainee-Dashboard/DashboardAPI/vendor/phpunit/phpunit/src/TextUI/Application.php(229): PHPUnit/TextUI/TestRunner->run(Object(PHPUnit/TextUI/Configuration/Configuration), Object(PHPUnit/Runner/ResultCache/DefaultResultCache), Object(PHPUnit/Framework/TestSuite))
#62 C:/Users/paulb/Documents/GitHub/Educom-Trainee-Dashboard/DashboardAPI/vendor/pestphp/pest/src/Kernel.php(117): PHPUnit/TextUI/Application->run(Array)
#63 C:/Users/paulb/Documents/GitHub/Educom-Trainee-Dashboard/DashboardAPI/vendor/pestphp/pest/bin/pest(207): Pest/Kernel->handle(Array, Array)
#64 C:/Users/paulb/Documents/GitHub/Educom-Trainee-Dashboard/DashboardAPI/vendor/pestphp/pest/bin/pest(215): {closure:C:/Users/paulb/Documents/GitHub/Educom-Trainee-Dashboard/DashboardAPI/vendor/pestphp/pest/bin/pest:21}()
#65 {main}

[previous exception] [object] (PDOException(code: 0): could not find driver at C:/Users/paulb/Documents/GitHub/Educom-Trainee-Dashboard/DashboardAPI/vendor/laravel/framework/src/Illuminate/Database/Connectors/Connector.php:67)
[stacktrace]
#0 C:/Users/paulb/Documents/GitHub/Educom-Trainee-Dashboard/DashboardAPI/vendor/laravel/framework/src/Illuminate/Database/Connectors/Connector.php(67): PDO::connect('sqlite::memory:', NULL, Object(SensitiveParameterValue), Array)
#1 C:/Users/paulb/Documents/GitHub/Educom-Trainee-Dashboard/DashboardAPI/vendor/laravel/framework/src/Illuminate/Database/Connectors/Connector.php(44): Illuminate/Database/Connectors/Connector->createPdoConnection('sqlite::memory:', NULL, Object(SensitiveParameterValue), Array)
#2 C:/Users/paulb/Documents/GitHub/Educom-Trainee-Dashboard/DashboardAPI/vendor/laravel/framework/src/Illuminate/Database/Connectors/SQLiteConnector.php(21): Illuminate/Database/Connectors/Connector->createConnection('sqlite::memory:', Array, Array)
#3 C:/Users/paulb/Documents/GitHub/Educom-Trainee-Dashboard/DashboardAPI/vendor/laravel/framework/src/Illuminate/Database/Connectors/ConnectionFactory.php(259): Illuminate/Database/Connectors/SQLiteConnector->connect(Array)
#4 [internal function]: Illuminate/Database/Connectors/ConnectionFactory->{closure:Illuminate/Database/Connectors/ConnectionFactory::createPdoResolverWithoutHosts():259}()
#5 C:/Users/paulb/Documents/GitHub/Educom-Trainee-Dashboard/DashboardAPI/vendor/laravel/framework/src/Illuminate/Database/Connection.php(1297): call_user_func(Object(Closure))
#6 C:/Users/paulb/Documents/GitHub/Educom-Trainee-Dashboard/DashboardAPI/vendor/laravel/framework/src/Illuminate/Database/Connection.php(1335): Illuminate/Database/Connection->getPdo()
#7 C:/Users/paulb/Documents/GitHub/Educom-Trainee-Dashboard/DashboardAPI/vendor/laravel/framework/src/Illuminate/Database/Connection.php(542): Illuminate/Database/Connection->getReadPdo()
#8 C:/Users/paulb/Documents/GitHub/Educom-Trainee-Dashboard/DashboardAPI/vendor/laravel/framework/src/Illuminate/Database/Connection.php(435): Illuminate/Database/Connection->getPdoForSelect(true)
#9 C:/Users/paulb/Documents/GitHub/Educom-Trainee-Dashboard/DashboardAPI/vendor/laravel/framework/src/Illuminate/Database/Connection.php(846): Illuminate/Database/Connection->{closure:Illuminate/Database/Connection::select():426}('select * from \"...', Array)
#10 C:/Users/paulb/Documents/GitHub/Educom-Trainee-Dashboard/DashboardAPI/vendor/laravel/framework/src/Illuminate/Database/Connection.php(813): Illuminate/Database/Connection->runQueryCallback('select * from \"...', Array, Object(Closure))
#11 C:/Users/paulb/Documents/GitHub/Educom-Trainee-Dashboard/DashboardAPI/vendor/laravel/framework/src/Illuminate/Database/Connection.php(426): Illuminate/Database/Connection->run('select * from \"...', Array, Object(Closure))
#12 C:/Users/paulb/Documents/GitHub/Educom-Trainee-Dashboard/DashboardAPI/vendor/laravel/framework/src/Illuminate/Database/Query/Builder.php(3573): Illuminate/Database/Connection->select('select * from \"...', Array, true, Array)
#13 C:/Users/paulb/Documents/GitHub/Educom-Trainee-Dashboard/DashboardAPI/vendor/laravel/framework/src/Illuminate/Database/Query/Builder.php(3557): Illuminate/Database/Query/Builder->runSelect()
#14 C:/Users/paulb/Documents/GitHub/Educom-Trainee-Dashboard/DashboardAPI/vendor/laravel/framework/src/Illuminate/Database/Eloquent/Builder.php(908): Illuminate/Database/Query/Builder->get(Array)
#15 C:/Users/paulb/Documents/GitHub/Educom-Trainee-Dashboard/DashboardAPI/vendor/laravel/framework/src/Illuminate/Database/Eloquent/Builder.php(890): Illuminate/Database/Eloquent/Builder->getModels(Array)
#16 C:/Users/paulb/Documents/GitHub/Educom-Trainee-Dashboard/DashboardAPI/app/Http/Controllers/UsageController.php(81): Illuminate/Database/Eloquent/Builder->get()
#17 C:/Users/paulb/Documents/GitHub/Educom-Trainee-Dashboard/DashboardAPI/vendor/laravel/framework/src/Illuminate/Routing/ControllerDispatcher.php(46): App/Http/Controllers/UsageController->getUsage()
#18 C:/Users/paulb/Documents/GitHub/Educom-Trainee-Dashboard/DashboardAPI/vendor/laravel/framework/src/Illuminate/Routing/Route.php(275): Illuminate/Routing/ControllerDispatcher->dispatch(Object(Illuminate/Routing/Route), Object(App/Http/Controllers/UsageController), 'getUsage')
#19 C:/Users/paulb/Documents/GitHub/Educom-Trainee-Dashboard/DashboardAPI/vendor/laravel/framework/src/Illuminate/Routing/Route.php(215): Illuminate/Routing/Route->runController()
#20 C:/Users/paulb/Documents/GitHub/Educom-Trainee-Dashboard/DashboardAPI/vendor/laravel/framework/src/Illuminate/Routing/Router.php(822): Illuminate/Routing/Route->run()
#21 C:/Users/paulb/Documents/GitHub/Educom-Trainee-Dashboard/DashboardAPI/vendor/laravel/framework/src/Illuminate/Pipeline/Pipeline.php(180): Illuminate/Routing/Router->{closure:Illuminate/Routing/Router::runRouteWithinStack():821}(Object(Illuminate/Http/Request))
#22 C:/Users/paulb/Documents/GitHub/Educom-Trainee-Dashboard/DashboardAPI/vendor/laravel/framework/src/Illuminate/Routing/Middleware/SubstituteBindings.php(52): Illuminate/Pipeline/Pipeline->{closure:Illuminate/Pipeline/Pipeline::prepareDestination():178}(Object(Illuminate/Http/Request))
#23 C:/Users/paulb/Documents/GitHub/Educom-Trainee-Dashboard/DashboardAPI/vendor/laravel/framework/src/Illuminate/Pipeline/Pipeline.php(219): Illuminate/Routing/Middleware/SubstituteBindings->handle(Object(Illuminate/Http/Request), Object(Closure))
#24 C:/Users/paulb/Documents/GitHub/Educom-Trainee-Dashboard/DashboardAPI/vendor/laravel/framework/src/Illuminate/Pipeline/Pipeline.php(137): Illuminate/Pipeline/Pipeline->{closure:{closure:Illuminate/Pipeline/Pipeline::carry():194}:195}(Object(Illuminate/Http/Request))
#25 C:/Users/paulb/Documents/GitHub/Educom-Trainee-Dashboard/DashboardAPI/vendor/laravel/framework/src/Illuminate/Routing/Router.php(821): Illuminate/Pipeline/Pipeline->then(Object(Closure))
#26 C:/Users/paulb/Documents/GitHub/Educom-Trainee-Dashboard/DashboardAPI/vendor/laravel/framework/src/Illuminate/Routing/Router.php(800): Illuminate/Routing/Router->runRouteWithinStack(Object(Illuminate/Routing/Route), Object(Illuminate/Http/Request))
#27 C:/Users/paulb/Documents/GitHub/Educom-Trainee-Dashboard/DashboardAPI/vendor/laravel/framework/src/Illuminate/Routing/Router.php(764): Illuminate/Routing/Router->runRoute(Object(Illuminate/Http/Request), Object(Illuminate/Routing/Route))
#28 C:/Users/paulb/Documents/GitHub/Educom-Trainee-Dashboard/DashboardAPI/vendor/laravel/framework/src/Illuminate/Routing/Router.php(753): Illuminate/Routing/Router->dispatchToRoute(Object(Illuminate/Http/Request))
#29 C:/Users/paulb/Documents/GitHub/Educom-Trainee-Dashboard/DashboardAPI/vendor/laravel/framework/src/Illuminate/Foundation/Http/Kernel.php(200): Illuminate/Routing/Router->dispatch(Object(Illuminate/Http/Request))
#30 C:/Users/paulb/Documents/GitHub/Educom-Trainee-Dashboard/DashboardAPI/vendor/laravel/framework/src/Illuminate/Pipeline/Pipeline.php(180): Illuminate/Foundation/Http/Kernel->{closure:Illuminate/Foundation/Http/Kernel::dispatchToRouter():197}(Object(Illuminate/Http/Request))
#31 C:/Users/paulb/Documents/GitHub/Educom-Trainee-Dashboard/DashboardAPI/vendor/laravel/framework/src/Illuminate/Foundation/Http/Middleware/TransformsRequest.php(21): Illuminate/Pipeline/Pipeline->{closure:Illuminate/Pipeline/Pipeline::prepareDestination():178}(Object(Illuminate/Http/Request))
#32 C:/Users/paulb/Documents/GitHub/Educom-Trainee-Dashboard/DashboardAPI/vendor/laravel/framework/src/Illuminate/Foundation/Http/Middleware/ConvertEmptyStringsToNull.php(31): Illuminate/Foundation/Http/Middleware/TransformsRequest->handle(Object(Illuminate/Http/Request), Object(Closure))
#33 C:/Users/paulb/Documents/GitHub/Educom-Trainee-Dashboard/DashboardAPI/vendor/laravel/framework/src/Illuminate/Pipeline/Pipeline.php(219): Illuminate/Foundation/Http/Middleware/ConvertEmptyStringsToNull->handle(Object(Illuminate/Http/Request), Object(Closure))
#34 C:/Users/paulb/Documents/GitHub/Educom-Trainee-Dashboard/DashboardAPI/vendor/laravel/framework/src/Illuminate/Foundation/Http/Middleware/TransformsRequest.php(21): Illuminate/Pipeline/Pipeline->{closure:{closure:Illuminate/Pipeline/Pipeline::carry():194}:195}(Object(Illuminate/Http/Request))
#35 C:/Users/paulb/Documents/GitHub/Educom-Trainee-Dashboard/DashboardAPI/vendor/laravel/framework/src/Illuminate/Foundation/Http/Middleware/TrimStrings.php(51): Illuminate/Foundation/Http/Middleware/TransformsRequest->handle(Object(Illuminate/Http/Request), Object(Closure))
#36 C:/Users/paulb/Documents/GitHub/Educom-Trainee-Dashboard/DashboardAPI/vendor/laravel/framework/src/Illuminate/Pipeline/Pipeline.php(219): Illuminate/Foundation/Http/Middleware/TrimStrings->handle(Object(Illuminate/Http/Request), Object(Closure))
#37 C:/Users/paulb/Documents/GitHub/Educom-Trainee-Dashboard/DashboardAPI/vendor/laravel/framework/src/Illuminate/Http/Middleware/ValidatePostSize.php(27): Illuminate/Pipeline/Pipeline->{closure:{closure:Illuminate/Pipeline/Pipeline::carry():194}:195}(Object(Illuminate/Http/Request))
#38 C:/Users/paulb/Documents/GitHub/Educom-Trainee-Dashboard/DashboardAPI/vendor/laravel/framework/src/Illuminate/Pipeline/Pipeline.php(219): Illuminate/Http/Middleware/ValidatePostSize->handle(Object(Illuminate/Http/Request), Object(Closure))
#39 C:/Users/paulb/Documents/GitHub/Educom-Trainee-Dashboard/DashboardAPI/vendor/laravel/framework/src/Illuminate/Foundation/Http/Middleware/PreventRequestsDuringMaintenance.php(109): Illuminate/Pipeline/Pipeline->{closure:{closure:Illuminate/Pipeline/Pipeline::carry():194}:195}(Object(Illuminate/Http/Request))
#40 C:/Users/paulb/Documents/GitHub/Educom-Trainee-Dashboard/DashboardAPI/vendor/laravel/framework/src/Illuminate/Pipeline/Pipeline.php(219): Illuminate/Foundation/Http/Middleware/PreventRequestsDuringMaintenance->handle(Object(Illuminate/Http/Request), Object(Closure))
#41 C:/Users/paulb/Documents/GitHub/Educom-Trainee-Dashboard/DashboardAPI/vendor/laravel/framework/src/Illuminate/Http/Middleware/HandleCors.php(74): Illuminate/Pipeline/Pipeline->{closure:{closure:Illuminate/Pipeline/Pipeline::carry():194}:195}(Object(Illuminate/Http/Request))
#42 C:/Users/paulb/Documents/GitHub/Educom-Trainee-Dashboard/DashboardAPI/vendor/laravel/framework/src/Illuminate/Pipeline/Pipeline.php(219): Illuminate/Http/Middleware/HandleCors->handle(Object(Illuminate/Http/Request), Object(Closure))
#43 C:/Users/paulb/Documents/GitHub/Educom-Trainee-Dashboard/DashboardAPI/vendor/laravel/framework/src/Illuminate/Http/Middleware/TrustProxies.php(58): Illuminate/Pipeline/Pipeline->{closure:{closure:Illuminate/Pipeline/Pipeline::carry():194}:195}(Object(Illuminate/Http/Request))
#44 C:/Users/paulb/Documents/GitHub/Educom-Trainee-Dashboard/DashboardAPI/vendor/laravel/framework/src/Illuminate/Pipeline/Pipeline.php(219): Illuminate/Http/Middleware/TrustProxies->handle(Object(Illuminate/Http/Request), Object(Closure))
#45 C:/Users/paulb/Documents/GitHub/Educom-Trainee-Dashboard/DashboardAPI/vendor/laravel/framework/src/Illuminate/Foundation/Http/Middleware/InvokeDeferredCallbacks.php(22): Illuminate/Pipeline/Pipeline->{closure:{closure:Illuminate/Pipeline/Pipeline::carry():194}:195}(Object(Illuminate/Http/Request))
#46 C:/Users/paulb/Documents/GitHub/Educom-Trainee-Dashboard/DashboardAPI/vendor/laravel/framework/src/Illuminate/Pipeline/Pipeline.php(219): Illuminate/Foundation/Http/Middleware/InvokeDeferredCallbacks->handle(Object(Illuminate/Http/Request), Object(Closure))
#47 C:/Users/paulb/Documents/GitHub/Educom-Trainee-Dashboard/DashboardAPI/vendor/laravel/framework/src/Illuminate/Http/Middleware/ValidatePathEncoding.php(28): Illuminate/Pipeline/Pipeline->{closure:{closure:Illuminate/Pipeline/Pipeline::carry():194}:195}(Object(Illuminate/Http/Request))
#48 C:/Users/paulb/Documents/GitHub/Educom-Trainee-Dashboard/DashboardAPI/vendor/laravel/framework/src/Illuminate/Pipeline/Pipeline.php(219): Illuminate/Http/Middleware/ValidatePathEncoding->handle(Object(Illuminate/Http/Request), Object(Closure))
#49 C:/Users/paulb/Documents/GitHub/Educom-Trainee-Dashboard/DashboardAPI/vendor/laravel/framework/src/Illuminate/Pipeline/Pipeline.php(137): Illuminate/Pipeline/Pipeline->{closure:{closure:Illuminate/Pipeline/Pipeline::carry():194}:195}(Object(Illuminate/Http/Request))
#50 C:/Users/paulb/Documents/GitHub/Educom-Trainee-Dashboard/DashboardAPI/vendor/laravel/framework/src/Illuminate/Foundation/Http/Kernel.php(175): Illuminate/Pipeline/Pipeline->then(Object(Closure))
#51 C:/Users/paulb/Documents/GitHub/Educom-Trainee-Dashboard/DashboardAPI/vendor/laravel/framework/src/Illuminate/Foundation/Http/Kernel.php(144): Illuminate/Foundation/Http/Kernel->sendRequestThroughRouter(Object(Illuminate/Http/Request))
#52 C:/Users/paulb/Documents/GitHub/Educom-Trainee-Dashboard/DashboardAPI/vendor/laravel/framework/src/Illuminate/Foundation/Testing/Concerns/MakesHttpRequests.php(607): Illuminate/Foundation/Http/Kernel->handle(Object(Illuminate/Http/Request))
#53 C:/Users/paulb/Documents/GitHub/Educom-Trainee-Dashboard/DashboardAPI/vendor/laravel/framework/src/Illuminate/Foundation/Testing/Concerns/MakesHttpRequests.php(368): Illuminate/Foundation/Testing/TestCase->call('GET', 'http://localhos...', Array, Array, Array, Array)
#54 C:/Users/paulb/Documents/GitHub/Educom-Trainee-Dashboard/DashboardAPI/tests/Feature/UsageTest.php(4): Illuminate/Foundation/Testing/TestCase->get('http://localhos...')
#55 C:/Users/paulb/Documents/GitHub/Educom-Trainee-Dashboard/DashboardAPI/vendor/pestphp/pest/src/Factories/TestCaseMethodFactory.php(177): P/Tests/Feature/UsageTest->{closure:C:/Users/paulb/Documents/GitHub/Educom-Trainee-Dashboard/DashboardAPI/tests/Feature/UsageTest.php:3}()
#56 [internal function]: P/Tests/Feature/UsageTest->{closure:Pest/Factories/TestCaseMethodFactory::getClosure():167}()
#57 C:/Users/paulb/Documents/GitHub/Educom-Trainee-Dashboard/DashboardAPI/vendor/pestphp/pest/src/Concerns/Testable.php(581): call_user_func_array(Object(Closure), Array)
#58 C:/Users/paulb/Documents/GitHub/Educom-Trainee-Dashboard/DashboardAPI/vendor/pestphp/pest/src/Support/ExceptionTrace.php(26): P/Tests/Feature/UsageTest->{closure:Pest/Concerns/Testable::__callClosure():581}()
#59 C:/Users/paulb/Documents/GitHub/Educom-Trainee-Dashboard/DashboardAPI/vendor/pestphp/pest/src/Concerns/Testable.php(581): Pest/Support/ExceptionTrace::ensure(Object(Closure))
#60 C:/Users/paulb/Documents/GitHub/Educom-Trainee-Dashboard/DashboardAPI/vendor/pestphp/pest/src/Concerns/Testable.php(403): P/Tests/Feature/UsageTest->__callClosure(Object(Closure), Array)
#61 C:/Users/paulb/Documents/GitHub/Educom-Trainee-Dashboard/DashboardAPI/vendor/pestphp/pest/src/Factories/TestCaseFactory.php(175) : eval()'d code(17): P/Tests/Feature/UsageTest->__runTest(Object(Closure))
#62 C:/Users/paulb/Documents/GitHub/Educom-Trainee-Dashboard/DashboardAPI/vendor/phpunit/phpunit/src/Framework/TestCase.php(1318): P/Tests/Feature/UsageTest->__pest_evaluable_ai()
#63 C:/Users/paulb/Documents/GitHub/Educom-Trainee-Dashboard/DashboardAPI/vendor/phpunit/phpunit/src/Framework/TestCase.php(1355): PHPUnit/Framework/TestCase->invokeTestMethod('__pest_evaluabl...', Array)
#64 C:/Users/paulb/Documents/GitHub/Educom-Trainee-Dashboard/DashboardAPI/vendor/phpunit/phpunit/src/Framework/TestCase.php(521): PHPUnit/Framework/TestCase->runTest()
#65 C:/Users/paulb/Documents/GitHub/Educom-Trainee-Dashboard/DashboardAPI/vendor/phpunit/phpunit/src/Framework/TestRunner/TestRunner.php(99): PHPUnit/Framework/TestCase->runBare()
#66 C:/Users/paulb/Documents/GitHub/Educom-Trainee-Dashboard/DashboardAPI/vendor/phpunit/phpunit/src/Framework/TestCase.php(361): PHPUnit/Framework/TestRunner->run(Object(P/Tests/Feature/UsageTest))
#67 C:/Users/paulb/Documents/GitHub/Educom-Trainee-Dashboard/DashboardAPI/vendor/phpunit/phpunit/src/Framework/TestSuite.php(374): PHPUnit/Framework/TestCase->run()
#68 C:/Users/paulb/Documents/GitHub/Educom-Trainee-Dashboard/DashboardAPI/vendor/phpunit/phpunit/src/Framework/TestSuite.php(374): PHPUnit/Framework/TestSuite->run()
#69 C:/Users/paulb/Documents/GitHub/Educom-Trainee-Dashboard/DashboardAPI/vendor/phpunit/phpunit/src/Framework/TestSuite.php(374): PHPUnit/Framework/TestSuite->run()
#70 C:/Users/paulb/Documents/GitHub/Educom-Trainee-Dashboard/DashboardAPI/vendor/phpunit/phpunit/src/TextUI/TestRunner.php(64): PHPUnit/Framework/TestSuite->run()
#71 C:/Users/paulb/Documents/GitHub/Educom-Trainee-Dashboard/DashboardAPI/vendor/phpunit/phpunit/src/TextUI/Application.php(229): PHPUnit/TextUI/TestRunner->run(Object(PHPUnit/TextUI/Configuration/Configuration), Object(PHPUnit/Runner/ResultCache/DefaultResultCache), Object(PHPUnit/Framework/TestSuite))
#72 C:/Users/paulb/Documents/GitHub/Educom-Trainee-Dashboard/DashboardAPI/vendor/pestphp/pest/src/Kernel.php(117): PHPUnit/TextUI/Application->run(Array)
#73 C:/Users/paulb/Documents/GitHub/Educom-Trainee-Dashboard/DashboardAPI/vendor/pestphp/pest/bin/pest(207): Pest/Kernel->handle(Array, Array)
#74 C:/Users/paulb/Documents/GitHub/Educom-Trainee-Dashboard/DashboardAPI/vendor/pestphp/pest/bin/pest(215): {closure:C:/Users/paulb/Documents/GitHub/Educom-Trainee-Dashboard/DashboardAPI/vendor/pestphp/pest/bin/pest:21}()
#75 {main}
"} 
[2026-07-20 09:40:36] testing.ERROR: could not find driver (Connection: sqlite, Database: :memory:, SQL: select * from "users") {"exception":"[object] (Illuminate\\Database\\QueryException(code: 0): could not find driver (Connection: sqlite, Database: :memory:, SQL: select * from \"users\") at C:/Users/paulb/Documents/GitHub/Educom-Trainee-Dashboard/DashboardAPI/vendor/laravel/framework/src/Illuminate/Database/Connection.php:857)
[stacktrace]
#0 C:/Users/paulb/Documents/GitHub/Educom-Trainee-Dashboard/DashboardAPI/vendor/laravel/framework/src/Illuminate/Database/Connection.php(813): Illuminate/Database/Connection->runQueryCallback('select * from \"...', Array, Object(Closure))
#1 C:/Users/paulb/Documents/GitHub/Educom-Trainee-Dashboard/DashboardAPI/vendor/laravel/framework/src/Illuminate/Database/Connection.php(426): Illuminate/Database/Connection->run('select * from \"...', Array, Object(Closure))
#2 C:/Users/paulb/Documents/GitHub/Educom-Trainee-Dashboard/DashboardAPI/vendor/laravel/framework/src/Illuminate/Database/Query/Builder.php(3573): Illuminate/Database/Connection->select('select * from \"...', Array, true, Array)
#3 C:/Users/paulb/Documents/GitHub/Educom-Trainee-Dashboard/DashboardAPI/vendor/laravel/framework/src/Illuminate/Database/Query/Builder.php(3557): Illuminate/Database/Query/Builder->runSelect()
#4 C:/Users/paulb/Documents/GitHub/Educom-Trainee-Dashboard/DashboardAPI/vendor/laravel/framework/src/Illuminate/Database/Eloquent/Builder.php(908): Illuminate/Database/Query/Builder->get(Array)
#5 C:/Users/paulb/Documents/GitHub/Educom-Trainee-Dashboard/DashboardAPI/vendor/laravel/framework/src/Illuminate/Database/Eloquent/Builder.php(890): Illuminate/Database/Eloquent/Builder->getModels(Array)
#6 C:/Users/paulb/Documents/GitHub/Educom-Trainee-Dashboard/DashboardAPI/vendor/laravel/framework/src/Illuminate/Support/Traits/ForwardsCalls.php(23): Illuminate/Database/Eloquent/Builder->get()
#7 C:/Users/paulb/Documents/GitHub/Educom-Trainee-Dashboard/DashboardAPI/vendor/laravel/framework/src/Illuminate/Database/Eloquent/Model.php(2809): Illuminate/Database/Eloquent/Model->forwardCallTo(Object(Illuminate/Database/Eloquent/Builder), 'get', Array)
#8 C:/Users/paulb/Documents/GitHub/Educom-Trainee-Dashboard/DashboardAPI/vendor/laravel/framework/src/Illuminate/Database/Eloquent/Model.php(2825): Illuminate/Database/Eloquent/Model->__call('get', Array)
#9 C:/Users/paulb/Documents/GitHub/Educom-Trainee-Dashboard/DashboardAPI/app/Http/Controllers/UsageController.php(126): Illuminate/Database/Eloquent/Model::__callStatic('get', Array)
#10 C:/Users/paulb/Documents/GitHub/Educom-Trainee-Dashboard/DashboardAPI/vendor/laravel/framework/src/Illuminate/Routing/ControllerDispatcher.php(46): App/Http/Controllers/UsageController->getTotalSpend()
#11 C:/Users/paulb/Documents/GitHub/Educom-Trainee-Dashboard/DashboardAPI/vendor/laravel/framework/src/Illuminate/Routing/Route.php(275): Illuminate/Routing/ControllerDispatcher->dispatch(Object(Illuminate/Routing/Route), Object(App/Http/Controllers/UsageController), 'getTotalSpend')
#12 C:/Users/paulb/Documents/GitHub/Educom-Trainee-Dashboard/DashboardAPI/vendor/laravel/framework/src/Illuminate/Routing/Route.php(215): Illuminate/Routing/Route->runController()
#13 C:/Users/paulb/Documents/GitHub/Educom-Trainee-Dashboard/DashboardAPI/vendor/laravel/framework/src/Illuminate/Routing/Router.php(822): Illuminate/Routing/Route->run()
#14 C:/Users/paulb/Documents/GitHub/Educom-Trainee-Dashboard/DashboardAPI/vendor/laravel/framework/src/Illuminate/Pipeline/Pipeline.php(180): Illuminate/Routing/Router->{closure:Illuminate/Routing/Router::runRouteWithinStack():821}(Object(Illuminate/Http/Request))
#15 C:/Users/paulb/Documents/GitHub/Educom-Trainee-Dashboard/DashboardAPI/vendor/laravel/framework/src/Illuminate/Routing/Middleware/SubstituteBindings.php(52): Illuminate/Pipeline/Pipeline->{closure:Illuminate/Pipeline/Pipeline::prepareDestination():178}(Object(Illuminate/Http/Request))
#16 C:/Users/paulb/Documents/GitHub/Educom-Trainee-Dashboard/DashboardAPI/vendor/laravel/framework/src/Illuminate/Pipeline/Pipeline.php(219): Illuminate/Routing/Middleware/SubstituteBindings->handle(Object(Illuminate/Http/Request), Object(Closure))
#17 C:/Users/paulb/Documents/GitHub/Educom-Trainee-Dashboard/DashboardAPI/vendor/laravel/framework/src/Illuminate/Pipeline/Pipeline.php(137): Illuminate/Pipeline/Pipeline->{closure:{closure:Illuminate/Pipeline/Pipeline::carry():194}:195}(Object(Illuminate/Http/Request))
#18 C:/Users/paulb/Documents/GitHub/Educom-Trainee-Dashboard/DashboardAPI/vendor/laravel/framework/src/Illuminate/Routing/Router.php(821): Illuminate/Pipeline/Pipeline->then(Object(Closure))
#19 C:/Users/paulb/Documents/GitHub/Educom-Trainee-Dashboard/DashboardAPI/vendor/laravel/framework/src/Illuminate/Routing/Router.php(800): Illuminate/Routing/Router->runRouteWithinStack(Object(Illuminate/Routing/Route), Object(Illuminate/Http/Request))
#20 C:/Users/paulb/Documents/GitHub/Educom-Trainee-Dashboard/DashboardAPI/vendor/laravel/framework/src/Illuminate/Routing/Router.php(764): Illuminate/Routing/Router->runRoute(Object(Illuminate/Http/Request), Object(Illuminate/Routing/Route))
#21 C:/Users/paulb/Documents/GitHub/Educom-Trainee-Dashboard/DashboardAPI/vendor/laravel/framework/src/Illuminate/Routing/Router.php(753): Illuminate/Routing/Router->dispatchToRoute(Object(Illuminate/Http/Request))
#22 C:/Users/paulb/Documents/GitHub/Educom-Trainee-Dashboard/DashboardAPI/vendor/laravel/framework/src/Illuminate/Foundation/Http/Kernel.php(200): Illuminate/Routing/Router->dispatch(Object(Illuminate/Http/Request))
#23 C:/Users/paulb/Documents/GitHub/Educom-Trainee-Dashboard/DashboardAPI/vendor/laravel/framework/src/Illuminate/Pipeline/Pipeline.php(180): Illuminate/Foundation/Http/Kernel->{closure:Illuminate/Foundation/Http/Kernel::dispatchToRouter():197}(Object(Illuminate/Http/Request))
#24 C:/Users/paulb/Documents/GitHub/Educom-Trainee-Dashboard/DashboardAPI/vendor/laravel/framework/src/Illuminate/Foundation/Http/Middleware/TransformsRequest.php(21): Illuminate/Pipeline/Pipeline->{closure:Illuminate/Pipeline/Pipeline::prepareDestination():178}(Object(Illuminate/Http/Request))
#25 C:/Users/paulb/Documents/GitHub/Educom-Trainee-Dashboard/DashboardAPI/vendor/laravel/framework/src/Illuminate/Foundation/Http/Middleware/ConvertEmptyStringsToNull.php(31): Illuminate/Foundation/Http/Middleware/TransformsRequest->handle(Object(Illuminate/Http/Request), Object(Closure))
#26 C:/Users/paulb/Documents/GitHub/Educom-Trainee-Dashboard/DashboardAPI/vendor/laravel/framework/src/Illuminate/Pipeline/Pipeline.php(219): Illuminate/Foundation/Http/Middleware/ConvertEmptyStringsToNull->handle(Object(Illuminate/Http/Request), Object(Closure))
#27 C:/Users/paulb/Documents/GitHub/Educom-Trainee-Dashboard/DashboardAPI/vendor/laravel/framework/src/Illuminate/Foundation/Http/Middleware/TransformsRequest.php(21): Illuminate/Pipeline/Pipeline->{closure:{closure:Illuminate/Pipeline/Pipeline::carry():194}:195}(Object(Illuminate/Http/Request))
#28 C:/Users/paulb/Documents/GitHub/Educom-Trainee-Dashboard/DashboardAPI/vendor/laravel/framework/src/Illuminate/Foundation/Http/Middleware/TrimStrings.php(51): Illuminate/Foundation/Http/Middleware/TransformsRequest->handle(Object(Illuminate/Http/Request), Object(Closure))
#29 C:/Users/paulb/Documents/GitHub/Educom-Trainee-Dashboard/DashboardAPI/vendor/laravel/framework/src/Illuminate/Pipeline/Pipeline.php(219): Illuminate/Foundation/Http/Middleware/TrimStrings->handle(Object(Illuminate/Http/Request), Object(Closure))
#30 C:/Users/paulb/Documents/GitHub/Educom-Trainee-Dashboard/DashboardAPI/vendor/laravel/framework/src/Illuminate/Http/Middleware/ValidatePostSize.php(27): Illuminate/Pipeline/Pipeline->{closure:{closure:Illuminate/Pipeline/Pipeline::carry():194}:195}(Object(Illuminate/Http/Request))
#31 C:/Users/paulb/Documents/GitHub/Educom-Trainee-Dashboard/DashboardAPI/vendor/laravel/framework/src/Illuminate/Pipeline/Pipeline.php(219): Illuminate/Http/Middleware/ValidatePostSize->handle(Object(Illuminate/Http/Request), Object(Closure))
#32 C:/Users/paulb/Documents/GitHub/Educom-Trainee-Dashboard/DashboardAPI/vendor/laravel/framework/src/Illuminate/Foundation/Http/Middleware/PreventRequestsDuringMaintenance.php(109): Illuminate/Pipeline/Pipeline->{closure:{closure:Illuminate/Pipeline/Pipeline::carry():194}:195}(Object(Illuminate/Http/Request))
#33 C:/Users/paulb/Documents/GitHub/Educom-Trainee-Dashboard/DashboardAPI/vendor/laravel/framework/src/Illuminate/Pipeline/Pipeline.php(219): Illuminate/Foundation/Http/Middleware/PreventRequestsDuringMaintenance->handle(Object(Illuminate/Http/Request), Object(Closure))
#34 C:/Users/paulb/Documents/GitHub/Educom-Trainee-Dashboard/DashboardAPI/vendor/laravel/framework/src/Illuminate/Http/Middleware/HandleCors.php(74): Illuminate/Pipeline/Pipeline->{closure:{closure:Illuminate/Pipeline/Pipeline::carry():194}:195}(Object(Illuminate/Http/Request))
#35 C:/Users/paulb/Documents/GitHub/Educom-Trainee-Dashboard/DashboardAPI/vendor/laravel/framework/src/Illuminate/Pipeline/Pipeline.php(219): Illuminate/Http/Middleware/HandleCors->handle(Object(Illuminate/Http/Request), Object(Closure))
#36 C:/Users/paulb/Documents/GitHub/Educom-Trainee-Dashboard/DashboardAPI/vendor/laravel/framework/src/Illuminate/Http/Middleware/TrustProxies.php(58): Illuminate/Pipeline/Pipeline->{closure:{closure:Illuminate/Pipeline/Pipeline::carry():194}:195}(Object(Illuminate/Http/Request))
#37 C:/Users/paulb/Documents/GitHub/Educom-Trainee-Dashboard/DashboardAPI/vendor/laravel/framework/src/Illuminate/Pipeline/Pipeline.php(219): Illuminate/Http/Middleware/TrustProxies->handle(Object(Illuminate/Http/Request), Object(Closure))
#38 C:/Users/paulb/Documents/GitHub/Educom-Trainee-Dashboard/DashboardAPI/vendor/laravel/framework/src/Illuminate/Foundation/Http/Middleware/InvokeDeferredCallbacks.php(22): Illuminate/Pipeline/Pipeline->{closure:{closure:Illuminate/Pipeline/Pipeline::carry():194}:195}(Object(Illuminate/Http/Request))
#39 C:/Users/paulb/Documents/GitHub/Educom-Trainee-Dashboard/DashboardAPI/vendor/laravel/framework/src/Illuminate/Pipeline/Pipeline.php(219): Illuminate/Foundation/Http/Middleware/InvokeDeferredCallbacks->handle(Object(Illuminate/Http/Request), Object(Closure))
#40 C:/Users/paulb/Documents/GitHub/Educom-Trainee-Dashboard/DashboardAPI/vendor/laravel/framework/src/Illuminate/Http/Middleware/ValidatePathEncoding.php(28): Illuminate/Pipeline/Pipeline->{closure:{closure:Illuminate/Pipeline/Pipeline::carry():194}:195}(Object(Illuminate/Http/Request))
#41 C:/Users/paulb/Documents/GitHub/Educom-Trainee-Dashboard/DashboardAPI/vendor/laravel/framework/src/Illuminate/Pipeline/Pipeline.php(219): Illuminate/Http/Middleware/ValidatePathEncoding->handle(Object(Illuminate/Http/Request), Object(Closure))
#42 C:/Users/paulb/Documents/GitHub/Educom-Trainee-Dashboard/DashboardAPI/vendor/laravel/framework/src/Illuminate/Pipeline/Pipeline.php(137): Illuminate/Pipeline/Pipeline->{closure:{closure:Illuminate/Pipeline/Pipeline::carry():194}:195}(Object(Illuminate/Http/Request))
#43 C:/Users/paulb/Documents/GitHub/Educom-Trainee-Dashboard/DashboardAPI/vendor/laravel/framework/src/Illuminate/Foundation/Http/Kernel.php(175): Illuminate/Pipeline/Pipeline->then(Object(Closure))
#44 C:/Users/paulb/Documents/GitHub/Educom-Trainee-Dashboard/DashboardAPI/vendor/laravel/framework/src/Illuminate/Foundation/Http/Kernel.php(144): Illuminate/Foundation/Http/Kernel->sendRequestThroughRouter(Object(Illuminate/Http/Request))
#45 C:/Users/paulb/Documents/GitHub/Educom-Trainee-Dashboard/DashboardAPI/vendor/laravel/framework/src/Illuminate/Foundation/Testing/Concerns/MakesHttpRequests.php(607): Illuminate/Foundation/Http/Kernel->handle(Object(Illuminate/Http/Request))
#46 C:/Users/paulb/Documents/GitHub/Educom-Trainee-Dashboard/DashboardAPI/vendor/laravel/framework/src/Illuminate/Foundation/Testing/Concerns/MakesHttpRequests.php(368): Illuminate/Foundation/Testing/TestCase->call('GET', 'http://localhos...', Array, Array, Array, Array)
#47 C:/Users/paulb/Documents/GitHub/Educom-Trainee-Dashboard/DashboardAPI/tests/Feature/UsageTest.php(4): Illuminate/Foundation/Testing/TestCase->get('http://localhos...')
#48 C:/Users/paulb/Documents/GitHub/Educom-Trainee-Dashboard/DashboardAPI/vendor/pestphp/pest/src/Factories/TestCaseMethodFactory.php(177): P/Tests/Feature/UsageTest->{closure:C:/Users/paulb/Documents/GitHub/Educom-Trainee-Dashboard/DashboardAPI/tests/Feature/UsageTest.php:3}()
#49 [internal function]: P/Tests/Feature/UsageTest->{closure:Pest/Factories/TestCaseMethodFactory::getClosure():167}()
#50 C:/Users/paulb/Documents/GitHub/Educom-Trainee-Dashboard/DashboardAPI/vendor/pestphp/pest/src/Concerns/Testable.php(581): call_user_func_array(Object(Closure), Array)
#51 C:/Users/paulb/Documents/GitHub/Educom-Trainee-Dashboard/DashboardAPI/vendor/pestphp/pest/src/Support/ExceptionTrace.php(26): P/Tests/Feature/UsageTest->{closure:Pest/Concerns/Testable::__callClosure():581}()
#52 C:/Users/paulb/Documents/GitHub/Educom-Trainee-Dashboard/DashboardAPI/vendor/pestphp/pest/src/Concerns/Testable.php(581): Pest/Support/ExceptionTrace::ensure(Object(Closure))
#53 C:/Users/paulb/Documents/GitHub/Educom-Trainee-Dashboard/DashboardAPI/vendor/pestphp/pest/src/Concerns/Testable.php(403): P/Tests/Feature/UsageTest->__callClosure(Object(Closure), Array)
#54 C:/Users/paulb/Documents/GitHub/Educom-Trainee-Dashboard/DashboardAPI/vendor/pestphp/pest/src/Factories/TestCaseFactory.php(175) : eval()'d code(17): P/Tests/Feature/UsageTest->__runTest(Object(Closure))
#55 C:/Users/paulb/Documents/GitHub/Educom-Trainee-Dashboard/DashboardAPI/vendor/phpunit/phpunit/src/Framework/TestCase.php(1318): P/Tests/Feature/UsageTest->__pest_evaluable_ai()
#56 C:/Users/paulb/Documents/GitHub/Educom-Trainee-Dashboard/DashboardAPI/vendor/phpunit/phpunit/src/Framework/TestCase.php(1355): PHPUnit/Framework/TestCase->invokeTestMethod('__pest_evaluabl...', Array)
#57 C:/Users/paulb/Documents/GitHub/Educom-Trainee-Dashboard/DashboardAPI/vendor/phpunit/phpunit/src/Framework/TestCase.php(521): PHPUnit/Framework/TestCase->runTest()
#58 C:/Users/paulb/Documents/GitHub/Educom-Trainee-Dashboard/DashboardAPI/vendor/phpunit/phpunit/src/Framework/TestRunner/TestRunner.php(99): PHPUnit/Framework/TestCase->runBare()
#59 C:/Users/paulb/Documents/GitHub/Educom-Trainee-Dashboard/DashboardAPI/vendor/phpunit/phpunit/src/Framework/TestCase.php(361): PHPUnit/Framework/TestRunner->run(Object(P/Tests/Feature/UsageTest))
#60 C:/Users/paulb/Documents/GitHub/Educom-Trainee-Dashboard/DashboardAPI/vendor/phpunit/phpunit/src/Framework/TestSuite.php(374): PHPUnit/Framework/TestCase->run()
#61 C:/Users/paulb/Documents/GitHub/Educom-Trainee-Dashboard/DashboardAPI/vendor/phpunit/phpunit/src/Framework/TestSuite.php(374): PHPUnit/Framework/TestSuite->run()
#62 C:/Users/paulb/Documents/GitHub/Educom-Trainee-Dashboard/DashboardAPI/vendor/phpunit/phpunit/src/Framework/TestSuite.php(374): PHPUnit/Framework/TestSuite->run()
#63 C:/Users/paulb/Documents/GitHub/Educom-Trainee-Dashboard/DashboardAPI/vendor/phpunit/phpunit/src/TextUI/TestRunner.php(64): PHPUnit/Framework/TestSuite->run()
#64 C:/Users/paulb/Documents/GitHub/Educom-Trainee-Dashboard/DashboardAPI/vendor/phpunit/phpunit/src/TextUI/Application.php(229): PHPUnit/TextUI/TestRunner->run(Object(PHPUnit/TextUI/Configuration/Configuration), Object(PHPUnit/Runner/ResultCache/DefaultResultCache), Object(PHPUnit/Framework/TestSuite))
#65 C:/Users/paulb/Documents/GitHub/Educom-Trainee-Dashboard/DashboardAPI/vendor/pestphp/pest/src/Kernel.php(117): PHPUnit/TextUI/Application->run(Array)
#66 C:/Users/paulb/Documents/GitHub/Educom-Trainee-Dashboard/DashboardAPI/vendor/pestphp/pest/bin/pest(207): Pest/Kernel->handle(Array, Array)
#67 C:/Users/paulb/Documents/GitHub/Educom-Trainee-Dashboard/DashboardAPI/vendor/pestphp/pest/bin/pest(215): {closure:C:/Users/paulb/Documents/GitHub/Educom-Trainee-Dashboard/DashboardAPI/vendor/pestphp/pest/bin/pest:21}()
#68 {main}

[previous exception] [object] (PDOException(code: 0): could not find driver at C:/Users/paulb/Documents/GitHub/Educom-Trainee-Dashboard/DashboardAPI/vendor/laravel/framework/src/Illuminate/Database/Connectors/Connector.php:67)
[stacktrace]
#0 C:/Users/paulb/Documents/GitHub/Educom-Trainee-Dashboard/DashboardAPI/vendor/laravel/framework/src/Illuminate/Database/Connectors/Connector.php(67): PDO::connect('sqlite::memory:', NULL, Object(SensitiveParameterValue), Array)
#1 C:/Users/paulb/Documents/GitHub/Educom-Trainee-Dashboard/DashboardAPI/vendor/laravel/framework/src/Illuminate/Database/Connectors/Connector.php(44): Illuminate/Database/Connectors/Connector->createPdoConnection('sqlite::memory:', NULL, Object(SensitiveParameterValue), Array)
#2 C:/Users/paulb/Documents/GitHub/Educom-Trainee-Dashboard/DashboardAPI/vendor/laravel/framework/src/Illuminate/Database/Connectors/SQLiteConnector.php(21): Illuminate/Database/Connectors/Connector->createConnection('sqlite::memory:', Array, Array)
#3 C:/Users/paulb/Documents/GitHub/Educom-Trainee-Dashboard/DashboardAPI/vendor/laravel/framework/src/Illuminate/Database/Connectors/ConnectionFactory.php(259): Illuminate/Database/Connectors/SQLiteConnector->connect(Array)
#4 [internal function]: Illuminate/Database/Connectors/ConnectionFactory->{closure:Illuminate/Database/Connectors/ConnectionFactory::createPdoResolverWithoutHosts():259}()
#5 C:/Users/paulb/Documents/GitHub/Educom-Trainee-Dashboard/DashboardAPI/vendor/laravel/framework/src/Illuminate/Database/Connection.php(1297): call_user_func(Object(Closure))
#6 C:/Users/paulb/Documents/GitHub/Educom-Trainee-Dashboard/DashboardAPI/vendor/laravel/framework/src/Illuminate/Database/Connection.php(1335): Illuminate/Database/Connection->getPdo()
#7 C:/Users/paulb/Documents/GitHub/Educom-Trainee-Dashboard/DashboardAPI/vendor/laravel/framework/src/Illuminate/Database/Connection.php(542): Illuminate/Database/Connection->getReadPdo()
#8 C:/Users/paulb/Documents/GitHub/Educom-Trainee-Dashboard/DashboardAPI/vendor/laravel/framework/src/Illuminate/Database/Connection.php(435): Illuminate/Database/Connection->getPdoForSelect(true)
#9 C:/Users/paulb/Documents/GitHub/Educom-Trainee-Dashboard/DashboardAPI/vendor/laravel/framework/src/Illuminate/Database/Connection.php(846): Illuminate/Database/Connection->{closure:Illuminate/Database/Connection::select():426}('select * from \"...', Array)
#10 C:/Users/paulb/Documents/GitHub/Educom-Trainee-Dashboard/DashboardAPI/vendor/laravel/framework/src/Illuminate/Database/Connection.php(813): Illuminate/Database/Connection->runQueryCallback('select * from \"...', Array, Object(Closure))
#11 C:/Users/paulb/Documents/GitHub/Educom-Trainee-Dashboard/DashboardAPI/vendor/laravel/framework/src/Illuminate/Database/Connection.php(426): Illuminate/Database/Connection->run('select * from \"...', Array, Object(Closure))
#12 C:/Users/paulb/Documents/GitHub/Educom-Trainee-Dashboard/DashboardAPI/vendor/laravel/framework/src/Illuminate/Database/Query/Builder.php(3573): Illuminate/Database/Connection->select('select * from \"...', Array, true, Array)
#13 C:/Users/paulb/Documents/GitHub/Educom-Trainee-Dashboard/DashboardAPI/vendor/laravel/framework/src/Illuminate/Database/Query/Builder.php(3557): Illuminate/Database/Query/Builder->runSelect()
#14 C:/Users/paulb/Documents/GitHub/Educom-Trainee-Dashboard/DashboardAPI/vendor/laravel/framework/src/Illuminate/Database/Eloquent/Builder.php(908): Illuminate/Database/Query/Builder->get(Array)
#15 C:/Users/paulb/Documents/GitHub/Educom-Trainee-Dashboard/DashboardAPI/vendor/laravel/framework/src/Illuminate/Database/Eloquent/Builder.php(890): Illuminate/Database/Eloquent/Builder->getModels(Array)
#16 C:/Users/paulb/Documents/GitHub/Educom-Trainee-Dashboard/DashboardAPI/vendor/laravel/framework/src/Illuminate/Support/Traits/ForwardsCalls.php(23): Illuminate/Database/Eloquent/Builder->get()
#17 C:/Users/paulb/Documents/GitHub/Educom-Trainee-Dashboard/DashboardAPI/vendor/laravel/framework/src/Illuminate/Database/Eloquent/Model.php(2809): Illuminate/Database/Eloquent/Model->forwardCallTo(Object(Illuminate/Database/Eloquent/Builder), 'get', Array)
#18 C:/Users/paulb/Documents/GitHub/Educom-Trainee-Dashboard/DashboardAPI/vendor/laravel/framework/src/Illuminate/Database/Eloquent/Model.php(2825): Illuminate/Database/Eloquent/Model->__call('get', Array)
#19 C:/Users/paulb/Documents/GitHub/Educom-Trainee-Dashboard/DashboardAPI/app/Http/Controllers/UsageController.php(126): Illuminate/Database/Eloquent/Model::__callStatic('get', Array)
#20 C:/Users/paulb/Documents/GitHub/Educom-Trainee-Dashboard/DashboardAPI/vendor/laravel/framework/src/Illuminate/Routing/ControllerDispatcher.php(46): App/Http/Controllers/UsageController->getTotalSpend()
#21 C:/Users/paulb/Documents/GitHub/Educom-Trainee-Dashboard/DashboardAPI/vendor/laravel/framework/src/Illuminate/Routing/Route.php(275): Illuminate/Routing/ControllerDispatcher->dispatch(Object(Illuminate/Routing/Route), Object(App/Http/Controllers/UsageController), 'getTotalSpend')
#22 C:/Users/paulb/Documents/GitHub/Educom-Trainee-Dashboard/DashboardAPI/vendor/laravel/framework/src/Illuminate/Routing/Route.php(215): Illuminate/Routing/Route->runController()
#23 C:/Users/paulb/Documents/GitHub/Educom-Trainee-Dashboard/DashboardAPI/vendor/laravel/framework/src/Illuminate/Routing/Router.php(822): Illuminate/Routing/Route->run()
#24 C:/Users/paulb/Documents/GitHub/Educom-Trainee-Dashboard/DashboardAPI/vendor/laravel/framework/src/Illuminate/Pipeline/Pipeline.php(180): Illuminate/Routing/Router->{closure:Illuminate/Routing/Router::runRouteWithinStack():821}(Object(Illuminate/Http/Request))
#25 C:/Users/paulb/Documents/GitHub/Educom-Trainee-Dashboard/DashboardAPI/vendor/laravel/framework/src/Illuminate/Routing/Middleware/SubstituteBindings.php(52): Illuminate/Pipeline/Pipeline->{closure:Illuminate/Pipeline/Pipeline::prepareDestination():178}(Object(Illuminate/Http/Request))
#26 C:/Users/paulb/Documents/GitHub/Educom-Trainee-Dashboard/DashboardAPI/vendor/laravel/framework/src/Illuminate/Pipeline/Pipeline.php(219): Illuminate/Routing/Middleware/SubstituteBindings->handle(Object(Illuminate/Http/Request), Object(Closure))
#27 C:/Users/paulb/Documents/GitHub/Educom-Trainee-Dashboard/DashboardAPI/vendor/laravel/framework/src/Illuminate/Pipeline/Pipeline.php(137): Illuminate/Pipeline/Pipeline->{closure:{closure:Illuminate/Pipeline/Pipeline::carry():194}:195}(Object(Illuminate/Http/Request))
#28 C:/Users/paulb/Documents/GitHub/Educom-Trainee-Dashboard/DashboardAPI/vendor/laravel/framework/src/Illuminate/Routing/Router.php(821): Illuminate/Pipeline/Pipeline->then(Object(Closure))
#29 C:/Users/paulb/Documents/GitHub/Educom-Trainee-Dashboard/DashboardAPI/vendor/laravel/framework/src/Illuminate/Routing/Router.php(800): Illuminate/Routing/Router->runRouteWithinStack(Object(Illuminate/Routing/Route), Object(Illuminate/Http/Request))
#30 C:/Users/paulb/Documents/GitHub/Educom-Trainee-Dashboard/DashboardAPI/vendor/laravel/framework/src/Illuminate/Routing/Router.php(764): Illuminate/Routing/Router->runRoute(Object(Illuminate/Http/Request), Object(Illuminate/Routing/Route))
#31 C:/Users/paulb/Documents/GitHub/Educom-Trainee-Dashboard/DashboardAPI/vendor/laravel/framework/src/Illuminate/Routing/Router.php(753): Illuminate/Routing/Router->dispatchToRoute(Object(Illuminate/Http/Request))
#32 C:/Users/paulb/Documents/GitHub/Educom-Trainee-Dashboard/DashboardAPI/vendor/laravel/framework/src/Illuminate/Foundation/Http/Kernel.php(200): Illuminate/Routing/Router->dispatch(Object(Illuminate/Http/Request))
#33 C:/Users/paulb/Documents/GitHub/Educom-Trainee-Dashboard/DashboardAPI/vendor/laravel/framework/src/Illuminate/Pipeline/Pipeline.php(180): Illuminate/Foundation/Http/Kernel->{closure:Illuminate/Foundation/Http/Kernel::dispatchToRouter():197}(Object(Illuminate/Http/Request))
#34 C:/Users/paulb/Documents/GitHub/Educom-Trainee-Dashboard/DashboardAPI/vendor/laravel/framework/src/Illuminate/Foundation/Http/Middleware/TransformsRequest.php(21): Illuminate/Pipeline/Pipeline->{closure:Illuminate/Pipeline/Pipeline::prepareDestination():178}(Object(Illuminate/Http/Request))
#35 C:/Users/paulb/Documents/GitHub/Educom-Trainee-Dashboard/DashboardAPI/vendor/laravel/framework/src/Illuminate/Foundation/Http/Middleware/ConvertEmptyStringsToNull.php(31): Illuminate/Foundation/Http/Middleware/TransformsRequest->handle(Object(Illuminate/Http/Request), Object(Closure))
#36 C:/Users/paulb/Documents/GitHub/Educom-Trainee-Dashboard/DashboardAPI/vendor/laravel/framework/src/Illuminate/Pipeline/Pipeline.php(219): Illuminate/Foundation/Http/Middleware/ConvertEmptyStringsToNull->handle(Object(Illuminate/Http/Request), Object(Closure))
#37 C:/Users/paulb/Documents/GitHub/Educom-Trainee-Dashboard/DashboardAPI/vendor/laravel/framework/src/Illuminate/Foundation/Http/Middleware/TransformsRequest.php(21): Illuminate/Pipeline/Pipeline->{closure:{closure:Illuminate/Pipeline/Pipeline::carry():194}:195}(Object(Illuminate/Http/Request))
#38 C:/Users/paulb/Documents/GitHub/Educom-Trainee-Dashboard/DashboardAPI/vendor/laravel/framework/src/Illuminate/Foundation/Http/Middleware/TrimStrings.php(51): Illuminate/Foundation/Http/Middleware/TransformsRequest->handle(Object(Illuminate/Http/Request), Object(Closure))
#39 C:/Users/paulb/Documents/GitHub/Educom-Trainee-Dashboard/DashboardAPI/vendor/laravel/framework/src/Illuminate/Pipeline/Pipeline.php(219): Illuminate/Foundation/Http/Middleware/TrimStrings->handle(Object(Illuminate/Http/Request), Object(Closure))
#40 C:/Users/paulb/Documents/GitHub/Educom-Trainee-Dashboard/DashboardAPI/vendor/laravel/framework/src/Illuminate/Http/Middleware/ValidatePostSize.php(27): Illuminate/Pipeline/Pipeline->{closure:{closure:Illuminate/Pipeline/Pipeline::carry():194}:195}(Object(Illuminate/Http/Request))
#41 C:/Users/paulb/Documents/GitHub/Educom-Trainee-Dashboard/DashboardAPI/vendor/laravel/framework/src/Illuminate/Pipeline/Pipeline.php(219): Illuminate/Http/Middleware/ValidatePostSize->handle(Object(Illuminate/Http/Request), Object(Closure))
#42 C:/Users/paulb/Documents/GitHub/Educom-Trainee-Dashboard/DashboardAPI/vendor/laravel/framework/src/Illuminate/Foundation/Http/Middleware/PreventRequestsDuringMaintenance.php(109): Illuminate/Pipeline/Pipeline->{closure:{closure:Illuminate/Pipeline/Pipeline::carry():194}:195}(Object(Illuminate/Http/Request))
#43 C:/Users/paulb/Documents/GitHub/Educom-Trainee-Dashboard/DashboardAPI/vendor/laravel/framework/src/Illuminate/Pipeline/Pipeline.php(219): Illuminate/Foundation/Http/Middleware/PreventRequestsDuringMaintenance->handle(Object(Illuminate/Http/Request), Object(Closure))
#44 C:/Users/paulb/Documents/GitHub/Educom-Trainee-Dashboard/DashboardAPI/vendor/laravel/framework/src/Illuminate/Http/Middleware/HandleCors.php(74): Illuminate/Pipeline/Pipeline->{closure:{closure:Illuminate/Pipeline/Pipeline::carry():194}:195}(Object(Illuminate/Http/Request))
#45 C:/Users/paulb/Documents/GitHub/Educom-Trainee-Dashboard/DashboardAPI/vendor/laravel/framework/src/Illuminate/Pipeline/Pipeline.php(219): Illuminate/Http/Middleware/HandleCors->handle(Object(Illuminate/Http/Request), Object(Closure))
#46 C:/Users/paulb/Documents/GitHub/Educom-Trainee-Dashboard/DashboardAPI/vendor/laravel/framework/src/Illuminate/Http/Middleware/TrustProxies.php(58): Illuminate/Pipeline/Pipeline->{closure:{closure:Illuminate/Pipeline/Pipeline::carry():194}:195}(Object(Illuminate/Http/Request))
#47 C:/Users/paulb/Documents/GitHub/Educom-Trainee-Dashboard/DashboardAPI/vendor/laravel/framework/src/Illuminate/Pipeline/Pipeline.php(219): Illuminate/Http/Middleware/TrustProxies->handle(Object(Illuminate/Http/Request), Object(Closure))
#48 C:/Users/paulb/Documents/GitHub/Educom-Trainee-Dashboard/DashboardAPI/vendor/laravel/framework/src/Illuminate/Foundation/Http/Middleware/InvokeDeferredCallbacks.php(22): Illuminate/Pipeline/Pipeline->{closure:{closure:Illuminate/Pipeline/Pipeline::carry():194}:195}(Object(Illuminate/Http/Request))
#49 C:/Users/paulb/Documents/GitHub/Educom-Trainee-Dashboard/DashboardAPI/vendor/laravel/framework/src/Illuminate/Pipeline/Pipeline.php(219): Illuminate/Foundation/Http/Middleware/InvokeDeferredCallbacks->handle(Object(Illuminate/Http/Request), Object(Closure))
#50 C:/Users/paulb/Documents/GitHub/Educom-Trainee-Dashboard/DashboardAPI/vendor/laravel/framework/src/Illuminate/Http/Middleware/ValidatePathEncoding.php(28): Illuminate/Pipeline/Pipeline->{closure:{closure:Illuminate/Pipeline/Pipeline::carry():194}:195}(Object(Illuminate/Http/Request))
#51 C:/Users/paulb/Documents/GitHub/Educom-Trainee-Dashboard/DashboardAPI/vendor/laravel/framework/src/Illuminate/Pipeline/Pipeline.php(219): Illuminate/Http/Middleware/ValidatePathEncoding->handle(Object(Illuminate/Http/Request), Object(Closure))
#52 C:/Users/paulb/Documents/GitHub/Educom-Trainee-Dashboard/DashboardAPI/vendor/laravel/framework/src/Illuminate/Pipeline/Pipeline.php(137): Illuminate/Pipeline/Pipeline->{closure:{closure:Illuminate/Pipeline/Pipeline::carry():194}:195}(Object(Illuminate/Http/Request))
#53 C:/Users/paulb/Documents/GitHub/Educom-Trainee-Dashboard/DashboardAPI/vendor/laravel/framework/src/Illuminate/Foundation/Http/Kernel.php(175): Illuminate/Pipeline/Pipeline->then(Object(Closure))
#54 C:/Users/paulb/Documents/GitHub/Educom-Trainee-Dashboard/DashboardAPI/vendor/laravel/framework/src/Illuminate/Foundation/Http/Kernel.php(144): Illuminate/Foundation/Http/Kernel->sendRequestThroughRouter(Object(Illuminate/Http/Request))
#55 C:/Users/paulb/Documents/GitHub/Educom-Trainee-Dashboard/DashboardAPI/vendor/laravel/framework/src/Illuminate/Foundation/Testing/Concerns/MakesHttpRequests.php(607): Illuminate/Foundation/Http/Kernel->handle(Object(Illuminate/Http/Request))
#56 C:/Users/paulb/Documents/GitHub/Educom-Trainee-Dashboard/DashboardAPI/vendor/laravel/framework/src/Illuminate/Foundation/Testing/Concerns/MakesHttpRequests.php(368): Illuminate/Foundation/Testing/TestCase->call('GET', 'http://localhos...', Array, Array, Array, Array)
#57 C:/Users/paulb/Documents/GitHub/Educom-Trainee-Dashboard/DashboardAPI/tests/Feature/UsageTest.php(4): Illuminate/Foundation/Testing/TestCase->get('http://localhos...')
#58 C:/Users/paulb/Documents/GitHub/Educom-Trainee-Dashboard/DashboardAPI/vendor/pestphp/pest/src/Factories/TestCaseMethodFactory.php(177): P/Tests/Feature/UsageTest->{closure:C:/Users/paulb/Documents/GitHub/Educom-Trainee-Dashboard/DashboardAPI/tests/Feature/UsageTest.php:3}()
#59 [internal function]: P/Tests/Feature/UsageTest->{closure:Pest/Factories/TestCaseMethodFactory::getClosure():167}()
#60 C:/Users/paulb/Documents/GitHub/Educom-Trainee-Dashboard/DashboardAPI/vendor/pestphp/pest/src/Concerns/Testable.php(581): call_user_func_array(Object(Closure), Array)
#61 C:/Users/paulb/Documents/GitHub/Educom-Trainee-Dashboard/DashboardAPI/vendor/pestphp/pest/src/Support/ExceptionTrace.php(26): P/Tests/Feature/UsageTest->{closure:Pest/Concerns/Testable::__callClosure():581}()
#62 C:/Users/paulb/Documents/GitHub/Educom-Trainee-Dashboard/DashboardAPI/vendor/pestphp/pest/src/Concerns/Testable.php(581): Pest/Support/ExceptionTrace::ensure(Object(Closure))
#63 C:/Users/paulb/Documents/GitHub/Educom-Trainee-Dashboard/DashboardAPI/vendor/pestphp/pest/src/Concerns/Testable.php(403): P/Tests/Feature/UsageTest->__callClosure(Object(Closure), Array)
#64 C:/Users/paulb/Documents/GitHub/Educom-Trainee-Dashboard/DashboardAPI/vendor/pestphp/pest/src/Factories/TestCaseFactory.php(175) : eval()'d code(17): P/Tests/Feature/UsageTest->__runTest(Object(Closure))
#65 C:/Users/paulb/Documents/GitHub/Educom-Trainee-Dashboard/DashboardAPI/vendor/phpunit/phpunit/src/Framework/TestCase.php(1318): P/Tests/Feature/UsageTest->__pest_evaluable_ai()
#66 C:/Users/paulb/Documents/GitHub/Educom-Trainee-Dashboard/DashboardAPI/vendor/phpunit/phpunit/src/Framework/TestCase.php(1355): PHPUnit/Framework/TestCase->invokeTestMethod('__pest_evaluabl...', Array)
#67 C:/Users/paulb/Documents/GitHub/Educom-Trainee-Dashboard/DashboardAPI/vendor/phpunit/phpunit/src/Framework/TestCase.php(521): PHPUnit/Framework/TestCase->runTest()
#68 C:/Users/paulb/Documents/GitHub/Educom-Trainee-Dashboard/DashboardAPI/vendor/phpunit/phpunit/src/Framework/TestRunner/TestRunner.php(99): PHPUnit/Framework/TestCase->runBare()
#69 C:/Users/paulb/Documents/GitHub/Educom-Trainee-Dashboard/DashboardAPI/vendor/phpunit/phpunit/src/Framework/TestCase.php(361): PHPUnit/Framework/TestRunner->run(Object(P/Tests/Feature/UsageTest))
#70 C:/Users/paulb/Documents/GitHub/Educom-Trainee-Dashboard/DashboardAPI/vendor/phpunit/phpunit/src/Framework/TestSuite.php(374): PHPUnit/Framework/TestCase->run()
#71 C:/Users/paulb/Documents/GitHub/Educom-Trainee-Dashboard/DashboardAPI/vendor/phpunit/phpunit/src/Framework/TestSuite.php(374): PHPUnit/Framework/TestSuite->run()
#72 C:/Users/paulb/Documents/GitHub/Educom-Trainee-Dashboard/DashboardAPI/vendor/phpunit/phpunit/src/Framework/TestSuite.php(374): PHPUnit/Framework/TestSuite->run()
#73 C:/Users/paulb/Documents/GitHub/Educom-Trainee-Dashboard/DashboardAPI/vendor/phpunit/phpunit/src/TextUI/TestRunner.php(64): PHPUnit/Framework/TestSuite->run()
#74 C:/Users/paulb/Documents/GitHub/Educom-Trainee-Dashboard/DashboardAPI/vendor/phpunit/phpunit/src/TextUI/Application.php(229): PHPUnit/TextUI/TestRunner->run(Object(PHPUnit/TextUI/Configuration/Configuration), Object(PHPUnit/Runner/ResultCache/DefaultResultCache), Object(PHPUnit/Framework/TestSuite))
#75 C:/Users/paulb/Documents/GitHub/Educom-Trainee-Dashboard/DashboardAPI/vendor/pestphp/pest/src/Kernel.php(117): PHPUnit/TextUI/Application->run(Array)
#76 C:/Users/paulb/Documents/GitHub/Educom-Trainee-Dashboard/DashboardAPI/vendor/pestphp/pest/bin/pest(207): Pest/Kernel->handle(Array, Array)
#77 C:/Users/paulb/Documents/GitHub/Educom-Trainee-Dashboard/DashboardAPI/vendor/pestphp/pest/bin/pest(215): {closure:C:/Users/paulb/Documents/GitHub/Educom-Trainee-Dashboard/DashboardAPI/vendor/pestphp/pest/bin/pest:21}()
#78 {main}
"} 
[2026-07-20 09:41:16] testing.ERROR: could not find driver (Connection: sqlite, Database: :memory:, SQL: select * from "users" order by "created_at" desc) {"exception":"[object] (Illuminate\\Database\\QueryException(code: 0): could not find driver (Connection: sqlite, Database: :memory:, SQL: select * from \"users\" order by \"created_at\" desc) at C:/Users/paulb/Documents/GitHub/Educom-Trainee-Dashboard/DashboardAPI/vendor/laravel/framework/src/Illuminate/Database/Connection.php:857)
[stacktrace]
#0 C:/Users/paulb/Documents/GitHub/Educom-Trainee-Dashboard/DashboardAPI/vendor/laravel/framework/src/Illuminate/Database/Connection.php(813): Illuminate/Database/Connection->runQueryCallback('select * from \"...', Array, Object(Closure))
#1 C:/Users/paulb/Documents/GitHub/Educom-Trainee-Dashboard/DashboardAPI/vendor/laravel/framework/src/Illuminate/Database/Connection.php(426): Illuminate/Database/Connection->run('select * from \"...', Array, Object(Closure))
#2 C:/Users/paulb/Documents/GitHub/Educom-Trainee-Dashboard/DashboardAPI/vendor/laravel/framework/src/Illuminate/Database/Query/Builder.php(3573): Illuminate/Database/Connection->select('select * from \"...', Array, true, Array)
#3 C:/Users/paulb/Documents/GitHub/Educom-Trainee-Dashboard/DashboardAPI/vendor/laravel/framework/src/Illuminate/Database/Query/Builder.php(3557): Illuminate/Database/Query/Builder->runSelect()
#4 C:/Users/paulb/Documents/GitHub/Educom-Trainee-Dashboard/DashboardAPI/vendor/laravel/framework/src/Illuminate/Database/Eloquent/Builder.php(908): Illuminate/Database/Query/Builder->get(Array)
#5 C:/Users/paulb/Documents/GitHub/Educom-Trainee-Dashboard/DashboardAPI/vendor/laravel/framework/src/Illuminate/Database/Eloquent/Builder.php(890): Illuminate/Database/Eloquent/Builder->getModels(Array)
#6 C:/Users/paulb/Documents/GitHub/Educom-Trainee-Dashboard/DashboardAPI/app/Http/Controllers/UserController.php(14): Illuminate/Database/Eloquent/Builder->get()
#7 C:/Users/paulb/Documents/GitHub/Educom-Trainee-Dashboard/DashboardAPI/vendor/laravel/framework/src/Illuminate/Routing/ControllerDispatcher.php(46): App/Http/Controllers/UserController->getUsers()
#8 C:/Users/paulb/Documents/GitHub/Educom-Trainee-Dashboard/DashboardAPI/vendor/laravel/framework/src/Illuminate/Routing/Route.php(275): Illuminate/Routing/ControllerDispatcher->dispatch(Object(Illuminate/Routing/Route), Object(App/Http/Controllers/UserController), 'getUsers')
#9 C:/Users/paulb/Documents/GitHub/Educom-Trainee-Dashboard/DashboardAPI/vendor/laravel/framework/src/Illuminate/Routing/Route.php(215): Illuminate/Routing/Route->runController()
#10 C:/Users/paulb/Documents/GitHub/Educom-Trainee-Dashboard/DashboardAPI/vendor/laravel/framework/src/Illuminate/Routing/Router.php(822): Illuminate/Routing/Route->run()
#11 C:/Users/paulb/Documents/GitHub/Educom-Trainee-Dashboard/DashboardAPI/vendor/laravel/framework/src/Illuminate/Pipeline/Pipeline.php(180): Illuminate/Routing/Router->{closure:Illuminate/Routing/Router::runRouteWithinStack():821}(Object(Illuminate/Http/Request))
#12 C:/Users/paulb/Documents/GitHub/Educom-Trainee-Dashboard/DashboardAPI/vendor/laravel/framework/src/Illuminate/Routing/Middleware/SubstituteBindings.php(52): Illuminate/Pipeline/Pipeline->{closure:Illuminate/Pipeline/Pipeline::prepareDestination():178}(Object(Illuminate/Http/Request))
#13 C:/Users/paulb/Documents/GitHub/Educom-Trainee-Dashboard/DashboardAPI/vendor/laravel/framework/src/Illuminate/Pipeline/Pipeline.php(219): Illuminate/Routing/Middleware/SubstituteBindings->handle(Object(Illuminate/Http/Request), Object(Closure))
#14 C:/Users/paulb/Documents/GitHub/Educom-Trainee-Dashboard/DashboardAPI/vendor/laravel/framework/src/Illuminate/Pipeline/Pipeline.php(137): Illuminate/Pipeline/Pipeline->{closure:{closure:Illuminate/Pipeline/Pipeline::carry():194}:195}(Object(Illuminate/Http/Request))
#15 C:/Users/paulb/Documents/GitHub/Educom-Trainee-Dashboard/DashboardAPI/vendor/laravel/framework/src/Illuminate/Routing/Router.php(821): Illuminate/Pipeline/Pipeline->then(Object(Closure))
#16 C:/Users/paulb/Documents/GitHub/Educom-Trainee-Dashboard/DashboardAPI/vendor/laravel/framework/src/Illuminate/Routing/Router.php(800): Illuminate/Routing/Router->runRouteWithinStack(Object(Illuminate/Routing/Route), Object(Illuminate/Http/Request))
#17 C:/Users/paulb/Documents/GitHub/Educom-Trainee-Dashboard/DashboardAPI/vendor/laravel/framework/src/Illuminate/Routing/Router.php(764): Illuminate/Routing/Router->runRoute(Object(Illuminate/Http/Request), Object(Illuminate/Routing/Route))
#18 C:/Users/paulb/Documents/GitHub/Educom-Trainee-Dashboard/DashboardAPI/vendor/laravel/framework/src/Illuminate/Routing/Router.php(753): Illuminate/Routing/Router->dispatchToRoute(Object(Illuminate/Http/Request))
#19 C:/Users/paulb/Documents/GitHub/Educom-Trainee-Dashboard/DashboardAPI/vendor/laravel/framework/src/Illuminate/Foundation/Http/Kernel.php(200): Illuminate/Routing/Router->dispatch(Object(Illuminate/Http/Request))
#20 C:/Users/paulb/Documents/GitHub/Educom-Trainee-Dashboard/DashboardAPI/vendor/laravel/framework/src/Illuminate/Pipeline/Pipeline.php(180): Illuminate/Foundation/Http/Kernel->{closure:Illuminate/Foundation/Http/Kernel::dispatchToRouter():197}(Object(Illuminate/Http/Request))
#21 C:/Users/paulb/Documents/GitHub/Educom-Trainee-Dashboard/DashboardAPI/vendor/laravel/framework/src/Illuminate/Foundation/Http/Middleware/TransformsRequest.php(21): Illuminate/Pipeline/Pipeline->{closure:Illuminate/Pipeline/Pipeline::prepareDestination():178}(Object(Illuminate/Http/Request))
#22 C:/Users/paulb/Documents/GitHub/Educom-Trainee-Dashboard/DashboardAPI/vendor/laravel/framework/src/Illuminate/Foundation/Http/Middleware/ConvertEmptyStringsToNull.php(31): Illuminate/Foundation/Http/Middleware/TransformsRequest->handle(Object(Illuminate/Http/Request), Object(Closure))
#23 C:/Users/paulb/Documents/GitHub/Educom-Trainee-Dashboard/DashboardAPI/vendor/laravel/framework/src/Illuminate/Pipeline/Pipeline.php(219): Illuminate/Foundation/Http/Middleware/ConvertEmptyStringsToNull->handle(Object(Illuminate/Http/Request), Object(Closure))
#24 C:/Users/paulb/Documents/GitHub/Educom-Trainee-Dashboard/DashboardAPI/vendor/laravel/framework/src/Illuminate/Foundation/Http/Middleware/TransformsRequest.php(21): Illuminate/Pipeline/Pipeline->{closure:{closure:Illuminate/Pipeline/Pipeline::carry():194}:195}(Object(Illuminate/Http/Request))
#25 C:/Users/paulb/Documents/GitHub/Educom-Trainee-Dashboard/DashboardAPI/vendor/laravel/framework/src/Illuminate/Foundation/Http/Middleware/TrimStrings.php(51): Illuminate/Foundation/Http/Middleware/TransformsRequest->handle(Object(Illuminate/Http/Request), Object(Closure))
#26 C:/Users/paulb/Documents/GitHub/Educom-Trainee-Dashboard/DashboardAPI/vendor/laravel/framework/src/Illuminate/Pipeline/Pipeline.php(219): Illuminate/Foundation/Http/Middleware/TrimStrings->handle(Object(Illuminate/Http/Request), Object(Closure))
#27 C:/Users/paulb/Documents/GitHub/Educom-Trainee-Dashboard/DashboardAPI/vendor/laravel/framework/src/Illuminate/Http/Middleware/ValidatePostSize.php(27): Illuminate/Pipeline/Pipeline->{closure:{closure:Illuminate/Pipeline/Pipeline::carry():194}:195}(Object(Illuminate/Http/Request))
#28 C:/Users/paulb/Documents/GitHub/Educom-Trainee-Dashboard/DashboardAPI/vendor/laravel/framework/src/Illuminate/Pipeline/Pipeline.php(219): Illuminate/Http/Middleware/ValidatePostSize->handle(Object(Illuminate/Http/Request), Object(Closure))
#29 C:/Users/paulb/Documents/GitHub/Educom-Trainee-Dashboard/DashboardAPI/vendor/laravel/framework/src/Illuminate/Foundation/Http/Middleware/PreventRequestsDuringMaintenance.php(109): Illuminate/Pipeline/Pipeline->{closure:{closure:Illuminate/Pipeline/Pipeline::carry():194}:195}(Object(Illuminate/Http/Request))
#30 C:/Users/paulb/Documents/GitHub/Educom-Trainee-Dashboard/DashboardAPI/vendor/laravel/framework/src/Illuminate/Pipeline/Pipeline.php(219): Illuminate/Foundation/Http/Middleware/PreventRequestsDuringMaintenance->handle(Object(Illuminate/Http/Request), Object(Closure))
#31 C:/Users/paulb/Documents/GitHub/Educom-Trainee-Dashboard/DashboardAPI/vendor/laravel/framework/src/Illuminate/Http/Middleware/HandleCors.php(74): Illuminate/Pipeline/Pipeline->{closure:{closure:Illuminate/Pipeline/Pipeline::carry():194}:195}(Object(Illuminate/Http/Request))
#32 C:/Users/paulb/Documents/GitHub/Educom-Trainee-Dashboard/DashboardAPI/vendor/laravel/framework/src/Illuminate/Pipeline/Pipeline.php(219): Illuminate/Http/Middleware/HandleCors->handle(Object(Illuminate/Http/Request), Object(Closure))
#33 C:/Users/paulb/Documents/GitHub/Educom-Trainee-Dashboard/DashboardAPI/vendor/laravel/framework/src/Illuminate/Http/Middleware/TrustProxies.php(58): Illuminate/Pipeline/Pipeline->{closure:{closure:Illuminate/Pipeline/Pipeline::carry():194}:195}(Object(Illuminate/Http/Request))
#34 C:/Users/paulb/Documents/GitHub/Educom-Trainee-Dashboard/DashboardAPI/vendor/laravel/framework/src/Illuminate/Pipeline/Pipeline.php(219): Illuminate/Http/Middleware/TrustProxies->handle(Object(Illuminate/Http/Request), Object(Closure))
#35 C:/Users/paulb/Documents/GitHub/Educom-Trainee-Dashboard/DashboardAPI/vendor/laravel/framework/src/Illuminate/Foundation/Http/Middleware/InvokeDeferredCallbacks.php(22): Illuminate/Pipeline/Pipeline->{closure:{closure:Illuminate/Pipeline/Pipeline::carry():194}:195}(Object(Illuminate/Http/Request))
#36 C:/Users/paulb/Documents/GitHub/Educom-Trainee-Dashboard/DashboardAPI/vendor/laravel/framework/src/Illuminate/Pipeline/Pipeline.php(219): Illuminate/Foundation/Http/Middleware/InvokeDeferredCallbacks->handle(Object(Illuminate/Http/Request), Object(Closure))
#37 C:/Users/paulb/Documents/GitHub/Educom-Trainee-Dashboard/DashboardAPI/vendor/laravel/framework/src/Illuminate/Http/Middleware/ValidatePathEncoding.php(28): Illuminate/Pipeline/Pipeline->{closure:{closure:Illuminate/Pipeline/Pipeline::carry():194}:195}(Object(Illuminate/Http/Request))
#38 C:/Users/paulb/Documents/GitHub/Educom-Trainee-Dashboard/DashboardAPI/vendor/laravel/framework/src/Illuminate/Pipeline/Pipeline.php(219): Illuminate/Http/Middleware/ValidatePathEncoding->handle(Object(Illuminate/Http/Request), Object(Closure))
#39 C:/Users/paulb/Documents/GitHub/Educom-Trainee-Dashboard/DashboardAPI/vendor/laravel/framework/src/Illuminate/Pipeline/Pipeline.php(137): Illuminate/Pipeline/Pipeline->{closure:{closure:Illuminate/Pipeline/Pipeline::carry():194}:195}(Object(Illuminate/Http/Request))
#40 C:/Users/paulb/Documents/GitHub/Educom-Trainee-Dashboard/DashboardAPI/vendor/laravel/framework/src/Illuminate/Foundation/Http/Kernel.php(175): Illuminate/Pipeline/Pipeline->then(Object(Closure))
#41 C:/Users/paulb/Documents/GitHub/Educom-Trainee-Dashboard/DashboardAPI/vendor/laravel/framework/src/Illuminate/Foundation/Http/Kernel.php(144): Illuminate/Foundation/Http/Kernel->sendRequestThroughRouter(Object(Illuminate/Http/Request))
#42 C:/Users/paulb/Documents/GitHub/Educom-Trainee-Dashboard/DashboardAPI/vendor/laravel/framework/src/Illuminate/Foundation/Testing/Concerns/MakesHttpRequests.php(607): Illuminate/Foundation/Http/Kernel->handle(Object(Illuminate/Http/Request))
#43 C:/Users/paulb/Documents/GitHub/Educom-Trainee-Dashboard/DashboardAPI/vendor/laravel/framework/src/Illuminate/Foundation/Testing/Concerns/MakesHttpRequests.php(368): Illuminate/Foundation/Testing/TestCase->call('GET', 'http://localhos...', Array, Array, Array, Array)
#44 C:/Users/paulb/Documents/GitHub/Educom-Trainee-Dashboard/DashboardAPI/tests/Feature/UsageTest.php(4): Illuminate/Foundation/Testing/TestCase->get('http://localhos...')
#45 C:/Users/paulb/Documents/GitHub/Educom-Trainee-Dashboard/DashboardAPI/vendor/pestphp/pest/src/Factories/TestCaseMethodFactory.php(177): P/Tests/Feature/UsageTest->{closure:C:/Users/paulb/Documents/GitHub/Educom-Trainee-Dashboard/DashboardAPI/tests/Feature/UsageTest.php:3}()
#46 [internal function]: P/Tests/Feature/UsageTest->{closure:Pest/Factories/TestCaseMethodFactory::getClosure():167}()
#47 C:/Users/paulb/Documents/GitHub/Educom-Trainee-Dashboard/DashboardAPI/vendor/pestphp/pest/src/Concerns/Testable.php(581): call_user_func_array(Object(Closure), Array)
#48 C:/Users/paulb/Documents/GitHub/Educom-Trainee-Dashboard/DashboardAPI/vendor/pestphp/pest/src/Support/ExceptionTrace.php(26): P/Tests/Feature/UsageTest->{closure:Pest/Concerns/Testable::__callClosure():581}()
#49 C:/Users/paulb/Documents/GitHub/Educom-Trainee-Dashboard/DashboardAPI/vendor/pestphp/pest/src/Concerns/Testable.php(581): Pest/Support/ExceptionTrace::ensure(Object(Closure))
#50 C:/Users/paulb/Documents/GitHub/Educom-Trainee-Dashboard/DashboardAPI/vendor/pestphp/pest/src/Concerns/Testable.php(403): P/Tests/Feature/UsageTest->__callClosure(Object(Closure), Array)
#51 C:/Users/paulb/Documents/GitHub/Educom-Trainee-Dashboard/DashboardAPI/vendor/pestphp/pest/src/Factories/TestCaseFactory.php(175) : eval()'d code(17): P/Tests/Feature/UsageTest->__runTest(Object(Closure))
#52 C:/Users/paulb/Documents/GitHub/Educom-Trainee-Dashboard/DashboardAPI/vendor/phpunit/phpunit/src/Framework/TestCase.php(1318): P/Tests/Feature/UsageTest->__pest_evaluable_ai()
#53 C:/Users/paulb/Documents/GitHub/Educom-Trainee-Dashboard/DashboardAPI/vendor/phpunit/phpunit/src/Framework/TestCase.php(1355): PHPUnit/Framework/TestCase->invokeTestMethod('__pest_evaluabl...', Array)
#54 C:/Users/paulb/Documents/GitHub/Educom-Trainee-Dashboard/DashboardAPI/vendor/phpunit/phpunit/src/Framework/TestCase.php(521): PHPUnit/Framework/TestCase->runTest()
#55 C:/Users/paulb/Documents/GitHub/Educom-Trainee-Dashboard/DashboardAPI/vendor/phpunit/phpunit/src/Framework/TestRunner/TestRunner.php(99): PHPUnit/Framework/TestCase->runBare()
#56 C:/Users/paulb/Documents/GitHub/Educom-Trainee-Dashboard/DashboardAPI/vendor/phpunit/phpunit/src/Framework/TestCase.php(361): PHPUnit/Framework/TestRunner->run(Object(P/Tests/Feature/UsageTest))
#57 C:/Users/paulb/Documents/GitHub/Educom-Trainee-Dashboard/DashboardAPI/vendor/phpunit/phpunit/src/Framework/TestSuite.php(374): PHPUnit/Framework/TestCase->run()
#58 C:/Users/paulb/Documents/GitHub/Educom-Trainee-Dashboard/DashboardAPI/vendor/phpunit/phpunit/src/Framework/TestSuite.php(374): PHPUnit/Framework/TestSuite->run()
#59 C:/Users/paulb/Documents/GitHub/Educom-Trainee-Dashboard/DashboardAPI/vendor/phpunit/phpunit/src/Framework/TestSuite.php(374): PHPUnit/Framework/TestSuite->run()
#60 C:/Users/paulb/Documents/GitHub/Educom-Trainee-Dashboard/DashboardAPI/vendor/phpunit/phpunit/src/TextUI/TestRunner.php(64): PHPUnit/Framework/TestSuite->run()
#61 C:/Users/paulb/Documents/GitHub/Educom-Trainee-Dashboard/DashboardAPI/vendor/phpunit/phpunit/src/TextUI/Application.php(229): PHPUnit/TextUI/TestRunner->run(Object(PHPUnit/TextUI/Configuration/Configuration), Object(PHPUnit/Runner/ResultCache/DefaultResultCache), Object(PHPUnit/Framework/TestSuite))
#62 C:/Users/paulb/Documents/GitHub/Educom-Trainee-Dashboard/DashboardAPI/vendor/pestphp/pest/src/Kernel.php(117): PHPUnit/TextUI/Application->run(Array)
#63 C:/Users/paulb/Documents/GitHub/Educom-Trainee-Dashboard/DashboardAPI/vendor/pestphp/pest/bin/pest(207): Pest/Kernel->handle(Array, Array)
#64 C:/Users/paulb/Documents/GitHub/Educom-Trainee-Dashboard/DashboardAPI/vendor/pestphp/pest/bin/pest(215): {closure:C:/Users/paulb/Documents/GitHub/Educom-Trainee-Dashboard/DashboardAPI/vendor/pestphp/pest/bin/pest:21}()
#65 {main}

[previous exception] [object] (PDOException(code: 0): could not find driver at C:/Users/paulb/Documents/GitHub/Educom-Trainee-Dashboard/DashboardAPI/vendor/laravel/framework/src/Illuminate/Database/Connectors/Connector.php:67)
[stacktrace]
#0 C:/Users/paulb/Documents/GitHub/Educom-Trainee-Dashboard/DashboardAPI/vendor/laravel/framework/src/Illuminate/Database/Connectors/Connector.php(67): PDO::connect('sqlite::memory:', NULL, Object(SensitiveParameterValue), Array)
#1 C:/Users/paulb/Documents/GitHub/Educom-Trainee-Dashboard/DashboardAPI/vendor/laravel/framework/src/Illuminate/Database/Connectors/Connector.php(44): Illuminate/Database/Connectors/Connector->createPdoConnection('sqlite::memory:', NULL, Object(SensitiveParameterValue), Array)
#2 C:/Users/paulb/Documents/GitHub/Educom-Trainee-Dashboard/DashboardAPI/vendor/laravel/framework/src/Illuminate/Database/Connectors/SQLiteConnector.php(21): Illuminate/Database/Connectors/Connector->createConnection('sqlite::memory:', Array, Array)
#3 C:/Users/paulb/Documents/GitHub/Educom-Trainee-Dashboard/DashboardAPI/vendor/laravel/framework/src/Illuminate/Database/Connectors/ConnectionFactory.php(259): Illuminate/Database/Connectors/SQLiteConnector->connect(Array)
#4 [internal function]: Illuminate/Database/Connectors/ConnectionFactory->{closure:Illuminate/Database/Connectors/ConnectionFactory::createPdoResolverWithoutHosts():259}()
#5 C:/Users/paulb/Documents/GitHub/Educom-Trainee-Dashboard/DashboardAPI/vendor/laravel/framework/src/Illuminate/Database/Connection.php(1297): call_user_func(Object(Closure))
#6 C:/Users/paulb/Documents/GitHub/Educom-Trainee-Dashboard/DashboardAPI/vendor/laravel/framework/src/Illuminate/Database/Connection.php(1335): Illuminate/Database/Connection->getPdo()
#7 C:/Users/paulb/Documents/GitHub/Educom-Trainee-Dashboard/DashboardAPI/vendor/laravel/framework/src/Illuminate/Database/Connection.php(542): Illuminate/Database/Connection->getReadPdo()
#8 C:/Users/paulb/Documents/GitHub/Educom-Trainee-Dashboard/DashboardAPI/vendor/laravel/framework/src/Illuminate/Database/Connection.php(435): Illuminate/Database/Connection->getPdoForSelect(true)
#9 C:/Users/paulb/Documents/GitHub/Educom-Trainee-Dashboard/DashboardAPI/vendor/laravel/framework/src/Illuminate/Database/Connection.php(846): Illuminate/Database/Connection->{closure:Illuminate/Database/Connection::select():426}('select * from \"...', Array)
#10 C:/Users/paulb/Documents/GitHub/Educom-Trainee-Dashboard/DashboardAPI/vendor/laravel/framework/src/Illuminate/Database/Connection.php(813): Illuminate/Database/Connection->runQueryCallback('select * from \"...', Array, Object(Closure))
#11 C:/Users/paulb/Documents/GitHub/Educom-Trainee-Dashboard/DashboardAPI/vendor/laravel/framework/src/Illuminate/Database/Connection.php(426): Illuminate/Database/Connection->run('select * from \"...', Array, Object(Closure))
#12 C:/Users/paulb/Documents/GitHub/Educom-Trainee-Dashboard/DashboardAPI/vendor/laravel/framework/src/Illuminate/Database/Query/Builder.php(3573): Illuminate/Database/Connection->select('select * from \"...', Array, true, Array)
#13 C:/Users/paulb/Documents/GitHub/Educom-Trainee-Dashboard/DashboardAPI/vendor/laravel/framework/src/Illuminate/Database/Query/Builder.php(3557): Illuminate/Database/Query/Builder->runSelect()
#14 C:/Users/paulb/Documents/GitHub/Educom-Trainee-Dashboard/DashboardAPI/vendor/laravel/framework/src/Illuminate/Database/Eloquent/Builder.php(908): Illuminate/Database/Query/Builder->get(Array)
#15 C:/Users/paulb/Documents/GitHub/Educom-Trainee-Dashboard/DashboardAPI/vendor/laravel/framework/src/Illuminate/Database/Eloquent/Builder.php(890): Illuminate/Database/Eloquent/Builder->getModels(Array)
#16 C:/Users/paulb/Documents/GitHub/Educom-Trainee-Dashboard/DashboardAPI/app/Http/Controllers/UserController.php(14): Illuminate/Database/Eloquent/Builder->get()
#17 C:/Users/paulb/Documents/GitHub/Educom-Trainee-Dashboard/DashboardAPI/vendor/laravel/framework/src/Illuminate/Routing/ControllerDispatcher.php(46): App/Http/Controllers/UserController->getUsers()
#18 C:/Users/paulb/Documents/GitHub/Educom-Trainee-Dashboard/DashboardAPI/vendor/laravel/framework/src/Illuminate/Routing/Route.php(275): Illuminate/Routing/ControllerDispatcher->dispatch(Object(Illuminate/Routing/Route), Object(App/Http/Controllers/UserController), 'getUsers')
#19 C:/Users/paulb/Documents/GitHub/Educom-Trainee-Dashboard/DashboardAPI/vendor/laravel/framework/src/Illuminate/Routing/Route.php(215): Illuminate/Routing/Route->runController()
#20 C:/Users/paulb/Documents/GitHub/Educom-Trainee-Dashboard/DashboardAPI/vendor/laravel/framework/src/Illuminate/Routing/Router.php(822): Illuminate/Routing/Route->run()
#21 C:/Users/paulb/Documents/GitHub/Educom-Trainee-Dashboard/DashboardAPI/vendor/laravel/framework/src/Illuminate/Pipeline/Pipeline.php(180): Illuminate/Routing/Router->{closure:Illuminate/Routing/Router::runRouteWithinStack():821}(Object(Illuminate/Http/Request))
#22 C:/Users/paulb/Documents/GitHub/Educom-Trainee-Dashboard/DashboardAPI/vendor/laravel/framework/src/Illuminate/Routing/Middleware/SubstituteBindings.php(52): Illuminate/Pipeline/Pipeline->{closure:Illuminate/Pipeline/Pipeline::prepareDestination():178}(Object(Illuminate/Http/Request))
#23 C:/Users/paulb/Documents/GitHub/Educom-Trainee-Dashboard/DashboardAPI/vendor/laravel/framework/src/Illuminate/Pipeline/Pipeline.php(219): Illuminate/Routing/Middleware/SubstituteBindings->handle(Object(Illuminate/Http/Request), Object(Closure))
#24 C:/Users/paulb/Documents/GitHub/Educom-Trainee-Dashboard/DashboardAPI/vendor/laravel/framework/src/Illuminate/Pipeline/Pipeline.php(137): Illuminate/Pipeline/Pipeline->{closure:{closure:Illuminate/Pipeline/Pipeline::carry():194}:195}(Object(Illuminate/Http/Request))
#25 C:/Users/paulb/Documents/GitHub/Educom-Trainee-Dashboard/DashboardAPI/vendor/laravel/framework/src/Illuminate/Routing/Router.php(821): Illuminate/Pipeline/Pipeline->then(Object(Closure))
#26 C:/Users/paulb/Documents/GitHub/Educom-Trainee-Dashboard/DashboardAPI/vendor/laravel/framework/src/Illuminate/Routing/Router.php(800): Illuminate/Routing/Router->runRouteWithinStack(Object(Illuminate/Routing/Route), Object(Illuminate/Http/Request))
#27 C:/Users/paulb/Documents/GitHub/Educom-Trainee-Dashboard/DashboardAPI/vendor/laravel/framework/src/Illuminate/Routing/Router.php(764): Illuminate/Routing/Router->runRoute(Object(Illuminate/Http/Request), Object(Illuminate/Routing/Route))
#28 C:/Users/paulb/Documents/GitHub/Educom-Trainee-Dashboard/DashboardAPI/vendor/laravel/framework/src/Illuminate/Routing/Router.php(753): Illuminate/Routing/Router->dispatchToRoute(Object(Illuminate/Http/Request))
#29 C:/Users/paulb/Documents/GitHub/Educom-Trainee-Dashboard/DashboardAPI/vendor/laravel/framework/src/Illuminate/Foundation/Http/Kernel.php(200): Illuminate/Routing/Router->dispatch(Object(Illuminate/Http/Request))
#30 C:/Users/paulb/Documents/GitHub/Educom-Trainee-Dashboard/DashboardAPI/vendor/laravel/framework/src/Illuminate/Pipeline/Pipeline.php(180): Illuminate/Foundation/Http/Kernel->{closure:Illuminate/Foundation/Http/Kernel::dispatchToRouter():197}(Object(Illuminate/Http/Request))
#31 C:/Users/paulb/Documents/GitHub/Educom-Trainee-Dashboard/DashboardAPI/vendor/laravel/framework/src/Illuminate/Foundation/Http/Middleware/TransformsRequest.php(21): Illuminate/Pipeline/Pipeline->{closure:Illuminate/Pipeline/Pipeline::prepareDestination():178}(Object(Illuminate/Http/Request))
#32 C:/Users/paulb/Documents/GitHub/Educom-Trainee-Dashboard/DashboardAPI/vendor/laravel/framework/src/Illuminate/Foundation/Http/Middleware/ConvertEmptyStringsToNull.php(31): Illuminate/Foundation/Http/Middleware/TransformsRequest->handle(Object(Illuminate/Http/Request), Object(Closure))
#33 C:/Users/paulb/Documents/GitHub/Educom-Trainee-Dashboard/DashboardAPI/vendor/laravel/framework/src/Illuminate/Pipeline/Pipeline.php(219): Illuminate/Foundation/Http/Middleware/ConvertEmptyStringsToNull->handle(Object(Illuminate/Http/Request), Object(Closure))
#34 C:/Users/paulb/Documents/GitHub/Educom-Trainee-Dashboard/DashboardAPI/vendor/laravel/framework/src/Illuminate/Foundation/Http/Middleware/TransformsRequest.php(21): Illuminate/Pipeline/Pipeline->{closure:{closure:Illuminate/Pipeline/Pipeline::carry():194}:195}(Object(Illuminate/Http/Request))
#35 C:/Users/paulb/Documents/GitHub/Educom-Trainee-Dashboard/DashboardAPI/vendor/laravel/framework/src/Illuminate/Foundation/Http/Middleware/TrimStrings.php(51): Illuminate/Foundation/Http/Middleware/TransformsRequest->handle(Object(Illuminate/Http/Request), Object(Closure))
#36 C:/Users/paulb/Documents/GitHub/Educom-Trainee-Dashboard/DashboardAPI/vendor/laravel/framework/src/Illuminate/Pipeline/Pipeline.php(219): Illuminate/Foundation/Http/Middleware/TrimStrings->handle(Object(Illuminate/Http/Request), Object(Closure))
#37 C:/Users/paulb/Documents/GitHub/Educom-Trainee-Dashboard/DashboardAPI/vendor/laravel/framework/src/Illuminate/Http/Middleware/ValidatePostSize.php(27): Illuminate/Pipeline/Pipeline->{closure:{closure:Illuminate/Pipeline/Pipeline::carry():194}:195}(Object(Illuminate/Http/Request))
#38 C:/Users/paulb/Documents/GitHub/Educom-Trainee-Dashboard/DashboardAPI/vendor/laravel/framework/src/Illuminate/Pipeline/Pipeline.php(219): Illuminate/Http/Middleware/ValidatePostSize->handle(Object(Illuminate/Http/Request), Object(Closure))
#39 C:/Users/paulb/Documents/GitHub/Educom-Trainee-Dashboard/DashboardAPI/vendor/laravel/framework/src/Illuminate/Foundation/Http/Middleware/PreventRequestsDuringMaintenance.php(109): Illuminate/Pipeline/Pipeline->{closure:{closure:Illuminate/Pipeline/Pipeline::carry():194}:195}(Object(Illuminate/Http/Request))
#40 C:/Users/paulb/Documents/GitHub/Educom-Trainee-Dashboard/DashboardAPI/vendor/laravel/framework/src/Illuminate/Pipeline/Pipeline.php(219): Illuminate/Foundation/Http/Middleware/PreventRequestsDuringMaintenance->handle(Object(Illuminate/Http/Request), Object(Closure))
#41 C:/Users/paulb/Documents/GitHub/Educom-Trainee-Dashboard/DashboardAPI/vendor/laravel/framework/src/Illuminate/Http/Middleware/HandleCors.php(74): Illuminate/Pipeline/Pipeline->{closure:{closure:Illuminate/Pipeline/Pipeline::carry():194}:195}(Object(Illuminate/Http/Request))
#42 C:/Users/paulb/Documents/GitHub/Educom-Trainee-Dashboard/DashboardAPI/vendor/laravel/framework/src/Illuminate/Pipeline/Pipeline.php(219): Illuminate/Http/Middleware/HandleCors->handle(Object(Illuminate/Http/Request), Object(Closure))
#43 C:/Users/paulb/Documents/GitHub/Educom-Trainee-Dashboard/DashboardAPI/vendor/laravel/framework/src/Illuminate/Http/Middleware/TrustProxies.php(58): Illuminate/Pipeline/Pipeline->{closure:{closure:Illuminate/Pipeline/Pipeline::carry():194}:195}(Object(Illuminate/Http/Request))
#44 C:/Users/paulb/Documents/GitHub/Educom-Trainee-Dashboard/DashboardAPI/vendor/laravel/framework/src/Illuminate/Pipeline/Pipeline.php(219): Illuminate/Http/Middleware/TrustProxies->handle(Object(Illuminate/Http/Request), Object(Closure))
#45 C:/Users/paulb/Documents/GitHub/Educom-Trainee-Dashboard/DashboardAPI/vendor/laravel/framework/src/Illuminate/Foundation/Http/Middleware/InvokeDeferredCallbacks.php(22): Illuminate/Pipeline/Pipeline->{closure:{closure:Illuminate/Pipeline/Pipeline::carry():194}:195}(Object(Illuminate/Http/Request))
#46 C:/Users/paulb/Documents/GitHub/Educom-Trainee-Dashboard/DashboardAPI/vendor/laravel/framework/src/Illuminate/Pipeline/Pipeline.php(219): Illuminate/Foundation/Http/Middleware/InvokeDeferredCallbacks->handle(Object(Illuminate/Http/Request), Object(Closure))
#47 C:/Users/paulb/Documents/GitHub/Educom-Trainee-Dashboard/DashboardAPI/vendor/laravel/framework/src/Illuminate/Http/Middleware/ValidatePathEncoding.php(28): Illuminate/Pipeline/Pipeline->{closure:{closure:Illuminate/Pipeline/Pipeline::carry():194}:195}(Object(Illuminate/Http/Request))
#48 C:/Users/paulb/Documents/GitHub/Educom-Trainee-Dashboard/DashboardAPI/vendor/laravel/framework/src/Illuminate/Pipeline/Pipeline.php(219): Illuminate/Http/Middleware/ValidatePathEncoding->handle(Object(Illuminate/Http/Request), Object(Closure))
#49 C:/Users/paulb/Documents/GitHub/Educom-Trainee-Dashboard/DashboardAPI/vendor/laravel/framework/src/Illuminate/Pipeline/Pipeline.php(137): Illuminate/Pipeline/Pipeline->{closure:{closure:Illuminate/Pipeline/Pipeline::carry():194}:195}(Object(Illuminate/Http/Request))
#50 C:/Users/paulb/Documents/GitHub/Educom-Trainee-Dashboard/DashboardAPI/vendor/laravel/framework/src/Illuminate/Foundation/Http/Kernel.php(175): Illuminate/Pipeline/Pipeline->then(Object(Closure))
#51 C:/Users/paulb/Documents/GitHub/Educom-Trainee-Dashboard/DashboardAPI/vendor/laravel/framework/src/Illuminate/Foundation/Http/Kernel.php(144): Illuminate/Foundation/Http/Kernel->sendRequestThroughRouter(Object(Illuminate/Http/Request))
#52 C:/Users/paulb/Documents/GitHub/Educom-Trainee-Dashboard/DashboardAPI/vendor/laravel/framework/src/Illuminate/Foundation/Testing/Concerns/MakesHttpRequests.php(607): Illuminate/Foundation/Http/Kernel->handle(Object(Illuminate/Http/Request))
#53 C:/Users/paulb/Documents/GitHub/Educom-Trainee-Dashboard/DashboardAPI/vendor/laravel/framework/src/Illuminate/Foundation/Testing/Concerns/MakesHttpRequests.php(368): Illuminate/Foundation/Testing/TestCase->call('GET', 'http://localhos...', Array, Array, Array, Array)
#54 C:/Users/paulb/Documents/GitHub/Educom-Trainee-Dashboard/DashboardAPI/tests/Feature/UsageTest.php(4): Illuminate/Foundation/Testing/TestCase->get('http://localhos...')
#55 C:/Users/paulb/Documents/GitHub/Educom-Trainee-Dashboard/DashboardAPI/vendor/pestphp/pest/src/Factories/TestCaseMethodFactory.php(177): P/Tests/Feature/UsageTest->{closure:C:/Users/paulb/Documents/GitHub/Educom-Trainee-Dashboard/DashboardAPI/tests/Feature/UsageTest.php:3}()
#56 [internal function]: P/Tests/Feature/UsageTest->{closure:Pest/Factories/TestCaseMethodFactory::getClosure():167}()
#57 C:/Users/paulb/Documents/GitHub/Educom-Trainee-Dashboard/DashboardAPI/vendor/pestphp/pest/src/Concerns/Testable.php(581): call_user_func_array(Object(Closure), Array)
#58 C:/Users/paulb/Documents/GitHub/Educom-Trainee-Dashboard/DashboardAPI/vendor/pestphp/pest/src/Support/ExceptionTrace.php(26): P/Tests/Feature/UsageTest->{closure:Pest/Concerns/Testable::__callClosure():581}()
#59 C:/Users/paulb/Documents/GitHub/Educom-Trainee-Dashboard/DashboardAPI/vendor/pestphp/pest/src/Concerns/Testable.php(581): Pest/Support/ExceptionTrace::ensure(Object(Closure))
#60 C:/Users/paulb/Documents/GitHub/Educom-Trainee-Dashboard/DashboardAPI/vendor/pestphp/pest/src/Concerns/Testable.php(403): P/Tests/Feature/UsageTest->__callClosure(Object(Closure), Array)
#61 C:/Users/paulb/Documents/GitHub/Educom-Trainee-Dashboard/DashboardAPI/vendor/pestphp/pest/src/Factories/TestCaseFactory.php(175) : eval()'d code(17): P/Tests/Feature/UsageTest->__runTest(Object(Closure))
#62 C:/Users/paulb/Documents/GitHub/Educom-Trainee-Dashboard/DashboardAPI/vendor/phpunit/phpunit/src/Framework/TestCase.php(1318): P/Tests/Feature/UsageTest->__pest_evaluable_ai()
#63 C:/Users/paulb/Documents/GitHub/Educom-Trainee-Dashboard/DashboardAPI/vendor/phpunit/phpunit/src/Framework/TestCase.php(1355): PHPUnit/Framework/TestCase->invokeTestMethod('__pest_evaluabl...', Array)
#64 C:/Users/paulb/Documents/GitHub/Educom-Trainee-Dashboard/DashboardAPI/vendor/phpunit/phpunit/src/Framework/TestCase.php(521): PHPUnit/Framework/TestCase->runTest()
#65 C:/Users/paulb/Documents/GitHub/Educom-Trainee-Dashboard/DashboardAPI/vendor/phpunit/phpunit/src/Framework/TestRunner/TestRunner.php(99): PHPUnit/Framework/TestCase->runBare()
#66 C:/Users/paulb/Documents/GitHub/Educom-Trainee-Dashboard/DashboardAPI/vendor/phpunit/phpunit/src/Framework/TestCase.php(361): PHPUnit/Framework/TestRunner->run(Object(P/Tests/Feature/UsageTest))
#67 C:/Users/paulb/Documents/GitHub/Educom-Trainee-Dashboard/DashboardAPI/vendor/phpunit/phpunit/src/Framework/TestSuite.php(374): PHPUnit/Framework/TestCase->run()
#68 C:/Users/paulb/Documents/GitHub/Educom-Trainee-Dashboard/DashboardAPI/vendor/phpunit/phpunit/src/Framework/TestSuite.php(374): PHPUnit/Framework/TestSuite->run()
#69 C:/Users/paulb/Documents/GitHub/Educom-Trainee-Dashboard/DashboardAPI/vendor/phpunit/phpunit/src/Framework/TestSuite.php(374): PHPUnit/Framework/TestSuite->run()
#70 C:/Users/paulb/Documents/GitHub/Educom-Trainee-Dashboard/DashboardAPI/vendor/phpunit/phpunit/src/TextUI/TestRunner.php(64): PHPUnit/Framework/TestSuite->run()
#71 C:/Users/paulb/Documents/GitHub/Educom-Trainee-Dashboard/DashboardAPI/vendor/phpunit/phpunit/src/TextUI/Application.php(229): PHPUnit/TextUI/TestRunner->run(Object(PHPUnit/TextUI/Configuration/Configuration), Object(PHPUnit/Runner/ResultCache/DefaultResultCache), Object(PHPUnit/Framework/TestSuite))
#72 C:/Users/paulb/Documents/GitHub/Educom-Trainee-Dashboard/DashboardAPI/vendor/pestphp/pest/src/Kernel.php(117): PHPUnit/TextUI/Application->run(Array)
#73 C:/Users/paulb/Documents/GitHub/Educom-Trainee-Dashboard/DashboardAPI/vendor/pestphp/pest/bin/pest(207): Pest/Kernel->handle(Array, Array)
#74 C:/Users/paulb/Documents/GitHub/Educom-Trainee-Dashboard/DashboardAPI/vendor/pestphp/pest/bin/pest(215): {closure:C:/Users/paulb/Documents/GitHub/Educom-Trainee-Dashboard/DashboardAPI/vendor/pestphp/pest/bin/pest:21}()
#75 {main}
"} 
[2026-07-20 09:46:44] testing.ERROR: SQLSTATE[HY000]: General error: 1 no such table: users (Connection: sqlite, Database: :memory:, SQL: select * from "users" order by "created_at" desc) {"exception":"[object] (Illuminate\\Database\\QueryException(code: HY000): SQLSTATE[HY000]: General error: 1 no such table: users (Connection: sqlite, Database: :memory:, SQL: select * from \"users\" order by \"created_at\" desc) at C:/Users/paulb/Documents/GitHub/Educom-Trainee-Dashboard/DashboardAPI/vendor/laravel/framework/src/Illuminate/Database/Connection.php:857)
[stacktrace]
#0 C:/Users/paulb/Documents/GitHub/Educom-Trainee-Dashboard/DashboardAPI/vendor/laravel/framework/src/Illuminate/Database/Connection.php(813): Illuminate/Database/Connection->runQueryCallback('select * from \"...', Array, Object(Closure))
#1 C:/Users/paulb/Documents/GitHub/Educom-Trainee-Dashboard/DashboardAPI/vendor/laravel/framework/src/Illuminate/Database/Connection.php(426): Illuminate/Database/Connection->run('select * from \"...', Array, Object(Closure))
#2 C:/Users/paulb/Documents/GitHub/Educom-Trainee-Dashboard/DashboardAPI/vendor/laravel/framework/src/Illuminate/Database/Query/Builder.php(3573): Illuminate/Database/Connection->select('select * from \"...', Array, true, Array)
#3 C:/Users/paulb/Documents/GitHub/Educom-Trainee-Dashboard/DashboardAPI/vendor/laravel/framework/src/Illuminate/Database/Query/Builder.php(3557): Illuminate/Database/Query/Builder->runSelect()
#4 C:/Users/paulb/Documents/GitHub/Educom-Trainee-Dashboard/DashboardAPI/vendor/laravel/framework/src/Illuminate/Database/Eloquent/Builder.php(908): Illuminate/Database/Query/Builder->get(Array)
#5 C:/Users/paulb/Documents/GitHub/Educom-Trainee-Dashboard/DashboardAPI/vendor/laravel/framework/src/Illuminate/Database/Eloquent/Builder.php(890): Illuminate/Database/Eloquent/Builder->getModels(Array)
#6 C:/Users/paulb/Documents/GitHub/Educom-Trainee-Dashboard/DashboardAPI/app/Http/Controllers/UserController.php(14): Illuminate/Database/Eloquent/Builder->get()
#7 C:/Users/paulb/Documents/GitHub/Educom-Trainee-Dashboard/DashboardAPI/vendor/laravel/framework/src/Illuminate/Routing/ControllerDispatcher.php(46): App/Http/Controllers/UserController->getUsers()
#8 C:/Users/paulb/Documents/GitHub/Educom-Trainee-Dashboard/DashboardAPI/vendor/laravel/framework/src/Illuminate/Routing/Route.php(275): Illuminate/Routing/ControllerDispatcher->dispatch(Object(Illuminate/Routing/Route), Object(App/Http/Controllers/UserController), 'getUsers')
#9 C:/Users/paulb/Documents/GitHub/Educom-Trainee-Dashboard/DashboardAPI/vendor/laravel/framework/src/Illuminate/Routing/Route.php(215): Illuminate/Routing/Route->runController()
#10 C:/Users/paulb/Documents/GitHub/Educom-Trainee-Dashboard/DashboardAPI/vendor/laravel/framework/src/Illuminate/Routing/Router.php(822): Illuminate/Routing/Route->run()
#11 C:/Users/paulb/Documents/GitHub/Educom-Trainee-Dashboard/DashboardAPI/vendor/laravel/framework/src/Illuminate/Pipeline/Pipeline.php(180): Illuminate/Routing/Router->{closure:Illuminate/Routing/Router::runRouteWithinStack():821}(Object(Illuminate/Http/Request))
#12 C:/Users/paulb/Documents/GitHub/Educom-Trainee-Dashboard/DashboardAPI/vendor/laravel/framework/src/Illuminate/Routing/Middleware/SubstituteBindings.php(52): Illuminate/Pipeline/Pipeline->{closure:Illuminate/Pipeline/Pipeline::prepareDestination():178}(Object(Illuminate/Http/Request))
#13 C:/Users/paulb/Documents/GitHub/Educom-Trainee-Dashboard/DashboardAPI/vendor/laravel/framework/src/Illuminate/Pipeline/Pipeline.php(219): Illuminate/Routing/Middleware/SubstituteBindings->handle(Object(Illuminate/Http/Request), Object(Closure))
#14 C:/Users/paulb/Documents/GitHub/Educom-Trainee-Dashboard/DashboardAPI/vendor/laravel/framework/src/Illuminate/Pipeline/Pipeline.php(137): Illuminate/Pipeline/Pipeline->{closure:{closure:Illuminate/Pipeline/Pipeline::carry():194}:195}(Object(Illuminate/Http/Request))
#15 C:/Users/paulb/Documents/GitHub/Educom-Trainee-Dashboard/DashboardAPI/vendor/laravel/framework/src/Illuminate/Routing/Router.php(821): Illuminate/Pipeline/Pipeline->then(Object(Closure))
#16 C:/Users/paulb/Documents/GitHub/Educom-Trainee-Dashboard/DashboardAPI/vendor/laravel/framework/src/Illuminate/Routing/Router.php(800): Illuminate/Routing/Router->runRouteWithinStack(Object(Illuminate/Routing/Route), Object(Illuminate/Http/Request))
#17 C:/Users/paulb/Documents/GitHub/Educom-Trainee-Dashboard/DashboardAPI/vendor/laravel/framework/src/Illuminate/Routing/Router.php(764): Illuminate/Routing/Router->runRoute(Object(Illuminate/Http/Request), Object(Illuminate/Routing/Route))
#18 C:/Users/paulb/Documents/GitHub/Educom-Trainee-Dashboard/DashboardAPI/vendor/laravel/framework/src/Illuminate/Routing/Router.php(753): Illuminate/Routing/Router->dispatchToRoute(Object(Illuminate/Http/Request))
#19 C:/Users/paulb/Documents/GitHub/Educom-Trainee-Dashboard/DashboardAPI/vendor/laravel/framework/src/Illuminate/Foundation/Http/Kernel.php(200): Illuminate/Routing/Router->dispatch(Object(Illuminate/Http/Request))
#20 C:/Users/paulb/Documents/GitHub/Educom-Trainee-Dashboard/DashboardAPI/vendor/laravel/framework/src/Illuminate/Pipeline/Pipeline.php(180): Illuminate/Foundation/Http/Kernel->{closure:Illuminate/Foundation/Http/Kernel::dispatchToRouter():197}(Object(Illuminate/Http/Request))
#21 C:/Users/paulb/Documents/GitHub/Educom-Trainee-Dashboard/DashboardAPI/vendor/laravel/framework/src/Illuminate/Foundation/Http/Middleware/TransformsRequest.php(21): Illuminate/Pipeline/Pipeline->{closure:Illuminate/Pipeline/Pipeline::prepareDestination():178}(Object(Illuminate/Http/Request))
#22 C:/Users/paulb/Documents/GitHub/Educom-Trainee-Dashboard/DashboardAPI/vendor/laravel/framework/src/Illuminate/Foundation/Http/Middleware/ConvertEmptyStringsToNull.php(31): Illuminate/Foundation/Http/Middleware/TransformsRequest->handle(Object(Illuminate/Http/Request), Object(Closure))
#23 C:/Users/paulb/Documents/GitHub/Educom-Trainee-Dashboard/DashboardAPI/vendor/laravel/framework/src/Illuminate/Pipeline/Pipeline.php(219): Illuminate/Foundation/Http/Middleware/ConvertEmptyStringsToNull->handle(Object(Illuminate/Http/Request), Object(Closure))
#24 C:/Users/paulb/Documents/GitHub/Educom-Trainee-Dashboard/DashboardAPI/vendor/laravel/framework/src/Illuminate/Foundation/Http/Middleware/TransformsRequest.php(21): Illuminate/Pipeline/Pipeline->{closure:{closure:Illuminate/Pipeline/Pipeline::carry():194}:195}(Object(Illuminate/Http/Request))
#25 C:/Users/paulb/Documents/GitHub/Educom-Trainee-Dashboard/DashboardAPI/vendor/laravel/framework/src/Illuminate/Foundation/Http/Middleware/TrimStrings.php(51): Illuminate/Foundation/Http/Middleware/TransformsRequest->handle(Object(Illuminate/Http/Request), Object(Closure))
#26 C:/Users/paulb/Documents/GitHub/Educom-Trainee-Dashboard/DashboardAPI/vendor/laravel/framework/src/Illuminate/Pipeline/Pipeline.php(219): Illuminate/Foundation/Http/Middleware/TrimStrings->handle(Object(Illuminate/Http/Request), Object(Closure))
#27 C:/Users/paulb/Documents/GitHub/Educom-Trainee-Dashboard/DashboardAPI/vendor/laravel/framework/src/Illuminate/Http/Middleware/ValidatePostSize.php(27): Illuminate/Pipeline/Pipeline->{closure:{closure:Illuminate/Pipeline/Pipeline::carry():194}:195}(Object(Illuminate/Http/Request))
#28 C:/Users/paulb/Documents/GitHub/Educom-Trainee-Dashboard/DashboardAPI/vendor/laravel/framework/src/Illuminate/Pipeline/Pipeline.php(219): Illuminate/Http/Middleware/ValidatePostSize->handle(Object(Illuminate/Http/Request), Object(Closure))
#29 C:/Users/paulb/Documents/GitHub/Educom-Trainee-Dashboard/DashboardAPI/vendor/laravel/framework/src/Illuminate/Foundation/Http/Middleware/PreventRequestsDuringMaintenance.php(109): Illuminate/Pipeline/Pipeline->{closure:{closure:Illuminate/Pipeline/Pipeline::carry():194}:195}(Object(Illuminate/Http/Request))
#30 C:/Users/paulb/Documents/GitHub/Educom-Trainee-Dashboard/DashboardAPI/vendor/laravel/framework/src/Illuminate/Pipeline/Pipeline.php(219): Illuminate/Foundation/Http/Middleware/PreventRequestsDuringMaintenance->handle(Object(Illuminate/Http/Request), Object(Closure))
#31 C:/Users/paulb/Documents/GitHub/Educom-Trainee-Dashboard/DashboardAPI/vendor/laravel/framework/src/Illuminate/Http/Middleware/HandleCors.php(74): Illuminate/Pipeline/Pipeline->{closure:{closure:Illuminate/Pipeline/Pipeline::carry():194}:195}(Object(Illuminate/Http/Request))
#32 C:/Users/paulb/Documents/GitHub/Educom-Trainee-Dashboard/DashboardAPI/vendor/laravel/framework/src/Illuminate/Pipeline/Pipeline.php(219): Illuminate/Http/Middleware/HandleCors->handle(Object(Illuminate/Http/Request), Object(Closure))
#33 C:/Users/paulb/Documents/GitHub/Educom-Trainee-Dashboard/DashboardAPI/vendor/laravel/framework/src/Illuminate/Http/Middleware/TrustProxies.php(58): Illuminate/Pipeline/Pipeline->{closure:{closure:Illuminate/Pipeline/Pipeline::carry():194}:195}(Object(Illuminate/Http/Request))
#34 C:/Users/paulb/Documents/GitHub/Educom-Trainee-Dashboard/DashboardAPI/vendor/laravel/framework/src/Illuminate/Pipeline/Pipeline.php(219): Illuminate/Http/Middleware/TrustProxies->handle(Object(Illuminate/Http/Request), Object(Closure))
#35 C:/Users/paulb/Documents/GitHub/Educom-Trainee-Dashboard/DashboardAPI/vendor/laravel/framework/src/Illuminate/Foundation/Http/Middleware/InvokeDeferredCallbacks.php(22): Illuminate/Pipeline/Pipeline->{closure:{closure:Illuminate/Pipeline/Pipeline::carry():194}:195}(Object(Illuminate/Http/Request))
#36 C:/Users/paulb/Documents/GitHub/Educom-Trainee-Dashboard/DashboardAPI/vendor/laravel/framework/src/Illuminate/Pipeline/Pipeline.php(219): Illuminate/Foundation/Http/Middleware/InvokeDeferredCallbacks->handle(Object(Illuminate/Http/Request), Object(Closure))
#37 C:/Users/paulb/Documents/GitHub/Educom-Trainee-Dashboard/DashboardAPI/vendor/laravel/framework/src/Illuminate/Http/Middleware/ValidatePathEncoding.php(28): Illuminate/Pipeline/Pipeline->{closure:{closure:Illuminate/Pipeline/Pipeline::carry():194}:195}(Object(Illuminate/Http/Request))
#38 C:/Users/paulb/Documents/GitHub/Educom-Trainee-Dashboard/DashboardAPI/vendor/laravel/framework/src/Illuminate/Pipeline/Pipeline.php(219): Illuminate/Http/Middleware/ValidatePathEncoding->handle(Object(Illuminate/Http/Request), Object(Closure))
#39 C:/Users/paulb/Documents/GitHub/Educom-Trainee-Dashboard/DashboardAPI/vendor/laravel/framework/src/Illuminate/Pipeline/Pipeline.php(137): Illuminate/Pipeline/Pipeline->{closure:{closure:Illuminate/Pipeline/Pipeline::carry():194}:195}(Object(Illuminate/Http/Request))
#40 C:/Users/paulb/Documents/GitHub/Educom-Trainee-Dashboard/DashboardAPI/vendor/laravel/framework/src/Illuminate/Foundation/Http/Kernel.php(175): Illuminate/Pipeline/Pipeline->then(Object(Closure))
#41 C:/Users/paulb/Documents/GitHub/Educom-Trainee-Dashboard/DashboardAPI/vendor/laravel/framework/src/Illuminate/Foundation/Http/Kernel.php(144): Illuminate/Foundation/Http/Kernel->sendRequestThroughRouter(Object(Illuminate/Http/Request))
#42 C:/Users/paulb/Documents/GitHub/Educom-Trainee-Dashboard/DashboardAPI/vendor/laravel/framework/src/Illuminate/Foundation/Testing/Concerns/MakesHttpRequests.php(607): Illuminate/Foundation/Http/Kernel->handle(Object(Illuminate/Http/Request))
#43 C:/Users/paulb/Documents/GitHub/Educom-Trainee-Dashboard/DashboardAPI/vendor/laravel/framework/src/Illuminate/Foundation/Testing/Concerns/MakesHttpRequests.php(368): Illuminate/Foundation/Testing/TestCase->call('GET', 'http://localhos...', Array, Array, Array, Array)
#44 C:/Users/paulb/Documents/GitHub/Educom-Trainee-Dashboard/DashboardAPI/tests/Feature/UsageTest.php(4): Illuminate/Foundation/Testing/TestCase->get('http://localhos...')
#45 C:/Users/paulb/Documents/GitHub/Educom-Trainee-Dashboard/DashboardAPI/vendor/pestphp/pest/src/Factories/TestCaseMethodFactory.php(177): P/Tests/Feature/UsageTest->{closure:C:/Users/paulb/Documents/GitHub/Educom-Trainee-Dashboard/DashboardAPI/tests/Feature/UsageTest.php:3}()
#46 [internal function]: P/Tests/Feature/UsageTest->{closure:Pest/Factories/TestCaseMethodFactory::getClosure():167}()
#47 C:/Users/paulb/Documents/GitHub/Educom-Trainee-Dashboard/DashboardAPI/vendor/pestphp/pest/src/Concerns/Testable.php(581): call_user_func_array(Object(Closure), Array)
#48 C:/Users/paulb/Documents/GitHub/Educom-Trainee-Dashboard/DashboardAPI/vendor/pestphp/pest/src/Support/ExceptionTrace.php(26): P/Tests/Feature/UsageTest->{closure:Pest/Concerns/Testable::__callClosure():581}()
#49 C:/Users/paulb/Documents/GitHub/Educom-Trainee-Dashboard/DashboardAPI/vendor/pestphp/pest/src/Concerns/Testable.php(581): Pest/Support/ExceptionTrace::ensure(Object(Closure))
#50 C:/Users/paulb/Documents/GitHub/Educom-Trainee-Dashboard/DashboardAPI/vendor/pestphp/pest/src/Concerns/Testable.php(403): P/Tests/Feature/UsageTest->__callClosure(Object(Closure), Array)
#51 C:/Users/paulb/Documents/GitHub/Educom-Trainee-Dashboard/DashboardAPI/vendor/pestphp/pest/src/Factories/TestCaseFactory.php(175) : eval()'d code(17): P/Tests/Feature/UsageTest->__runTest(Object(Closure))
#52 C:/Users/paulb/Documents/GitHub/Educom-Trainee-Dashboard/DashboardAPI/vendor/phpunit/phpunit/src/Framework/TestCase.php(1318): P/Tests/Feature/UsageTest->__pest_evaluable_ai()
#53 C:/Users/paulb/Documents/GitHub/Educom-Trainee-Dashboard/DashboardAPI/vendor/phpunit/phpunit/src/Framework/TestCase.php(1355): PHPUnit/Framework/TestCase->invokeTestMethod('__pest_evaluabl...', Array)
#54 C:/Users/paulb/Documents/GitHub/Educom-Trainee-Dashboard/DashboardAPI/vendor/phpunit/phpunit/src/Framework/TestCase.php(521): PHPUnit/Framework/TestCase->runTest()
#55 C:/Users/paulb/Documents/GitHub/Educom-Trainee-Dashboard/DashboardAPI/vendor/phpunit/phpunit/src/Framework/TestRunner/TestRunner.php(99): PHPUnit/Framework/TestCase->runBare()
#56 C:/Users/paulb/Documents/GitHub/Educom-Trainee-Dashboard/DashboardAPI/vendor/phpunit/phpunit/src/Framework/TestCase.php(361): PHPUnit/Framework/TestRunner->run(Object(P/Tests/Feature/UsageTest))
#57 C:/Users/paulb/Documents/GitHub/Educom-Trainee-Dashboard/DashboardAPI/vendor/phpunit/phpunit/src/Framework/TestSuite.php(374): PHPUnit/Framework/TestCase->run()
#58 C:/Users/paulb/Documents/GitHub/Educom-Trainee-Dashboard/DashboardAPI/vendor/phpunit/phpunit/src/Framework/TestSuite.php(374): PHPUnit/Framework/TestSuite->run()
#59 C:/Users/paulb/Documents/GitHub/Educom-Trainee-Dashboard/DashboardAPI/vendor/phpunit/phpunit/src/Framework/TestSuite.php(374): PHPUnit/Framework/TestSuite->run()
#60 C:/Users/paulb/Documents/GitHub/Educom-Trainee-Dashboard/DashboardAPI/vendor/phpunit/phpunit/src/TextUI/TestRunner.php(64): PHPUnit/Framework/TestSuite->run()
#61 C:/Users/paulb/Documents/GitHub/Educom-Trainee-Dashboard/DashboardAPI/vendor/phpunit/phpunit/src/TextUI/Application.php(229): PHPUnit/TextUI/TestRunner->run(Object(PHPUnit/TextUI/Configuration/Configuration), Object(PHPUnit/Runner/ResultCache/DefaultResultCache), Object(PHPUnit/Framework/TestSuite))
#62 C:/Users/paulb/Documents/GitHub/Educom-Trainee-Dashboard/DashboardAPI/vendor/pestphp/pest/src/Kernel.php(117): PHPUnit/TextUI/Application->run(Array)
#63 C:/Users/paulb/Documents/GitHub/Educom-Trainee-Dashboard/DashboardAPI/vendor/pestphp/pest/bin/pest(207): Pest/Kernel->handle(Array, Array)
#64 C:/Users/paulb/Documents/GitHub/Educom-Trainee-Dashboard/DashboardAPI/vendor/pestphp/pest/bin/pest(215): {closure:C:/Users/paulb/Documents/GitHub/Educom-Trainee-Dashboard/DashboardAPI/vendor/pestphp/pest/bin/pest:21}()
#65 {main}

[previous exception] [object] (PDOException(code: HY000): SQLSTATE[HY000]: General error: 1 no such table: users at C:/Users/paulb/Documents/GitHub/Educom-Trainee-Dashboard/DashboardAPI/vendor/laravel/framework/src/Illuminate/Database/Connection.php:435)
[stacktrace]
#0 C:/Users/paulb/Documents/GitHub/Educom-Trainee-Dashboard/DashboardAPI/vendor/laravel/framework/src/Illuminate/Database/Connection.php(435): PDO->prepare('select * from \"...')
#1 C:/Users/paulb/Documents/GitHub/Educom-Trainee-Dashboard/DashboardAPI/vendor/laravel/framework/src/Illuminate/Database/Connection.php(846): Illuminate/Database/Connection->{closure:Illuminate/Database/Connection::select():426}('select * from \"...', Array)
#2 C:/Users/paulb/Documents/GitHub/Educom-Trainee-Dashboard/DashboardAPI/vendor/laravel/framework/src/Illuminate/Database/Connection.php(813): Illuminate/Database/Connection->runQueryCallback('select * from \"...', Array, Object(Closure))
#3 C:/Users/paulb/Documents/GitHub/Educom-Trainee-Dashboard/DashboardAPI/vendor/laravel/framework/src/Illuminate/Database/Connection.php(426): Illuminate/Database/Connection->run('select * from \"...', Array, Object(Closure))
#4 C:/Users/paulb/Documents/GitHub/Educom-Trainee-Dashboard/DashboardAPI/vendor/laravel/framework/src/Illuminate/Database/Query/Builder.php(3573): Illuminate/Database/Connection->select('select * from \"...', Array, true, Array)
#5 C:/Users/paulb/Documents/GitHub/Educom-Trainee-Dashboard/DashboardAPI/vendor/laravel/framework/src/Illuminate/Database/Query/Builder.php(3557): Illuminate/Database/Query/Builder->runSelect()
#6 C:/Users/paulb/Documents/GitHub/Educom-Trainee-Dashboard/DashboardAPI/vendor/laravel/framework/src/Illuminate/Database/Eloquent/Builder.php(908): Illuminate/Database/Query/Builder->get(Array)
#7 C:/Users/paulb/Documents/GitHub/Educom-Trainee-Dashboard/DashboardAPI/vendor/laravel/framework/src/Illuminate/Database/Eloquent/Builder.php(890): Illuminate/Database/Eloquent/Builder->getModels(Array)
#8 C:/Users/paulb/Documents/GitHub/Educom-Trainee-Dashboard/DashboardAPI/app/Http/Controllers/UserController.php(14): Illuminate/Database/Eloquent/Builder->get()
#9 C:/Users/paulb/Documents/GitHub/Educom-Trainee-Dashboard/DashboardAPI/vendor/laravel/framework/src/Illuminate/Routing/ControllerDispatcher.php(46): App/Http/Controllers/UserController->getUsers()
#10 C:/Users/paulb/Documents/GitHub/Educom-Trainee-Dashboard/DashboardAPI/vendor/laravel/framework/src/Illuminate/Routing/Route.php(275): Illuminate/Routing/ControllerDispatcher->dispatch(Object(Illuminate/Routing/Route), Object(App/Http/Controllers/UserController), 'getUsers')
#11 C:/Users/paulb/Documents/GitHub/Educom-Trainee-Dashboard/DashboardAPI/vendor/laravel/framework/src/Illuminate/Routing/Route.php(215): Illuminate/Routing/Route->runController()
#12 C:/Users/paulb/Documents/GitHub/Educom-Trainee-Dashboard/DashboardAPI/vendor/laravel/framework/src/Illuminate/Routing/Router.php(822): Illuminate/Routing/Route->run()
#13 C:/Users/paulb/Documents/GitHub/Educom-Trainee-Dashboard/DashboardAPI/vendor/laravel/framework/src/Illuminate/Pipeline/Pipeline.php(180): Illuminate/Routing/Router->{closure:Illuminate/Routing/Router::runRouteWithinStack():821}(Object(Illuminate/Http/Request))
#14 C:/Users/paulb/Documents/GitHub/Educom-Trainee-Dashboard/DashboardAPI/vendor/laravel/framework/src/Illuminate/Routing/Middleware/SubstituteBindings.php(52): Illuminate/Pipeline/Pipeline->{closure:Illuminate/Pipeline/Pipeline::prepareDestination():178}(Object(Illuminate/Http/Request))
#15 C:/Users/paulb/Documents/GitHub/Educom-Trainee-Dashboard/DashboardAPI/vendor/laravel/framework/src/Illuminate/Pipeline/Pipeline.php(219): Illuminate/Routing/Middleware/SubstituteBindings->handle(Object(Illuminate/Http/Request), Object(Closure))
#16 C:/Users/paulb/Documents/GitHub/Educom-Trainee-Dashboard/DashboardAPI/vendor/laravel/framework/src/Illuminate/Pipeline/Pipeline.php(137): Illuminate/Pipeline/Pipeline->{closure:{closure:Illuminate/Pipeline/Pipeline::carry():194}:195}(Object(Illuminate/Http/Request))
#17 C:/Users/paulb/Documents/GitHub/Educom-Trainee-Dashboard/DashboardAPI/vendor/laravel/framework/src/Illuminate/Routing/Router.php(821): Illuminate/Pipeline/Pipeline->then(Object(Closure))
#18 C:/Users/paulb/Documents/GitHub/Educom-Trainee-Dashboard/DashboardAPI/vendor/laravel/framework/src/Illuminate/Routing/Router.php(800): Illuminate/Routing/Router->runRouteWithinStack(Object(Illuminate/Routing/Route), Object(Illuminate/Http/Request))
#19 C:/Users/paulb/Documents/GitHub/Educom-Trainee-Dashboard/DashboardAPI/vendor/laravel/framework/src/Illuminate/Routing/Router.php(764): Illuminate/Routing/Router->runRoute(Object(Illuminate/Http/Request), Object(Illuminate/Routing/Route))
#20 C:/Users/paulb/Documents/GitHub/Educom-Trainee-Dashboard/DashboardAPI/vendor/laravel/framework/src/Illuminate/Routing/Router.php(753): Illuminate/Routing/Router->dispatchToRoute(Object(Illuminate/Http/Request))
#21 C:/Users/paulb/Documents/GitHub/Educom-Trainee-Dashboard/DashboardAPI/vendor/laravel/framework/src/Illuminate/Foundation/Http/Kernel.php(200): Illuminate/Routing/Router->dispatch(Object(Illuminate/Http/Request))
#22 C:/Users/paulb/Documents/GitHub/Educom-Trainee-Dashboard/DashboardAPI/vendor/laravel/framework/src/Illuminate/Pipeline/Pipeline.php(180): Illuminate/Foundation/Http/Kernel->{closure:Illuminate/Foundation/Http/Kernel::dispatchToRouter():197}(Object(Illuminate/Http/Request))
#23 C:/Users/paulb/Documents/GitHub/Educom-Trainee-Dashboard/DashboardAPI/vendor/laravel/framework/src/Illuminate/Foundation/Http/Middleware/TransformsRequest.php(21): Illuminate/Pipeline/Pipeline->{closure:Illuminate/Pipeline/Pipeline::prepareDestination():178}(Object(Illuminate/Http/Request))
#24 C:/Users/paulb/Documents/GitHub/Educom-Trainee-Dashboard/DashboardAPI/vendor/laravel/framework/src/Illuminate/Foundation/Http/Middleware/ConvertEmptyStringsToNull.php(31): Illuminate/Foundation/Http/Middleware/TransformsRequest->handle(Object(Illuminate/Http/Request), Object(Closure))
#25 C:/Users/paulb/Documents/GitHub/Educom-Trainee-Dashboard/DashboardAPI/vendor/laravel/framework/src/Illuminate/Pipeline/Pipeline.php(219): Illuminate/Foundation/Http/Middleware/ConvertEmptyStringsToNull->handle(Object(Illuminate/Http/Request), Object(Closure))
#26 C:/Users/paulb/Documents/GitHub/Educom-Trainee-Dashboard/DashboardAPI/vendor/laravel/framework/src/Illuminate/Foundation/Http/Middleware/TransformsRequest.php(21): Illuminate/Pipeline/Pipeline->{closure:{closure:Illuminate/Pipeline/Pipeline::carry():194}:195}(Object(Illuminate/Http/Request))
#27 C:/Users/paulb/Documents/GitHub/Educom-Trainee-Dashboard/DashboardAPI/vendor/laravel/framework/src/Illuminate/Foundation/Http/Middleware/TrimStrings.php(51): Illuminate/Foundation/Http/Middleware/TransformsRequest->handle(Object(Illuminate/Http/Request), Object(Closure))
#28 C:/Users/paulb/Documents/GitHub/Educom-Trainee-Dashboard/DashboardAPI/vendor/laravel/framework/src/Illuminate/Pipeline/Pipeline.php(219): Illuminate/Foundation/Http/Middleware/TrimStrings->handle(Object(Illuminate/Http/Request), Object(Closure))
#29 C:/Users/paulb/Documents/GitHub/Educom-Trainee-Dashboard/DashboardAPI/vendor/laravel/framework/src/Illuminate/Http/Middleware/ValidatePostSize.php(27): Illuminate/Pipeline/Pipeline->{closure:{closure:Illuminate/Pipeline/Pipeline::carry():194}:195}(Object(Illuminate/Http/Request))
#30 C:/Users/paulb/Documents/GitHub/Educom-Trainee-Dashboard/DashboardAPI/vendor/laravel/framework/src/Illuminate/Pipeline/Pipeline.php(219): Illuminate/Http/Middleware/ValidatePostSize->handle(Object(Illuminate/Http/Request), Object(Closure))
#31 C:/Users/paulb/Documents/GitHub/Educom-Trainee-Dashboard/DashboardAPI/vendor/laravel/framework/src/Illuminate/Foundation/Http/Middleware/PreventRequestsDuringMaintenance.php(109): Illuminate/Pipeline/Pipeline->{closure:{closure:Illuminate/Pipeline/Pipeline::carry():194}:195}(Object(Illuminate/Http/Request))
#32 C:/Users/paulb/Documents/GitHub/Educom-Trainee-Dashboard/DashboardAPI/vendor/laravel/framework/src/Illuminate/Pipeline/Pipeline.php(219): Illuminate/Foundation/Http/Middleware/PreventRequestsDuringMaintenance->handle(Object(Illuminate/Http/Request), Object(Closure))
#33 C:/Users/paulb/Documents/GitHub/Educom-Trainee-Dashboard/DashboardAPI/vendor/laravel/framework/src/Illuminate/Http/Middleware/HandleCors.php(74): Illuminate/Pipeline/Pipeline->{closure:{closure:Illuminate/Pipeline/Pipeline::carry():194}:195}(Object(Illuminate/Http/Request))
#34 C:/Users/paulb/Documents/GitHub/Educom-Trainee-Dashboard/DashboardAPI/vendor/laravel/framework/src/Illuminate/Pipeline/Pipeline.php(219): Illuminate/Http/Middleware/HandleCors->handle(Object(Illuminate/Http/Request), Object(Closure))
#35 C:/Users/paulb/Documents/GitHub/Educom-Trainee-Dashboard/DashboardAPI/vendor/laravel/framework/src/Illuminate/Http/Middleware/TrustProxies.php(58): Illuminate/Pipeline/Pipeline->{closure:{closure:Illuminate/Pipeline/Pipeline::carry():194}:195}(Object(Illuminate/Http/Request))
#36 C:/Users/paulb/Documents/GitHub/Educom-Trainee-Dashboard/DashboardAPI/vendor/laravel/framework/src/Illuminate/Pipeline/Pipeline.php(219): Illuminate/Http/Middleware/TrustProxies->handle(Object(Illuminate/Http/Request), Object(Closure))
#37 C:/Users/paulb/Documents/GitHub/Educom-Trainee-Dashboard/DashboardAPI/vendor/laravel/framework/src/Illuminate/Foundation/Http/Middleware/InvokeDeferredCallbacks.php(22): Illuminate/Pipeline/Pipeline->{closure:{closure:Illuminate/Pipeline/Pipeline::carry():194}:195}(Object(Illuminate/Http/Request))
#38 C:/Users/paulb/Documents/GitHub/Educom-Trainee-Dashboard/DashboardAPI/vendor/laravel/framework/src/Illuminate/Pipeline/Pipeline.php(219): Illuminate/Foundation/Http/Middleware/InvokeDeferredCallbacks->handle(Object(Illuminate/Http/Request), Object(Closure))
#39 C:/Users/paulb/Documents/GitHub/Educom-Trainee-Dashboard/DashboardAPI/vendor/laravel/framework/src/Illuminate/Http/Middleware/ValidatePathEncoding.php(28): Illuminate/Pipeline/Pipeline->{closure:{closure:Illuminate/Pipeline/Pipeline::carry():194}:195}(Object(Illuminate/Http/Request))
#40 C:/Users/paulb/Documents/GitHub/Educom-Trainee-Dashboard/DashboardAPI/vendor/laravel/framework/src/Illuminate/Pipeline/Pipeline.php(219): Illuminate/Http/Middleware/ValidatePathEncoding->handle(Object(Illuminate/Http/Request), Object(Closure))
#41 C:/Users/paulb/Documents/GitHub/Educom-Trainee-Dashboard/DashboardAPI/vendor/laravel/framework/src/Illuminate/Pipeline/Pipeline.php(137): Illuminate/Pipeline/Pipeline->{closure:{closure:Illuminate/Pipeline/Pipeline::carry():194}:195}(Object(Illuminate/Http/Request))
#42 C:/Users/paulb/Documents/GitHub/Educom-Trainee-Dashboard/DashboardAPI/vendor/laravel/framework/src/Illuminate/Foundation/Http/Kernel.php(175): Illuminate/Pipeline/Pipeline->then(Object(Closure))
#43 C:/Users/paulb/Documents/GitHub/Educom-Trainee-Dashboard/DashboardAPI/vendor/laravel/framework/src/Illuminate/Foundation/Http/Kernel.php(144): Illuminate/Foundation/Http/Kernel->sendRequestThroughRouter(Object(Illuminate/Http/Request))
#44 C:/Users/paulb/Documents/GitHub/Educom-Trainee-Dashboard/DashboardAPI/vendor/laravel/framework/src/Illuminate/Foundation/Testing/Concerns/MakesHttpRequests.php(607): Illuminate/Foundation/Http/Kernel->handle(Object(Illuminate/Http/Request))
#45 C:/Users/paulb/Documents/GitHub/Educom-Trainee-Dashboard/DashboardAPI/vendor/laravel/framework/src/Illuminate/Foundation/Testing/Concerns/MakesHttpRequests.php(368): Illuminate/Foundation/Testing/TestCase->call('GET', 'http://localhos...', Array, Array, Array, Array)
#46 C:/Users/paulb/Documents/GitHub/Educom-Trainee-Dashboard/DashboardAPI/tests/Feature/UsageTest.php(4): Illuminate/Foundation/Testing/TestCase->get('http://localhos...')
#47 C:/Users/paulb/Documents/GitHub/Educom-Trainee-Dashboard/DashboardAPI/vendor/pestphp/pest/src/Factories/TestCaseMethodFactory.php(177): P/Tests/Feature/UsageTest->{closure:C:/Users/paulb/Documents/GitHub/Educom-Trainee-Dashboard/DashboardAPI/tests/Feature/UsageTest.php:3}()
#48 [internal function]: P/Tests/Feature/UsageTest->{closure:Pest/Factories/TestCaseMethodFactory::getClosure():167}()
#49 C:/Users/paulb/Documents/GitHub/Educom-Trainee-Dashboard/DashboardAPI/vendor/pestphp/pest/src/Concerns/Testable.php(581): call_user_func_array(Object(Closure), Array)
#50 C:/Users/paulb/Documents/GitHub/Educom-Trainee-Dashboard/DashboardAPI/vendor/pestphp/pest/src/Support/ExceptionTrace.php(26): P/Tests/Feature/UsageTest->{closure:Pest/Concerns/Testable::__callClosure():581}()
#51 C:/Users/paulb/Documents/GitHub/Educom-Trainee-Dashboard/DashboardAPI/vendor/pestphp/pest/src/Concerns/Testable.php(581): Pest/Support/ExceptionTrace::ensure(Object(Closure))
#52 C:/Users/paulb/Documents/GitHub/Educom-Trainee-Dashboard/DashboardAPI/vendor/pestphp/pest/src/Concerns/Testable.php(403): P/Tests/Feature/UsageTest->__callClosure(Object(Closure), Array)
#53 C:/Users/paulb/Documents/GitHub/Educom-Trainee-Dashboard/DashboardAPI/vendor/pestphp/pest/src/Factories/TestCaseFactory.php(175) : eval()'d code(17): P/Tests/Feature/UsageTest->__runTest(Object(Closure))
#54 C:/Users/paulb/Documents/GitHub/Educom-Trainee-Dashboard/DashboardAPI/vendor/phpunit/phpunit/src/Framework/TestCase.php(1318): P/Tests/Feature/UsageTest->__pest_evaluable_ai()
#55 C:/Users/paulb/Documents/GitHub/Educom-Trainee-Dashboard/DashboardAPI/vendor/phpunit/phpunit/src/Framework/TestCase.php(1355): PHPUnit/Framework/TestCase->invokeTestMethod('__pest_evaluabl...', Array)
#56 C:/Users/paulb/Documents/GitHub/Educom-Trainee-Dashboard/DashboardAPI/vendor/phpunit/phpunit/src/Framework/TestCase.php(521): PHPUnit/Framework/TestCase->runTest()
#57 C:/Users/paulb/Documents/GitHub/Educom-Trainee-Dashboard/DashboardAPI/vendor/phpunit/phpunit/src/Framework/TestRunner/TestRunner.php(99): PHPUnit/Framework/TestCase->runBare()
#58 C:/Users/paulb/Documents/GitHub/Educom-Trainee-Dashboard/DashboardAPI/vendor/phpunit/phpunit/src/Framework/TestCase.php(361): PHPUnit/Framework/TestRunner->run(Object(P/Tests/Feature/UsageTest))
#59 C:/Users/paulb/Documents/GitHub/Educom-Trainee-Dashboard/DashboardAPI/vendor/phpunit/phpunit/src/Framework/TestSuite.php(374): PHPUnit/Framework/TestCase->run()
#60 C:/Users/paulb/Documents/GitHub/Educom-Trainee-Dashboard/DashboardAPI/vendor/phpunit/phpunit/src/Framework/TestSuite.php(374): PHPUnit/Framework/TestSuite->run()
#61 C:/Users/paulb/Documents/GitHub/Educom-Trainee-Dashboard/DashboardAPI/vendor/phpunit/phpunit/src/Framework/TestSuite.php(374): PHPUnit/Framework/TestSuite->run()
#62 C:/Users/paulb/Documents/GitHub/Educom-Trainee-Dashboard/DashboardAPI/vendor/phpunit/phpunit/src/TextUI/TestRunner.php(64): PHPUnit/Framework/TestSuite->run()
#63 C:/Users/paulb/Documents/GitHub/Educom-Trainee-Dashboard/DashboardAPI/vendor/phpunit/phpunit/src/TextUI/Application.php(229): PHPUnit/TextUI/TestRunner->run(Object(PHPUnit/TextUI/Configuration/Configuration), Object(PHPUnit/Runner/ResultCache/DefaultResultCache), Object(PHPUnit/Framework/TestSuite))
#64 C:/Users/paulb/Documents/GitHub/Educom-Trainee-Dashboard/DashboardAPI/vendor/pestphp/pest/src/Kernel.php(117): PHPUnit/TextUI/Application->run(Array)
#65 C:/Users/paulb/Documents/GitHub/Educom-Trainee-Dashboard/DashboardAPI/vendor/pestphp/pest/bin/pest(207): Pest/Kernel->handle(Array, Array)
#66 C:/Users/paulb/Documents/GitHub/Educom-Trainee-Dashboard/DashboardAPI/vendor/pestphp/pest/bin/pest(215): {closure:C:/Users/paulb/Documents/GitHub/Educom-Trainee-Dashboard/DashboardAPI/vendor/pestphp/pest/bin/pest:21}()
#67 {main}
"} 
[2026-07-20 14:24:35] testing.ERROR: Class "App\Models\Usage" not found {"exception":"[object] (Error(code: 0): Class \"App\\Models\\Usage\" not found at C:/Users/paulb/Documents/GitHub/Educom-Trainee-Dashboard/DashboardAPI/app/Http/Controllers/UsageController.php:48)
[stacktrace]
#0 C:/Users/paulb/Documents/GitHub/Educom-Trainee-Dashboard/DashboardAPI/vendor/laravel/framework/src/Illuminate/Routing/ControllerDispatcher.php(46): App/Http/Controllers/UsageController->FetchUsage()
#1 C:/Users/paulb/Documents/GitHub/Educom-Trainee-Dashboard/DashboardAPI/vendor/laravel/framework/src/Illuminate/Routing/Route.php(275): Illuminate/Routing/ControllerDispatcher->dispatch(Object(Illuminate/Routing/Route), Object(App/Http/Controllers/UsageController), 'FetchUsage')
#2 C:/Users/paulb/Documents/GitHub/Educom-Trainee-Dashboard/DashboardAPI/vendor/laravel/framework/src/Illuminate/Routing/Route.php(215): Illuminate/Routing/Route->runController()
#3 C:/Users/paulb/Documents/GitHub/Educom-Trainee-Dashboard/DashboardAPI/vendor/laravel/framework/src/Illuminate/Routing/Router.php(822): Illuminate/Routing/Route->run()
#4 C:/Users/paulb/Documents/GitHub/Educom-Trainee-Dashboard/DashboardAPI/vendor/laravel/framework/src/Illuminate/Pipeline/Pipeline.php(180): Illuminate/Routing/Router->{closure:Illuminate/Routing/Router::runRouteWithinStack():821}(Object(Illuminate/Http/Request))
#5 C:/Users/paulb/Documents/GitHub/Educom-Trainee-Dashboard/DashboardAPI/vendor/laravel/framework/src/Illuminate/Routing/Middleware/SubstituteBindings.php(52): Illuminate/Pipeline/Pipeline->{closure:Illuminate/Pipeline/Pipeline::prepareDestination():178}(Object(Illuminate/Http/Request))
#6 C:/Users/paulb/Documents/GitHub/Educom-Trainee-Dashboard/DashboardAPI/vendor/laravel/framework/src/Illuminate/Pipeline/Pipeline.php(219): Illuminate/Routing/Middleware/SubstituteBindings->handle(Object(Illuminate/Http/Request), Object(Closure))
#7 C:/Users/paulb/Documents/GitHub/Educom-Trainee-Dashboard/DashboardAPI/vendor/laravel/framework/src/Illuminate/Pipeline/Pipeline.php(137): Illuminate/Pipeline/Pipeline->{closure:{closure:Illuminate/Pipeline/Pipeline::carry():194}:195}(Object(Illuminate/Http/Request))
#8 C:/Users/paulb/Documents/GitHub/Educom-Trainee-Dashboard/DashboardAPI/vendor/laravel/framework/src/Illuminate/Routing/Router.php(821): Illuminate/Pipeline/Pipeline->then(Object(Closure))
#9 C:/Users/paulb/Documents/GitHub/Educom-Trainee-Dashboard/DashboardAPI/vendor/laravel/framework/src/Illuminate/Routing/Router.php(800): Illuminate/Routing/Router->runRouteWithinStack(Object(Illuminate/Routing/Route), Object(Illuminate/Http/Request))
#10 C:/Users/paulb/Documents/GitHub/Educom-Trainee-Dashboard/DashboardAPI/vendor/laravel/framework/src/Illuminate/Routing/Router.php(764): Illuminate/Routing/Router->runRoute(Object(Illuminate/Http/Request), Object(Illuminate/Routing/Route))
#11 C:/Users/paulb/Documents/GitHub/Educom-Trainee-Dashboard/DashboardAPI/vendor/laravel/framework/src/Illuminate/Routing/Router.php(753): Illuminate/Routing/Router->dispatchToRoute(Object(Illuminate/Http/Request))
#12 C:/Users/paulb/Documents/GitHub/Educom-Trainee-Dashboard/DashboardAPI/vendor/laravel/framework/src/Illuminate/Foundation/Http/Kernel.php(200): Illuminate/Routing/Router->dispatch(Object(Illuminate/Http/Request))
#13 C:/Users/paulb/Documents/GitHub/Educom-Trainee-Dashboard/DashboardAPI/vendor/laravel/framework/src/Illuminate/Pipeline/Pipeline.php(180): Illuminate/Foundation/Http/Kernel->{closure:Illuminate/Foundation/Http/Kernel::dispatchToRouter():197}(Object(Illuminate/Http/Request))
#14 C:/Users/paulb/Documents/GitHub/Educom-Trainee-Dashboard/DashboardAPI/vendor/laravel/framework/src/Illuminate/Foundation/Http/Middleware/TransformsRequest.php(21): Illuminate/Pipeline/Pipeline->{closure:Illuminate/Pipeline/Pipeline::prepareDestination():178}(Object(Illuminate/Http/Request))
#15 C:/Users/paulb/Documents/GitHub/Educom-Trainee-Dashboard/DashboardAPI/vendor/laravel/framework/src/Illuminate/Foundation/Http/Middleware/ConvertEmptyStringsToNull.php(31): Illuminate/Foundation/Http/Middleware/TransformsRequest->handle(Object(Illuminate/Http/Request), Object(Closure))
#16 C:/Users/paulb/Documents/GitHub/Educom-Trainee-Dashboard/DashboardAPI/vendor/laravel/framework/src/Illuminate/Pipeline/Pipeline.php(219): Illuminate/Foundation/Http/Middleware/ConvertEmptyStringsToNull->handle(Object(Illuminate/Http/Request), Object(Closure))
#17 C:/Users/paulb/Documents/GitHub/Educom-Trainee-Dashboard/DashboardAPI/vendor/laravel/framework/src/Illuminate/Foundation/Http/Middleware/TransformsRequest.php(21): Illuminate/Pipeline/Pipeline->{closure:{closure:Illuminate/Pipeline/Pipeline::carry():194}:195}(Object(Illuminate/Http/Request))
#18 C:/Users/paulb/Documents/GitHub/Educom-Trainee-Dashboard/DashboardAPI/vendor/laravel/framework/src/Illuminate/Foundation/Http/Middleware/TrimStrings.php(51): Illuminate/Foundation/Http/Middleware/TransformsRequest->handle(Object(Illuminate/Http/Request), Object(Closure))
#19 C:/Users/paulb/Documents/GitHub/Educom-Trainee-Dashboard/DashboardAPI/vendor/laravel/framework/src/Illuminate/Pipeline/Pipeline.php(219): Illuminate/Foundation/Http/Middleware/TrimStrings->handle(Object(Illuminate/Http/Request), Object(Closure))
#20 C:/Users/paulb/Documents/GitHub/Educom-Trainee-Dashboard/DashboardAPI/vendor/laravel/framework/src/Illuminate/Http/Middleware/ValidatePostSize.php(27): Illuminate/Pipeline/Pipeline->{closure:{closure:Illuminate/Pipeline/Pipeline::carry():194}:195}(Object(Illuminate/Http/Request))
#21 C:/Users/paulb/Documents/GitHub/Educom-Trainee-Dashboard/DashboardAPI/vendor/laravel/framework/src/Illuminate/Pipeline/Pipeline.php(219): Illuminate/Http/Middleware/ValidatePostSize->handle(Object(Illuminate/Http/Request), Object(Closure))
#22 C:/Users/paulb/Documents/GitHub/Educom-Trainee-Dashboard/DashboardAPI/vendor/laravel/framework/src/Illuminate/Foundation/Http/Middleware/PreventRequestsDuringMaintenance.php(109): Illuminate/Pipeline/Pipeline->{closure:{closure:Illuminate/Pipeline/Pipeline::carry():194}:195}(Object(Illuminate/Http/Request))
#23 C:/Users/paulb/Documents/GitHub/Educom-Trainee-Dashboard/DashboardAPI/vendor/laravel/framework/src/Illuminate/Pipeline/Pipeline.php(219): Illuminate/Foundation/Http/Middleware/PreventRequestsDuringMaintenance->handle(Object(Illuminate/Http/Request), Object(Closure))
#24 C:/Users/paulb/Documents/GitHub/Educom-Trainee-Dashboard/DashboardAPI/vendor/laravel/framework/src/Illuminate/Http/Middleware/HandleCors.php(74): Illuminate/Pipeline/Pipeline->{closure:{closure:Illuminate/Pipeline/Pipeline::carry():194}:195}(Object(Illuminate/Http/Request))
#25 C:/Users/paulb/Documents/GitHub/Educom-Trainee-Dashboard/DashboardAPI/vendor/laravel/framework/src/Illuminate/Pipeline/Pipeline.php(219): Illuminate/Http/Middleware/HandleCors->handle(Object(Illuminate/Http/Request), Object(Closure))
#26 C:/Users/paulb/Documents/GitHub/Educom-Trainee-Dashboard/DashboardAPI/vendor/laravel/framework/src/Illuminate/Http/Middleware/TrustProxies.php(58): Illuminate/Pipeline/Pipeline->{closure:{closure:Illuminate/Pipeline/Pipeline::carry():194}:195}(Object(Illuminate/Http/Request))
#27 C:/Users/paulb/Documents/GitHub/Educom-Trainee-Dashboard/DashboardAPI/vendor/laravel/framework/src/Illuminate/Pipeline/Pipeline.php(219): Illuminate/Http/Middleware/TrustProxies->handle(Object(Illuminate/Http/Request), Object(Closure))
#28 C:/Users/paulb/Documents/GitHub/Educom-Trainee-Dashboard/DashboardAPI/vendor/laravel/framework/src/Illuminate/Foundation/Http/Middleware/InvokeDeferredCallbacks.php(22): Illuminate/Pipeline/Pipeline->{closure:{closure:Illuminate/Pipeline/Pipeline::carry():194}:195}(Object(Illuminate/Http/Request))
#29 C:/Users/paulb/Documents/GitHub/Educom-Trainee-Dashboard/DashboardAPI/vendor/laravel/framework/src/Illuminate/Pipeline/Pipeline.php(219): Illuminate/Foundation/Http/Middleware/InvokeDeferredCallbacks->handle(Object(Illuminate/Http/Request), Object(Closure))
#30 C:/Users/paulb/Documents/GitHub/Educom-Trainee-Dashboard/DashboardAPI/vendor/laravel/framework/src/Illuminate/Http/Middleware/ValidatePathEncoding.php(28): Illuminate/Pipeline/Pipeline->{closure:{closure:Illuminate/Pipeline/Pipeline::carry():194}:195}(Object(Illuminate/Http/Request))
#31 C:/Users/paulb/Documents/GitHub/Educom-Trainee-Dashboard/DashboardAPI/vendor/laravel/framework/src/Illuminate/Pipeline/Pipeline.php(219): Illuminate/Http/Middleware/ValidatePathEncoding->handle(Object(Illuminate/Http/Request), Object(Closure))
#32 C:/Users/paulb/Documents/GitHub/Educom-Trainee-Dashboard/DashboardAPI/vendor/laravel/framework/src/Illuminate/Pipeline/Pipeline.php(137): Illuminate/Pipeline/Pipeline->{closure:{closure:Illuminate/Pipeline/Pipeline::carry():194}:195}(Object(Illuminate/Http/Request))
#33 C:/Users/paulb/Documents/GitHub/Educom-Trainee-Dashboard/DashboardAPI/vendor/laravel/framework/src/Illuminate/Foundation/Http/Kernel.php(175): Illuminate/Pipeline/Pipeline->then(Object(Closure))
#34 C:/Users/paulb/Documents/GitHub/Educom-Trainee-Dashboard/DashboardAPI/vendor/laravel/framework/src/Illuminate/Foundation/Http/Kernel.php(144): Illuminate/Foundation/Http/Kernel->sendRequestThroughRouter(Object(Illuminate/Http/Request))
#35 C:/Users/paulb/Documents/GitHub/Educom-Trainee-Dashboard/DashboardAPI/vendor/laravel/framework/src/Illuminate/Foundation/Testing/Concerns/MakesHttpRequests.php(607): Illuminate/Foundation/Http/Kernel->handle(Object(Illuminate/Http/Request))
#36 C:/Users/paulb/Documents/GitHub/Educom-Trainee-Dashboard/DashboardAPI/vendor/laravel/framework/src/Illuminate/Foundation/Testing/Concerns/MakesHttpRequests.php(368): Illuminate/Foundation/Testing/TestCase->call('GET', 'http://localhos...', Array, Array, Array, Array)
#37 C:/Users/paulb/Documents/GitHub/Educom-Trainee-Dashboard/DashboardAPI/tests/Feature/UsageTest.php(5): Illuminate/Foundation/Testing/TestCase->get('http://localhos...')
#38 C:/Users/paulb/Documents/GitHub/Educom-Trainee-Dashboard/DashboardAPI/vendor/pestphp/pest/src/Factories/TestCaseMethodFactory.php(177): P/Tests/Feature/UsageTest->{closure:C:/Users/paulb/Documents/GitHub/Educom-Trainee-Dashboard/DashboardAPI/tests/Feature/UsageTest.php:3}()
#39 [internal function]: P/Tests/Feature/UsageTest->{closure:Pest/Factories/TestCaseMethodFactory::getClosure():167}()
#40 C:/Users/paulb/Documents/GitHub/Educom-Trainee-Dashboard/DashboardAPI/vendor/pestphp/pest/src/Concerns/Testable.php(581): call_user_func_array(Object(Closure), Array)
#41 C:/Users/paulb/Documents/GitHub/Educom-Trainee-Dashboard/DashboardAPI/vendor/pestphp/pest/src/Support/ExceptionTrace.php(26): P/Tests/Feature/UsageTest->{closure:Pest/Concerns/Testable::__callClosure():581}()
#42 C:/Users/paulb/Documents/GitHub/Educom-Trainee-Dashboard/DashboardAPI/vendor/pestphp/pest/src/Concerns/Testable.php(581): Pest/Support/ExceptionTrace::ensure(Object(Closure))
#43 C:/Users/paulb/Documents/GitHub/Educom-Trainee-Dashboard/DashboardAPI/vendor/pestphp/pest/src/Concerns/Testable.php(403): P/Tests/Feature/UsageTest->__callClosure(Object(Closure), Array)
#44 C:/Users/paulb/Documents/GitHub/Educom-Trainee-Dashboard/DashboardAPI/vendor/pestphp/pest/src/Factories/TestCaseFactory.php(175) : eval()'d code(17): P/Tests/Feature/UsageTest->__runTest(Object(Closure))
#45 C:/Users/paulb/Documents/GitHub/Educom-Trainee-Dashboard/DashboardAPI/vendor/phpunit/phpunit/src/Framework/TestCase.php(1318): P/Tests/Feature/UsageTest->__pest_evaluable_FetchUsage()
#46 C:/Users/paulb/Documents/GitHub/Educom-Trainee-Dashboard/DashboardAPI/vendor/phpunit/phpunit/src/Framework/TestCase.php(1355): PHPUnit/Framework/TestCase->invokeTestMethod('__pest_evaluabl...', Array)
#47 C:/Users/paulb/Documents/GitHub/Educom-Trainee-Dashboard/DashboardAPI/vendor/phpunit/phpunit/src/Framework/TestCase.php(521): PHPUnit/Framework/TestCase->runTest()
#48 C:/Users/paulb/Documents/GitHub/Educom-Trainee-Dashboard/DashboardAPI/vendor/phpunit/phpunit/src/Framework/TestRunner/TestRunner.php(99): PHPUnit/Framework/TestCase->runBare()
#49 C:/Users/paulb/Documents/GitHub/Educom-Trainee-Dashboard/DashboardAPI/vendor/phpunit/phpunit/src/Framework/TestCase.php(361): PHPUnit/Framework/TestRunner->run(Object(P/Tests/Feature/UsageTest))
#50 C:/Users/paulb/Documents/GitHub/Educom-Trainee-Dashboard/DashboardAPI/vendor/phpunit/phpunit/src/Framework/TestSuite.php(374): PHPUnit/Framework/TestCase->run()
#51 C:/Users/paulb/Documents/GitHub/Educom-Trainee-Dashboard/DashboardAPI/vendor/phpunit/phpunit/src/Framework/TestSuite.php(374): PHPUnit/Framework/TestSuite->run()
#52 C:/Users/paulb/Documents/GitHub/Educom-Trainee-Dashboard/DashboardAPI/vendor/phpunit/phpunit/src/Framework/TestSuite.php(374): PHPUnit/Framework/TestSuite->run()
#53 C:/Users/paulb/Documents/GitHub/Educom-Trainee-Dashboard/DashboardAPI/vendor/phpunit/phpunit/src/TextUI/TestRunner.php(64): PHPUnit/Framework/TestSuite->run()
#54 C:/Users/paulb/Documents/GitHub/Educom-Trainee-Dashboard/DashboardAPI/vendor/phpunit/phpunit/src/TextUI/Application.php(229): PHPUnit/TextUI/TestRunner->run(Object(PHPUnit/TextUI/Configuration/Configuration), Object(PHPUnit/Runner/ResultCache/DefaultResultCache), Object(PHPUnit/Framework/TestSuite))
#55 C:/Users/paulb/Documents/GitHub/Educom-Trainee-Dashboard/DashboardAPI/vendor/pestphp/pest/src/Kernel.php(117): PHPUnit/TextUI/Application->run(Array)
#56 C:/Users/paulb/Documents/GitHub/Educom-Trainee-Dashboard/DashboardAPI/vendor/pestphp/pest/bin/pest(207): Pest/Kernel->handle(Array, Array)
#57 C:/Users/paulb/Documents/GitHub/Educom-Trainee-Dashboard/DashboardAPI/vendor/pestphp/pest/bin/pest(215): {closure:C:/Users/paulb/Documents/GitHub/Educom-Trainee-Dashboard/DashboardAPI/vendor/pestphp/pest/bin/pest:21}()
#58 {main}
"} 
[2026-07-20 14:25:00] local.ERROR: Class "App\Models\Usage" not found {"exception":"[object] (Error(code: 0): Class \"App\\Models\\Usage\" not found at C:/Users/paulb/Documents/GitHub/Educom-Trainee-Dashboard/DashboardAPI/app/Http/Controllers/UsageController.php:48)
[stacktrace]
#0 C:/Users/paulb/Documents/GitHub/Educom-Trainee-Dashboard/DashboardAPI/vendor/laravel/framework/src/Illuminate/Routing/ControllerDispatcher.php(46): App/Http/Controllers/UsageController->FetchUsage()
#1 C:/Users/paulb/Documents/GitHub/Educom-Trainee-Dashboard/DashboardAPI/vendor/laravel/framework/src/Illuminate/Routing/Route.php(275): Illuminate/Routing/ControllerDispatcher->dispatch(Object(Illuminate/Routing/Route), Object(App/Http/Controllers/UsageController), 'FetchUsage')
#2 C:/Users/paulb/Documents/GitHub/Educom-Trainee-Dashboard/DashboardAPI/vendor/laravel/framework/src/Illuminate/Routing/Route.php(215): Illuminate/Routing/Route->runController()
#3 C:/Users/paulb/Documents/GitHub/Educom-Trainee-Dashboard/DashboardAPI/vendor/laravel/framework/src/Illuminate/Routing/Router.php(822): Illuminate/Routing/Route->run()
#4 C:/Users/paulb/Documents/GitHub/Educom-Trainee-Dashboard/DashboardAPI/vendor/laravel/framework/src/Illuminate/Pipeline/Pipeline.php(180): Illuminate/Routing/Router->{closure:Illuminate/Routing/Router::runRouteWithinStack():821}(Object(Illuminate/Http/Request))
#5 C:/Users/paulb/Documents/GitHub/Educom-Trainee-Dashboard/DashboardAPI/vendor/laravel/framework/src/Illuminate/Routing/Middleware/SubstituteBindings.php(52): Illuminate/Pipeline/Pipeline->{closure:Illuminate/Pipeline/Pipeline::prepareDestination():178}(Object(Illuminate/Http/Request))
#6 C:/Users/paulb/Documents/GitHub/Educom-Trainee-Dashboard/DashboardAPI/vendor/laravel/framework/src/Illuminate/Pipeline/Pipeline.php(219): Illuminate/Routing/Middleware/SubstituteBindings->handle(Object(Illuminate/Http/Request), Object(Closure))
#7 C:/Users/paulb/Documents/GitHub/Educom-Trainee-Dashboard/DashboardAPI/vendor/laravel/framework/src/Illuminate/Pipeline/Pipeline.php(137): Illuminate/Pipeline/Pipeline->{closure:{closure:Illuminate/Pipeline/Pipeline::carry():194}:195}(Object(Illuminate/Http/Request))
#8 C:/Users/paulb/Documents/GitHub/Educom-Trainee-Dashboard/DashboardAPI/vendor/laravel/framework/src/Illuminate/Routing/Router.php(821): Illuminate/Pipeline/Pipeline->then(Object(Closure))
#9 C:/Users/paulb/Documents/GitHub/Educom-Trainee-Dashboard/DashboardAPI/vendor/laravel/framework/src/Illuminate/Routing/Router.php(800): Illuminate/Routing/Router->runRouteWithinStack(Object(Illuminate/Routing/Route), Object(Illuminate/Http/Request))
#10 C:/Users/paulb/Documents/GitHub/Educom-Trainee-Dashboard/DashboardAPI/vendor/laravel/framework/src/Illuminate/Routing/Router.php(764): Illuminate/Routing/Router->runRoute(Object(Illuminate/Http/Request), Object(Illuminate/Routing/Route))
#11 C:/Users/paulb/Documents/GitHub/Educom-Trainee-Dashboard/DashboardAPI/vendor/laravel/framework/src/Illuminate/Routing/Router.php(753): Illuminate/Routing/Router->dispatchToRoute(Object(Illuminate/Http/Request))
#12 C:/Users/paulb/Documents/GitHub/Educom-Trainee-Dashboard/DashboardAPI/vendor/laravel/framework/src/Illuminate/Foundation/Http/Kernel.php(200): Illuminate/Routing/Router->dispatch(Object(Illuminate/Http/Request))
#13 C:/Users/paulb/Documents/GitHub/Educom-Trainee-Dashboard/DashboardAPI/vendor/laravel/framework/src/Illuminate/Pipeline/Pipeline.php(180): Illuminate/Foundation/Http/Kernel->{closure:Illuminate/Foundation/Http/Kernel::dispatchToRouter():197}(Object(Illuminate/Http/Request))
#14 C:/Users/paulb/Documents/GitHub/Educom-Trainee-Dashboard/DashboardAPI/vendor/laravel/framework/src/Illuminate/Foundation/Http/Middleware/TransformsRequest.php(21): Illuminate/Pipeline/Pipeline->{closure:Illuminate/Pipeline/Pipeline::prepareDestination():178}(Object(Illuminate/Http/Request))
#15 C:/Users/paulb/Documents/GitHub/Educom-Trainee-Dashboard/DashboardAPI/vendor/laravel/framework/src/Illuminate/Foundation/Http/Middleware/ConvertEmptyStringsToNull.php(31): Illuminate/Foundation/Http/Middleware/TransformsRequest->handle(Object(Illuminate/Http/Request), Object(Closure))
#16 C:/Users/paulb/Documents/GitHub/Educom-Trainee-Dashboard/DashboardAPI/vendor/laravel/framework/src/Illuminate/Pipeline/Pipeline.php(219): Illuminate/Foundation/Http/Middleware/ConvertEmptyStringsToNull->handle(Object(Illuminate/Http/Request), Object(Closure))
#17 C:/Users/paulb/Documents/GitHub/Educom-Trainee-Dashboard/DashboardAPI/vendor/laravel/framework/src/Illuminate/Foundation/Http/Middleware/TransformsRequest.php(21): Illuminate/Pipeline/Pipeline->{closure:{closure:Illuminate/Pipeline/Pipeline::carry():194}:195}(Object(Illuminate/Http/Request))
#18 C:/Users/paulb/Documents/GitHub/Educom-Trainee-Dashboard/DashboardAPI/vendor/laravel/framework/src/Illuminate/Foundation/Http/Middleware/TrimStrings.php(51): Illuminate/Foundation/Http/Middleware/TransformsRequest->handle(Object(Illuminate/Http/Request), Object(Closure))
#19 C:/Users/paulb/Documents/GitHub/Educom-Trainee-Dashboard/DashboardAPI/vendor/laravel/framework/src/Illuminate/Pipeline/Pipeline.php(219): Illuminate/Foundation/Http/Middleware/TrimStrings->handle(Object(Illuminate/Http/Request), Object(Closure))
#20 C:/Users/paulb/Documents/GitHub/Educom-Trainee-Dashboard/DashboardAPI/vendor/laravel/framework/src/Illuminate/Http/Middleware/ValidatePostSize.php(27): Illuminate/Pipeline/Pipeline->{closure:{closure:Illuminate/Pipeline/Pipeline::carry():194}:195}(Object(Illuminate/Http/Request))
#21 C:/Users/paulb/Documents/GitHub/Educom-Trainee-Dashboard/DashboardAPI/vendor/laravel/framework/src/Illuminate/Pipeline/Pipeline.php(219): Illuminate/Http/Middleware/ValidatePostSize->handle(Object(Illuminate/Http/Request), Object(Closure))
#22 C:/Users/paulb/Documents/GitHub/Educom-Trainee-Dashboard/DashboardAPI/vendor/laravel/framework/src/Illuminate/Foundation/Http/Middleware/PreventRequestsDuringMaintenance.php(109): Illuminate/Pipeline/Pipeline->{closure:{closure:Illuminate/Pipeline/Pipeline::carry():194}:195}(Object(Illuminate/Http/Request))
#23 C:/Users/paulb/Documents/GitHub/Educom-Trainee-Dashboard/DashboardAPI/vendor/laravel/framework/src/Illuminate/Pipeline/Pipeline.php(219): Illuminate/Foundation/Http/Middleware/PreventRequestsDuringMaintenance->handle(Object(Illuminate/Http/Request), Object(Closure))
#24 C:/Users/paulb/Documents/GitHub/Educom-Trainee-Dashboard/DashboardAPI/vendor/laravel/framework/src/Illuminate/Http/Middleware/HandleCors.php(74): Illuminate/Pipeline/Pipeline->{closure:{closure:Illuminate/Pipeline/Pipeline::carry():194}:195}(Object(Illuminate/Http/Request))
#25 C:/Users/paulb/Documents/GitHub/Educom-Trainee-Dashboard/DashboardAPI/vendor/laravel/framework/src/Illuminate/Pipeline/Pipeline.php(219): Illuminate/Http/Middleware/HandleCors->handle(Object(Illuminate/Http/Request), Object(Closure))
#26 C:/Users/paulb/Documents/GitHub/Educom-Trainee-Dashboard/DashboardAPI/vendor/laravel/framework/src/Illuminate/Http/Middleware/TrustProxies.php(58): Illuminate/Pipeline/Pipeline->{closure:{closure:Illuminate/Pipeline/Pipeline::carry():194}:195}(Object(Illuminate/Http/Request))
#27 C:/Users/paulb/Documents/GitHub/Educom-Trainee-Dashboard/DashboardAPI/vendor/laravel/framework/src/Illuminate/Pipeline/Pipeline.php(219): Illuminate/Http/Middleware/TrustProxies->handle(Object(Illuminate/Http/Request), Object(Closure))
#28 C:/Users/paulb/Documents/GitHub/Educom-Trainee-Dashboard/DashboardAPI/vendor/laravel/framework/src/Illuminate/Foundation/Http/Middleware/InvokeDeferredCallbacks.php(22): Illuminate/Pipeline/Pipeline->{closure:{closure:Illuminate/Pipeline/Pipeline::carry():194}:195}(Object(Illuminate/Http/Request))
#29 C:/Users/paulb/Documents/GitHub/Educom-Trainee-Dashboard/DashboardAPI/vendor/laravel/framework/src/Illuminate/Pipeline/Pipeline.php(219): Illuminate/Foundation/Http/Middleware/InvokeDeferredCallbacks->handle(Object(Illuminate/Http/Request), Object(Closure))
#30 C:/Users/paulb/Documents/GitHub/Educom-Trainee-Dashboard/DashboardAPI/vendor/laravel/framework/src/Illuminate/Http/Middleware/ValidatePathEncoding.php(28): Illuminate/Pipeline/Pipeline->{closure:{closure:Illuminate/Pipeline/Pipeline::carry():194}:195}(Object(Illuminate/Http/Request))
#31 C:/Users/paulb/Documents/GitHub/Educom-Trainee-Dashboard/DashboardAPI/vendor/laravel/framework/src/Illuminate/Pipeline/Pipeline.php(219): Illuminate/Http/Middleware/ValidatePathEncoding->handle(Object(Illuminate/Http/Request), Object(Closure))
#32 C:/Users/paulb/Documents/GitHub/Educom-Trainee-Dashboard/DashboardAPI/vendor/laravel/framework/src/Illuminate/Pipeline/Pipeline.php(137): Illuminate/Pipeline/Pipeline->{closure:{closure:Illuminate/Pipeline/Pipeline::carry():194}:195}(Object(Illuminate/Http/Request))
#33 C:/Users/paulb/Documents/GitHub/Educom-Trainee-Dashboard/DashboardAPI/vendor/laravel/framework/src/Illuminate/Foundation/Http/Kernel.php(175): Illuminate/Pipeline/Pipeline->then(Object(Closure))
#34 C:/Users/paulb/Documents/GitHub/Educom-Trainee-Dashboard/DashboardAPI/vendor/laravel/framework/src/Illuminate/Foundation/Http/Kernel.php(144): Illuminate/Foundation/Http/Kernel->sendRequestThroughRouter(Object(Illuminate/Http/Request))
#35 C:/Users/paulb/Documents/GitHub/Educom-Trainee-Dashboard/DashboardAPI/vendor/laravel/framework/src/Illuminate/Foundation/Application.php(1220): Illuminate/Foundation/Http/Kernel->handle(Object(Illuminate/Http/Request))
#36 C:/Users/paulb/Documents/GitHub/Educom-Trainee-Dashboard/DashboardAPI/public/index.php(20): Illuminate/Foundation/Application->handleRequest(Object(Illuminate/Http/Request))
#37 C:/Users/paulb/Documents/GitHub/Educom-Trainee-Dashboard/DashboardAPI/vendor/laravel/framework/src/Illuminate/Foundation/resources/server.php(23): require_once('C://Users//paulb//...')
#38 {main}
"} 
[2026-07-20 14:25:16] testing.ERROR: Call to undefined method App\Models\User::Usage() {"exception":"[object] (BadMethodCallException(code: 0): Call to undefined method App\\Models\\User::Usage() at C:/Users/paulb/Documents/GitHub/Educom-Trainee-Dashboard/DashboardAPI/vendor/laravel/framework/src/Illuminate/Support/Traits/ForwardsCalls.php:67)
[stacktrace]
#0 C:/Users/paulb/Documents/GitHub/Educom-Trainee-Dashboard/DashboardAPI/vendor/laravel/framework/src/Illuminate/Support/Traits/ForwardsCalls.php(36): Illuminate/Database/Eloquent/Model::throwBadMethodCallException('Usage')
#1 C:/Users/paulb/Documents/GitHub/Educom-Trainee-Dashboard/DashboardAPI/vendor/laravel/framework/src/Illuminate/Database/Eloquent/Model.php(2809): Illuminate/Database/Eloquent/Model->forwardCallTo(Object(Illuminate/Database/Eloquent/Builder), 'Usage', Array)
#2 C:/Users/paulb/Documents/GitHub/Educom-Trainee-Dashboard/DashboardAPI/app/Http/Controllers/UsageController.php(50): Illuminate/Database/Eloquent/Model->__call('Usage', Array)
#3 C:/Users/paulb/Documents/GitHub/Educom-Trainee-Dashboard/DashboardAPI/vendor/laravel/framework/src/Illuminate/Routing/ControllerDispatcher.php(46): App/Http/Controllers/UsageController->FetchUsage()
#4 C:/Users/paulb/Documents/GitHub/Educom-Trainee-Dashboard/DashboardAPI/vendor/laravel/framework/src/Illuminate/Routing/Route.php(275): Illuminate/Routing/ControllerDispatcher->dispatch(Object(Illuminate/Routing/Route), Object(App/Http/Controllers/UsageController), 'FetchUsage')
#5 C:/Users/paulb/Documents/GitHub/Educom-Trainee-Dashboard/DashboardAPI/vendor/laravel/framework/src/Illuminate/Routing/Route.php(215): Illuminate/Routing/Route->runController()
#6 C:/Users/paulb/Documents/GitHub/Educom-Trainee-Dashboard/DashboardAPI/vendor/laravel/framework/src/Illuminate/Routing/Router.php(822): Illuminate/Routing/Route->run()
#7 C:/Users/paulb/Documents/GitHub/Educom-Trainee-Dashboard/DashboardAPI/vendor/laravel/framework/src/Illuminate/Pipeline/Pipeline.php(180): Illuminate/Routing/Router->{closure:Illuminate/Routing/Router::runRouteWithinStack():821}(Object(Illuminate/Http/Request))
#8 C:/Users/paulb/Documents/GitHub/Educom-Trainee-Dashboard/DashboardAPI/vendor/laravel/framework/src/Illuminate/Routing/Middleware/SubstituteBindings.php(52): Illuminate/Pipeline/Pipeline->{closure:Illuminate/Pipeline/Pipeline::prepareDestination():178}(Object(Illuminate/Http/Request))
#9 C:/Users/paulb/Documents/GitHub/Educom-Trainee-Dashboard/DashboardAPI/vendor/laravel/framework/src/Illuminate/Pipeline/Pipeline.php(219): Illuminate/Routing/Middleware/SubstituteBindings->handle(Object(Illuminate/Http/Request), Object(Closure))
#10 C:/Users/paulb/Documents/GitHub/Educom-Trainee-Dashboard/DashboardAPI/vendor/laravel/framework/src/Illuminate/Pipeline/Pipeline.php(137): Illuminate/Pipeline/Pipeline->{closure:{closure:Illuminate/Pipeline/Pipeline::carry():194}:195}(Object(Illuminate/Http/Request))
#11 C:/Users/paulb/Documents/GitHub/Educom-Trainee-Dashboard/DashboardAPI/vendor/laravel/framework/src/Illuminate/Routing/Router.php(821): Illuminate/Pipeline/Pipeline->then(Object(Closure))
#12 C:/Users/paulb/Documents/GitHub/Educom-Trainee-Dashboard/DashboardAPI/vendor/laravel/framework/src/Illuminate/Routing/Router.php(800): Illuminate/Routing/Router->runRouteWithinStack(Object(Illuminate/Routing/Route), Object(Illuminate/Http/Request))
#13 C:/Users/paulb/Documents/GitHub/Educom-Trainee-Dashboard/DashboardAPI/vendor/laravel/framework/src/Illuminate/Routing/Router.php(764): Illuminate/Routing/Router->runRoute(Object(Illuminate/Http/Request), Object(Illuminate/Routing/Route))
#14 C:/Users/paulb/Documents/GitHub/Educom-Trainee-Dashboard/DashboardAPI/vendor/laravel/framework/src/Illuminate/Routing/Router.php(753): Illuminate/Routing/Router->dispatchToRoute(Object(Illuminate/Http/Request))
#15 C:/Users/paulb/Documents/GitHub/Educom-Trainee-Dashboard/DashboardAPI/vendor/laravel/framework/src/Illuminate/Foundation/Http/Kernel.php(200): Illuminate/Routing/Router->dispatch(Object(Illuminate/Http/Request))
#16 C:/Users/paulb/Documents/GitHub/Educom-Trainee-Dashboard/DashboardAPI/vendor/laravel/framework/src/Illuminate/Pipeline/Pipeline.php(180): Illuminate/Foundation/Http/Kernel->{closure:Illuminate/Foundation/Http/Kernel::dispatchToRouter():197}(Object(Illuminate/Http/Request))
#17 C:/Users/paulb/Documents/GitHub/Educom-Trainee-Dashboard/DashboardAPI/vendor/laravel/framework/src/Illuminate/Foundation/Http/Middleware/TransformsRequest.php(21): Illuminate/Pipeline/Pipeline->{closure:Illuminate/Pipeline/Pipeline::prepareDestination():178}(Object(Illuminate/Http/Request))
#18 C:/Users/paulb/Documents/GitHub/Educom-Trainee-Dashboard/DashboardAPI/vendor/laravel/framework/src/Illuminate/Foundation/Http/Middleware/ConvertEmptyStringsToNull.php(31): Illuminate/Foundation/Http/Middleware/TransformsRequest->handle(Object(Illuminate/Http/Request), Object(Closure))
#19 C:/Users/paulb/Documents/GitHub/Educom-Trainee-Dashboard/DashboardAPI/vendor/laravel/framework/src/Illuminate/Pipeline/Pipeline.php(219): Illuminate/Foundation/Http/Middleware/ConvertEmptyStringsToNull->handle(Object(Illuminate/Http/Request), Object(Closure))
#20 C:/Users/paulb/Documents/GitHub/Educom-Trainee-Dashboard/DashboardAPI/vendor/laravel/framework/src/Illuminate/Foundation/Http/Middleware/TransformsRequest.php(21): Illuminate/Pipeline/Pipeline->{closure:{closure:Illuminate/Pipeline/Pipeline::carry():194}:195}(Object(Illuminate/Http/Request))
#21 C:/Users/paulb/Documents/GitHub/Educom-Trainee-Dashboard/DashboardAPI/vendor/laravel/framework/src/Illuminate/Foundation/Http/Middleware/TrimStrings.php(51): Illuminate/Foundation/Http/Middleware/TransformsRequest->handle(Object(Illuminate/Http/Request), Object(Closure))
#22 C:/Users/paulb/Documents/GitHub/Educom-Trainee-Dashboard/DashboardAPI/vendor/laravel/framework/src/Illuminate/Pipeline/Pipeline.php(219): Illuminate/Foundation/Http/Middleware/TrimStrings->handle(Object(Illuminate/Http/Request), Object(Closure))
#23 C:/Users/paulb/Documents/GitHub/Educom-Trainee-Dashboard/DashboardAPI/vendor/laravel/framework/src/Illuminate/Http/Middleware/ValidatePostSize.php(27): Illuminate/Pipeline/Pipeline->{closure:{closure:Illuminate/Pipeline/Pipeline::carry():194}:195}(Object(Illuminate/Http/Request))
#24 C:/Users/paulb/Documents/GitHub/Educom-Trainee-Dashboard/DashboardAPI/vendor/laravel/framework/src/Illuminate/Pipeline/Pipeline.php(219): Illuminate/Http/Middleware/ValidatePostSize->handle(Object(Illuminate/Http/Request), Object(Closure))
#25 C:/Users/paulb/Documents/GitHub/Educom-Trainee-Dashboard/DashboardAPI/vendor/laravel/framework/src/Illuminate/Foundation/Http/Middleware/PreventRequestsDuringMaintenance.php(109): Illuminate/Pipeline/Pipeline->{closure:{closure:Illuminate/Pipeline/Pipeline::carry():194}:195}(Object(Illuminate/Http/Request))
#26 C:/Users/paulb/Documents/GitHub/Educom-Trainee-Dashboard/DashboardAPI/vendor/laravel/framework/src/Illuminate/Pipeline/Pipeline.php(219): Illuminate/Foundation/Http/Middleware/PreventRequestsDuringMaintenance->handle(Object(Illuminate/Http/Request), Object(Closure))
#27 C:/Users/paulb/Documents/GitHub/Educom-Trainee-Dashboard/DashboardAPI/vendor/laravel/framework/src/Illuminate/Http/Middleware/HandleCors.php(74): Illuminate/Pipeline/Pipeline->{closure:{closure:Illuminate/Pipeline/Pipeline::carry():194}:195}(Object(Illuminate/Http/Request))
#28 C:/Users/paulb/Documents/GitHub/Educom-Trainee-Dashboard/DashboardAPI/vendor/laravel/framework/src/Illuminate/Pipeline/Pipeline.php(219): Illuminate/Http/Middleware/HandleCors->handle(Object(Illuminate/Http/Request), Object(Closure))
#29 C:/Users/paulb/Documents/GitHub/Educom-Trainee-Dashboard/DashboardAPI/vendor/laravel/framework/src/Illuminate/Http/Middleware/TrustProxies.php(58): Illuminate/Pipeline/Pipeline->{closure:{closure:Illuminate/Pipeline/Pipeline::carry():194}:195}(Object(Illuminate/Http/Request))
#30 C:/Users/paulb/Documents/GitHub/Educom-Trainee-Dashboard/DashboardAPI/vendor/laravel/framework/src/Illuminate/Pipeline/Pipeline.php(219): Illuminate/Http/Middleware/TrustProxies->handle(Object(Illuminate/Http/Request), Object(Closure))
#31 C:/Users/paulb/Documents/GitHub/Educom-Trainee-Dashboard/DashboardAPI/vendor/laravel/framework/src/Illuminate/Foundation/Http/Middleware/InvokeDeferredCallbacks.php(22): Illuminate/Pipeline/Pipeline->{closure:{closure:Illuminate/Pipeline/Pipeline::carry():194}:195}(Object(Illuminate/Http/Request))
#32 C:/Users/paulb/Documents/GitHub/Educom-Trainee-Dashboard/DashboardAPI/vendor/laravel/framework/src/Illuminate/Pipeline/Pipeline.php(219): Illuminate/Foundation/Http/Middleware/InvokeDeferredCallbacks->handle(Object(Illuminate/Http/Request), Object(Closure))
#33 C:/Users/paulb/Documents/GitHub/Educom-Trainee-Dashboard/DashboardAPI/vendor/laravel/framework/src/Illuminate/Http/Middleware/ValidatePathEncoding.php(28): Illuminate/Pipeline/Pipeline->{closure:{closure:Illuminate/Pipeline/Pipeline::carry():194}:195}(Object(Illuminate/Http/Request))
#34 C:/Users/paulb/Documents/GitHub/Educom-Trainee-Dashboard/DashboardAPI/vendor/laravel/framework/src/Illuminate/Pipeline/Pipeline.php(219): Illuminate/Http/Middleware/ValidatePathEncoding->handle(Object(Illuminate/Http/Request), Object(Closure))
#35 C:/Users/paulb/Documents/GitHub/Educom-Trainee-Dashboard/DashboardAPI/vendor/laravel/framework/src/Illuminate/Pipeline/Pipeline.php(137): Illuminate/Pipeline/Pipeline->{closure:{closure:Illuminate/Pipeline/Pipeline::carry():194}:195}(Object(Illuminate/Http/Request))
#36 C:/Users/paulb/Documents/GitHub/Educom-Trainee-Dashboard/DashboardAPI/vendor/laravel/framework/src/Illuminate/Foundation/Http/Kernel.php(175): Illuminate/Pipeline/Pipeline->then(Object(Closure))
#37 C:/Users/paulb/Documents/GitHub/Educom-Trainee-Dashboard/DashboardAPI/vendor/laravel/framework/src/Illuminate/Foundation/Http/Kernel.php(144): Illuminate/Foundation/Http/Kernel->sendRequestThroughRouter(Object(Illuminate/Http/Request))
#38 C:/Users/paulb/Documents/GitHub/Educom-Trainee-Dashboard/DashboardAPI/vendor/laravel/framework/src/Illuminate/Foundation/Testing/Concerns/MakesHttpRequests.php(607): Illuminate/Foundation/Http/Kernel->handle(Object(Illuminate/Http/Request))
#39 C:/Users/paulb/Documents/GitHub/Educom-Trainee-Dashboard/DashboardAPI/vendor/laravel/framework/src/Illuminate/Foundation/Testing/Concerns/MakesHttpRequests.php(368): Illuminate/Foundation/Testing/TestCase->call('GET', 'http://localhos...', Array, Array, Array, Array)
#40 C:/Users/paulb/Documents/GitHub/Educom-Trainee-Dashboard/DashboardAPI/tests/Feature/UsageTest.php(5): Illuminate/Foundation/Testing/TestCase->get('http://localhos...')
#41 C:/Users/paulb/Documents/GitHub/Educom-Trainee-Dashboard/DashboardAPI/vendor/pestphp/pest/src/Factories/TestCaseMethodFactory.php(177): P/Tests/Feature/UsageTest->{closure:C:/Users/paulb/Documents/GitHub/Educom-Trainee-Dashboard/DashboardAPI/tests/Feature/UsageTest.php:3}()
#42 [internal function]: P/Tests/Feature/UsageTest->{closure:Pest/Factories/TestCaseMethodFactory::getClosure():167}()
#43 C:/Users/paulb/Documents/GitHub/Educom-Trainee-Dashboard/DashboardAPI/vendor/pestphp/pest/src/Concerns/Testable.php(581): call_user_func_array(Object(Closure), Array)
#44 C:/Users/paulb/Documents/GitHub/Educom-Trainee-Dashboard/DashboardAPI/vendor/pestphp/pest/src/Support/ExceptionTrace.php(26): P/Tests/Feature/UsageTest->{closure:Pest/Concerns/Testable::__callClosure():581}()
#45 C:/Users/paulb/Documents/GitHub/Educom-Trainee-Dashboard/DashboardAPI/vendor/pestphp/pest/src/Concerns/Testable.php(581): Pest/Support/ExceptionTrace::ensure(Object(Closure))
#46 C:/Users/paulb/Documents/GitHub/Educom-Trainee-Dashboard/DashboardAPI/vendor/pestphp/pest/src/Concerns/Testable.php(403): P/Tests/Feature/UsageTest->__callClosure(Object(Closure), Array)
#47 C:/Users/paulb/Documents/GitHub/Educom-Trainee-Dashboard/DashboardAPI/vendor/pestphp/pest/src/Factories/TestCaseFactory.php(175) : eval()'d code(17): P/Tests/Feature/UsageTest->__runTest(Object(Closure))
#48 C:/Users/paulb/Documents/GitHub/Educom-Trainee-Dashboard/DashboardAPI/vendor/phpunit/phpunit/src/Framework/TestCase.php(1318): P/Tests/Feature/UsageTest->__pest_evaluable_FetchUsage()
#49 C:/Users/paulb/Documents/GitHub/Educom-Trainee-Dashboard/DashboardAPI/vendor/phpunit/phpunit/src/Framework/TestCase.php(1355): PHPUnit/Framework/TestCase->invokeTestMethod('__pest_evaluabl...', Array)
#50 C:/Users/paulb/Documents/GitHub/Educom-Trainee-Dashboard/DashboardAPI/vendor/phpunit/phpunit/src/Framework/TestCase.php(521): PHPUnit/Framework/TestCase->runTest()
#51 C:/Users/paulb/Documents/GitHub/Educom-Trainee-Dashboard/DashboardAPI/vendor/phpunit/phpunit/src/Framework/TestRunner/TestRunner.php(99): PHPUnit/Framework/TestCase->runBare()
#52 C:/Users/paulb/Documents/GitHub/Educom-Trainee-Dashboard/DashboardAPI/vendor/phpunit/phpunit/src/Framework/TestCase.php(361): PHPUnit/Framework/TestRunner->run(Object(P/Tests/Feature/UsageTest))
#53 C:/Users/paulb/Documents/GitHub/Educom-Trainee-Dashboard/DashboardAPI/vendor/phpunit/phpunit/src/Framework/TestSuite.php(374): PHPUnit/Framework/TestCase->run()
#54 C:/Users/paulb/Documents/GitHub/Educom-Trainee-Dashboard/DashboardAPI/vendor/phpunit/phpunit/src/Framework/TestSuite.php(374): PHPUnit/Framework/TestSuite->run()
#55 C:/Users/paulb/Documents/GitHub/Educom-Trainee-Dashboard/DashboardAPI/vendor/phpunit/phpunit/src/Framework/TestSuite.php(374): PHPUnit/Framework/TestSuite->run()
#56 C:/Users/paulb/Documents/GitHub/Educom-Trainee-Dashboard/DashboardAPI/vendor/phpunit/phpunit/src/TextUI/TestRunner.php(64): PHPUnit/Framework/TestSuite->run()
#57 C:/Users/paulb/Documents/GitHub/Educom-Trainee-Dashboard/DashboardAPI/vendor/phpunit/phpunit/src/TextUI/Application.php(229): PHPUnit/TextUI/TestRunner->run(Object(PHPUnit/TextUI/Configuration/Configuration), Object(PHPUnit/Runner/ResultCache/DefaultResultCache), Object(PHPUnit/Framework/TestSuite))
#58 C:/Users/paulb/Documents/GitHub/Educom-Trainee-Dashboard/DashboardAPI/vendor/pestphp/pest/src/Kernel.php(117): PHPUnit/TextUI/Application->run(Array)
#59 C:/Users/paulb/Documents/GitHub/Educom-Trainee-Dashboard/DashboardAPI/vendor/pestphp/pest/bin/pest(207): Pest/Kernel->handle(Array, Array)
#60 C:/Users/paulb/Documents/GitHub/Educom-Trainee-Dashboard/DashboardAPI/vendor/pestphp/pest/bin/pest(215): {closure:C:/Users/paulb/Documents/GitHub/Educom-Trainee-Dashboard/DashboardAPI/vendor/pestphp/pest/bin/pest:21}()
#61 {main}
"} 
[2026-07-20 14:25:30] testing.ERROR: Call to undefined method App\Models\User::Usage() {"exception":"[object] (BadMethodCallException(code: 0): Call to undefined method App\\Models\\User::Usage() at C:/Users/paulb/Documents/GitHub/Educom-Trainee-Dashboard/DashboardAPI/vendor/laravel/framework/src/Illuminate/Support/Traits/ForwardsCalls.php:67)
[stacktrace]
#0 C:/Users/paulb/Documents/GitHub/Educom-Trainee-Dashboard/DashboardAPI/vendor/laravel/framework/src/Illuminate/Support/Traits/ForwardsCalls.php(36): Illuminate/Database/Eloquent/Model::throwBadMethodCallException('Usage')
#1 C:/Users/paulb/Documents/GitHub/Educom-Trainee-Dashboard/DashboardAPI/vendor/laravel/framework/src/Illuminate/Database/Eloquent/Model.php(2809): Illuminate/Database/Eloquent/Model->forwardCallTo(Object(Illuminate/Database/Eloquent/Builder), 'Usage', Array)
#2 C:/Users/paulb/Documents/GitHub/Educom-Trainee-Dashboard/DashboardAPI/app/Http/Controllers/UsageController.php(50): Illuminate/Database/Eloquent/Model->__call('Usage', Array)
#3 C:/Users/paulb/Documents/GitHub/Educom-Trainee-Dashboard/DashboardAPI/vendor/laravel/framework/src/Illuminate/Routing/ControllerDispatcher.php(46): App/Http/Controllers/UsageController->FetchUsage()
#4 C:/Users/paulb/Documents/GitHub/Educom-Trainee-Dashboard/DashboardAPI/vendor/laravel/framework/src/Illuminate/Routing/Route.php(275): Illuminate/Routing/ControllerDispatcher->dispatch(Object(Illuminate/Routing/Route), Object(App/Http/Controllers/UsageController), 'FetchUsage')
#5 C:/Users/paulb/Documents/GitHub/Educom-Trainee-Dashboard/DashboardAPI/vendor/laravel/framework/src/Illuminate/Routing/Route.php(215): Illuminate/Routing/Route->runController()
#6 C:/Users/paulb/Documents/GitHub/Educom-Trainee-Dashboard/DashboardAPI/vendor/laravel/framework/src/Illuminate/Routing/Router.php(822): Illuminate/Routing/Route->run()
#7 C:/Users/paulb/Documents/GitHub/Educom-Trainee-Dashboard/DashboardAPI/vendor/laravel/framework/src/Illuminate/Pipeline/Pipeline.php(180): Illuminate/Routing/Router->{closure:Illuminate/Routing/Router::runRouteWithinStack():821}(Object(Illuminate/Http/Request))
#8 C:/Users/paulb/Documents/GitHub/Educom-Trainee-Dashboard/DashboardAPI/vendor/laravel/framework/src/Illuminate/Routing/Middleware/SubstituteBindings.php(52): Illuminate/Pipeline/Pipeline->{closure:Illuminate/Pipeline/Pipeline::prepareDestination():178}(Object(Illuminate/Http/Request))
#9 C:/Users/paulb/Documents/GitHub/Educom-Trainee-Dashboard/DashboardAPI/vendor/laravel/framework/src/Illuminate/Pipeline/Pipeline.php(219): Illuminate/Routing/Middleware/SubstituteBindings->handle(Object(Illuminate/Http/Request), Object(Closure))
#10 C:/Users/paulb/Documents/GitHub/Educom-Trainee-Dashboard/DashboardAPI/vendor/laravel/framework/src/Illuminate/Pipeline/Pipeline.php(137): Illuminate/Pipeline/Pipeline->{closure:{closure:Illuminate/Pipeline/Pipeline::carry():194}:195}(Object(Illuminate/Http/Request))
#11 C:/Users/paulb/Documents/GitHub/Educom-Trainee-Dashboard/DashboardAPI/vendor/laravel/framework/src/Illuminate/Routing/Router.php(821): Illuminate/Pipeline/Pipeline->then(Object(Closure))
#12 C:/Users/paulb/Documents/GitHub/Educom-Trainee-Dashboard/DashboardAPI/vendor/laravel/framework/src/Illuminate/Routing/Router.php(800): Illuminate/Routing/Router->runRouteWithinStack(Object(Illuminate/Routing/Route), Object(Illuminate/Http/Request))
#13 C:/Users/paulb/Documents/GitHub/Educom-Trainee-Dashboard/DashboardAPI/vendor/laravel/framework/src/Illuminate/Routing/Router.php(764): Illuminate/Routing/Router->runRoute(Object(Illuminate/Http/Request), Object(Illuminate/Routing/Route))
#14 C:/Users/paulb/Documents/GitHub/Educom-Trainee-Dashboard/DashboardAPI/vendor/laravel/framework/src/Illuminate/Routing/Router.php(753): Illuminate/Routing/Router->dispatchToRoute(Object(Illuminate/Http/Request))
#15 C:/Users/paulb/Documents/GitHub/Educom-Trainee-Dashboard/DashboardAPI/vendor/laravel/framework/src/Illuminate/Foundation/Http/Kernel.php(200): Illuminate/Routing/Router->dispatch(Object(Illuminate/Http/Request))
#16 C:/Users/paulb/Documents/GitHub/Educom-Trainee-Dashboard/DashboardAPI/vendor/laravel/framework/src/Illuminate/Pipeline/Pipeline.php(180): Illuminate/Foundation/Http/Kernel->{closure:Illuminate/Foundation/Http/Kernel::dispatchToRouter():197}(Object(Illuminate/Http/Request))
#17 C:/Users/paulb/Documents/GitHub/Educom-Trainee-Dashboard/DashboardAPI/vendor/laravel/framework/src/Illuminate/Foundation/Http/Middleware/TransformsRequest.php(21): Illuminate/Pipeline/Pipeline->{closure:Illuminate/Pipeline/Pipeline::prepareDestination():178}(Object(Illuminate/Http/Request))
#18 C:/Users/paulb/Documents/GitHub/Educom-Trainee-Dashboard/DashboardAPI/vendor/laravel/framework/src/Illuminate/Foundation/Http/Middleware/ConvertEmptyStringsToNull.php(31): Illuminate/Foundation/Http/Middleware/TransformsRequest->handle(Object(Illuminate/Http/Request), Object(Closure))
#19 C:/Users/paulb/Documents/GitHub/Educom-Trainee-Dashboard/DashboardAPI/vendor/laravel/framework/src/Illuminate/Pipeline/Pipeline.php(219): Illuminate/Foundation/Http/Middleware/ConvertEmptyStringsToNull->handle(Object(Illuminate/Http/Request), Object(Closure))
#20 C:/Users/paulb/Documents/GitHub/Educom-Trainee-Dashboard/DashboardAPI/vendor/laravel/framework/src/Illuminate/Foundation/Http/Middleware/TransformsRequest.php(21): Illuminate/Pipeline/Pipeline->{closure:{closure:Illuminate/Pipeline/Pipeline::carry():194}:195}(Object(Illuminate/Http/Request))
#21 C:/Users/paulb/Documents/GitHub/Educom-Trainee-Dashboard/DashboardAPI/vendor/laravel/framework/src/Illuminate/Foundation/Http/Middleware/TrimStrings.php(51): Illuminate/Foundation/Http/Middleware/TransformsRequest->handle(Object(Illuminate/Http/Request), Object(Closure))
#22 C:/Users/paulb/Documents/GitHub/Educom-Trainee-Dashboard/DashboardAPI/vendor/laravel/framework/src/Illuminate/Pipeline/Pipeline.php(219): Illuminate/Foundation/Http/Middleware/TrimStrings->handle(Object(Illuminate/Http/Request), Object(Closure))
#23 C:/Users/paulb/Documents/GitHub/Educom-Trainee-Dashboard/DashboardAPI/vendor/laravel/framework/src/Illuminate/Http/Middleware/ValidatePostSize.php(27): Illuminate/Pipeline/Pipeline->{closure:{closure:Illuminate/Pipeline/Pipeline::carry():194}:195}(Object(Illuminate/Http/Request))
#24 C:/Users/paulb/Documents/GitHub/Educom-Trainee-Dashboard/DashboardAPI/vendor/laravel/framework/src/Illuminate/Pipeline/Pipeline.php(219): Illuminate/Http/Middleware/ValidatePostSize->handle(Object(Illuminate/Http/Request), Object(Closure))
#25 C:/Users/paulb/Documents/GitHub/Educom-Trainee-Dashboard/DashboardAPI/vendor/laravel/framework/src/Illuminate/Foundation/Http/Middleware/PreventRequestsDuringMaintenance.php(109): Illuminate/Pipeline/Pipeline->{closure:{closure:Illuminate/Pipeline/Pipeline::carry():194}:195}(Object(Illuminate/Http/Request))
#26 C:/Users/paulb/Documents/GitHub/Educom-Trainee-Dashboard/DashboardAPI/vendor/laravel/framework/src/Illuminate/Pipeline/Pipeline.php(219): Illuminate/Foundation/Http/Middleware/PreventRequestsDuringMaintenance->handle(Object(Illuminate/Http/Request), Object(Closure))
#27 C:/Users/paulb/Documents/GitHub/Educom-Trainee-Dashboard/DashboardAPI/vendor/laravel/framework/src/Illuminate/Http/Middleware/HandleCors.php(74): Illuminate/Pipeline/Pipeline->{closure:{closure:Illuminate/Pipeline/Pipeline::carry():194}:195}(Object(Illuminate/Http/Request))
#28 C:/Users/paulb/Documents/GitHub/Educom-Trainee-Dashboard/DashboardAPI/vendor/laravel/framework/src/Illuminate/Pipeline/Pipeline.php(219): Illuminate/Http/Middleware/HandleCors->handle(Object(Illuminate/Http/Request), Object(Closure))
#29 C:/Users/paulb/Documents/GitHub/Educom-Trainee-Dashboard/DashboardAPI/vendor/laravel/framework/src/Illuminate/Http/Middleware/TrustProxies.php(58): Illuminate/Pipeline/Pipeline->{closure:{closure:Illuminate/Pipeline/Pipeline::carry():194}:195}(Object(Illuminate/Http/Request))
#30 C:/Users/paulb/Documents/GitHub/Educom-Trainee-Dashboard/DashboardAPI/vendor/laravel/framework/src/Illuminate/Pipeline/Pipeline.php(219): Illuminate/Http/Middleware/TrustProxies->handle(Object(Illuminate/Http/Request), Object(Closure))
#31 C:/Users/paulb/Documents/GitHub/Educom-Trainee-Dashboard/DashboardAPI/vendor/laravel/framework/src/Illuminate/Foundation/Http/Middleware/InvokeDeferredCallbacks.php(22): Illuminate/Pipeline/Pipeline->{closure:{closure:Illuminate/Pipeline/Pipeline::carry():194}:195}(Object(Illuminate/Http/Request))
#32 C:/Users/paulb/Documents/GitHub/Educom-Trainee-Dashboard/DashboardAPI/vendor/laravel/framework/src/Illuminate/Pipeline/Pipeline.php(219): Illuminate/Foundation/Http/Middleware/InvokeDeferredCallbacks->handle(Object(Illuminate/Http/Request), Object(Closure))
#33 C:/Users/paulb/Documents/GitHub/Educom-Trainee-Dashboard/DashboardAPI/vendor/laravel/framework/src/Illuminate/Http/Middleware/ValidatePathEncoding.php(28): Illuminate/Pipeline/Pipeline->{closure:{closure:Illuminate/Pipeline/Pipeline::carry():194}:195}(Object(Illuminate/Http/Request))
#34 C:/Users/paulb/Documents/GitHub/Educom-Trainee-Dashboard/DashboardAPI/vendor/laravel/framework/src/Illuminate/Pipeline/Pipeline.php(219): Illuminate/Http/Middleware/ValidatePathEncoding->handle(Object(Illuminate/Http/Request), Object(Closure))
#35 C:/Users/paulb/Documents/GitHub/Educom-Trainee-Dashboard/DashboardAPI/vendor/laravel/framework/src/Illuminate/Pipeline/Pipeline.php(137): Illuminate/Pipeline/Pipeline->{closure:{closure:Illuminate/Pipeline/Pipeline::carry():194}:195}(Object(Illuminate/Http/Request))
#36 C:/Users/paulb/Documents/GitHub/Educom-Trainee-Dashboard/DashboardAPI/vendor/laravel/framework/src/Illuminate/Foundation/Http/Kernel.php(175): Illuminate/Pipeline/Pipeline->then(Object(Closure))
#37 C:/Users/paulb/Documents/GitHub/Educom-Trainee-Dashboard/DashboardAPI/vendor/laravel/framework/src/Illuminate/Foundation/Http/Kernel.php(144): Illuminate/Foundation/Http/Kernel->sendRequestThroughRouter(Object(Illuminate/Http/Request))
#38 C:/Users/paulb/Documents/GitHub/Educom-Trainee-Dashboard/DashboardAPI/vendor/laravel/framework/src/Illuminate/Foundation/Testing/Concerns/MakesHttpRequests.php(607): Illuminate/Foundation/Http/Kernel->handle(Object(Illuminate/Http/Request))
#39 C:/Users/paulb/Documents/GitHub/Educom-Trainee-Dashboard/DashboardAPI/vendor/laravel/framework/src/Illuminate/Foundation/Testing/Concerns/MakesHttpRequests.php(368): Illuminate/Foundation/Testing/TestCase->call('GET', 'http://localhos...', Array, Array, Array, Array)
#40 C:/Users/paulb/Documents/GitHub/Educom-Trainee-Dashboard/DashboardAPI/tests/Feature/UsageTest.php(5): Illuminate/Foundation/Testing/TestCase->get('http://localhos...')
#41 C:/Users/paulb/Documents/GitHub/Educom-Trainee-Dashboard/DashboardAPI/vendor/pestphp/pest/src/Factories/TestCaseMethodFactory.php(177): P/Tests/Feature/UsageTest->{closure:C:/Users/paulb/Documents/GitHub/Educom-Trainee-Dashboard/DashboardAPI/tests/Feature/UsageTest.php:3}()
#42 [internal function]: P/Tests/Feature/UsageTest->{closure:Pest/Factories/TestCaseMethodFactory::getClosure():167}()
#43 C:/Users/paulb/Documents/GitHub/Educom-Trainee-Dashboard/DashboardAPI/vendor/pestphp/pest/src/Concerns/Testable.php(581): call_user_func_array(Object(Closure), Array)
#44 C:/Users/paulb/Documents/GitHub/Educom-Trainee-Dashboard/DashboardAPI/vendor/pestphp/pest/src/Support/ExceptionTrace.php(26): P/Tests/Feature/UsageTest->{closure:Pest/Concerns/Testable::__callClosure():581}()
#45 C:/Users/paulb/Documents/GitHub/Educom-Trainee-Dashboard/DashboardAPI/vendor/pestphp/pest/src/Concerns/Testable.php(581): Pest/Support/ExceptionTrace::ensure(Object(Closure))
#46 C:/Users/paulb/Documents/GitHub/Educom-Trainee-Dashboard/DashboardAPI/vendor/pestphp/pest/src/Concerns/Testable.php(403): P/Tests/Feature/UsageTest->__callClosure(Object(Closure), Array)
#47 C:/Users/paulb/Documents/GitHub/Educom-Trainee-Dashboard/DashboardAPI/vendor/pestphp/pest/src/Factories/TestCaseFactory.php(175) : eval()'d code(17): P/Tests/Feature/UsageTest->__runTest(Object(Closure))
#48 C:/Users/paulb/Documents/GitHub/Educom-Trainee-Dashboard/DashboardAPI/vendor/phpunit/phpunit/src/Framework/TestCase.php(1318): P/Tests/Feature/UsageTest->__pest_evaluable_FetchUsage()
#49 C:/Users/paulb/Documents/GitHub/Educom-Trainee-Dashboard/DashboardAPI/vendor/phpunit/phpunit/src/Framework/TestCase.php(1355): PHPUnit/Framework/TestCase->invokeTestMethod('__pest_evaluabl...', Array)
#50 C:/Users/paulb/Documents/GitHub/Educom-Trainee-Dashboard/DashboardAPI/vendor/phpunit/phpunit/src/Framework/TestCase.php(521): PHPUnit/Framework/TestCase->runTest()
#51 C:/Users/paulb/Documents/GitHub/Educom-Trainee-Dashboard/DashboardAPI/vendor/phpunit/phpunit/src/Framework/TestRunner/TestRunner.php(99): PHPUnit/Framework/TestCase->runBare()
#52 C:/Users/paulb/Documents/GitHub/Educom-Trainee-Dashboard/DashboardAPI/vendor/phpunit/phpunit/src/Framework/TestCase.php(361): PHPUnit/Framework/TestRunner->run(Object(P/Tests/Feature/UsageTest))
#53 C:/Users/paulb/Documents/GitHub/Educom-Trainee-Dashboard/DashboardAPI/vendor/phpunit/phpunit/src/Framework/TestSuite.php(374): PHPUnit/Framework/TestCase->run()
#54 C:/Users/paulb/Documents/GitHub/Educom-Trainee-Dashboard/DashboardAPI/vendor/phpunit/phpunit/src/Framework/TestSuite.php(374): PHPUnit/Framework/TestSuite->run()
#55 C:/Users/paulb/Documents/GitHub/Educom-Trainee-Dashboard/DashboardAPI/vendor/phpunit/phpunit/src/Framework/TestSuite.php(374): PHPUnit/Framework/TestSuite->run()
#56 C:/Users/paulb/Documents/GitHub/Educom-Trainee-Dashboard/DashboardAPI/vendor/phpunit/phpunit/src/TextUI/TestRunner.php(64): PHPUnit/Framework/TestSuite->run()
#57 C:/Users/paulb/Documents/GitHub/Educom-Trainee-Dashboard/DashboardAPI/vendor/phpunit/phpunit/src/TextUI/Application.php(229): PHPUnit/TextUI/TestRunner->run(Object(PHPUnit/TextUI/Configuration/Configuration), Object(PHPUnit/Runner/ResultCache/DefaultResultCache), Object(PHPUnit/Framework/TestSuite))
#58 C:/Users/paulb/Documents/GitHub/Educom-Trainee-Dashboard/DashboardAPI/vendor/pestphp/pest/src/Kernel.php(117): PHPUnit/TextUI/Application->run(Array)
#59 C:/Users/paulb/Documents/GitHub/Educom-Trainee-Dashboard/DashboardAPI/vendor/pestphp/pest/bin/pest(207): Pest/Kernel->handle(Array, Array)
#60 C:/Users/paulb/Documents/GitHub/Educom-Trainee-Dashboard/DashboardAPI/vendor/pestphp/pest/bin/pest(215): {closure:C:/Users/paulb/Documents/GitHub/Educom-Trainee-Dashboard/DashboardAPI/vendor/pestphp/pest/bin/pest:21}()
#61 {main}
"} 
[2026-07-20 14:27:01] testing.ERROR: Call to undefined method App\Models\User::Usage() {"exception":"[object] (BadMethodCallException(code: 0): Call to undefined method App\\Models\\User::Usage() at C:/Users/paulb/Documents/GitHub/Educom-Trainee-Dashboard/DashboardAPI/vendor/laravel/framework/src/Illuminate/Support/Traits/ForwardsCalls.php:67)
[stacktrace]
#0 C:/Users/paulb/Documents/GitHub/Educom-Trainee-Dashboard/DashboardAPI/vendor/laravel/framework/src/Illuminate/Support/Traits/ForwardsCalls.php(36): Illuminate/Database/Eloquent/Model::throwBadMethodCallException('Usage')
#1 C:/Users/paulb/Documents/GitHub/Educom-Trainee-Dashboard/DashboardAPI/vendor/laravel/framework/src/Illuminate/Database/Eloquent/Model.php(2809): Illuminate/Database/Eloquent/Model->forwardCallTo(Object(Illuminate/Database/Eloquent/Builder), 'Usage', Array)
#2 C:/Users/paulb/Documents/GitHub/Educom-Trainee-Dashboard/DashboardAPI/app/Http/Controllers/UsageController.php(50): Illuminate/Database/Eloquent/Model->__call('Usage', Array)
#3 C:/Users/paulb/Documents/GitHub/Educom-Trainee-Dashboard/DashboardAPI/vendor/laravel/framework/src/Illuminate/Routing/ControllerDispatcher.php(46): App/Http/Controllers/UsageController->FetchUsage()
#4 C:/Users/paulb/Documents/GitHub/Educom-Trainee-Dashboard/DashboardAPI/vendor/laravel/framework/src/Illuminate/Routing/Route.php(275): Illuminate/Routing/ControllerDispatcher->dispatch(Object(Illuminate/Routing/Route), Object(App/Http/Controllers/UsageController), 'FetchUsage')
#5 C:/Users/paulb/Documents/GitHub/Educom-Trainee-Dashboard/DashboardAPI/vendor/laravel/framework/src/Illuminate/Routing/Route.php(215): Illuminate/Routing/Route->runController()
#6 C:/Users/paulb/Documents/GitHub/Educom-Trainee-Dashboard/DashboardAPI/vendor/laravel/framework/src/Illuminate/Routing/Router.php(822): Illuminate/Routing/Route->run()
#7 C:/Users/paulb/Documents/GitHub/Educom-Trainee-Dashboard/DashboardAPI/vendor/laravel/framework/src/Illuminate/Pipeline/Pipeline.php(180): Illuminate/Routing/Router->{closure:Illuminate/Routing/Router::runRouteWithinStack():821}(Object(Illuminate/Http/Request))
#8 C:/Users/paulb/Documents/GitHub/Educom-Trainee-Dashboard/DashboardAPI/vendor/laravel/framework/src/Illuminate/Routing/Middleware/SubstituteBindings.php(52): Illuminate/Pipeline/Pipeline->{closure:Illuminate/Pipeline/Pipeline::prepareDestination():178}(Object(Illuminate/Http/Request))
#9 C:/Users/paulb/Documents/GitHub/Educom-Trainee-Dashboard/DashboardAPI/vendor/laravel/framework/src/Illuminate/Pipeline/Pipeline.php(219): Illuminate/Routing/Middleware/SubstituteBindings->handle(Object(Illuminate/Http/Request), Object(Closure))
#10 C:/Users/paulb/Documents/GitHub/Educom-Trainee-Dashboard/DashboardAPI/vendor/laravel/framework/src/Illuminate/Pipeline/Pipeline.php(137): Illuminate/Pipeline/Pipeline->{closure:{closure:Illuminate/Pipeline/Pipeline::carry():194}:195}(Object(Illuminate/Http/Request))
#11 C:/Users/paulb/Documents/GitHub/Educom-Trainee-Dashboard/DashboardAPI/vendor/laravel/framework/src/Illuminate/Routing/Router.php(821): Illuminate/Pipeline/Pipeline->then(Object(Closure))
#12 C:/Users/paulb/Documents/GitHub/Educom-Trainee-Dashboard/DashboardAPI/vendor/laravel/framework/src/Illuminate/Routing/Router.php(800): Illuminate/Routing/Router->runRouteWithinStack(Object(Illuminate/Routing/Route), Object(Illuminate/Http/Request))
#13 C:/Users/paulb/Documents/GitHub/Educom-Trainee-Dashboard/DashboardAPI/vendor/laravel/framework/src/Illuminate/Routing/Router.php(764): Illuminate/Routing/Router->runRoute(Object(Illuminate/Http/Request), Object(Illuminate/Routing/Route))
#14 C:/Users/paulb/Documents/GitHub/Educom-Trainee-Dashboard/DashboardAPI/vendor/laravel/framework/src/Illuminate/Routing/Router.php(753): Illuminate/Routing/Router->dispatchToRoute(Object(Illuminate/Http/Request))
#15 C:/Users/paulb/Documents/GitHub/Educom-Trainee-Dashboard/DashboardAPI/vendor/laravel/framework/src/Illuminate/Foundation/Http/Kernel.php(200): Illuminate/Routing/Router->dispatch(Object(Illuminate/Http/Request))
#16 C:/Users/paulb/Documents/GitHub/Educom-Trainee-Dashboard/DashboardAPI/vendor/laravel/framework/src/Illuminate/Pipeline/Pipeline.php(180): Illuminate/Foundation/Http/Kernel->{closure:Illuminate/Foundation/Http/Kernel::dispatchToRouter():197}(Object(Illuminate/Http/Request))
#17 C:/Users/paulb/Documents/GitHub/Educom-Trainee-Dashboard/DashboardAPI/vendor/laravel/framework/src/Illuminate/Foundation/Http/Middleware/TransformsRequest.php(21): Illuminate/Pipeline/Pipeline->{closure:Illuminate/Pipeline/Pipeline::prepareDestination():178}(Object(Illuminate/Http/Request))
#18 C:/Users/paulb/Documents/GitHub/Educom-Trainee-Dashboard/DashboardAPI/vendor/laravel/framework/src/Illuminate/Foundation/Http/Middleware/ConvertEmptyStringsToNull.php(31): Illuminate/Foundation/Http/Middleware/TransformsRequest->handle(Object(Illuminate/Http/Request), Object(Closure))
#19 C:/Users/paulb/Documents/GitHub/Educom-Trainee-Dashboard/DashboardAPI/vendor/laravel/framework/src/Illuminate/Pipeline/Pipeline.php(219): Illuminate/Foundation/Http/Middleware/ConvertEmptyStringsToNull->handle(Object(Illuminate/Http/Request), Object(Closure))
#20 C:/Users/paulb/Documents/GitHub/Educom-Trainee-Dashboard/DashboardAPI/vendor/laravel/framework/src/Illuminate/Foundation/Http/Middleware/TransformsRequest.php(21): Illuminate/Pipeline/Pipeline->{closure:{closure:Illuminate/Pipeline/Pipeline::carry():194}:195}(Object(Illuminate/Http/Request))
#21 C:/Users/paulb/Documents/GitHub/Educom-Trainee-Dashboard/DashboardAPI/vendor/laravel/framework/src/Illuminate/Foundation/Http/Middleware/TrimStrings.php(51): Illuminate/Foundation/Http/Middleware/TransformsRequest->handle(Object(Illuminate/Http/Request), Object(Closure))
#22 C:/Users/paulb/Documents/GitHub/Educom-Trainee-Dashboard/DashboardAPI/vendor/laravel/framework/src/Illuminate/Pipeline/Pipeline.php(219): Illuminate/Foundation/Http/Middleware/TrimStrings->handle(Object(Illuminate/Http/Request), Object(Closure))
#23 C:/Users/paulb/Documents/GitHub/Educom-Trainee-Dashboard/DashboardAPI/vendor/laravel/framework/src/Illuminate/Http/Middleware/ValidatePostSize.php(27): Illuminate/Pipeline/Pipeline->{closure:{closure:Illuminate/Pipeline/Pipeline::carry():194}:195}(Object(Illuminate/Http/Request))
#24 C:/Users/paulb/Documents/GitHub/Educom-Trainee-Dashboard/DashboardAPI/vendor/laravel/framework/src/Illuminate/Pipeline/Pipeline.php(219): Illuminate/Http/Middleware/ValidatePostSize->handle(Object(Illuminate/Http/Request), Object(Closure))
#25 C:/Users/paulb/Documents/GitHub/Educom-Trainee-Dashboard/DashboardAPI/vendor/laravel/framework/src/Illuminate/Foundation/Http/Middleware/PreventRequestsDuringMaintenance.php(109): Illuminate/Pipeline/Pipeline->{closure:{closure:Illuminate/Pipeline/Pipeline::carry():194}:195}(Object(Illuminate/Http/Request))
#26 C:/Users/paulb/Documents/GitHub/Educom-Trainee-Dashboard/DashboardAPI/vendor/laravel/framework/src/Illuminate/Pipeline/Pipeline.php(219): Illuminate/Foundation/Http/Middleware/PreventRequestsDuringMaintenance->handle(Object(Illuminate/Http/Request), Object(Closure))
#27 C:/Users/paulb/Documents/GitHub/Educom-Trainee-Dashboard/DashboardAPI/vendor/laravel/framework/src/Illuminate/Http/Middleware/HandleCors.php(74): Illuminate/Pipeline/Pipeline->{closure:{closure:Illuminate/Pipeline/Pipeline::carry():194}:195}(Object(Illuminate/Http/Request))
#28 C:/Users/paulb/Documents/GitHub/Educom-Trainee-Dashboard/DashboardAPI/vendor/laravel/framework/src/Illuminate/Pipeline/Pipeline.php(219): Illuminate/Http/Middleware/HandleCors->handle(Object(Illuminate/Http/Request), Object(Closure))
#29 C:/Users/paulb/Documents/GitHub/Educom-Trainee-Dashboard/DashboardAPI/vendor/laravel/framework/src/Illuminate/Http/Middleware/TrustProxies.php(58): Illuminate/Pipeline/Pipeline->{closure:{closure:Illuminate/Pipeline/Pipeline::carry():194}:195}(Object(Illuminate/Http/Request))
#30 C:/Users/paulb/Documents/GitHub/Educom-Trainee-Dashboard/DashboardAPI/vendor/laravel/framework/src/Illuminate/Pipeline/Pipeline.php(219): Illuminate/Http/Middleware/TrustProxies->handle(Object(Illuminate/Http/Request), Object(Closure))
#31 C:/Users/paulb/Documents/GitHub/Educom-Trainee-Dashboard/DashboardAPI/vendor/laravel/framework/src/Illuminate/Foundation/Http/Middleware/InvokeDeferredCallbacks.php(22): Illuminate/Pipeline/Pipeline->{closure:{closure:Illuminate/Pipeline/Pipeline::carry():194}:195}(Object(Illuminate/Http/Request))
#32 C:/Users/paulb/Documents/GitHub/Educom-Trainee-Dashboard/DashboardAPI/vendor/laravel/framework/src/Illuminate/Pipeline/Pipeline.php(219): Illuminate/Foundation/Http/Middleware/InvokeDeferredCallbacks->handle(Object(Illuminate/Http/Request), Object(Closure))
#33 C:/Users/paulb/Documents/GitHub/Educom-Trainee-Dashboard/DashboardAPI/vendor/laravel/framework/src/Illuminate/Http/Middleware/ValidatePathEncoding.php(28): Illuminate/Pipeline/Pipeline->{closure:{closure:Illuminate/Pipeline/Pipeline::carry():194}:195}(Object(Illuminate/Http/Request))
#34 C:/Users/paulb/Documents/GitHub/Educom-Trainee-Dashboard/DashboardAPI/vendor/laravel/framework/src/Illuminate/Pipeline/Pipeline.php(219): Illuminate/Http/Middleware/ValidatePathEncoding->handle(Object(Illuminate/Http/Request), Object(Closure))
#35 C:/Users/paulb/Documents/GitHub/Educom-Trainee-Dashboard/DashboardAPI/vendor/laravel/framework/src/Illuminate/Pipeline/Pipeline.php(137): Illuminate/Pipeline/Pipeline->{closure:{closure:Illuminate/Pipeline/Pipeline::carry():194}:195}(Object(Illuminate/Http/Request))
#36 C:/Users/paulb/Documents/GitHub/Educom-Trainee-Dashboard/DashboardAPI/vendor/laravel/framework/src/Illuminate/Foundation/Http/Kernel.php(175): Illuminate/Pipeline/Pipeline->then(Object(Closure))
#37 C:/Users/paulb/Documents/GitHub/Educom-Trainee-Dashboard/DashboardAPI/vendor/laravel/framework/src/Illuminate/Foundation/Http/Kernel.php(144): Illuminate/Foundation/Http/Kernel->sendRequestThroughRouter(Object(Illuminate/Http/Request))
#38 C:/Users/paulb/Documents/GitHub/Educom-Trainee-Dashboard/DashboardAPI/vendor/laravel/framework/src/Illuminate/Foundation/Testing/Concerns/MakesHttpRequests.php(607): Illuminate/Foundation/Http/Kernel->handle(Object(Illuminate/Http/Request))
#39 C:/Users/paulb/Documents/GitHub/Educom-Trainee-Dashboard/DashboardAPI/vendor/laravel/framework/src/Illuminate/Foundation/Testing/Concerns/MakesHttpRequests.php(368): Illuminate/Foundation/Testing/TestCase->call('GET', 'http://localhos...', Array, Array, Array, Array)
#40 C:/Users/paulb/Documents/GitHub/Educom-Trainee-Dashboard/DashboardAPI/tests/Feature/UsageTest.php(5): Illuminate/Foundation/Testing/TestCase->get('http://localhos...')
#41 C:/Users/paulb/Documents/GitHub/Educom-Trainee-Dashboard/DashboardAPI/vendor/pestphp/pest/src/Factories/TestCaseMethodFactory.php(177): P/Tests/Feature/UsageTest->{closure:C:/Users/paulb/Documents/GitHub/Educom-Trainee-Dashboard/DashboardAPI/tests/Feature/UsageTest.php:3}()
#42 [internal function]: P/Tests/Feature/UsageTest->{closure:Pest/Factories/TestCaseMethodFactory::getClosure():167}()
#43 C:/Users/paulb/Documents/GitHub/Educom-Trainee-Dashboard/DashboardAPI/vendor/pestphp/pest/src/Concerns/Testable.php(581): call_user_func_array(Object(Closure), Array)
#44 C:/Users/paulb/Documents/GitHub/Educom-Trainee-Dashboard/DashboardAPI/vendor/pestphp/pest/src/Support/ExceptionTrace.php(26): P/Tests/Feature/UsageTest->{closure:Pest/Concerns/Testable::__callClosure():581}()
#45 C:/Users/paulb/Documents/GitHub/Educom-Trainee-Dashboard/DashboardAPI/vendor/pestphp/pest/src/Concerns/Testable.php(581): Pest/Support/ExceptionTrace::ensure(Object(Closure))
#46 C:/Users/paulb/Documents/GitHub/Educom-Trainee-Dashboard/DashboardAPI/vendor/pestphp/pest/src/Concerns/Testable.php(403): P/Tests/Feature/UsageTest->__callClosure(Object(Closure), Array)
#47 C:/Users/paulb/Documents/GitHub/Educom-Trainee-Dashboard/DashboardAPI/vendor/pestphp/pest/src/Factories/TestCaseFactory.php(175) : eval()'d code(17): P/Tests/Feature/UsageTest->__runTest(Object(Closure))
#48 C:/Users/paulb/Documents/GitHub/Educom-Trainee-Dashboard/DashboardAPI/vendor/phpunit/phpunit/src/Framework/TestCase.php(1318): P/Tests/Feature/UsageTest->__pest_evaluable_FetchUsage()
#49 C:/Users/paulb/Documents/GitHub/Educom-Trainee-Dashboard/DashboardAPI/vendor/phpunit/phpunit/src/Framework/TestCase.php(1355): PHPUnit/Framework/TestCase->invokeTestMethod('__pest_evaluabl...', Array)
#50 C:/Users/paulb/Documents/GitHub/Educom-Trainee-Dashboard/DashboardAPI/vendor/phpunit/phpunit/src/Framework/TestCase.php(521): PHPUnit/Framework/TestCase->runTest()
#51 C:/Users/paulb/Documents/GitHub/Educom-Trainee-Dashboard/DashboardAPI/vendor/phpunit/phpunit/src/Framework/TestRunner/TestRunner.php(99): PHPUnit/Framework/TestCase->runBare()
#52 C:/Users/paulb/Documents/GitHub/Educom-Trainee-Dashboard/DashboardAPI/vendor/phpunit/phpunit/src/Framework/TestCase.php(361): PHPUnit/Framework/TestRunner->run(Object(P/Tests/Feature/UsageTest))
#53 C:/Users/paulb/Documents/GitHub/Educom-Trainee-Dashboard/DashboardAPI/vendor/phpunit/phpunit/src/Framework/TestSuite.php(374): PHPUnit/Framework/TestCase->run()
#54 C:/Users/paulb/Documents/GitHub/Educom-Trainee-Dashboard/DashboardAPI/vendor/phpunit/phpunit/src/Framework/TestSuite.php(374): PHPUnit/Framework/TestSuite->run()
#55 C:/Users/paulb/Documents/GitHub/Educom-Trainee-Dashboard/DashboardAPI/vendor/phpunit/phpunit/src/Framework/TestSuite.php(374): PHPUnit/Framework/TestSuite->run()
#56 C:/Users/paulb/Documents/GitHub/Educom-Trainee-Dashboard/DashboardAPI/vendor/phpunit/phpunit/src/TextUI/TestRunner.php(64): PHPUnit/Framework/TestSuite->run()
#57 C:/Users/paulb/Documents/GitHub/Educom-Trainee-Dashboard/DashboardAPI/vendor/phpunit/phpunit/src/TextUI/Application.php(229): PHPUnit/TextUI/TestRunner->run(Object(PHPUnit/TextUI/Configuration/Configuration), Object(PHPUnit/Runner/ResultCache/DefaultResultCache), Object(PHPUnit/Framework/TestSuite))
#58 C:/Users/paulb/Documents/GitHub/Educom-Trainee-Dashboard/DashboardAPI/vendor/pestphp/pest/src/Kernel.php(117): PHPUnit/TextUI/Application->run(Array)
#59 C:/Users/paulb/Documents/GitHub/Educom-Trainee-Dashboard/DashboardAPI/vendor/pestphp/pest/bin/pest(207): Pest/Kernel->handle(Array, Array)
#60 C:/Users/paulb/Documents/GitHub/Educom-Trainee-Dashboard/DashboardAPI/vendor/pestphp/pest/bin/pest(215): {closure:C:/Users/paulb/Documents/GitHub/Educom-Trainee-Dashboard/DashboardAPI/vendor/pestphp/pest/bin/pest:21}()
#61 {main}
"} 
[2026-07-20 14:27:53] local.ERROR: Call to undefined method App\Models\User::Usage() {"exception":"[object] (BadMethodCallException(code: 0): Call to undefined method App\\Models\\User::Usage() at C:/Users/paulb/Documents/GitHub/Educom-Trainee-Dashboard/DashboardAPI/vendor/laravel/framework/src/Illuminate/Support/Traits/ForwardsCalls.php:67)
[stacktrace]
#0 C:/Users/paulb/Documents/GitHub/Educom-Trainee-Dashboard/DashboardAPI/vendor/laravel/framework/src/Illuminate/Support/Traits/ForwardsCalls.php(36): Illuminate/Database/Eloquent/Model::throwBadMethodCallException('Usage')
#1 C:/Users/paulb/Documents/GitHub/Educom-Trainee-Dashboard/DashboardAPI/vendor/laravel/framework/src/Illuminate/Database/Eloquent/Model.php(2809): Illuminate/Database/Eloquent/Model->forwardCallTo(Object(Illuminate/Database/Eloquent/Builder), 'Usage', Array)
#2 C:/Users/paulb/Documents/GitHub/Educom-Trainee-Dashboard/DashboardAPI/app/Http/Controllers/UsageController.php(50): Illuminate/Database/Eloquent/Model->__call('Usage', Array)
#3 C:/Users/paulb/Documents/GitHub/Educom-Trainee-Dashboard/DashboardAPI/vendor/laravel/framework/src/Illuminate/Routing/ControllerDispatcher.php(46): App/Http/Controllers/UsageController->FetchUsage()
#4 C:/Users/paulb/Documents/GitHub/Educom-Trainee-Dashboard/DashboardAPI/vendor/laravel/framework/src/Illuminate/Routing/Route.php(275): Illuminate/Routing/ControllerDispatcher->dispatch(Object(Illuminate/Routing/Route), Object(App/Http/Controllers/UsageController), 'FetchUsage')
#5 C:/Users/paulb/Documents/GitHub/Educom-Trainee-Dashboard/DashboardAPI/vendor/laravel/framework/src/Illuminate/Routing/Route.php(215): Illuminate/Routing/Route->runController()
#6 C:/Users/paulb/Documents/GitHub/Educom-Trainee-Dashboard/DashboardAPI/vendor/laravel/framework/src/Illuminate/Routing/Router.php(822): Illuminate/Routing/Route->run()
#7 C:/Users/paulb/Documents/GitHub/Educom-Trainee-Dashboard/DashboardAPI/vendor/laravel/framework/src/Illuminate/Pipeline/Pipeline.php(180): Illuminate/Routing/Router->{closure:Illuminate/Routing/Router::runRouteWithinStack():821}(Object(Illuminate/Http/Request))
#8 C:/Users/paulb/Documents/GitHub/Educom-Trainee-Dashboard/DashboardAPI/vendor/laravel/framework/src/Illuminate/Routing/Middleware/SubstituteBindings.php(52): Illuminate/Pipeline/Pipeline->{closure:Illuminate/Pipeline/Pipeline::prepareDestination():178}(Object(Illuminate/Http/Request))
#9 C:/Users/paulb/Documents/GitHub/Educom-Trainee-Dashboard/DashboardAPI/vendor/laravel/framework/src/Illuminate/Pipeline/Pipeline.php(219): Illuminate/Routing/Middleware/SubstituteBindings->handle(Object(Illuminate/Http/Request), Object(Closure))
#10 C:/Users/paulb/Documents/GitHub/Educom-Trainee-Dashboard/DashboardAPI/vendor/laravel/framework/src/Illuminate/Pipeline/Pipeline.php(137): Illuminate/Pipeline/Pipeline->{closure:{closure:Illuminate/Pipeline/Pipeline::carry():194}:195}(Object(Illuminate/Http/Request))
#11 C:/Users/paulb/Documents/GitHub/Educom-Trainee-Dashboard/DashboardAPI/vendor/laravel/framework/src/Illuminate/Routing/Router.php(821): Illuminate/Pipeline/Pipeline->then(Object(Closure))
#12 C:/Users/paulb/Documents/GitHub/Educom-Trainee-Dashboard/DashboardAPI/vendor/laravel/framework/src/Illuminate/Routing/Router.php(800): Illuminate/Routing/Router->runRouteWithinStack(Object(Illuminate/Routing/Route), Object(Illuminate/Http/Request))
#13 C:/Users/paulb/Documents/GitHub/Educom-Trainee-Dashboard/DashboardAPI/vendor/laravel/framework/src/Illuminate/Routing/Router.php(764): Illuminate/Routing/Router->runRoute(Object(Illuminate/Http/Request), Object(Illuminate/Routing/Route))
#14 C:/Users/paulb/Documents/GitHub/Educom-Trainee-Dashboard/DashboardAPI/vendor/laravel/framework/src/Illuminate/Routing/Router.php(753): Illuminate/Routing/Router->dispatchToRoute(Object(Illuminate/Http/Request))
#15 C:/Users/paulb/Documents/GitHub/Educom-Trainee-Dashboard/DashboardAPI/vendor/laravel/framework/src/Illuminate/Foundation/Http/Kernel.php(200): Illuminate/Routing/Router->dispatch(Object(Illuminate/Http/Request))
#16 C:/Users/paulb/Documents/GitHub/Educom-Trainee-Dashboard/DashboardAPI/vendor/laravel/framework/src/Illuminate/Pipeline/Pipeline.php(180): Illuminate/Foundation/Http/Kernel->{closure:Illuminate/Foundation/Http/Kernel::dispatchToRouter():197}(Object(Illuminate/Http/Request))
#17 C:/Users/paulb/Documents/GitHub/Educom-Trainee-Dashboard/DashboardAPI/vendor/laravel/framework/src/Illuminate/Foundation/Http/Middleware/TransformsRequest.php(21): Illuminate/Pipeline/Pipeline->{closure:Illuminate/Pipeline/Pipeline::prepareDestination():178}(Object(Illuminate/Http/Request))
#18 C:/Users/paulb/Documents/GitHub/Educom-Trainee-Dashboard/DashboardAPI/vendor/laravel/framework/src/Illuminate/Foundation/Http/Middleware/ConvertEmptyStringsToNull.php(31): Illuminate/Foundation/Http/Middleware/TransformsRequest->handle(Object(Illuminate/Http/Request), Object(Closure))
#19 C:/Users/paulb/Documents/GitHub/Educom-Trainee-Dashboard/DashboardAPI/vendor/laravel/framework/src/Illuminate/Pipeline/Pipeline.php(219): Illuminate/Foundation/Http/Middleware/ConvertEmptyStringsToNull->handle(Object(Illuminate/Http/Request), Object(Closure))
#20 C:/Users/paulb/Documents/GitHub/Educom-Trainee-Dashboard/DashboardAPI/vendor/laravel/framework/src/Illuminate/Foundation/Http/Middleware/TransformsRequest.php(21): Illuminate/Pipeline/Pipeline->{closure:{closure:Illuminate/Pipeline/Pipeline::carry():194}:195}(Object(Illuminate/Http/Request))
#21 C:/Users/paulb/Documents/GitHub/Educom-Trainee-Dashboard/DashboardAPI/vendor/laravel/framework/src/Illuminate/Foundation/Http/Middleware/TrimStrings.php(51): Illuminate/Foundation/Http/Middleware/TransformsRequest->handle(Object(Illuminate/Http/Request), Object(Closure))
#22 C:/Users/paulb/Documents/GitHub/Educom-Trainee-Dashboard/DashboardAPI/vendor/laravel/framework/src/Illuminate/Pipeline/Pipeline.php(219): Illuminate/Foundation/Http/Middleware/TrimStrings->handle(Object(Illuminate/Http/Request), Object(Closure))
#23 C:/Users/paulb/Documents/GitHub/Educom-Trainee-Dashboard/DashboardAPI/vendor/laravel/framework/src/Illuminate/Http/Middleware/ValidatePostSize.php(27): Illuminate/Pipeline/Pipeline->{closure:{closure:Illuminate/Pipeline/Pipeline::carry():194}:195}(Object(Illuminate/Http/Request))
#24 C:/Users/paulb/Documents/GitHub/Educom-Trainee-Dashboard/DashboardAPI/vendor/laravel/framework/src/Illuminate/Pipeline/Pipeline.php(219): Illuminate/Http/Middleware/ValidatePostSize->handle(Object(Illuminate/Http/Request), Object(Closure))
#25 C:/Users/paulb/Documents/GitHub/Educom-Trainee-Dashboard/DashboardAPI/vendor/laravel/framework/src/Illuminate/Foundation/Http/Middleware/PreventRequestsDuringMaintenance.php(109): Illuminate/Pipeline/Pipeline->{closure:{closure:Illuminate/Pipeline/Pipeline::carry():194}:195}(Object(Illuminate/Http/Request))
#26 C:/Users/paulb/Documents/GitHub/Educom-Trainee-Dashboard/DashboardAPI/vendor/laravel/framework/src/Illuminate/Pipeline/Pipeline.php(219): Illuminate/Foundation/Http/Middleware/PreventRequestsDuringMaintenance->handle(Object(Illuminate/Http/Request), Object(Closure))
#27 C:/Users/paulb/Documents/GitHub/Educom-Trainee-Dashboard/DashboardAPI/vendor/laravel/framework/src/Illuminate/Http/Middleware/HandleCors.php(74): Illuminate/Pipeline/Pipeline->{closure:{closure:Illuminate/Pipeline/Pipeline::carry():194}:195}(Object(Illuminate/Http/Request))
#28 C:/Users/paulb/Documents/GitHub/Educom-Trainee-Dashboard/DashboardAPI/vendor/laravel/framework/src/Illuminate/Pipeline/Pipeline.php(219): Illuminate/Http/Middleware/HandleCors->handle(Object(Illuminate/Http/Request), Object(Closure))
#29 C:/Users/paulb/Documents/GitHub/Educom-Trainee-Dashboard/DashboardAPI/vendor/laravel/framework/src/Illuminate/Http/Middleware/TrustProxies.php(58): Illuminate/Pipeline/Pipeline->{closure:{closure:Illuminate/Pipeline/Pipeline::carry():194}:195}(Object(Illuminate/Http/Request))
#30 C:/Users/paulb/Documents/GitHub/Educom-Trainee-Dashboard/DashboardAPI/vendor/laravel/framework/src/Illuminate/Pipeline/Pipeline.php(219): Illuminate/Http/Middleware/TrustProxies->handle(Object(Illuminate/Http/Request), Object(Closure))
#31 C:/Users/paulb/Documents/GitHub/Educom-Trainee-Dashboard/DashboardAPI/vendor/laravel/framework/src/Illuminate/Foundation/Http/Middleware/InvokeDeferredCallbacks.php(22): Illuminate/Pipeline/Pipeline->{closure:{closure:Illuminate/Pipeline/Pipeline::carry():194}:195}(Object(Illuminate/Http/Request))
#32 C:/Users/paulb/Documents/GitHub/Educom-Trainee-Dashboard/DashboardAPI/vendor/laravel/framework/src/Illuminate/Pipeline/Pipeline.php(219): Illuminate/Foundation/Http/Middleware/InvokeDeferredCallbacks->handle(Object(Illuminate/Http/Request), Object(Closure))
#33 C:/Users/paulb/Documents/GitHub/Educom-Trainee-Dashboard/DashboardAPI/vendor/laravel/framework/src/Illuminate/Http/Middleware/ValidatePathEncoding.php(28): Illuminate/Pipeline/Pipeline->{closure:{closure:Illuminate/Pipeline/Pipeline::carry():194}:195}(Object(Illuminate/Http/Request))
#34 C:/Users/paulb/Documents/GitHub/Educom-Trainee-Dashboard/DashboardAPI/vendor/laravel/framework/src/Illuminate/Pipeline/Pipeline.php(219): Illuminate/Http/Middleware/ValidatePathEncoding->handle(Object(Illuminate/Http/Request), Object(Closure))
#35 C:/Users/paulb/Documents/GitHub/Educom-Trainee-Dashboard/DashboardAPI/vendor/laravel/framework/src/Illuminate/Pipeline/Pipeline.php(137): Illuminate/Pipeline/Pipeline->{closure:{closure:Illuminate/Pipeline/Pipeline::carry():194}:195}(Object(Illuminate/Http/Request))
#36 C:/Users/paulb/Documents/GitHub/Educom-Trainee-Dashboard/DashboardAPI/vendor/laravel/framework/src/Illuminate/Foundation/Http/Kernel.php(175): Illuminate/Pipeline/Pipeline->then(Object(Closure))
#37 C:/Users/paulb/Documents/GitHub/Educom-Trainee-Dashboard/DashboardAPI/vendor/laravel/framework/src/Illuminate/Foundation/Http/Kernel.php(144): Illuminate/Foundation/Http/Kernel->sendRequestThroughRouter(Object(Illuminate/Http/Request))
#38 C:/Users/paulb/Documents/GitHub/Educom-Trainee-Dashboard/DashboardAPI/vendor/laravel/framework/src/Illuminate/Foundation/Application.php(1220): Illuminate/Foundation/Http/Kernel->handle(Object(Illuminate/Http/Request))
#39 C:/Users/paulb/Documents/GitHub/Educom-Trainee-Dashboard/DashboardAPI/public/index.php(20): Illuminate/Foundation/Application->handleRequest(Object(Illuminate/Http/Request))
#40 C:/Users/paulb/Documents/GitHub/Educom-Trainee-Dashboard/DashboardAPI/vendor/laravel/framework/src/Illuminate/Foundation/resources/server.php(23): require_once('C://Users//paulb//...')
#41 {main}
"} 
